#
# There is insufficient memory for the Java Runtime Environment to continue.
# Native memory allocation (malloc) failed to allocate 321296 bytes. Error detail: Chunk::new
# Possible reasons:
#   The system is out of physical RAM or swap space
#   This process is running with CompressedOops enabled, and the Java Heap may be blocking the growth of the native heap
# Possible solutions:
#   Reduce memory load on the system
#   Increase physical memory or swap space
#   Check if swap backing store is full
#   Decrease Java heap size (-Xmx/-Xms)
#   Decrease number of Java threads
#   Decrease Java thread stack sizes (-Xss)
#   Set larger code cache with -XX:ReservedCodeCacheSize=
#   JVM is running with Zero Based Compressed Oops mode in which the Java heap is
#     placed in the first 32GB address space. The Java Heap base address is the
#     maximum limit for the native heap growth. Please use -XX:HeapBaseMinAddress
#     to set the Java Heap base and to place the Java Heap above 32GB virtual address.
# This output file may be truncated or incomplete.
#
#  Out of Memory Error (arena.cpp:191), pid=4708, tid=14340
#
# JRE version: OpenJDK Runtime Environment (17.0.11) (build 17.0.11+0--11852314)
# Java VM: OpenJDK 64-Bit Server VM (17.0.11+0--11852314, mixed mode, tiered, compressed oops, compressed class ptrs, g1 gc, windows-amd64)
# No core dump will be written. Minidumps are not enabled by default on client versions of Windows
#

---------------  S U M M A R Y ------------

Command Line: -XX:MaxMetaspaceSize=2G -XX:+HeapDumpOnOutOfMemoryError --add-opens=java.base/java.util=ALL-UNNAMED --add-opens=java.base/java.lang=ALL-UNNAMED --add-opens=java.base/java.lang.invoke=ALL-UNNAMED --add-opens=java.prefs/java.util.prefs=ALL-UNNAMED --add-opens=java.base/java.nio.charset=ALL-UNNAMED --add-opens=java.base/java.net=ALL-UNNAMED --add-opens=java.base/java.util.concurrent.atomic=ALL-UNNAMED -Xmx4G -Dfile.encoding=windows-1252 -Duser.country=BR -Duser.language=pt -Duser.variant org.gradle.launcher.daemon.bootstrap.GradleDaemon 7.6.3

Host: AMD Ryzen 5 1600 Six-Core Processor            , 12 cores, 15G,  Windows 10 , 64 bit Build 19041 (10.0.19041.4842)
Time: Thu Oct  3 21:25:46 2024 Hora oficial do Brasil elapsed time: 37.821337 seconds (0d 0h 0m 37s)

---------------  T H R E A D  ---------------

Current thread (0x000002097f019dc0):  JavaThread "C2 CompilerThread0" daemon [_thread_in_native, id=14340, stack(0x0000007bb4c00000,0x0000007bb4d00000)]


Current CompileTask:
C2:  37821 19111       4       org.gradle.internal.graph.CachingDirectedGraphWalker::doSearch (659 bytes)

Stack: [0x0000007bb4c00000,0x0000007bb4d00000]
Native frames: (J=compiled Java code, j=interpreted, Vv=VM code, C=native code)
V  [jvm.dll+0x687bb9]
V  [jvm.dll+0x84142a]
V  [jvm.dll+0x8430ae]
V  [jvm.dll+0x843713]
V  [jvm.dll+0x24a35f]
V  [jvm.dll+0xac544]
V  [jvm.dll+0xacb8c]
V  [jvm.dll+0x5704a3]
V  [jvm.dll+0x1bdfbb]
V  [jvm.dll+0x21c029]
V  [jvm.dll+0x21b311]
V  [jvm.dll+0x1a63ed]
V  [jvm.dll+0x22b1ee]
V  [jvm.dll+0x229375]
V  [jvm.dll+0x7f5647]
V  [jvm.dll+0x7efa4a]
V  [jvm.dll+0x686a35]
C  [ucrtbase.dll+0x21bb2]
C  [KERNEL32.DLL+0x17374]
C  [ntdll.dll+0x4cc91]


---------------  P R O C E S S  ---------------

Threads class SMR info:
_java_thread_list=0x00000209196cd5b0, length=200, elements={
0x0000020967f61880, 0x000002097efe6260, 0x000002097efe6ff0, 0x000002097efd26d0,
0x000002097f014000, 0x000002097f0188f0, 0x000002097f0191c0, 0x000002097f019dc0,
0x000002097f01a6d0, 0x000002097f038520, 0x000002097f1c5f90, 0x000002097f1c6e90,
0x000002090ce6bdb0, 0x000002090cccfc90, 0x000002090e0c5a20, 0x000002090db51240,
0x000002090ddb44f0, 0x000002090ddb4a00, 0x000002090ddb35c0, 0x000002090ddb3ad0,
0x000002090ddb3fe0, 0x000002090ddb1760, 0x000002090ff5f590, 0x000002090ff5bde0,
0x000002090ff5c2f0, 0x000002090ff5e150, 0x000002090ff5a9a0, 0x000002090ff5e660,
0x000002090ff5cd10, 0x000002090ff59560, 0x000002090ff5dc40, 0x000002090e942a90,
0x000002090e942fa0, 0x000002090e945310, 0x000002090e9439c0, 0x000002090e941140,
0x000002090e942580, 0x000002090e942070, 0x000002090e9434b0, 0x000002090ddb1c70,
0x0000020917923590, 0x00000209179253f0, 0x0000020917925900, 0x0000020917925e10,
0x0000020917923aa0, 0x0000020917927c70, 0x0000020917923fb0, 0x0000020917926320,
0x0000020917926830, 0x0000020917928180, 0x0000020917926d40, 0x0000020917927250,
0x000002090d13e0f0, 0x000002090d13d1c0, 0x000002090d13dbe0, 0x000002090d1376a0,
0x000002090d139f20, 0x0000020918c16940, 0x0000020918c18920, 0x000002090d13e600,
0x000002090d137190, 0x000002090d13eb10, 0x000002090d13a940, 0x000002090d137bb0,
0x000002090d13b870, 0x000002090d13ccb0, 0x000002090d138ae0, 0x000002090d139500,
0x000002090d1380c0, 0x000002090d1385d0, 0x000002090d139a10, 0x000002090d13a430,
0x000002090d13d6d0, 0x000002090d13b360, 0x000002090d13ae50, 0x000002090d13bd80,
0x000002090d13c290, 0x000002090ff5eb70, 0x000002090ff59a70, 0x000002090ff59f80,
0x000002090ff5b8d0, 0x000002090ff5a490, 0x000002090ff5d220, 0x000002090ff5aeb0,
0x000002090ff5c800, 0x000002090ff5b3c0, 0x000002090ff5d730, 0x000002090ff5f080,
0x000002090ff5faa0, 0x0000020917928690, 0x00000209179290b0, 0x0000020917928ba0,
0x00000209179244c0, 0x00000209179249d0, 0x0000020917929fe0, 0x0000020917924ee0,
0x00000209179295c0, 0x000002091792a4f0, 0x0000020917923080, 0x000002091792aa00,
0x000002090ddb1250, 0x000002090ddb2180, 0x000002090ddb2690, 0x000002090ddb2ba0,
0x000002090ddb30b0, 0x000002090e941650, 0x000002090e947680, 0x000002090e9443e0,
0x0000020918aeabb0, 0x0000020918ae9c80, 0x0000020918aeb0c0, 0x0000020918ae6ef0,
0x0000020918ae9770, 0x0000020918aeb5d0, 0x0000020918aeca10, 0x0000020918ae8330,
0x0000020918ae8840, 0x0000020918aea190, 0x0000020918aee360, 0x0000020918aebff0,
0x0000020918aed940, 0x0000020918aea6a0, 0x0000020918ae8d50, 0x0000020918aec500,
0x0000020918aee870, 0x0000020918ae9260, 0x0000020918aede50, 0x0000020918aebae0,
0x0000020918ae7400, 0x0000020918aecf20, 0x0000020918aed430, 0x0000020918ae7910,
0x0000020918ae7e20, 0x0000020918c769c0, 0x0000020918c76ed0, 0x0000020918c75fa0,
0x0000020918c764b0, 0x0000020918c75a90, 0x0000020918c773e0, 0x0000020918c78820,
0x0000020918c78d30, 0x0000020918c778f0, 0x0000020918c77e00, 0x0000020918c78310,
0x0000020918c79240, 0x000002091885bef0, 0x000002091885b9e0, 0x000002091885b4d0,
0x000002091885aab0, 0x000002091885c400, 0x000002091885c910, 0x000002091885ce20,
0x000002091885a5a0, 0x000002091885d840, 0x000002091885d330, 0x000002091885a090,
0x000002091959c740, 0x00000209195a0910, 0x000002091959eab0, 0x00000209195a3190,
0x000002091959cc50, 0x000002091959f4d0, 0x000002091959fef0, 0x000002091959d160,
0x00000209195a36a0, 0x000002091959d670, 0x000002091959db80, 0x00000209195a0e20,
0x00000209195a1330, 0x00000209195a3bb0, 0x000002091959e090, 0x000002091959e5a0,
0x00000209195a2c80, 0x00000209195a2260, 0x000002091959efc0, 0x00000209195a0400,
0x00000209195a40c0, 0x00000209195a1840, 0x00000209195a2770, 0x000002091959f9e0,
0x00000209195a1d50, 0x000002091885afc0, 0x0000020912a5dd00, 0x0000020912a5d7f0,
0x0000020912a5f650, 0x0000020912a614b0, 0x0000020912a5e210, 0x0000020912a5e720,
0x0000020912a5bea0, 0x0000020912a5ec30, 0x0000020912a5c3b0, 0x0000020912a5f140,
0x0000020912a60580, 0x0000020912a5cdd0, 0x0000020912a5d2e0, 0x0000020912a60a90,
0x0000020912a5b480, 0x0000020912a61ed0, 0x0000020912a60fa0, 0x0000020912a5c8c0
}

Java Threads: ( => current thread )
  0x0000020967f61880 JavaThread "main" [_thread_blocked, id=2204, stack(0x0000007bb3f00000,0x0000007bb4000000)]
  0x000002097efe6260 JavaThread "Reference Handler" daemon [_thread_blocked, id=10248, stack(0x0000007bb4600000,0x0000007bb4700000)]
  0x000002097efe6ff0 JavaThread "Finalizer" daemon [_thread_blocked, id=692, stack(0x0000007bb4700000,0x0000007bb4800000)]
  0x000002097efd26d0 JavaThread "Signal Dispatcher" daemon [_thread_blocked, id=7248, stack(0x0000007bb4800000,0x0000007bb4900000)]
  0x000002097f014000 JavaThread "Attach Listener" daemon [_thread_blocked, id=14304, stack(0x0000007bb4900000,0x0000007bb4a00000)]
  0x000002097f0188f0 JavaThread "Service Thread" daemon [_thread_blocked, id=3352, stack(0x0000007bb4a00000,0x0000007bb4b00000)]
  0x000002097f0191c0 JavaThread "Monitor Deflation Thread" daemon [_thread_blocked, id=9072, stack(0x0000007bb4b00000,0x0000007bb4c00000)]
=>0x000002097f019dc0 JavaThread "C2 CompilerThread0" daemon [_thread_in_native, id=14340, stack(0x0000007bb4c00000,0x0000007bb4d00000)]
  0x000002097f01a6d0 JavaThread "C1 CompilerThread0" daemon [_thread_blocked, id=16184, stack(0x0000007bb4d00000,0x0000007bb4e00000)]
  0x000002097f038520 JavaThread "Sweeper thread" daemon [_thread_blocked, id=15232, stack(0x0000007bb4e00000,0x0000007bb4f00000)]
  0x000002097f1c5f90 JavaThread "Common-Cleaner" daemon [_thread_blocked, id=5696, stack(0x0000007bb4f00000,0x0000007bb5000000)]
  0x000002097f1c6e90 JavaThread "Notification Thread" daemon [_thread_blocked, id=10052, stack(0x0000007bb5000000,0x0000007bb5100000)]
  0x000002090ce6bdb0 JavaThread "Daemon health stats" [_thread_blocked, id=5064, stack(0x0000007bb5800000,0x0000007bb5900000)]
  0x000002090cccfc90 JavaThread "Incoming local TCP Connector on port 53368" [_thread_in_native, id=14968, stack(0x0000007bb5900000,0x0000007bb5a00000)]
  0x000002090e0c5a20 JavaThread "Daemon periodic checks" [_thread_blocked, id=15696, stack(0x0000007bb5a00000,0x0000007bb5b00000)]
  0x000002090db51240 JavaThread "Daemon" [_thread_blocked, id=10448, stack(0x0000007bb5b00000,0x0000007bb5c00000)]
  0x000002090ddb44f0 JavaThread "Daemon worker" [_thread_blocked, id=11896, stack(0x0000007bb5e00000,0x0000007bb5f00000)]
  0x000002090ddb4a00 JavaThread "Cache worker for journal cache (C:\Users\DAVID\.gradle\caches\journal-1)" [_thread_blocked, id=15152, stack(0x0000007bb6200000,0x0000007bb6300000)]
  0x000002090ddb35c0 JavaThread "File lock request listener" [_thread_in_native, id=15396, stack(0x0000007bb6300000,0x0000007bb6400000)]
  0x000002090ddb3ad0 JavaThread "Cache worker for file hash cache (C:\Users\DAVID\.gradle\caches\7.6.3\fileHashes)" [_thread_blocked, id=3708, stack(0x0000007bb6a00000,0x0000007bb6b00000)]
  0x000002090ddb3fe0 JavaThread "File watcher server" daemon [_thread_in_native, id=9164, stack(0x0000007bb6c00000,0x0000007bb6d00000)]
  0x000002090ddb1760 JavaThread "File watcher consumer" daemon [_thread_blocked, id=6632, stack(0x0000007bb6d00000,0x0000007bb6e00000)]
  0x000002090ff5f590 JavaThread "Cache worker for file content cache (C:\Users\DAVID\.gradle\caches\7.6.3\fileContent)" [_thread_blocked, id=13500, stack(0x0000007bb7000000,0x0000007bb7100000)]
  0x000002090ff5bde0 JavaThread "Cache worker for execution history cache (C:\Users\DAVID\.gradle\caches\7.6.3\executionHistory)" [_thread_blocked, id=7856, stack(0x0000007bb7300000,0x0000007bb7400000)]
  0x000002090ff5c2f0 JavaThread "jar transforms" [_thread_blocked, id=14308, stack(0x0000007bb7400000,0x0000007bb7500000)]
  0x000002090ff5e150 JavaThread "Cache worker for kotlin-dsl (C:\Users\DAVID\.gradle\caches\7.6.3\kotlin-dsl)" [_thread_blocked, id=728, stack(0x0000007bb7500000,0x0000007bb7600000)]
  0x000002090ff5a9a0 JavaThread "jar transforms Thread 2" [_thread_blocked, id=680, stack(0x0000007bb7600000,0x0000007bb7700000)]
  0x000002090ff5e660 JavaThread "jar transforms Thread 3" [_thread_blocked, id=15048, stack(0x0000007bb7900000,0x0000007bb7a00000)]
  0x000002090ff5cd10 JavaThread "Memory manager" [_thread_blocked, id=4076, stack(0x0000007bb7a00000,0x0000007bb7b00000)]
  0x000002090ff59560 JavaThread "jar transforms Thread 4" [_thread_blocked, id=15380, stack(0x0000007bb7b00000,0x0000007bb7c00000)]
  0x000002090ff5dc40 JavaThread "included builds" [_thread_blocked, id=5476, stack(0x0000007bb7c00000,0x0000007bb7d00000)]
  0x000002090e942a90 JavaThread "jar transforms Thread 5" [_thread_blocked, id=2476, stack(0x0000007bc0100000,0x0000007bc0200000)]
  0x000002090e942fa0 JavaThread "jar transforms Thread 6" [_thread_blocked, id=10044, stack(0x0000007bc0200000,0x0000007bc0300000)]
  0x000002090e945310 JavaThread "jar transforms Thread 7" [_thread_blocked, id=12540, stack(0x0000007bc0300000,0x0000007bc0400000)]
  0x000002090e9439c0 JavaThread "jar transforms Thread 8" [_thread_blocked, id=16200, stack(0x0000007bc0400000,0x0000007bc0500000)]
  0x000002090e941140 JavaThread "jar transforms Thread 9" [_thread_blocked, id=12744, stack(0x0000007bc0500000,0x0000007bc0600000)]
  0x000002090e942580 JavaThread "jar transforms Thread 10" [_thread_blocked, id=15932, stack(0x0000007bc0600000,0x0000007bc0700000)]
  0x000002090e942070 JavaThread "jar transforms Thread 11" [_thread_blocked, id=4720, stack(0x0000007bc0700000,0x0000007bc0800000)]
  0x000002090e9434b0 JavaThread "jar transforms Thread 12" [_thread_blocked, id=5108, stack(0x0000007bc0800000,0x0000007bc0900000)]
  0x000002090ddb1c70 JavaThread "Exec process" [_thread_blocked, id=15660, stack(0x0000007bc0b00000,0x0000007bc0c00000)]
  0x0000020917923590 JavaThread "Exec process Thread 2" [_thread_blocked, id=15260, stack(0x0000007bc0c00000,0x0000007bc0d00000)]
  0x00000209179253f0 JavaThread "Exec process Thread 3" [_thread_blocked, id=12952, stack(0x0000007bc0d00000,0x0000007bc0e00000)]
  0x0000020917925900 JavaThread "ForkJoinPool.commonPool-worker-1" daemon [_thread_blocked, id=9988, stack(0x0000007bb6b00000,0x0000007bb6c00000)]
  0x0000020917925e10 JavaThread "ForkJoinPool.commonPool-worker-2" daemon [_thread_blocked, id=4524, stack(0x0000007bb5700000,0x0000007bb5800000)]
  0x0000020917923aa0 JavaThread "ForkJoinPool.commonPool-worker-3" daemon [_thread_blocked, id=11280, stack(0x0000007bc1200000,0x0000007bc1300000)]
  0x0000020917927c70 JavaThread "ForkJoinPool.commonPool-worker-4" daemon [_thread_blocked, id=11932, stack(0x0000007bc1300000,0x0000007bc1400000)]
  0x0000020917923fb0 JavaThread "ForkJoinPool.commonPool-worker-5" daemon [_thread_blocked, id=15088, stack(0x0000007bc1400000,0x0000007bc1500000)]
  0x0000020917926320 JavaThread "ForkJoinPool.commonPool-worker-6" daemon [_thread_blocked, id=13808, stack(0x0000007bc1500000,0x0000007bc1600000)]
  0x0000020917926830 JavaThread "ForkJoinPool.commonPool-worker-7" daemon [_thread_blocked, id=7276, stack(0x0000007bc1600000,0x0000007bc1700000)]
  0x0000020917928180 JavaThread "ForkJoinPool.commonPool-worker-8" daemon [_thread_blocked, id=1368, stack(0x0000007bc1700000,0x0000007bc1800000)]
  0x0000020917926d40 JavaThread "ForkJoinPool.commonPool-worker-9" daemon [_thread_blocked, id=13820, stack(0x0000007bc1800000,0x0000007bc1900000)]
  0x0000020917927250 JavaThread "ForkJoinPool.commonPool-worker-10" daemon [_thread_blocked, id=13880, stack(0x0000007bc1900000,0x0000007bc1a00000)]
  0x000002090d13e0f0 JavaThread "Handler for socket connection from /127.0.0.1:53368 to /127.0.0.1:53501" [_thread_in_native, id=6132, stack(0x0000007bb5c00000,0x0000007bb5d00000)]
  0x000002090d13d1c0 JavaThread "Cancel handler" [_thread_blocked, id=11536, stack(0x0000007bb5d00000,0x0000007bb5e00000)]
  0x000002090d13dbe0 JavaThread "Asynchronous log dispatcher for DefaultDaemonConnection: socket connection from /127.0.0.1:53368 to /127.0.0.1:53501" [_thread_blocked, id=11772, stack(0x0000007bb5f00000,0x0000007bb6000000)]
  0x000002090d1376a0 JavaThread "Stdin handler" [_thread_blocked, id=7952, stack(0x0000007bb6000000,0x0000007bb6100000)]
  0x000002090d139f20 JavaThread "Daemon client event forwarder" [_thread_blocked, id=11200, stack(0x0000007bb6100000,0x0000007bb6200000)]
  0x0000020918c16940 JavaThread "C2 CompilerThread1" daemon [_thread_in_native, id=13148, stack(0x0000007bb6e00000,0x0000007bb6f00000)]
  0x0000020918c18920 JavaThread "C2 CompilerThread2" daemon [_thread_in_native, id=10548, stack(0x0000007bb6f00000,0x0000007bb7000000)]
  0x000002090d13e600 JavaThread "Cache worker for checksums cache (D:\DOCUMENTOS\PROJETO_FLUTTER\dmega\android\.gradle\7.6.3\checksums)" [_thread_blocked, id=15752, stack(0x0000007bb7100000,0x0000007bb7200000)]
  0x000002090d137190 JavaThread "Cache worker for cache directory md-rule (C:\Users\DAVID\.gradle\caches\7.6.3\md-rule)" [_thread_blocked, id=13560, stack(0x0000007bb7200000,0x0000007bb7300000)]
  0x000002090d13eb10 JavaThread "Cache worker for file hash cache (D:\DOCUMENTOS\PROJETO_FLUTTER\dmega\android\.gradle\7.6.3\fileHashes)" [_thread_blocked, id=11472, stack(0x0000007bb7700000,0x0000007bb7800000)]
  0x000002090d13a940 JavaThread "Cache worker for cache directory md-supplier (C:\Users\DAVID\.gradle\caches\7.6.3\md-supplier)" [_thread_blocked, id=15356, stack(0x0000007bb7800000,0x0000007bb7900000)]
  0x000002090d137bb0 JavaThread "Cache worker for dependencies-accessors (D:\DOCUMENTOS\PROJETO_FLUTTER\dmega\android\.gradle\7.6.3\dependencies-accessors)" [_thread_blocked, id=9836, stack(0x0000007bb7d00000,0x0000007bb7e00000)]
  0x000002090d13b870 JavaThread "Cache worker for Build Output Cleanup Cache (C:\src\flutter\packages\flutter_tools\gradle\.gradle\buildOutputCleanup)" [_thread_blocked, id=10104, stack(0x0000007bb7e00000,0x0000007bb7f00000)]
  0x000002090d13ccb0 JavaThread "included builds" [_thread_blocked, id=6136, stack(0x0000007bb7f00000,0x0000007bb8000000)]
  0x000002090d138ae0 JavaThread "Execution worker" [_thread_blocked, id=1128, stack(0x0000007bb8000000,0x0000007bb8100000)]
  0x000002090d139500 JavaThread "Execution worker Thread 2" [_thread_blocked, id=2184, stack(0x0000007bb8100000,0x0000007bb8200000)]
  0x000002090d1380c0 JavaThread "Execution worker Thread 3" [_thread_blocked, id=1704, stack(0x0000007bb8200000,0x0000007bb8300000)]
  0x000002090d1385d0 JavaThread "Execution worker Thread 4" [_thread_blocked, id=5880, stack(0x0000007bb8300000,0x0000007bb8400000)]
  0x000002090d139a10 JavaThread "Execution worker Thread 5" [_thread_blocked, id=16188, stack(0x0000007bb8400000,0x0000007bb8500000)]
  0x000002090d13a430 JavaThread "Execution worker Thread 6" [_thread_in_native, id=13396, stack(0x0000007bb8500000,0x0000007bb8600000)]
  0x000002090d13d6d0 JavaThread "Execution worker Thread 7" [_thread_blocked, id=6504, stack(0x0000007bb8600000,0x0000007bb8700000)]
  0x000002090d13b360 JavaThread "Execution worker Thread 8" [_thread_blocked, id=13484, stack(0x0000007bb8700000,0x0000007bb8800000)]
  0x000002090d13ae50 JavaThread "Execution worker Thread 9" [_thread_blocked, id=3156, stack(0x0000007bb8800000,0x0000007bb8900000)]
  0x000002090d13bd80 JavaThread "Execution worker Thread 10" [_thread_blocked, id=6720, stack(0x0000007bb8900000,0x0000007bb8a00000)]
  0x000002090d13c290 JavaThread "Execution worker Thread 11" [_thread_blocked, id=13000, stack(0x0000007bb8a00000,0x0000007bb8b00000)]
  0x000002090ff5eb70 JavaThread "Cache worker for execution history cache (C:\src\flutter\packages\flutter_tools\gradle\.gradle\7.6.3\executionHistory)" [_thread_blocked, id=2276, stack(0x0000007bb8b00000,0x0000007bb8c00000)]
  0x000002090ff59a70 JavaThread "Unconstrained build operations" [_thread_blocked, id=10692, stack(0x0000007bb8c00000,0x0000007bb8d00000)]
  0x000002090ff59f80 JavaThread "Unconstrained build operations Thread 2" [_thread_blocked, id=2120, stack(0x0000007bb8d00000,0x0000007bb8e00000)]
  0x000002090ff5b8d0 JavaThread "Unconstrained build operations Thread 3" [_thread_blocked, id=11204, stack(0x0000007bb8e00000,0x0000007bb8f00000)]
  0x000002090ff5a490 JavaThread "Unconstrained build operations Thread 4" [_thread_blocked, id=11580, stack(0x0000007bb8f00000,0x0000007bb9000000)]
  0x000002090ff5d220 JavaThread "Unconstrained build operations Thread 5" [_thread_blocked, id=7212, stack(0x0000007bb9000000,0x0000007bb9100000)]
  0x000002090ff5aeb0 JavaThread "Unconstrained build operations Thread 6" [_thread_blocked, id=10316, stack(0x0000007bb9100000,0x0000007bb9200000)]
  0x000002090ff5c800 JavaThread "Unconstrained build operations Thread 7" [_thread_blocked, id=5584, stack(0x0000007bb9200000,0x0000007bb9300000)]
  0x000002090ff5b3c0 JavaThread "Unconstrained build operations Thread 8" [_thread_blocked, id=10180, stack(0x0000007bb9300000,0x0000007bb9400000)]
  0x000002090ff5d730 JavaThread "Unconstrained build operations Thread 9" [_thread_blocked, id=15080, stack(0x0000007bb9400000,0x0000007bb9500000)]
  0x000002090ff5f080 JavaThread "Unconstrained build operations Thread 10" [_thread_blocked, id=3732, stack(0x0000007bb9500000,0x0000007bb9600000)]
  0x000002090ff5faa0 JavaThread "Unconstrained build operations Thread 11" [_thread_blocked, id=15412, stack(0x0000007bb9600000,0x0000007bb9700000)]
  0x0000020917928690 JavaThread "Unconstrained build operations Thread 12" [_thread_blocked, id=840, stack(0x0000007bb9700000,0x0000007bb9800000)]
  0x00000209179290b0 JavaThread "Unconstrained build operations Thread 13" [_thread_blocked, id=8656, stack(0x0000007bb9800000,0x0000007bb9900000)]
  0x0000020917928ba0 JavaThread "Unconstrained build operations Thread 14" [_thread_blocked, id=1016, stack(0x0000007bb9900000,0x0000007bb9a00000)]
  0x00000209179244c0 JavaThread "Unconstrained build operations Thread 15" [_thread_blocked, id=15068, stack(0x0000007bb9a00000,0x0000007bb9b00000)]
  0x00000209179249d0 JavaThread "Unconstrained build operations Thread 16" [_thread_blocked, id=5708, stack(0x0000007bb9b00000,0x0000007bb9c00000)]
  0x0000020917929fe0 JavaThread "Unconstrained build operations Thread 17" [_thread_blocked, id=14800, stack(0x0000007bb9c00000,0x0000007bb9d00000)]
  0x0000020917924ee0 JavaThread "Unconstrained build operations Thread 18" [_thread_blocked, id=15524, stack(0x0000007bb9d00000,0x0000007bb9e00000)]
  0x00000209179295c0 JavaThread "Unconstrained build operations Thread 19" [_thread_blocked, id=5596, stack(0x0000007bb9e00000,0x0000007bb9f00000)]
  0x000002091792a4f0 JavaThread "Unconstrained build operations Thread 20" [_thread_blocked, id=2956, stack(0x0000007bb9f00000,0x0000007bba000000)]
  0x0000020917923080 JavaThread "Unconstrained build operations Thread 21" [_thread_blocked, id=12444, stack(0x0000007bba000000,0x0000007bba100000)]
  0x000002091792aa00 JavaThread "Unconstrained build operations Thread 22" [_thread_blocked, id=14900, stack(0x0000007bba100000,0x0000007bba200000)]
  0x000002090ddb1250 JavaThread "Unconstrained build operations Thread 23" [_thread_blocked, id=12868, stack(0x0000007bba200000,0x0000007bba300000)]
  0x000002090ddb2180 JavaThread "Unconstrained build operations Thread 24" [_thread_blocked, id=11584, stack(0x0000007bba300000,0x0000007bba400000)]
  0x000002090ddb2690 JavaThread "Unconstrained build operations Thread 25" [_thread_blocked, id=6600, stack(0x0000007bba400000,0x0000007bba500000)]
  0x000002090ddb2ba0 JavaThread "Unconstrained build operations Thread 26" [_thread_blocked, id=7424, stack(0x0000007bba500000,0x0000007bba600000)]
  0x000002090ddb30b0 JavaThread "Unconstrained build operations Thread 27" [_thread_blocked, id=3388, stack(0x0000007bba600000,0x0000007bba700000)]
  0x000002090e941650 JavaThread "Unconstrained build operations Thread 28" [_thread_blocked, id=15208, stack(0x0000007bba700000,0x0000007bba800000)]
  0x000002090e947680 JavaThread "Unconstrained build operations Thread 29" [_thread_blocked, id=11076, stack(0x0000007bba800000,0x0000007bba900000)]
  0x000002090e9443e0 JavaThread "Unconstrained build operations Thread 30" [_thread_blocked, id=14032, stack(0x0000007bba900000,0x0000007bbaa00000)]
  0x0000020918aeabb0 JavaThread "Unconstrained build operations Thread 31" [_thread_blocked, id=3932, stack(0x0000007bbaa00000,0x0000007bbab00000)]
  0x0000020918ae9c80 JavaThread "Unconstrained build operations Thread 32" [_thread_blocked, id=12220, stack(0x0000007bbab00000,0x0000007bbac00000)]
  0x0000020918aeb0c0 JavaThread "Unconstrained build operations Thread 33" [_thread_blocked, id=15868, stack(0x0000007bbac00000,0x0000007bbad00000)]
  0x0000020918ae6ef0 JavaThread "Unconstrained build operations Thread 34" [_thread_blocked, id=16040, stack(0x0000007bbad00000,0x0000007bbae00000)]
  0x0000020918ae9770 JavaThread "Unconstrained build operations Thread 35" [_thread_blocked, id=6740, stack(0x0000007bbae00000,0x0000007bbaf00000)]
  0x0000020918aeb5d0 JavaThread "Unconstrained build operations Thread 36" [_thread_blocked, id=3968, stack(0x0000007bbaf00000,0x0000007bbb000000)]
  0x0000020918aeca10 JavaThread "Unconstrained build operations Thread 37" [_thread_blocked, id=6204, stack(0x0000007bbb000000,0x0000007bbb100000)]
  0x0000020918ae8330 JavaThread "Unconstrained build operations Thread 38" [_thread_blocked, id=10856, stack(0x0000007bbb100000,0x0000007bbb200000)]
  0x0000020918ae8840 JavaThread "Unconstrained build operations Thread 39" [_thread_blocked, id=2676, stack(0x0000007bbb200000,0x0000007bbb300000)]
  0x0000020918aea190 JavaThread "Unconstrained build operations Thread 40" [_thread_blocked, id=14880, stack(0x0000007bbb300000,0x0000007bbb400000)]
  0x0000020918aee360 JavaThread "Unconstrained build operations Thread 41" [_thread_blocked, id=14684, stack(0x0000007bbb400000,0x0000007bbb500000)]
  0x0000020918aebff0 JavaThread "Unconstrained build operations Thread 42" [_thread_blocked, id=2824, stack(0x0000007bbb500000,0x0000007bbb600000)]
  0x0000020918aed940 JavaThread "Unconstrained build operations Thread 43" [_thread_blocked, id=3284, stack(0x0000007bbb600000,0x0000007bbb700000)]
  0x0000020918aea6a0 JavaThread "Unconstrained build operations Thread 44" [_thread_blocked, id=13644, stack(0x0000007bbb700000,0x0000007bbb800000)]
  0x0000020918ae8d50 JavaThread "Unconstrained build operations Thread 45" [_thread_blocked, id=11444, stack(0x0000007bbb800000,0x0000007bbb900000)]
  0x0000020918aec500 JavaThread "Unconstrained build operations Thread 46" [_thread_blocked, id=13760, stack(0x0000007bbb900000,0x0000007bbba00000)]
  0x0000020918aee870 JavaThread "Unconstrained build operations Thread 47" [_thread_blocked, id=7420, stack(0x0000007bbba00000,0x0000007bbbb00000)]
  0x0000020918ae9260 JavaThread "Unconstrained build operations Thread 48" [_thread_blocked, id=3888, stack(0x0000007bbbb00000,0x0000007bbbc00000)]
  0x0000020918aede50 JavaThread "Unconstrained build operations Thread 49" [_thread_blocked, id=13496, stack(0x0000007bbbc00000,0x0000007bbbd00000)]
  0x0000020918aebae0 JavaThread "Unconstrained build operations Thread 50" [_thread_blocked, id=716, stack(0x0000007bbbd00000,0x0000007bbbe00000)]
  0x0000020918ae7400 JavaThread "Unconstrained build operations Thread 51" [_thread_blocked, id=12596, stack(0x0000007bbbe00000,0x0000007bbbf00000)]
  0x0000020918aecf20 JavaThread "Unconstrained build operations Thread 52" [_thread_blocked, id=8920, stack(0x0000007bbbf00000,0x0000007bbc000000)]
  0x0000020918aed430 JavaThread "Unconstrained build operations Thread 53" [_thread_blocked, id=16256, stack(0x0000007bbc000000,0x0000007bbc100000)]
  0x0000020918ae7910 JavaThread "Unconstrained build operations Thread 54" [_thread_blocked, id=11324, stack(0x0000007bbc100000,0x0000007bbc200000)]
  0x0000020918ae7e20 JavaThread "Unconstrained build operations Thread 55" [_thread_blocked, id=600, stack(0x0000007bbc200000,0x0000007bbc300000)]
  0x0000020918c769c0 JavaThread "Unconstrained build operations Thread 56" [_thread_blocked, id=16112, stack(0x0000007bbc300000,0x0000007bbc400000)]
  0x0000020918c76ed0 JavaThread "Unconstrained build operations Thread 57" [_thread_blocked, id=13932, stack(0x0000007bbc400000,0x0000007bbc500000)]
  0x0000020918c75fa0 JavaThread "Unconstrained build operations Thread 58" [_thread_blocked, id=8084, stack(0x0000007bbc500000,0x0000007bbc600000)]
  0x0000020918c764b0 JavaThread "Unconstrained build operations Thread 59" [_thread_blocked, id=14852, stack(0x0000007bbc600000,0x0000007bbc700000)]
  0x0000020918c75a90 JavaThread "Unconstrained build operations Thread 60" [_thread_blocked, id=12752, stack(0x0000007bbc700000,0x0000007bbc800000)]
  0x0000020918c773e0 JavaThread "Unconstrained build operations Thread 61" [_thread_blocked, id=268, stack(0x0000007bbc800000,0x0000007bbc900000)]
  0x0000020918c78820 JavaThread "Unconstrained build operations Thread 62" [_thread_blocked, id=12092, stack(0x0000007bbc900000,0x0000007bbca00000)]
  0x0000020918c78d30 JavaThread "Unconstrained build operations Thread 63" [_thread_blocked, id=6352, stack(0x0000007bbca00000,0x0000007bbcb00000)]
  0x0000020918c778f0 JavaThread "Unconstrained build operations Thread 64" [_thread_blocked, id=1556, stack(0x0000007bbcb00000,0x0000007bbcc00000)]
  0x0000020918c77e00 JavaThread "Unconstrained build operations Thread 65" [_thread_blocked, id=2016, stack(0x0000007bbcc00000,0x0000007bbcd00000)]
  0x0000020918c78310 JavaThread "Unconstrained build operations Thread 66" [_thread_blocked, id=6520, stack(0x0000007bbcd00000,0x0000007bbce00000)]
  0x0000020918c79240 JavaThread "Unconstrained build operations Thread 67" [_thread_blocked, id=8896, stack(0x0000007bbce00000,0x0000007bbcf00000)]
  0x000002091885bef0 JavaThread "Unconstrained build operations Thread 68" [_thread_blocked, id=13368, stack(0x0000007bbcf00000,0x0000007bbd000000)]
  0x000002091885b9e0 JavaThread "Unconstrained build operations Thread 69" [_thread_blocked, id=15156, stack(0x0000007bbd000000,0x0000007bbd100000)]
  0x000002091885b4d0 JavaThread "Unconstrained build operations Thread 70" [_thread_blocked, id=14480, stack(0x0000007bbd100000,0x0000007bbd200000)]
  0x000002091885aab0 JavaThread "Unconstrained build operations Thread 71" [_thread_blocked, id=6784, stack(0x0000007bbd200000,0x0000007bbd300000)]
  0x000002091885c400 JavaThread "Unconstrained build operations Thread 72" [_thread_blocked, id=11356, stack(0x0000007bbd300000,0x0000007bbd400000)]
  0x000002091885c910 JavaThread "Unconstrained build operations Thread 73" [_thread_blocked, id=11728, stack(0x0000007bbd400000,0x0000007bbd500000)]
  0x000002091885ce20 JavaThread "Unconstrained build operations Thread 74" [_thread_blocked, id=11380, stack(0x0000007bbd500000,0x0000007bbd600000)]
  0x000002091885a5a0 JavaThread "Unconstrained build operations Thread 75" [_thread_blocked, id=5960, stack(0x0000007bbd600000,0x0000007bbd700000)]
  0x000002091885d840 JavaThread "Unconstrained build operations Thread 76" [_thread_blocked, id=9956, stack(0x0000007bbd700000,0x0000007bbd800000)]
  0x000002091885d330 JavaThread "Unconstrained build operations Thread 77" [_thread_blocked, id=1260, stack(0x0000007bbd800000,0x0000007bbd900000)]
  0x000002091885a090 JavaThread "Unconstrained build operations Thread 78" [_thread_blocked, id=12328, stack(0x0000007bbd900000,0x0000007bbda00000)]
  0x000002091959c740 JavaThread "Unconstrained build operations Thread 79" [_thread_blocked, id=11416, stack(0x0000007bbda00000,0x0000007bbdb00000)]
  0x00000209195a0910 JavaThread "Unconstrained build operations Thread 80" [_thread_blocked, id=2976, stack(0x0000007bbdb00000,0x0000007bbdc00000)]
  0x000002091959eab0 JavaThread "Unconstrained build operations Thread 81" [_thread_blocked, id=4760, stack(0x0000007bbdc00000,0x0000007bbdd00000)]
  0x00000209195a3190 JavaThread "Unconstrained build operations Thread 82" [_thread_blocked, id=10956, stack(0x0000007bbdd00000,0x0000007bbde00000)]
  0x000002091959cc50 JavaThread "Unconstrained build operations Thread 83" [_thread_blocked, id=9876, stack(0x0000007bbde00000,0x0000007bbdf00000)]
  0x000002091959f4d0 JavaThread "Unconstrained build operations Thread 84" [_thread_blocked, id=15032, stack(0x0000007bbdf00000,0x0000007bbe000000)]
  0x000002091959fef0 JavaThread "Unconstrained build operations Thread 85" [_thread_blocked, id=11492, stack(0x0000007bbe000000,0x0000007bbe100000)]
  0x000002091959d160 JavaThread "Unconstrained build operations Thread 86" [_thread_blocked, id=10560, stack(0x0000007bbe100000,0x0000007bbe200000)]
  0x00000209195a36a0 JavaThread "Unconstrained build operations Thread 87" [_thread_blocked, id=2288, stack(0x0000007bbe200000,0x0000007bbe300000)]
  0x000002091959d670 JavaThread "Unconstrained build operations Thread 88" [_thread_blocked, id=15840, stack(0x0000007bbe300000,0x0000007bbe400000)]
  0x000002091959db80 JavaThread "Unconstrained build operations Thread 89" [_thread_blocked, id=5864, stack(0x0000007bbe400000,0x0000007bbe500000)]
  0x00000209195a0e20 JavaThread "Unconstrained build operations Thread 90" [_thread_blocked, id=2860, stack(0x0000007bbe500000,0x0000007bbe600000)]
  0x00000209195a1330 JavaThread "Unconstrained build operations Thread 91" [_thread_blocked, id=5332, stack(0x0000007bbe600000,0x0000007bbe700000)]
  0x00000209195a3bb0 JavaThread "Unconstrained build operations Thread 92" [_thread_blocked, id=8232, stack(0x0000007bbe700000,0x0000007bbe800000)]
  0x000002091959e090 JavaThread "Unconstrained build operations Thread 93" [_thread_blocked, id=14096, stack(0x0000007bbe800000,0x0000007bbe900000)]
  0x000002091959e5a0 JavaThread "Unconstrained build operations Thread 94" [_thread_blocked, id=1232, stack(0x0000007bbe900000,0x0000007bbea00000)]
  0x00000209195a2c80 JavaThread "Unconstrained build operations Thread 95" [_thread_blocked, id=14488, stack(0x0000007bbea00000,0x0000007bbeb00000)]
  0x00000209195a2260 JavaThread "Unconstrained build operations Thread 96" [_thread_blocked, id=11944, stack(0x0000007bbeb00000,0x0000007bbec00000)]
  0x000002091959efc0 JavaThread "Unconstrained build operations Thread 97" [_thread_blocked, id=14952, stack(0x0000007bbec00000,0x0000007bbed00000)]
  0x00000209195a0400 JavaThread "Unconstrained build operations Thread 98" [_thread_blocked, id=12816, stack(0x0000007bbed00000,0x0000007bbee00000)]
  0x00000209195a40c0 JavaThread "Unconstrained build operations Thread 99" [_thread_blocked, id=15540, stack(0x0000007bbee00000,0x0000007bbef00000)]
  0x00000209195a1840 JavaThread "Unconstrained build operations Thread 100" [_thread_blocked, id=9064, stack(0x0000007bbef00000,0x0000007bbf000000)]
  0x00000209195a2770 JavaThread "Unconstrained build operations Thread 101" [_thread_blocked, id=11304, stack(0x0000007bbf000000,0x0000007bbf100000)]
  0x000002091959f9e0 JavaThread "Unconstrained build operations Thread 102" [_thread_blocked, id=11740, stack(0x0000007bbf100000,0x0000007bbf200000)]
  0x00000209195a1d50 JavaThread "Unconstrained build operations Thread 103" [_thread_blocked, id=13612, stack(0x0000007bbf200000,0x0000007bbf300000)]
  0x000002091885afc0 JavaThread "Unconstrained build operations Thread 104" [_thread_blocked, id=11560, stack(0x0000007bbf300000,0x0000007bbf400000)]
  0x0000020912a5dd00 JavaThread "Unconstrained build operations Thread 105" [_thread_blocked, id=6048, stack(0x0000007bbf400000,0x0000007bbf500000)]
  0x0000020912a5d7f0 JavaThread "Unconstrained build operations Thread 106" [_thread_blocked, id=6464, stack(0x0000007bbf500000,0x0000007bbf600000)]
  0x0000020912a5f650 JavaThread "Unconstrained build operations Thread 107" [_thread_blocked, id=11640, stack(0x0000007bbf600000,0x0000007bbf700000)]
  0x0000020912a614b0 JavaThread "Unconstrained build operations Thread 108" [_thread_blocked, id=11284, stack(0x0000007bbf700000,0x0000007bbf800000)]
  0x0000020912a5e210 JavaThread "Unconstrained build operations Thread 109" [_thread_blocked, id=14484, stack(0x0000007bbf800000,0x0000007bbf900000)]
  0x0000020912a5e720 JavaThread "Unconstrained build operations Thread 110" [_thread_blocked, id=11512, stack(0x0000007bbf900000,0x0000007bbfa00000)]
  0x0000020912a5bea0 JavaThread "Unconstrained build operations Thread 111" [_thread_blocked, id=1688, stack(0x0000007bbfa00000,0x0000007bbfb00000)]
  0x0000020912a5ec30 JavaThread "Unconstrained build operations Thread 112" [_thread_blocked, id=15920, stack(0x0000007bbfb00000,0x0000007bbfc00000)]
  0x0000020912a5c3b0 JavaThread "Unconstrained build operations Thread 113" [_thread_blocked, id=13100, stack(0x0000007bbfc00000,0x0000007bbfd00000)]
  0x0000020912a5f140 JavaThread "Unconstrained build operations Thread 114" [_thread_blocked, id=16028, stack(0x0000007bbfd00000,0x0000007bbfe00000)]
  0x0000020912a60580 JavaThread "Unconstrained build operations Thread 115" [_thread_blocked, id=15820, stack(0x0000007bbfe00000,0x0000007bbff00000)]
  0x0000020912a5cdd0 JavaThread "Unconstrained build operations Thread 116" [_thread_blocked, id=1736, stack(0x0000007bbff00000,0x0000007bc0000000)]
  0x0000020912a5d2e0 JavaThread "Unconstrained build operations Thread 117" [_thread_blocked, id=15300, stack(0x0000007bc0000000,0x0000007bc0100000)]
  0x0000020912a60a90 JavaThread "Unconstrained build operations Thread 118" [_thread_blocked, id=12312, stack(0x0000007bc0900000,0x0000007bc0a00000)]
  0x0000020912a5b480 JavaThread "Unconstrained build operations Thread 119" [_thread_blocked, id=9128, stack(0x0000007bc0a00000,0x0000007bc0b00000)]
  0x0000020912a61ed0 JavaThread "Unconstrained build operations Thread 120" [_thread_blocked, id=8928, stack(0x0000007bc0e00000,0x0000007bc0f00000)]
  0x0000020912a60fa0 JavaThread "Cache worker for Build Output Cleanup Cache (D:\DOCUMENTOS\PROJETO_FLUTTER\dmega\android\.gradle\buildOutputCleanup)" [_thread_blocked, id=10788, stack(0x0000007bc0f00000,0x0000007bc1000000)]
  0x0000020912a5c8c0 JavaThread "Cache worker for execution history cache (D:\DOCUMENTOS\PROJETO_FLUTTER\dmega\android\.gradle\7.6.3\executionHistory)" [_thread_blocked, id=14608, stack(0x0000007bc1000000,0x0000007bc1100000)]

Other Threads:
  0x000002097ee38270 VMThread "VM Thread" [stack: 0x0000007bb4500000,0x0000007bb4600000] [id=11448]
  0x000002097f1c7b90 WatcherThread [stack: 0x0000007bb5100000,0x0000007bb5200000] [id=10404]
  0x0000020967fce080 GCTaskThread "GC Thread#0" [stack: 0x0000007bb4000000,0x0000007bb4100000] [id=4000]
  0x000002097f2d74f0 GCTaskThread "GC Thread#1" [stack: 0x0000007bb5200000,0x0000007bb5300000] [id=7892]
  0x000002097f363450 GCTaskThread "GC Thread#2" [stack: 0x0000007bb5300000,0x0000007bb5400000] [id=8356]
  0x000002090c785030 GCTaskThread "GC Thread#3" [stack: 0x0000007bb5400000,0x0000007bb5500000] [id=12316]
  0x000002090c7852f0 GCTaskThread "GC Thread#4" [stack: 0x0000007bb5500000,0x0000007bb5600000] [id=12672]
  0x000002090c566900 GCTaskThread "GC Thread#5" [stack: 0x0000007bb5600000,0x0000007bb5700000] [id=15564]
  0x000002090cec7e00 GCTaskThread "GC Thread#6" [stack: 0x0000007bb6400000,0x0000007bb6500000] [id=4712]
  0x000002090cec8ce0 GCTaskThread "GC Thread#7" [stack: 0x0000007bb6500000,0x0000007bb6600000] [id=1240]
  0x000002090cec8fa0 GCTaskThread "GC Thread#8" [stack: 0x0000007bb6600000,0x0000007bb6700000] [id=15940]
  0x000002090d0c9450 GCTaskThread "GC Thread#9" [stack: 0x0000007bb6700000,0x0000007bb6800000] [id=14312]
  0x0000020967fdeee0 ConcurrentGCThread "G1 Main Marker" [stack: 0x0000007bb4100000,0x0000007bb4200000] [id=14384]
  0x0000020967fdf810 ConcurrentGCThread "G1 Conc#0" [stack: 0x0000007bb4200000,0x0000007bb4300000] [id=4072]
  0x000002090cbce0c0 ConcurrentGCThread "G1 Conc#1" [stack: 0x0000007bb6800000,0x0000007bb6900000] [id=8576]
  0x000002090d2bfa80 ConcurrentGCThread "G1 Conc#2" [stack: 0x0000007bb6900000,0x0000007bb6a00000] [id=11388]
  0x000002096801ea40 ConcurrentGCThread "G1 Refine#0" [stack: 0x0000007bb4300000,0x0000007bb4400000] [id=12968]
  0x00000209190e4b10 ConcurrentGCThread "G1 Refine#1" [stack: 0x0000007bc1100000,0x0000007bc1200000] [id=10840]
  0x0000020917df2de0 ConcurrentGCThread "G1 Refine#2" [stack: 0x0000007bc1c00000,0x0000007bc1d00000] [id=11212]
  0x000002090faa0330 ConcurrentGCThread "G1 Refine#3" [stack: 0x0000007bc1d00000,0x0000007bc1e00000] [id=7480]
  0x0000020918c42450 ConcurrentGCThread "G1 Refine#4" [stack: 0x0000007bc1e00000,0x0000007bc1f00000] [id=9972]
  0x000002097ece3560 ConcurrentGCThread "G1 Service" [stack: 0x0000007bb4400000,0x0000007bb4500000] [id=280]

Threads with active compile tasks:
C2 CompilerThread0    37857 19111       4       org.gradle.internal.graph.CachingDirectedGraphWalker::doSearch (659 bytes)
C2 CompilerThread1    37857 19191       4       org.gradle.internal.watch.vfs.impl.WatchingVirtualFileSystem$$Lambda$425/0x000000080052c800::get (12 bytes)
C2 CompilerThread2    37858 18820       4       org.gradle.api.internal.artifacts.ivyservice.resolveengine.artifact.ResolvedArtifactsGraphVisitor::getArtifacts (207 bytes)

VM state: not at safepoint (normal execution)

VM Mutex/Monitor currently owned by a thread: None

Heap address: 0x0000000700000000, size: 4096 MB, Compressed Oops mode: Zero based, Oop shift amount: 3

CDS archive(s) not mapped
Compressed class space mapped at: 0x0000000800000000-0x0000000840000000, reserved size: 1073741824
Narrow klass base: 0x0000000800000000, Narrow klass shift: 0, Narrow klass range: 0x40000000

GC Precious Log:
 CPUs: 12 total, 12 available
 Memory: 16308M
 Large Page Support: Disabled
 NUMA Support: Disabled
 Compressed Oops: Enabled (Zero based)
 Heap Region Size: 2M
 Heap Min Capacity: 8M
 Heap Initial Capacity: 256M
 Heap Max Capacity: 4G
 Pre-touch: Disabled
 Parallel Workers: 10
 Concurrent Workers: 3
 Concurrent Refinement Workers: 10
 Periodic GC: Disabled

Heap:
 garbage-first heap   total 430080K, used 226110K [0x0000000700000000, 0x0000000800000000)
  region size 2048K, 15 young (30720K), 11 survivors (22528K)
 Metaspace       used 112748K, committed 114048K, reserved 1179648K
  class space    used 15385K, committed 15936K, reserved 1048576K

Heap Regions: E=young(eden), S=young(survivor), O=old, HS=humongous(starts), HC=humongous(continues), CS=collection set, F=free, OA=open archive, CA=closed archive, TAMS=top-at-mark-start (previous, next)
|   0|0x0000000700000000, 0x0000000700200000, 0x0000000700200000|100%|HS|  |TAMS 0x0000000700200000, 0x0000000700200000| Complete 
|   1|0x0000000700200000, 0x0000000700400000, 0x0000000700400000|100%|HC|  |TAMS 0x0000000700400000, 0x0000000700400000| Complete 
|   2|0x0000000700400000, 0x0000000700600000, 0x0000000700600000|100%| O|  |TAMS 0x0000000700600000, 0x0000000700600000| Untracked 
|   3|0x0000000700600000, 0x0000000700800000, 0x0000000700800000|100%| O|  |TAMS 0x0000000700800000, 0x0000000700800000| Untracked 
|   4|0x0000000700800000, 0x0000000700a00000, 0x0000000700a00000|100%| O|  |TAMS 0x0000000700a00000, 0x0000000700a00000| Untracked 
|   5|0x0000000700a00000, 0x0000000700c00000, 0x0000000700c00000|100%| O|  |TAMS 0x0000000700c00000, 0x0000000700c00000| Untracked 
|   6|0x0000000700c00000, 0x0000000700e00000, 0x0000000700e00000|100%| O|  |TAMS 0x0000000700e00000, 0x0000000700e00000| Untracked 
|   7|0x0000000700e00000, 0x0000000701000000, 0x0000000701000000|100%| O|  |TAMS 0x0000000701000000, 0x0000000701000000| Untracked 
|   8|0x0000000701000000, 0x0000000701200000, 0x0000000701200000|100%| O|  |TAMS 0x0000000701200000, 0x0000000701200000| Untracked 
|   9|0x0000000701200000, 0x0000000701400000, 0x0000000701400000|100%| O|  |TAMS 0x0000000701400000, 0x0000000701400000| Untracked 
|  10|0x0000000701400000, 0x0000000701600000, 0x0000000701600000|100%| O|  |TAMS 0x0000000701600000, 0x0000000701600000| Untracked 
|  11|0x0000000701600000, 0x0000000701800000, 0x0000000701800000|100%| O|  |TAMS 0x0000000701800000, 0x0000000701800000| Untracked 
|  12|0x0000000701800000, 0x0000000701a00000, 0x0000000701a00000|100%| O|  |TAMS 0x0000000701a00000, 0x0000000701a00000| Untracked 
|  13|0x0000000701a00000, 0x0000000701c00000, 0x0000000701c00000|100%| O|  |TAMS 0x0000000701c00000, 0x0000000701c00000| Untracked 
|  14|0x0000000701c00000, 0x0000000701e00000, 0x0000000701e00000|100%| O|  |TAMS 0x0000000701e00000, 0x0000000701e00000| Untracked 
|  15|0x0000000701e00000, 0x0000000702000000, 0x0000000702000000|100%| O|  |TAMS 0x0000000702000000, 0x0000000702000000| Untracked 
|  16|0x0000000702000000, 0x0000000702200000, 0x0000000702200000|100%| O|  |TAMS 0x0000000702200000, 0x0000000702200000| Untracked 
|  17|0x0000000702200000, 0x0000000702400000, 0x0000000702400000|100%| O|  |TAMS 0x0000000702400000, 0x0000000702400000| Untracked 
|  18|0x0000000702400000, 0x0000000702600000, 0x0000000702600000|100%|HS|  |TAMS 0x0000000702600000, 0x0000000702600000| Complete 
|  19|0x0000000702600000, 0x0000000702800000, 0x0000000702800000|100%|HC|  |TAMS 0x0000000702800000, 0x0000000702800000| Complete 
|  20|0x0000000702800000, 0x0000000702a00000, 0x0000000702a00000|100%| O|  |TAMS 0x0000000702a00000, 0x0000000702a00000| Untracked 
|  21|0x0000000702a00000, 0x0000000702c00000, 0x0000000702c00000|100%| O|  |TAMS 0x0000000702c00000, 0x0000000702c00000| Untracked 
|  22|0x0000000702c00000, 0x0000000702e00000, 0x0000000702e00000|100%| O|  |TAMS 0x0000000702e00000, 0x0000000702e00000| Untracked 
|  23|0x0000000702e00000, 0x0000000703000000, 0x0000000703000000|100%| O|  |TAMS 0x0000000703000000, 0x0000000703000000| Untracked 
|  24|0x0000000703000000, 0x0000000703200000, 0x0000000703200000|100%|HS|  |TAMS 0x0000000703200000, 0x0000000703200000| Complete 
|  25|0x0000000703200000, 0x0000000703400000, 0x0000000703400000|100%| O|  |TAMS 0x0000000703400000, 0x0000000703400000| Untracked 
|  26|0x0000000703400000, 0x0000000703600000, 0x0000000703600000|100%| O|  |TAMS 0x0000000703600000, 0x0000000703600000| Untracked 
|  27|0x0000000703600000, 0x0000000703800000, 0x0000000703800000|100%| O|  |TAMS 0x0000000703800000, 0x0000000703800000| Untracked 
|  28|0x0000000703800000, 0x0000000703a00000, 0x0000000703a00000|100%| O|  |TAMS 0x0000000703a00000, 0x0000000703a00000| Untracked 
|  29|0x0000000703a00000, 0x0000000703c00000, 0x0000000703c00000|100%| O|  |TAMS 0x0000000703c00000, 0x0000000703c00000| Untracked 
|  30|0x0000000703c00000, 0x0000000703e00000, 0x0000000703e00000|100%| O|  |TAMS 0x0000000703e00000, 0x0000000703e00000| Untracked 
|  31|0x0000000703e00000, 0x0000000704000000, 0x0000000704000000|100%| O|  |TAMS 0x0000000704000000, 0x0000000704000000| Untracked 
|  32|0x0000000704000000, 0x0000000704200000, 0x0000000704200000|100%| O|  |TAMS 0x0000000704200000, 0x0000000704200000| Untracked 
|  33|0x0000000704200000, 0x0000000704400000, 0x0000000704400000|100%| O|  |TAMS 0x0000000704400000, 0x0000000704400000| Untracked 
|  34|0x0000000704400000, 0x0000000704600000, 0x0000000704600000|100%| O|  |TAMS 0x0000000704600000, 0x0000000704600000| Untracked 
|  35|0x0000000704600000, 0x0000000704800000, 0x0000000704800000|100%| O|  |TAMS 0x0000000704800000, 0x0000000704800000| Untracked 
|  36|0x0000000704800000, 0x0000000704a00000, 0x0000000704a00000|100%| O|  |TAMS 0x0000000704a00000, 0x0000000704a00000| Untracked 
|  37|0x0000000704a00000, 0x0000000704c00000, 0x0000000704c00000|100%| O|  |TAMS 0x0000000704c00000, 0x0000000704c00000| Untracked 
|  38|0x0000000704c00000, 0x0000000704e00000, 0x0000000704e00000|100%| O|  |TAMS 0x0000000704e00000, 0x0000000704e00000| Untracked 
|  39|0x0000000704e00000, 0x0000000705000000, 0x0000000705000000|100%| O|  |TAMS 0x0000000705000000, 0x0000000705000000| Untracked 
|  40|0x0000000705000000, 0x0000000705200000, 0x0000000705200000|100%| O|  |TAMS 0x0000000705200000, 0x0000000705200000| Untracked 
|  41|0x0000000705200000, 0x0000000705400000, 0x0000000705400000|100%| O|  |TAMS 0x0000000705400000, 0x0000000705400000| Untracked 
|  42|0x0000000705400000, 0x0000000705600000, 0x0000000705600000|100%| O|  |TAMS 0x0000000705600000, 0x0000000705600000| Untracked 
|  43|0x0000000705600000, 0x0000000705800000, 0x0000000705800000|100%| O|  |TAMS 0x0000000705800000, 0x0000000705800000| Untracked 
|  44|0x0000000705800000, 0x0000000705a00000, 0x0000000705a00000|100%| O|  |TAMS 0x0000000705a00000, 0x0000000705a00000| Untracked 
|  45|0x0000000705a00000, 0x0000000705c00000, 0x0000000705c00000|100%| O|  |TAMS 0x0000000705c00000, 0x0000000705c00000| Untracked 
|  46|0x0000000705c00000, 0x0000000705e00000, 0x0000000705e00000|100%| O|  |TAMS 0x0000000705e00000, 0x0000000705e00000| Untracked 
|  47|0x0000000705e00000, 0x0000000706000000, 0x0000000706000000|100%|HS|  |TAMS 0x0000000706000000, 0x0000000706000000| Complete 
|  48|0x0000000706000000, 0x0000000706200000, 0x0000000706200000|100%|HC|  |TAMS 0x0000000706200000, 0x0000000706200000| Complete 
|  49|0x0000000706200000, 0x0000000706400000, 0x0000000706400000|100%|HS|  |TAMS 0x0000000706400000, 0x0000000706400000| Complete 
|  50|0x0000000706400000, 0x0000000706600000, 0x0000000706600000|100%| O|  |TAMS 0x0000000706600000, 0x0000000706600000| Untracked 
|  51|0x0000000706600000, 0x0000000706800000, 0x0000000706800000|100%| O|  |TAMS 0x0000000706800000, 0x0000000706800000| Untracked 
|  52|0x0000000706800000, 0x0000000706a00000, 0x0000000706a00000|100%| O|  |TAMS 0x0000000706a00000, 0x0000000706a00000| Untracked 
|  53|0x0000000706a00000, 0x0000000706c00000, 0x0000000706c00000|100%| O|  |TAMS 0x0000000706c00000, 0x0000000706c00000| Untracked 
|  54|0x0000000706c00000, 0x0000000706e00000, 0x0000000706e00000|100%| O|  |TAMS 0x0000000706e00000, 0x0000000706e00000| Untracked 
|  55|0x0000000706e00000, 0x0000000707000000, 0x0000000707000000|100%| O|  |TAMS 0x0000000707000000, 0x0000000707000000| Untracked 
|  56|0x0000000707000000, 0x0000000707200000, 0x0000000707200000|100%| O|  |TAMS 0x0000000707200000, 0x0000000707200000| Untracked 
|  57|0x0000000707200000, 0x0000000707400000, 0x0000000707400000|100%| O|  |TAMS 0x0000000707400000, 0x0000000707400000| Untracked 
|  58|0x0000000707400000, 0x0000000707600000, 0x0000000707600000|100%| O|  |TAMS 0x0000000707600000, 0x0000000707600000| Untracked 
|  59|0x0000000707600000, 0x0000000707800000, 0x0000000707800000|100%| O|  |TAMS 0x0000000707800000, 0x0000000707800000| Untracked 
|  60|0x0000000707800000, 0x0000000707a00000, 0x0000000707a00000|100%| O|  |TAMS 0x0000000707a00000, 0x0000000707a00000| Untracked 
|  61|0x0000000707a00000, 0x0000000707c00000, 0x0000000707c00000|100%| O|  |TAMS 0x0000000707c00000, 0x0000000707c00000| Untracked 
|  62|0x0000000707c00000, 0x0000000707e00000, 0x0000000707e00000|100%| O|  |TAMS 0x0000000707e00000, 0x0000000707e00000| Untracked 
|  63|0x0000000707e00000, 0x0000000708000000, 0x0000000708000000|100%| O|  |TAMS 0x0000000708000000, 0x0000000708000000| Untracked 
|  64|0x0000000708000000, 0x0000000708200000, 0x0000000708200000|100%| O|  |TAMS 0x0000000708200000, 0x0000000708200000| Untracked 
|  65|0x0000000708200000, 0x0000000708400000, 0x0000000708400000|100%| O|  |TAMS 0x0000000708400000, 0x0000000708400000| Untracked 
|  66|0x0000000708400000, 0x0000000708600000, 0x0000000708600000|100%| O|  |TAMS 0x0000000708600000, 0x0000000708600000| Untracked 
|  67|0x0000000708600000, 0x0000000708800000, 0x0000000708800000|100%| O|  |TAMS 0x0000000708800000, 0x0000000708800000| Untracked 
|  68|0x0000000708800000, 0x0000000708a00000, 0x0000000708a00000|100%| O|  |TAMS 0x0000000708a00000, 0x0000000708a00000| Untracked 
|  69|0x0000000708a00000, 0x0000000708c00000, 0x0000000708c00000|100%| O|  |TAMS 0x0000000708c00000, 0x0000000708c00000| Untracked 
|  70|0x0000000708c00000, 0x0000000708e00000, 0x0000000708e00000|100%| O|  |TAMS 0x0000000708e00000, 0x0000000708e00000| Untracked 
|  71|0x0000000708e00000, 0x0000000709000000, 0x0000000709000000|100%| O|  |TAMS 0x0000000709000000, 0x0000000709000000| Untracked 
|  72|0x0000000709000000, 0x0000000709200000, 0x0000000709200000|100%| O|  |TAMS 0x0000000709200000, 0x0000000709200000| Untracked 
|  73|0x0000000709200000, 0x0000000709400000, 0x0000000709400000|100%| O|  |TAMS 0x0000000709400000, 0x0000000709400000| Untracked 
|  74|0x0000000709400000, 0x0000000709600000, 0x0000000709600000|100%| O|  |TAMS 0x0000000709600000, 0x0000000709600000| Untracked 
|  75|0x0000000709600000, 0x0000000709800000, 0x0000000709800000|100%| O|  |TAMS 0x0000000709800000, 0x0000000709800000| Untracked 
|  76|0x0000000709800000, 0x0000000709a00000, 0x0000000709a00000|100%| O|  |TAMS 0x0000000709a00000, 0x0000000709a00000| Untracked 
|  77|0x0000000709a00000, 0x0000000709c00000, 0x0000000709c00000|100%| O|  |TAMS 0x0000000709a00000, 0x0000000709a00000| Untracked 
|  78|0x0000000709c00000, 0x0000000709e00000, 0x0000000709e00000|100%| O|  |TAMS 0x0000000709e00000, 0x0000000709e00000| Untracked 
|  79|0x0000000709e00000, 0x000000070a000000, 0x000000070a000000|100%| O|  |TAMS 0x000000070a000000, 0x000000070a000000| Untracked 
|  80|0x000000070a000000, 0x000000070a200000, 0x000000070a200000|100%| O|  |TAMS 0x000000070a200000, 0x000000070a200000| Untracked 
|  81|0x000000070a200000, 0x000000070a400000, 0x000000070a400000|100%| O|  |TAMS 0x000000070a400000, 0x000000070a400000| Untracked 
|  82|0x000000070a400000, 0x000000070a600000, 0x000000070a600000|100%| O|  |TAMS 0x000000070a600000, 0x000000070a600000| Untracked 
|  83|0x000000070a600000, 0x000000070a800000, 0x000000070a800000|100%| O|  |TAMS 0x000000070a74b800, 0x000000070a800000| Untracked 
|  84|0x000000070a800000, 0x000000070aa00000, 0x000000070aa00000|100%| O|  |TAMS 0x000000070a800000, 0x000000070aa00000| Untracked 
|  85|0x000000070aa00000, 0x000000070ac00000, 0x000000070ac00000|100%| O|  |TAMS 0x000000070aa00000, 0x000000070ac00000| Untracked 
|  86|0x000000070ac00000, 0x000000070ae00000, 0x000000070ae00000|100%| O|  |TAMS 0x000000070ac00000, 0x000000070ae00000| Untracked 
|  87|0x000000070ae00000, 0x000000070b000000, 0x000000070b000000|100%| O|  |TAMS 0x000000070ae00000, 0x000000070b000000| Untracked 
|  88|0x000000070b000000, 0x000000070b200000, 0x000000070b200000|100%| O|  |TAMS 0x000000070b000000, 0x000000070b200000| Untracked 
|  89|0x000000070b200000, 0x000000070b400000, 0x000000070b400000|100%| O|  |TAMS 0x000000070b200000, 0x000000070b400000| Untracked 
|  90|0x000000070b400000, 0x000000070b600000, 0x000000070b600000|100%| O|  |TAMS 0x000000070b400000, 0x000000070b600000| Untracked 
|  91|0x000000070b600000, 0x000000070b800000, 0x000000070b800000|100%| O|  |TAMS 0x000000070b600000, 0x000000070b800000| Untracked 
|  92|0x000000070b800000, 0x000000070ba00000, 0x000000070ba00000|100%| O|  |TAMS 0x000000070b800000, 0x000000070b929000| Untracked 
|  93|0x000000070ba00000, 0x000000070bc00000, 0x000000070bc00000|100%| O|  |TAMS 0x000000070ba00000, 0x000000070ba00000| Untracked 
|  94|0x000000070bc00000, 0x000000070be00000, 0x000000070be00000|100%| O|  |TAMS 0x000000070bc00000, 0x000000070bc00000| Untracked 
|  95|0x000000070be00000, 0x000000070c000000, 0x000000070c000000|100%| O|  |TAMS 0x000000070be00000, 0x000000070be00000| Untracked 
|  96|0x000000070c000000, 0x000000070c0cf800, 0x000000070c200000| 40%| O|  |TAMS 0x000000070c000000, 0x000000070c000000| Untracked 
|  97|0x000000070c200000, 0x000000070c200000, 0x000000070c400000|  0%| F|  |TAMS 0x000000070c200000, 0x000000070c200000| Untracked 
|  98|0x000000070c400000, 0x000000070c400000, 0x000000070c600000|  0%| F|  |TAMS 0x000000070c400000, 0x000000070c400000| Untracked 
|  99|0x000000070c600000, 0x000000070c600000, 0x000000070c800000|  0%| F|  |TAMS 0x000000070c600000, 0x000000070c600000| Untracked 
| 100|0x000000070c800000, 0x000000070c800000, 0x000000070ca00000|  0%| F|  |TAMS 0x000000070c800000, 0x000000070c800000| Untracked 
| 101|0x000000070ca00000, 0x000000070ca00000, 0x000000070cc00000|  0%| F|  |TAMS 0x000000070ca00000, 0x000000070ca00000| Untracked 
| 102|0x000000070cc00000, 0x000000070cc00000, 0x000000070ce00000|  0%| F|  |TAMS 0x000000070cc00000, 0x000000070cc00000| Untracked 
| 103|0x000000070ce00000, 0x000000070ce00000, 0x000000070d000000|  0%| F|  |TAMS 0x000000070ce00000, 0x000000070ce00000| Untracked 
| 104|0x000000070d000000, 0x000000070d000000, 0x000000070d200000|  0%| F|  |TAMS 0x000000070d000000, 0x000000070d000000| Untracked 
| 105|0x000000070d200000, 0x000000070d200000, 0x000000070d400000|  0%| F|  |TAMS 0x000000070d200000, 0x000000070d200000| Untracked 
| 106|0x000000070d400000, 0x000000070d400000, 0x000000070d600000|  0%| F|  |TAMS 0x000000070d400000, 0x000000070d400000| Untracked 
| 107|0x000000070d600000, 0x000000070d600000, 0x000000070d800000|  0%| F|  |TAMS 0x000000070d600000, 0x000000070d600000| Untracked 
| 108|0x000000070d800000, 0x000000070d800000, 0x000000070da00000|  0%| F|  |TAMS 0x000000070d800000, 0x000000070d800000| Untracked 
| 109|0x000000070da00000, 0x000000070da00000, 0x000000070dc00000|  0%| F|  |TAMS 0x000000070da00000, 0x000000070da00000| Untracked 
| 110|0x000000070dc00000, 0x000000070dc00000, 0x000000070de00000|  0%| F|  |TAMS 0x000000070dc00000, 0x000000070dc00000| Untracked 
| 111|0x000000070de00000, 0x000000070de00000, 0x000000070e000000|  0%| F|  |TAMS 0x000000070de00000, 0x000000070de00000| Untracked 
| 112|0x000000070e000000, 0x000000070e000000, 0x000000070e200000|  0%| F|  |TAMS 0x000000070e000000, 0x000000070e000000| Untracked 
| 113|0x000000070e200000, 0x000000070e200000, 0x000000070e400000|  0%| F|  |TAMS 0x000000070e200000, 0x000000070e200000| Untracked 
| 114|0x000000070e400000, 0x000000070e400000, 0x000000070e600000|  0%| F|  |TAMS 0x000000070e400000, 0x000000070e400000| Untracked 
| 115|0x000000070e600000, 0x000000070e600000, 0x000000070e800000|  0%| F|  |TAMS 0x000000070e600000, 0x000000070e600000| Untracked 
| 116|0x000000070e800000, 0x000000070e800000, 0x000000070ea00000|  0%| F|  |TAMS 0x000000070e800000, 0x000000070e800000| Untracked 
| 117|0x000000070ea00000, 0x000000070ec00000, 0x000000070ec00000|100%| S|CS|TAMS 0x000000070ea00000, 0x000000070ea00000| Complete 
| 118|0x000000070ec00000, 0x000000070ee00000, 0x000000070ee00000|100%| S|CS|TAMS 0x000000070ec00000, 0x000000070ec00000| Complete 
| 119|0x000000070ee00000, 0x000000070f000000, 0x000000070f000000|100%| S|CS|TAMS 0x000000070ee00000, 0x000000070ee00000| Complete 
| 120|0x000000070f000000, 0x000000070f200000, 0x000000070f200000|100%| S|CS|TAMS 0x000000070f000000, 0x000000070f000000| Complete 
| 121|0x000000070f200000, 0x000000070f400000, 0x000000070f400000|100%| S|CS|TAMS 0x000000070f200000, 0x000000070f200000| Complete 
| 122|0x000000070f400000, 0x000000070f600000, 0x000000070f600000|100%| S|CS|TAMS 0x000000070f400000, 0x000000070f400000| Complete 
| 123|0x000000070f600000, 0x000000070f800000, 0x000000070f800000|100%| S|CS|TAMS 0x000000070f600000, 0x000000070f600000| Complete 
| 124|0x000000070f800000, 0x000000070fa00000, 0x000000070fa00000|100%| S|CS|TAMS 0x000000070f800000, 0x000000070f800000| Complete 
| 125|0x000000070fa00000, 0x000000070fc00000, 0x000000070fc00000|100%| S|CS|TAMS 0x000000070fa00000, 0x000000070fa00000| Complete 
| 126|0x000000070fc00000, 0x000000070fe00000, 0x000000070fe00000|100%| S|CS|TAMS 0x000000070fc00000, 0x000000070fc00000| Complete 
| 127|0x000000070fe00000, 0x0000000710000000, 0x0000000710000000|100%| S|CS|TAMS 0x000000070fe00000, 0x000000070fe00000| Complete 
| 128|0x0000000710000000, 0x0000000710000000, 0x0000000710200000|  0%| F|  |TAMS 0x0000000710000000, 0x0000000710000000| Untracked 
| 129|0x0000000710200000, 0x0000000710200000, 0x0000000710400000|  0%| F|  |TAMS 0x0000000710200000, 0x0000000710200000| Untracked 
| 130|0x0000000710400000, 0x0000000710400000, 0x0000000710600000|  0%| F|  |TAMS 0x0000000710400000, 0x0000000710400000| Untracked 
| 131|0x0000000710600000, 0x0000000710600000, 0x0000000710800000|  0%| F|  |TAMS 0x0000000710600000, 0x0000000710600000| Untracked 
| 132|0x0000000710800000, 0x0000000710800000, 0x0000000710a00000|  0%| F|  |TAMS 0x0000000710800000, 0x0000000710800000| Untracked 
| 133|0x0000000710a00000, 0x0000000710a00000, 0x0000000710c00000|  0%| F|  |TAMS 0x0000000710a00000, 0x0000000710a00000| Untracked 
| 134|0x0000000710c00000, 0x0000000710c00000, 0x0000000710e00000|  0%| F|  |TAMS 0x0000000710c00000, 0x0000000710c00000| Untracked 
| 135|0x0000000710e00000, 0x0000000710e00000, 0x0000000711000000|  0%| F|  |TAMS 0x0000000710e00000, 0x0000000710e00000| Untracked 
| 136|0x0000000711000000, 0x0000000711000000, 0x0000000711200000|  0%| F|  |TAMS 0x0000000711000000, 0x0000000711000000| Untracked 
| 137|0x0000000711200000, 0x0000000711200000, 0x0000000711400000|  0%| F|  |TAMS 0x0000000711200000, 0x0000000711200000| Untracked 
| 138|0x0000000711400000, 0x0000000711400000, 0x0000000711600000|  0%| F|  |TAMS 0x0000000711400000, 0x0000000711400000| Untracked 
| 139|0x0000000711600000, 0x0000000711600000, 0x0000000711800000|  0%| F|  |TAMS 0x0000000711600000, 0x0000000711600000| Untracked 
| 140|0x0000000711800000, 0x0000000711800000, 0x0000000711a00000|  0%| F|  |TAMS 0x0000000711800000, 0x0000000711800000| Untracked 
| 141|0x0000000711a00000, 0x0000000711a00000, 0x0000000711c00000|  0%| F|  |TAMS 0x0000000711a00000, 0x0000000711a00000| Untracked 
| 142|0x0000000711c00000, 0x0000000711c00000, 0x0000000711e00000|  0%| F|  |TAMS 0x0000000711c00000, 0x0000000711c00000| Untracked 
| 143|0x0000000711e00000, 0x0000000711e00000, 0x0000000712000000|  0%| F|  |TAMS 0x0000000711e00000, 0x0000000711e00000| Untracked 
| 144|0x0000000712000000, 0x0000000712000000, 0x0000000712200000|  0%| F|  |TAMS 0x0000000712000000, 0x0000000712000000| Untracked 
| 145|0x0000000712200000, 0x0000000712200000, 0x0000000712400000|  0%| F|  |TAMS 0x0000000712200000, 0x0000000712200000| Untracked 
| 146|0x0000000712400000, 0x0000000712400000, 0x0000000712600000|  0%| F|  |TAMS 0x0000000712400000, 0x0000000712400000| Untracked 
| 147|0x0000000712600000, 0x0000000712600000, 0x0000000712800000|  0%| F|  |TAMS 0x0000000712600000, 0x0000000712600000| Untracked 
| 148|0x0000000712800000, 0x0000000712800000, 0x0000000712a00000|  0%| F|  |TAMS 0x0000000712800000, 0x0000000712800000| Untracked 
| 149|0x0000000712a00000, 0x0000000712a00000, 0x0000000712c00000|  0%| F|  |TAMS 0x0000000712a00000, 0x0000000712a00000| Untracked 
| 150|0x0000000712c00000, 0x0000000712c00000, 0x0000000712e00000|  0%| F|  |TAMS 0x0000000712c00000, 0x0000000712c00000| Untracked 
| 151|0x0000000712e00000, 0x0000000712e00000, 0x0000000713000000|  0%| F|  |TAMS 0x0000000712e00000, 0x0000000712e00000| Untracked 
| 152|0x0000000713000000, 0x0000000713000000, 0x0000000713200000|  0%| F|  |TAMS 0x0000000713000000, 0x0000000713000000| Untracked 
| 153|0x0000000713200000, 0x0000000713200000, 0x0000000713400000|  0%| F|  |TAMS 0x0000000713200000, 0x0000000713200000| Untracked 
| 154|0x0000000713400000, 0x0000000713400000, 0x0000000713600000|  0%| F|  |TAMS 0x0000000713400000, 0x0000000713400000| Untracked 
| 155|0x0000000713600000, 0x0000000713600000, 0x0000000713800000|  0%| F|  |TAMS 0x0000000713600000, 0x0000000713600000| Untracked 
| 156|0x0000000713800000, 0x0000000713800000, 0x0000000713a00000|  0%| F|  |TAMS 0x0000000713800000, 0x0000000713800000| Untracked 
| 157|0x0000000713a00000, 0x0000000713a00000, 0x0000000713c00000|  0%| F|  |TAMS 0x0000000713a00000, 0x0000000713a00000| Untracked 
| 158|0x0000000713c00000, 0x0000000713c00000, 0x0000000713e00000|  0%| F|  |TAMS 0x0000000713c00000, 0x0000000713c00000| Untracked 
| 159|0x0000000713e00000, 0x0000000713e00000, 0x0000000714000000|  0%| F|  |TAMS 0x0000000713e00000, 0x0000000713e00000| Untracked 
| 160|0x0000000714000000, 0x0000000714000000, 0x0000000714200000|  0%| F|  |TAMS 0x0000000714000000, 0x0000000714000000| Untracked 
| 161|0x0000000714200000, 0x0000000714200000, 0x0000000714400000|  0%| F|  |TAMS 0x0000000714200000, 0x0000000714200000| Untracked 
| 162|0x0000000714400000, 0x0000000714400000, 0x0000000714600000|  0%| F|  |TAMS 0x0000000714400000, 0x0000000714400000| Untracked 
| 163|0x0000000714600000, 0x0000000714600000, 0x0000000714800000|  0%| F|  |TAMS 0x0000000714600000, 0x0000000714600000| Untracked 
| 164|0x0000000714800000, 0x0000000714800000, 0x0000000714a00000|  0%| F|  |TAMS 0x0000000714800000, 0x0000000714800000| Untracked 
| 165|0x0000000714a00000, 0x0000000714a00000, 0x0000000714c00000|  0%| F|  |TAMS 0x0000000714a00000, 0x0000000714a00000| Untracked 
| 166|0x0000000714c00000, 0x0000000714c00000, 0x0000000714e00000|  0%| F|  |TAMS 0x0000000714c00000, 0x0000000714c00000| Untracked 
| 167|0x0000000714e00000, 0x0000000714e00000, 0x0000000715000000|  0%| F|  |TAMS 0x0000000714e00000, 0x0000000714e00000| Untracked 
| 168|0x0000000715000000, 0x0000000715000000, 0x0000000715200000|  0%| F|  |TAMS 0x0000000715000000, 0x0000000715000000| Untracked 
| 169|0x0000000715200000, 0x0000000715200000, 0x0000000715400000|  0%| F|  |TAMS 0x0000000715200000, 0x0000000715200000| Untracked 
| 170|0x0000000715400000, 0x0000000715400000, 0x0000000715600000|  0%| F|  |TAMS 0x0000000715400000, 0x0000000715400000| Untracked 
| 171|0x0000000715600000, 0x0000000715600000, 0x0000000715800000|  0%| F|  |TAMS 0x0000000715600000, 0x0000000715600000| Untracked 
| 172|0x0000000715800000, 0x0000000715800000, 0x0000000715a00000|  0%| F|  |TAMS 0x0000000715800000, 0x0000000715800000| Untracked 
| 173|0x0000000715a00000, 0x0000000715a00000, 0x0000000715c00000|  0%| F|  |TAMS 0x0000000715a00000, 0x0000000715a00000| Untracked 
| 174|0x0000000715c00000, 0x0000000715c00000, 0x0000000715e00000|  0%| F|  |TAMS 0x0000000715c00000, 0x0000000715c00000| Untracked 
| 175|0x0000000715e00000, 0x0000000715e00000, 0x0000000716000000|  0%| F|  |TAMS 0x0000000715e00000, 0x0000000715e00000| Untracked 
| 176|0x0000000716000000, 0x0000000716000000, 0x0000000716200000|  0%| F|  |TAMS 0x0000000716000000, 0x0000000716000000| Untracked 
| 177|0x0000000716200000, 0x0000000716200000, 0x0000000716400000|  0%| F|  |TAMS 0x0000000716200000, 0x0000000716200000| Untracked 
| 178|0x0000000716400000, 0x0000000716400000, 0x0000000716600000|  0%| F|  |TAMS 0x0000000716400000, 0x0000000716400000| Untracked 
| 179|0x0000000716600000, 0x0000000716600000, 0x0000000716800000|  0%| F|  |TAMS 0x0000000716600000, 0x0000000716600000| Untracked 
| 180|0x0000000716800000, 0x0000000716800000, 0x0000000716a00000|  0%| F|  |TAMS 0x0000000716800000, 0x0000000716800000| Untracked 
| 181|0x0000000716a00000, 0x0000000716a00000, 0x0000000716c00000|  0%| F|  |TAMS 0x0000000716a00000, 0x0000000716a00000| Untracked 
| 182|0x0000000716c00000, 0x0000000716c00000, 0x0000000716e00000|  0%| F|  |TAMS 0x0000000716c00000, 0x0000000716c00000| Untracked 
| 183|0x0000000716e00000, 0x0000000716e00000, 0x0000000717000000|  0%| F|  |TAMS 0x0000000716e00000, 0x0000000716e00000| Untracked 
| 184|0x0000000717000000, 0x0000000717000000, 0x0000000717200000|  0%| F|  |TAMS 0x0000000717000000, 0x0000000717000000| Untracked 
| 185|0x0000000717200000, 0x0000000717200000, 0x0000000717400000|  0%| F|  |TAMS 0x0000000717200000, 0x0000000717200000| Untracked 
| 186|0x0000000717400000, 0x0000000717400000, 0x0000000717600000|  0%| F|  |TAMS 0x0000000717400000, 0x0000000717400000| Untracked 
| 187|0x0000000717600000, 0x0000000717600000, 0x0000000717800000|  0%| F|  |TAMS 0x0000000717600000, 0x0000000717600000| Untracked 
| 188|0x0000000717800000, 0x0000000717800000, 0x0000000717a00000|  0%| F|  |TAMS 0x0000000717800000, 0x0000000717800000| Untracked 
| 189|0x0000000717a00000, 0x0000000717a00000, 0x0000000717c00000|  0%| F|  |TAMS 0x0000000717a00000, 0x0000000717a00000| Untracked 
| 190|0x0000000717c00000, 0x0000000717c00000, 0x0000000717e00000|  0%| F|  |TAMS 0x0000000717c00000, 0x0000000717c00000| Untracked 
| 191|0x0000000717e00000, 0x0000000717e00000, 0x0000000718000000|  0%| F|  |TAMS 0x0000000717e00000, 0x0000000717e00000| Untracked 
| 192|0x0000000718000000, 0x0000000718000000, 0x0000000718200000|  0%| F|  |TAMS 0x0000000718000000, 0x0000000718000000| Untracked 
| 193|0x0000000718200000, 0x0000000718200000, 0x0000000718400000|  0%| F|  |TAMS 0x0000000718200000, 0x0000000718200000| Untracked 
| 194|0x0000000718400000, 0x0000000718400000, 0x0000000718600000|  0%| F|  |TAMS 0x0000000718400000, 0x0000000718400000| Untracked 
| 195|0x0000000718600000, 0x0000000718600000, 0x0000000718800000|  0%| F|  |TAMS 0x0000000718600000, 0x0000000718600000| Untracked 
| 196|0x0000000718800000, 0x0000000718800000, 0x0000000718a00000|  0%| F|  |TAMS 0x0000000718800000, 0x0000000718800000| Untracked 
| 197|0x0000000718a00000, 0x0000000718a00000, 0x0000000718c00000|  0%| F|  |TAMS 0x0000000718a00000, 0x0000000718a00000| Untracked 
| 198|0x0000000718c00000, 0x0000000718c00000, 0x0000000718e00000|  0%| F|  |TAMS 0x0000000718c00000, 0x0000000718c00000| Untracked 
| 199|0x0000000718e00000, 0x0000000718e00000, 0x0000000719000000|  0%| F|  |TAMS 0x0000000718e00000, 0x0000000718e00000| Untracked 
| 200|0x0000000719000000, 0x0000000719000000, 0x0000000719200000|  0%| F|  |TAMS 0x0000000719000000, 0x0000000719000000| Untracked 
| 201|0x0000000719200000, 0x0000000719200000, 0x0000000719400000|  0%| F|  |TAMS 0x0000000719200000, 0x0000000719200000| Untracked 
| 202|0x0000000719400000, 0x0000000719400000, 0x0000000719600000|  0%| F|  |TAMS 0x0000000719400000, 0x0000000719400000| Untracked 
| 203|0x0000000719600000, 0x0000000719600000, 0x0000000719800000|  0%| F|  |TAMS 0x0000000719600000, 0x0000000719600000| Untracked 
| 204|0x0000000719800000, 0x0000000719800000, 0x0000000719a00000|  0%| F|  |TAMS 0x0000000719800000, 0x0000000719800000| Untracked 
| 205|0x0000000719a00000, 0x0000000719a00000, 0x0000000719c00000|  0%| F|  |TAMS 0x0000000719a00000, 0x0000000719a00000| Untracked 
| 206|0x0000000719c00000, 0x0000000719c65998, 0x0000000719e00000| 19%| E|  |TAMS 0x0000000719c00000, 0x0000000719c00000| Complete 
| 207|0x0000000719e00000, 0x000000071a000000, 0x000000071a000000|100%| E|CS|TAMS 0x0000000719e00000, 0x0000000719e00000| Complete 
| 208|0x000000071a000000, 0x000000071a200000, 0x000000071a200000|100%| E|CS|TAMS 0x000000071a000000, 0x000000071a000000| Complete 
| 209|0x000000071a200000, 0x000000071a400000, 0x000000071a400000|100%| E|CS|TAMS 0x000000071a200000, 0x000000071a200000| Complete 

Card table byte_map: [0x000002097b190000,0x000002097b990000] _byte_map_base: 0x0000020977990000

Marking Bits (Prev, Next): (CMBitMap*) 0x0000020967fce5b0, (CMBitMap*) 0x0000020967fce5f0
 Prev Bits: [0x0000020900000000, 0x0000020904000000)
 Next Bits: [0x0000020904000000, 0x0000020908000000)

Polling page: 0x0000020965f20000

Metaspace:

Usage:
  Non-class:     95.08 MB used.
      Class:     15.03 MB used.
       Both:    110.11 MB used.

Virtual space:
  Non-class space:      128.00 MB reserved,      95.81 MB ( 75%) committed,  2 nodes.
      Class space:        1.00 GB reserved,      15.56 MB (  2%) committed,  1 nodes.
             Both:        1.12 GB reserved,     111.38 MB ( 10%) committed. 

Chunk freelists:
   Non-Class:  236.00 KB
       Class:  272.00 KB
        Both:  508.00 KB

MaxMetaspaceSize: 2.00 GB
CompressedClassSpaceSize: 1.00 GB
Initial GC threshold: 21.00 MB
Current GC threshold: 185.62 MB
CDS: off
MetaspaceReclaimPolicy: balanced
 - commit_granule_bytes: 65536.
 - commit_granule_words: 8192.
 - virtual_space_node_default_size: 8388608.
 - enlarge_chunks_in_place: 1.
 - new_chunks_are_fully_committed: 0.
 - uncommit_free_chunks: 1.
 - use_allocation_guard: 0.
 - handle_deallocations: 1.


Internal statistics:

num_allocs_failed_limit: 9.
num_arena_births: 1946.
num_arena_deaths: 10.
num_vsnodes_births: 3.
num_vsnodes_deaths: 0.
num_space_committed: 1782.
num_space_uncommitted: 0.
num_chunks_returned_to_freelist: 20.
num_chunks_taken_from_freelist: 6601.
num_chunk_merges: 8.
num_chunk_splits: 4059.
num_chunks_enlarged: 2363.
num_inconsistent_stats: 0.

CodeHeap 'non-profiled nmethods': size=120000Kb used=11761Kb max_used=11761Kb free=108238Kb
 bounds [0x0000020972f10000, 0x0000020973a90000, 0x000002097a440000]
CodeHeap 'profiled nmethods': size=120000Kb used=32371Kb max_used=32371Kb free=87629Kb
 bounds [0x000002096b440000, 0x000002096d3e0000, 0x0000020972970000]
CodeHeap 'non-nmethods': size=5760Kb used=2430Kb max_used=2504Kb free=3329Kb
 bounds [0x0000020972970000, 0x0000020972bf0000, 0x0000020972f10000]
 total_blobs=17088 nmethods=16118 adapters=881
 compilation: enabled
              stopped_count=0, restarted_count=0
 full_count=0

Compilation events (20 events):
Event: 37.732 Thread 0x0000020918c16940 nmethod 19182 0x0000020973a84590 code [0x0000020973a84780, 0x0000020973a85058]
Event: 37.732 Thread 0x0000020918c16940 19187       4       org.gradle.internal.snapshot.ChildMap$Entry::<init> (15 bytes)
Event: 37.734 Thread 0x0000020918c16940 nmethod 19187 0x0000020973a85790 code [0x0000020973a85900, 0x0000020973a85b38]
Event: 37.734 Thread 0x0000020918c16940 19125       4       org.gradle.internal.typeconversion.NotationParserBuilder::wrapInErrorHandling (43 bytes)
Event: 37.736 Thread 0x0000020918c16940 nmethod 19125 0x0000020973a85c10 code [0x0000020973a85da0, 0x0000020973a85ff8]
Event: 37.736 Thread 0x0000020918c16940 19122       4       org.gradle.internal.typeconversion.NotationParserBuilder::toType (18 bytes)
Event: 37.740 Thread 0x0000020918c16940 nmethod 19122 0x0000020973a86110 code [0x0000020973a862a0, 0x0000020973a86678]
Event: 37.740 Thread 0x0000020918c16940 19087       4       jdk.internal.reflect.ClassFileAssembler::decStack (11 bytes)
Event: 37.740 Thread 0x0000020918c16940 nmethod 19087 0x0000020973a86810 code [0x0000020973a86980, 0x0000020973a869f8]
Event: 37.740 Thread 0x0000020918c16940 19089       4       org.gradle.api.internal.file.collections.DefaultConfigurableFileCollection$EmptyCollector::visitContents (1 bytes)
Event: 37.740 Thread 0x0000020918c16940 nmethod 19089 0x0000020973a86b10 code [0x0000020973a86c80, 0x0000020973a86cf8]
Event: 37.740 Thread 0x0000020918c16940 19154       4       org.gradle.api.internal.tasks.properties.annotations.OutputDirectoryPropertyAnnotationHandler::getFilePropertyType (4 bytes)
Event: 37.740 Thread 0x0000020918c16940 nmethod 19154 0x0000020973a86e10 code [0x0000020973a86f80, 0x0000020973a86ff8]
Event: 37.740 Thread 0x0000020918c16940 18918       4       org.gradle.api.internal.file.AbstractFileResolver::resolve (19 bytes)
Event: 37.767 Thread 0x0000020918c16940 nmethod 18918 0x0000020973a87110 code [0x0000020973a87300, 0x0000020973a87a30]
Event: 37.790 Thread 0x0000020918c16940 19188       4       org.gradle.internal.snapshot.SnapshotUtil$1::handleUnrelatedToAnyChild (5 bytes)
Event: 37.790 Thread 0x0000020918c16940 nmethod 19188 0x0000020973a88190 code [0x0000020973a88320, 0x0000020973a883d8]
Event: 37.795 Thread 0x0000020918c16940 19189       4       java.util.ArrayList$ArrayListSpliterator::tryAdvance (79 bytes)
Event: 37.797 Thread 0x0000020918c16940 nmethod 19189 0x0000020973a88510 code [0x0000020973a886a0, 0x0000020973a88838]
Event: 37.797 Thread 0x0000020918c16940 19190   !   4       org.gradle.internal.watch.vfs.impl.WatchingVirtualFileSystem::withWatcherChangeErrorHandling (25 bytes)

GC Heap History (20 events):
Event: 26.882 GC heap before
{Heap before GC invocations=57 (full 0):
 garbage-first heap   total 292864K, used 229345K [0x0000000700000000, 0x0000000800000000)
  region size 2048K, 36 young (73728K), 2 survivors (4096K)
 Metaspace       used 106552K, committed 107584K, reserved 1179648K
  class space    used 14640K, committed 15104K, reserved 1048576K
}
Event: 26.889 GC heap after
{Heap after GC invocations=58 (full 0):
 garbage-first heap   total 292864K, used 165268K [0x0000000700000000, 0x0000000800000000)
  region size 2048K, 4 young (8192K), 4 survivors (8192K)
 Metaspace       used 106552K, committed 107584K, reserved 1179648K
  class space    used 14640K, committed 15104K, reserved 1048576K
}
Event: 26.978 GC heap before
{Heap before GC invocations=58 (full 0):
 garbage-first heap   total 292864K, used 171412K [0x0000000700000000, 0x0000000800000000)
  region size 2048K, 7 young (14336K), 4 survivors (8192K)
 Metaspace       used 106599K, committed 107648K, reserved 1179648K
  class space    used 14641K, committed 15104K, reserved 1048576K
}
Event: 26.984 GC heap after
{Heap after GC invocations=59 (full 0):
 garbage-first heap   total 292864K, used 165195K [0x0000000700000000, 0x0000000800000000)
  region size 2048K, 1 young (2048K), 1 survivors (2048K)
 Metaspace       used 106599K, committed 107648K, reserved 1179648K
  class space    used 14641K, committed 15104K, reserved 1048576K
}
Event: 27.886 GC heap before
{Heap before GC invocations=59 (full 0):
 garbage-first heap   total 292864K, used 232779K [0x0000000700000000, 0x0000000800000000)
  region size 2048K, 34 young (69632K), 1 survivors (2048K)
 Metaspace       used 107340K, committed 108352K, reserved 1179648K
  class space    used 14722K, committed 15168K, reserved 1048576K
}
Event: 27.891 GC heap after
{Heap after GC invocations=60 (full 0):
 garbage-first heap   total 292864K, used 171461K [0x0000000700000000, 0x0000000800000000)
  region size 2048K, 4 young (8192K), 4 survivors (8192K)
 Metaspace       used 107340K, committed 108352K, reserved 1179648K
  class space    used 14722K, committed 15168K, reserved 1048576K
}
Event: 28.405 GC heap before
{Heap before GC invocations=60 (full 0):
 garbage-first heap   total 292864K, used 204229K [0x0000000700000000, 0x0000000800000000)
  region size 2048K, 22 young (45056K), 4 survivors (8192K)
 Metaspace       used 108252K, committed 109312K, reserved 1179648K
  class space    used 14813K, committed 15232K, reserved 1048576K
}
Event: 28.414 GC heap after
{Heap after GC invocations=61 (full 0):
 garbage-first heap   total 292864K, used 175983K [0x0000000700000000, 0x0000000800000000)
  region size 2048K, 3 young (6144K), 3 survivors (6144K)
 Metaspace       used 108252K, committed 109312K, reserved 1179648K
  class space    used 14813K, committed 15232K, reserved 1048576K
}
Event: 28.501 GC heap before
{Heap before GC invocations=61 (full 0):
 garbage-first heap   total 292864K, used 221039K [0x0000000700000000, 0x0000000800000000)
  region size 2048K, 7 young (14336K), 3 survivors (6144K)
 Metaspace       used 108276K, committed 109376K, reserved 1179648K
  class space    used 14816K, committed 15296K, reserved 1048576K
}
Event: 28.506 GC heap after
{Heap after GC invocations=62 (full 0):
 garbage-first heap   total 430080K, used 217393K [0x0000000700000000, 0x0000000800000000)
  region size 2048K, 3 young (6144K), 3 survivors (6144K)
 Metaspace       used 108276K, committed 109376K, reserved 1179648K
  class space    used 14816K, committed 15296K, reserved 1048576K
}
Event: 30.651 GC heap before
{Heap before GC invocations=62 (full 0):
 garbage-first heap   total 430080K, used 370993K [0x0000000700000000, 0x0000000800000000)
  region size 2048K, 60 young (122880K), 3 survivors (6144K)
 Metaspace       used 110947K, committed 112000K, reserved 1179648K
  class space    used 15155K, committed 15616K, reserved 1048576K
}
Event: 30.661 GC heap after
{Heap after GC invocations=63 (full 0):
 garbage-first heap   total 430080K, used 186212K [0x0000000700000000, 0x0000000800000000)
  region size 2048K, 8 young (16384K), 8 survivors (16384K)
 Metaspace       used 110947K, committed 112000K, reserved 1179648K
  class space    used 15155K, committed 15616K, reserved 1048576K
}
Event: 30.662 GC heap before
{Heap before GC invocations=63 (full 0):
 garbage-first heap   total 430080K, used 192356K [0x0000000700000000, 0x0000000800000000)
  region size 2048K, 9 young (18432K), 8 survivors (16384K)
 Metaspace       used 110947K, committed 112000K, reserved 1179648K
  class space    used 15155K, committed 15616K, reserved 1048576K
}
Event: 30.669 GC heap after
{Heap after GC invocations=64 (full 0):
 garbage-first heap   total 430080K, used 193218K [0x0000000700000000, 0x0000000800000000)
  region size 2048K, 6 young (12288K), 6 survivors (12288K)
 Metaspace       used 110947K, committed 112000K, reserved 1179648K
  class space    used 15155K, committed 15616K, reserved 1048576K
}
Event: 36.383 GC heap before
{Heap before GC invocations=65 (full 0):
 garbage-first heap   total 430080K, used 404162K [0x0000000700000000, 0x0000000800000000)
  region size 2048K, 46 young (94208K), 6 survivors (12288K)
 Metaspace       used 111744K, committed 112896K, reserved 1179648K
  class space    used 15270K, committed 15744K, reserved 1048576K
}
Event: 36.393 GC heap after
{Heap after GC invocations=66 (full 0):
 garbage-first heap   total 430080K, used 189855K [0x0000000700000000, 0x0000000800000000)
  region size 2048K, 7 young (14336K), 7 survivors (14336K)
 Metaspace       used 111744K, committed 112896K, reserved 1179648K
  class space    used 15270K, committed 15744K, reserved 1048576K
}
Event: 36.404 GC heap before
{Heap before GC invocations=66 (full 0):
 garbage-first heap   total 430080K, used 195999K [0x0000000700000000, 0x0000000800000000)
  region size 2048K, 10 young (20480K), 7 survivors (14336K)
 Metaspace       used 111744K, committed 112896K, reserved 1179648K
  class space    used 15270K, committed 15744K, reserved 1048576K
}
Event: 36.411 GC heap after
{Heap after GC invocations=67 (full 0):
 garbage-first heap   total 430080K, used 188563K [0x0000000700000000, 0x0000000800000000)
  region size 2048K, 1 young (2048K), 1 survivors (2048K)
 Metaspace       used 111744K, committed 112896K, reserved 1179648K
  class space    used 15270K, committed 15744K, reserved 1048576K
}
Event: 37.747 GC heap before
{Heap before GC invocations=67 (full 0):
 garbage-first heap   total 430080K, used 352403K [0x0000000700000000, 0x0000000800000000)
  region size 2048K, 82 young (167936K), 1 survivors (2048K)
 Metaspace       used 112748K, committed 114048K, reserved 1179648K
  class space    used 15385K, committed 15936K, reserved 1048576K
}
Event: 37.767 GC heap after
{Heap after GC invocations=68 (full 0):
 garbage-first heap   total 430080K, used 219966K [0x0000000700000000, 0x0000000800000000)
  region size 2048K, 11 young (22528K), 11 survivors (22528K)
 Metaspace       used 112748K, committed 114048K, reserved 1179648K
  class space    used 15385K, committed 15936K, reserved 1048576K
}

Dll operation events (2 events):
Event: 0.007 Loaded shared library C:\Program Files\Android\Android Studio\jbr\bin\java.dll
Event: 0.325 Loaded shared library C:\Program Files\Android\Android Studio\jbr\bin\verify.dll

Deoptimization events (20 events):
Event: 37.695 Thread 0x000002090d13a430 DEOPT PACKING pc=0x000002096c11f062 sp=0x0000007bb85fd480
Event: 37.695 Thread 0x000002090d13a430 DEOPT UNPACKING pc=0x00000209729c7143 sp=0x0000007bb85fc920 mode 0
Event: 37.695 Thread 0x000002090d13a430 DEOPT PACKING pc=0x000002096c11f062 sp=0x0000007bb85fd480
Event: 37.695 Thread 0x000002090d13a430 DEOPT UNPACKING pc=0x00000209729c7143 sp=0x0000007bb85fc920 mode 0
Event: 37.695 Thread 0x000002090d13a430 DEOPT PACKING pc=0x000002096c11f062 sp=0x0000007bb85fd480
Event: 37.695 Thread 0x000002090d13a430 DEOPT UNPACKING pc=0x00000209729c7143 sp=0x0000007bb85fc920 mode 0
Event: 37.695 Thread 0x000002090d13a430 DEOPT PACKING pc=0x000002096c11f062 sp=0x0000007bb85fd480
Event: 37.695 Thread 0x000002090d13a430 DEOPT UNPACKING pc=0x00000209729c7143 sp=0x0000007bb85fc920 mode 0
Event: 37.695 Thread 0x000002090d13a430 DEOPT PACKING pc=0x000002096c11f062 sp=0x0000007bb85fd480
Event: 37.695 Thread 0x000002090d13a430 DEOPT UNPACKING pc=0x00000209729c7143 sp=0x0000007bb85fc920 mode 0
Event: 37.695 Thread 0x000002090d13a430 DEOPT PACKING pc=0x000002096c11f062 sp=0x0000007bb85fd480
Event: 37.695 Thread 0x000002090d13a430 DEOPT UNPACKING pc=0x00000209729c7143 sp=0x0000007bb85fc920 mode 0
Event: 37.695 Thread 0x000002090d13a430 DEOPT PACKING pc=0x000002096c11f062 sp=0x0000007bb85fd480
Event: 37.695 Thread 0x000002090d13a430 DEOPT UNPACKING pc=0x00000209729c7143 sp=0x0000007bb85fc920 mode 0
Event: 37.695 Thread 0x000002090d13a430 DEOPT PACKING pc=0x000002096c11f062 sp=0x0000007bb85fd480
Event: 37.695 Thread 0x000002090d13a430 DEOPT UNPACKING pc=0x00000209729c7143 sp=0x0000007bb85fc920 mode 0
Event: 37.696 Thread 0x000002090d13a430 DEOPT PACKING pc=0x000002096c11f062 sp=0x0000007bb85fd480
Event: 37.696 Thread 0x000002090d13a430 DEOPT UNPACKING pc=0x00000209729c7143 sp=0x0000007bb85fc920 mode 0
Event: 37.696 Thread 0x000002090d13a430 DEOPT PACKING pc=0x000002096c11f062 sp=0x0000007bb85fd480
Event: 37.696 Thread 0x000002090d13a430 DEOPT UNPACKING pc=0x00000209729c7143 sp=0x0000007bb85fc920 mode 0

Classes unloaded (5 events):
Event: 30.772 Thread 0x000002097ee38270 Unloading class 0x0000000800e85000 'java/lang/invoke/LambdaForm$DMH+0x0000000800e85000'
Event: 30.772 Thread 0x000002097ee38270 Unloading class 0x0000000800e84c00 'java/lang/invoke/LambdaForm$DMH+0x0000000800e84c00'
Event: 30.772 Thread 0x000002097ee38270 Unloading class 0x0000000800e84800 'java/lang/invoke/LambdaForm$DMH+0x0000000800e84800'
Event: 30.772 Thread 0x000002097ee38270 Unloading class 0x0000000800e84000 'java/lang/invoke/LambdaForm$DMH+0x0000000800e84000'
Event: 30.772 Thread 0x000002097ee38270 Unloading class 0x0000000800e85400 'java/lang/invoke/LambdaForm$DMH+0x0000000800e85400'

Classes redefined (0 events):
No events

Internal exceptions (20 events):
Event: 32.110 Thread 0x000002090ff5d220 Exception <a 'java/lang/ClassNotFoundException'{0x0000000718f3d3b0}: groovy/lang/DelegatingMetaClassCustomizer> (0x0000000718f3d3b0) 
thrown [s\src\hotspot\share\classfile\systemDictionary.cpp, line 256]
Event: 32.114 Thread 0x000002090ff5d220 Exception <a 'java/lang/ClassNotFoundException'{0x0000000718df27f8}: org/codehaus/groovy/runtime/HandleMetaClassCustomizer> (0x0000000718df27f8) 
thrown [s\src\hotspot\share\classfile\systemDictionary.cpp, line 256]
Event: 32.117 Thread 0x000002090ff5d220 Exception <a 'java/lang/ClassNotFoundException'{0x0000000718af5ae0}: java/util/Collections$SingletonListBeanInfo> (0x0000000718af5ae0) 
thrown [s\src\hotspot\share\classfile\systemDictionary.cpp, line 256]
Event: 32.117 Thread 0x000002090ff5d220 Exception <a 'java/lang/ClassNotFoundException'{0x0000000718afaad8}: java/util/Collections$SingletonListCustomizer> (0x0000000718afaad8) 
thrown [s\src\hotspot\share\classfile\systemDictionary.cpp, line 256]
Event: 32.120 Thread 0x000002090ff5d220 Exception <a 'java/lang/ClassNotFoundException'{0x0000000718b37848}: com/android/build/OutputFileBeanInfo> (0x0000000718b37848) 
thrown [s\src\hotspot\share\classfile\systemDictionary.cpp, line 256]
Event: 32.120 Thread 0x000002090ff5d220 Exception <a 'java/lang/ClassNotFoundException'{0x0000000718b3ed28}: com/android/build/OutputFileCustomizer> (0x0000000718b3ed28) 
thrown [s\src\hotspot\share\classfile\systemDictionary.cpp, line 256]
Event: 32.361 Thread 0x000002090ddb44f0 Implicit null exception at 0x00000209738e5a4d to 0x00000209738e7230
Event: 32.394 Thread 0x000002090ddb44f0 Implicit null exception at 0x0000020973217d3b to 0x0000020973218000
Event: 35.934 Thread 0x000002090ddb44f0 Implicit null exception at 0x00000209734c160f to 0x00000209734c1660
Event: 36.043 Thread 0x000002090ddb44f0 Implicit null exception at 0x00000209739813da to 0x0000020973984eec
Event: 36.090 Thread 0x000002090ddb44f0 Implicit null exception at 0x00000209739813da to 0x0000020973984eec
Event: 36.316 Thread 0x000002090ddb44f0 Exception <a 'sun/nio/fs/WindowsException'{0x00000007153b4590}> (0x00000007153b4590) 
thrown [s\src\hotspot\share\prims\jni.cpp, line 531]
Event: 36.338 Thread 0x000002090ddb44f0 Implicit null exception at 0x00000209736882df to 0x0000020973688394
Event: 37.276 Thread 0x000002090ddb44f0 Exception <a 'sun/nio/fs/WindowsException'{0x00000007132b96c0}> (0x00000007132b96c0) 
thrown [s\src\hotspot\share\prims\jni.cpp, line 531]
Event: 37.282 Thread 0x000002090ddb44f0 Exception <a 'sun/nio/fs/WindowsException'{0x0000000713351060}> (0x0000000713351060) 
thrown [s\src\hotspot\share\prims\jni.cpp, line 531]
Event: 37.283 Thread 0x000002090ddb44f0 Exception <a 'sun/nio/fs/WindowsException'{0x00000007133523d8}> (0x00000007133523d8) 
thrown [s\src\hotspot\share\prims\jni.cpp, line 531]
Event: 37.283 Thread 0x000002090ddb44f0 Exception <a 'sun/nio/fs/WindowsException'{0x00000007133537a0}> (0x00000007133537a0) 
thrown [s\src\hotspot\share\prims\jni.cpp, line 531]
Event: 37.283 Thread 0x000002090ddb44f0 Exception <a 'sun/nio/fs/WindowsException'{0x0000000713354b68}> (0x0000000713354b68) 
thrown [s\src\hotspot\share\prims\jni.cpp, line 531]
Event: 37.324 Thread 0x000002090ddb44f0 Implicit null exception at 0x00000209739813da to 0x0000020973984eec
Event: 37.482 Thread 0x000002090ddb44f0 Implicit null exception at 0x00000209739813da to 0x0000020973984eec

VM Operations (20 events):
Event: 33.318 Executing VM operation: Cleanup
Event: 33.318 Executing VM operation: Cleanup done
Event: 34.333 Executing VM operation: Cleanup
Event: 34.333 Executing VM operation: Cleanup done
Event: 35.339 Executing VM operation: Cleanup
Event: 35.339 Executing VM operation: Cleanup done
Event: 36.023 Executing VM operation: ICBufferFull
Event: 36.023 Executing VM operation: ICBufferFull done
Event: 36.251 Executing VM operation: ICBufferFull
Event: 36.252 Executing VM operation: ICBufferFull done
Event: 36.383 Executing VM operation: G1CollectForAllocation
Event: 36.393 Executing VM operation: G1CollectForAllocation done
Event: 36.404 Executing VM operation: G1CollectForAllocation
Event: 36.411 Executing VM operation: G1CollectForAllocation done
Event: 36.728 Executing VM operation: ICBufferFull
Event: 36.728 Executing VM operation: ICBufferFull done
Event: 37.395 Executing VM operation: ICBufferFull
Event: 37.395 Executing VM operation: ICBufferFull done
Event: 37.747 Executing VM operation: G1CollectForAllocation
Event: 37.769 Executing VM operation: G1CollectForAllocation done

Events (20 events):
Event: 36.182 Thread 0x00000209195a1d50 Thread added: 0x00000209195a1d50
Event: 36.182 Thread 0x000002091885afc0 Thread added: 0x000002091885afc0
Event: 36.182 Thread 0x0000020912a5dd00 Thread added: 0x0000020912a5dd00
Event: 36.182 Thread 0x0000020912a5d7f0 Thread added: 0x0000020912a5d7f0
Event: 36.183 Thread 0x0000020912a5f650 Thread added: 0x0000020912a5f650
Event: 36.183 Thread 0x0000020912a614b0 Thread added: 0x0000020912a614b0
Event: 36.184 Thread 0x0000020912a5e210 Thread added: 0x0000020912a5e210
Event: 36.184 Thread 0x0000020912a5e720 Thread added: 0x0000020912a5e720
Event: 36.184 Thread 0x0000020912a5bea0 Thread added: 0x0000020912a5bea0
Event: 36.184 Thread 0x0000020912a5ec30 Thread added: 0x0000020912a5ec30
Event: 36.184 Thread 0x0000020912a5c3b0 Thread added: 0x0000020912a5c3b0
Event: 36.184 Thread 0x0000020912a5f140 Thread added: 0x0000020912a5f140
Event: 36.184 Thread 0x0000020912a60580 Thread added: 0x0000020912a60580
Event: 36.184 Thread 0x0000020912a5cdd0 Thread added: 0x0000020912a5cdd0
Event: 36.185 Thread 0x0000020912a5d2e0 Thread added: 0x0000020912a5d2e0
Event: 36.185 Thread 0x0000020912a60a90 Thread added: 0x0000020912a60a90
Event: 36.185 Thread 0x0000020912a5b480 Thread added: 0x0000020912a5b480
Event: 36.186 Thread 0x0000020912a61ed0 Thread added: 0x0000020912a61ed0
Event: 36.293 Thread 0x0000020912a60fa0 Thread added: 0x0000020912a60fa0
Event: 37.668 Thread 0x0000020912a5c8c0 Thread added: 0x0000020912a5c8c0


Dynamic libraries:
0x00007ff7346c0000 - 0x00007ff7346ca000 	C:\Program Files\Android\Android Studio\jbr\bin\java.exe
0x00007ffab6d90000 - 0x00007ffab6f88000 	C:\WINDOWS\SYSTEM32\ntdll.dll
0x00007ffab5ca0000 - 0x00007ffab5d61000 	C:\WINDOWS\System32\KERNEL32.DLL
0x00007ffab47b0000 - 0x00007ffab4aad000 	C:\WINDOWS\System32\KERNELBASE.dll
0x00007ffab4ab0000 - 0x00007ffab4bb0000 	C:\WINDOWS\System32\ucrtbase.dll
0x00007ffaaf320000 - 0x00007ffaaf33b000 	C:\Program Files\Android\Android Studio\jbr\bin\VCRUNTIME140.dll
0x00007ffa943e0000 - 0x00007ffa943f7000 	C:\Program Files\Android\Android Studio\jbr\bin\jli.dll
0x00007ffab4dc0000 - 0x00007ffab4f5d000 	C:\WINDOWS\System32\USER32.dll
0x00007ffa93f40000 - 0x00007ffa941da000 	C:\WINDOWS\WinSxS\amd64_microsoft.windows.common-controls_6595b64144ccf1df_6.0.19041.4355_none_60b8b9eb71f62e16\COMCTL32.dll
0x00007ffab46c0000 - 0x00007ffab46e2000 	C:\WINDOWS\System32\win32u.dll
0x00007ffab5be0000 - 0x00007ffab5c0b000 	C:\WINDOWS\System32\GDI32.dll
0x00007ffab6cb0000 - 0x00007ffab6d4e000 	C:\WINDOWS\System32\msvcrt.dll
0x00007ffab4470000 - 0x00007ffab4587000 	C:\WINDOWS\System32\gdi32full.dll
0x00007ffab4590000 - 0x00007ffab462d000 	C:\WINDOWS\System32\msvcp_win.dll
0x00007ffab5c10000 - 0x00007ffab5c3f000 	C:\WINDOWS\System32\IMM32.DLL
0x00007ffab1450000 - 0x00007ffab145c000 	C:\Program Files\Android\Android Studio\jbr\bin\vcruntime140_1.dll
0x00007ffaa53f0000 - 0x00007ffaa547d000 	C:\Program Files\Android\Android Studio\jbr\bin\msvcp140.dll
0x00007ffa7da20000 - 0x00007ffa7e6a3000 	C:\Program Files\Android\Android Studio\jbr\bin\server\jvm.dll
0x00007ffab6080000 - 0x00007ffab6130000 	C:\WINDOWS\System32\ADVAPI32.dll
0x00007ffab55f0000 - 0x00007ffab5690000 	C:\WINDOWS\System32\sechost.dll
0x00007ffab5dd0000 - 0x00007ffab5ef3000 	C:\WINDOWS\System32\RPCRT4.dll
0x00007ffab4440000 - 0x00007ffab4467000 	C:\WINDOWS\System32\bcrypt.dll
0x00007ffab3e20000 - 0x00007ffab3e6b000 	C:\WINDOWS\SYSTEM32\POWRPROF.dll
0x00007ffab1760000 - 0x00007ffab1769000 	C:\WINDOWS\SYSTEM32\WSOCK32.dll
0x00007ffaaaea0000 - 0x00007ffaaaec7000 	C:\WINDOWS\SYSTEM32\WINMM.dll
0x00007ffaad950000 - 0x00007ffaad95a000 	C:\WINDOWS\SYSTEM32\VERSION.dll
0x00007ffab57b0000 - 0x00007ffab581b000 	C:\WINDOWS\System32\WS2_32.dll
0x00007ffab3e00000 - 0x00007ffab3e12000 	C:\WINDOWS\SYSTEM32\UMPDC.dll
0x00007ffab22e0000 - 0x00007ffab22f2000 	C:\WINDOWS\SYSTEM32\kernel.appcore.dll
0x00007ffaad030000 - 0x00007ffaad03a000 	C:\Program Files\Android\Android Studio\jbr\bin\jimage.dll
0x00007ffaadd40000 - 0x00007ffaadf24000 	C:\WINDOWS\SYSTEM32\DBGHELP.DLL
0x00007ffaa4460000 - 0x00007ffaa4494000 	C:\WINDOWS\SYSTEM32\dbgcore.DLL
0x00007ffab4630000 - 0x00007ffab46b2000 	C:\WINDOWS\System32\bcryptPrimitives.dll
0x00007ffaa9510000 - 0x00007ffaa9535000 	C:\Program Files\Android\Android Studio\jbr\bin\java.dll
0x00007ffa98970000 - 0x00007ffa98988000 	C:\Program Files\Android\Android Studio\jbr\bin\zip.dll
0x00007ffab61e0000 - 0x00007ffab694f000 	C:\WINDOWS\System32\SHELL32.dll
0x00007ffab24e0000 - 0x00007ffab2c83000 	C:\WINDOWS\SYSTEM32\windows.storage.dll
0x00007ffab6950000 - 0x00007ffab6ca3000 	C:\WINDOWS\System32\combase.dll
0x00007ffab3e70000 - 0x00007ffab3e9e000 	C:\WINDOWS\SYSTEM32\Wldp.dll
0x00007ffab53d0000 - 0x00007ffab549d000 	C:\WINDOWS\System32\OLEAUT32.dll
0x00007ffab5a50000 - 0x00007ffab5afd000 	C:\WINDOWS\System32\SHCORE.dll
0x00007ffab5840000 - 0x00007ffab5895000 	C:\WINDOWS\System32\shlwapi.dll
0x00007ffab4370000 - 0x00007ffab4394000 	C:\WINDOWS\SYSTEM32\profapi.dll
0x00007ffa95be0000 - 0x00007ffa95bf9000 	C:\Program Files\Android\Android Studio\jbr\bin\net.dll
0x00007ffaae7f0000 - 0x00007ffaae8fd000 	C:\WINDOWS\SYSTEM32\WINHTTP.dll
0x00007ffab3b00000 - 0x00007ffab3b6a000 	C:\WINDOWS\system32\mswsock.dll
0x00007ffa94ba0000 - 0x00007ffa94bb6000 	C:\Program Files\Android\Android Studio\jbr\bin\nio.dll
0x00007ffa948c0000 - 0x00007ffa948d0000 	C:\Program Files\Android\Android Studio\jbr\bin\verify.dll
0x00007ffaa53c0000 - 0x00007ffaa53e7000 	C:\Users\DAVID\.gradle\native\c067742578af261105cb4f569cf0c3c89f3d7b1fecec35dd04571415982c5e48\windows-amd64\native-platform.dll
0x00007ffa8e3c0000 - 0x00007ffa8e504000 	C:\Users\DAVID\.gradle\native\38dada09dfb8b06ba9b0570ebf7e218e3eb74d4ef43ca46872605cf95ebc2f47\windows-amd64\native-platform-file-events.dll
0x00007ffa95c20000 - 0x00007ffa95c29000 	C:\Program Files\Android\Android Studio\jbr\bin\management.dll
0x00007ffa948d0000 - 0x00007ffa948db000 	C:\Program Files\Android\Android Studio\jbr\bin\management_ext.dll
0x00007ffab54b0000 - 0x00007ffab54b8000 	C:\WINDOWS\System32\PSAPI.DLL
0x00007ffab3d60000 - 0x00007ffab3d78000 	C:\WINDOWS\SYSTEM32\CRYPTSP.dll
0x00007ffab3420000 - 0x00007ffab3454000 	C:\WINDOWS\system32\rsaenh.dll
0x00007ffab42f0000 - 0x00007ffab431e000 	C:\WINDOWS\SYSTEM32\USERENV.dll
0x00007ffab3d50000 - 0x00007ffab3d5c000 	C:\WINDOWS\SYSTEM32\CRYPTBASE.dll
0x00007ffab37e0000 - 0x00007ffab381b000 	C:\WINDOWS\SYSTEM32\IPHLPAPI.DLL
0x00007ffab54a0000 - 0x00007ffab54a8000 	C:\WINDOWS\System32\NSI.dll
0x00007ffaaf4a0000 - 0x00007ffaaf4b7000 	C:\WINDOWS\SYSTEM32\dhcpcsvc6.DLL
0x00007ffaaf430000 - 0x00007ffaaf44d000 	C:\WINDOWS\SYSTEM32\dhcpcsvc.DLL
0x00007ffab3820000 - 0x00007ffab38ea000 	C:\WINDOWS\SYSTEM32\DNSAPI.dll
0x00007ffaa9500000 - 0x00007ffaa9509000 	C:\Program Files\Android\Android Studio\jbr\bin\extnet.dll
0x00007ffab1770000 - 0x00007ffab1777000 	C:\WINDOWS\system32\wshunix.dll

dbghelp: loaded successfully - version: 4.0.5 - missing functions: none
symbol engine: initialized successfully - sym options: 0x614 - pdb path: .;C:\Program Files\Android\Android Studio\jbr\bin;C:\WINDOWS\SYSTEM32;C:\WINDOWS\WinSxS\amd64_microsoft.windows.common-controls_6595b64144ccf1df_6.0.19041.4355_none_60b8b9eb71f62e16;C:\Program Files\Android\Android Studio\jbr\bin\server;C:\Users\DAVID\.gradle\native\c067742578af261105cb4f569cf0c3c89f3d7b1fecec35dd04571415982c5e48\windows-amd64;C:\Users\DAVID\.gradle\native\38dada09dfb8b06ba9b0570ebf7e218e3eb74d4ef43ca46872605cf95ebc2f47\windows-amd64

VM Arguments:
jvm_args: -XX:MaxMetaspaceSize=2G -XX:+HeapDumpOnOutOfMemoryError --add-opens=java.base/java.util=ALL-UNNAMED --add-opens=java.base/java.lang=ALL-UNNAMED --add-opens=java.base/java.lang.invoke=ALL-UNNAMED --add-opens=java.prefs/java.util.prefs=ALL-UNNAMED --add-opens=java.base/java.nio.charset=ALL-UNNAMED --add-opens=java.base/java.net=ALL-UNNAMED --add-opens=java.base/java.util.concurrent.atomic=ALL-UNNAMED -Xmx4G -Dfile.encoding=windows-1252 -Duser.country=BR -Duser.language=pt -Duser.variant 
java_command: org.gradle.launcher.daemon.bootstrap.GradleDaemon 7.6.3
java_class_path (initial): C:\Users\DAVID\.gradle\wrapper\dists\gradle-7.6.3-all\aocdy2d2z8kodnny3rsumj8i8\gradle-7.6.3\lib\gradle-launcher-7.6.3.jar
Launcher Type: SUN_STANDARD

[Global flags]
     intx CICompilerCount                          = 4                                         {product} {ergonomic}
     uint ConcGCThreads                            = 3                                         {product} {ergonomic}
     uint G1ConcRefinementThreads                  = 10                                        {product} {ergonomic}
   size_t G1HeapRegionSize                         = 2097152                                   {product} {ergonomic}
    uintx GCDrainStackTargetSize                   = 64                                        {product} {ergonomic}
     bool HeapDumpOnOutOfMemoryError               = true                                   {manageable} {command line}
   size_t InitialHeapSize                          = 268435456                                 {product} {ergonomic}
   size_t MarkStackSize                            = 4194304                                   {product} {ergonomic}
   size_t MaxHeapSize                              = 4294967296                                {product} {command line}
   size_t MaxMetaspaceSize                         = 2147483648                                {product} {command line}
   size_t MaxNewSize                               = 2575302656                                {product} {ergonomic}
   size_t MinHeapDeltaBytes                        = 2097152                                   {product} {ergonomic}
   size_t MinHeapSize                              = 8388608                                   {product} {ergonomic}
    uintx NonNMethodCodeHeapSize                   = 5839372                                {pd product} {ergonomic}
    uintx NonProfiledCodeHeapSize                  = 122909434                              {pd product} {ergonomic}
    uintx ProfiledCodeHeapSize                     = 122909434                              {pd product} {ergonomic}
    uintx ReservedCodeCacheSize                    = 251658240                              {pd product} {ergonomic}
     bool SegmentedCodeCache                       = true                                      {product} {ergonomic}
   size_t SoftMaxHeapSize                          = 4294967296                             {manageable} {ergonomic}
     bool UseCompressedClassPointers               = true                           {product lp64_product} {ergonomic}
     bool UseCompressedOops                        = true                           {product lp64_product} {ergonomic}
     bool UseG1GC                                  = true                                      {product} {ergonomic}
     bool UseLargePagesIndividualAllocation        = false                                  {pd product} {ergonomic}

Logging:
Log output configuration:
 #0: stdout all=warning uptime,level,tags
 #1: stderr all=off uptime,level,tags

Environment Variables:
JAVA_HOME=C:\Program Files\Android\Android Studio\jbr
CLASSPATH=D:\DOCUMENTOS\PROJETO_FLUTTER\dmega\android\\gradle\wrapper\gradle-wrapper.jar
PATH=C:\Program Files\Android\Android Studio\jbr\bin;C:\WINDOWS\system32;C:\WINDOWS;C:\WINDOWS\System32\Wbem;C:\WINDOWS\System32\WindowsPowerShell\v1.0\;C:\WINDOWS\System32\OpenSSH\;C:\Program Files\Git\cmd;C:\Users\DAVID\AppData\Local\Microsoft\WindowsApps;C:\Users\DAVID\AppData\Local\Programs\Microsoft VS Code\bin;C:\src\flutter\bin;;C:\src\flutter\bin\mingit\cmd;C:\src\flutter\bin\mingit\cmd
USERNAME=DAVID
OS=Windows_NT
PROCESSOR_IDENTIFIER=AMD64 Family 23 Model 8 Stepping 2, AuthenticAMD
TMP=C:\Users\DAVID\AppData\Local\Temp
TEMP=C:\Users\DAVID\AppData\Local\Temp



Periodic native trim disabled

JNI global refs:
JNI global refs: 28, weak refs: 1

JNI global refs memory usage: 843, weak refs: 841

Process memory usage:
Resident Set Size: 797624K (4% of 16699976K total physical memory with 1989124K free physical memory)

OOME stack traces (most recent first):
Classloader memory used:
Loader org.gradle.internal.classloader.VisitableURLClassLoader                         : 5317K
Loader org.gradle.internal.classloader.VisitableURLClassLoader                         : 3687K
Loader bootstrap                                                                       : 3224K
Loader org.gradle.initialization.MixInLegacyTypesClassLoader                           : 1457K
Loader jdk.internal.reflect.DelegatingClassLoader                                      : 200K
Loader org.gradle.groovy.scripts.internal.DefaultScriptCompilationHandler$ScriptClassLoader: 85096B
Loader jdk.internal.loader.ClassLoaders$PlatformClassLoader                            : 66848B
Loader org.codehaus.groovy.runtime.callsite.CallSiteClassLoader                        : 33771B
Loader jdk.internal.loader.ClassLoaders$AppClassLoader                                 : 26016B
Loader sun.reflect.misc.MethodUtil                                                     : 373B

Classes loaded by more than one classloader:
Class Program                                                                         : loaded 6 times (x 70B)
Class org.jetbrains.kotlin.config.MavenComparableVersion$ListItem                     : loaded 2 times (x 178B)
Class org.gradle.internal.installation.GradleInstallation                             : loaded 2 times (x 73B)
Class com.google.common.collect.UsingToStringOrdering                                 : loaded 2 times (x 112B)
Class com.google.common.collect.Iterators$MergingIterator                             : loaded 2 times (x 79B)
Class com.google.common.io.Closer$SuppressingSuppressor                               : loaded 2 times (x 72B)
Class org.objectweb.asm.ModuleVisitor                                                 : loaded 2 times (x 78B)
Class com.google.common.collect.Maps$IteratorBasedAbstractMap$1                       : loaded 2 times (x 136B)
Class com.google.common.io.ByteSource                                                 : loaded 2 times (x 82B)
Class [Lcom.google.common.collect.AbstractMapEntry;                                   : loaded 2 times (x 67B)
Class build_bdsyv133i9322sofoljra228k                                                 : loaded 2 times (x 178B)
Class com.google.common.collect.ImmutableRangeSet$AsSet                               : loaded 2 times (x 233B)
Class com.google.common.collect.SingletonImmutableList                                : loaded 2 times (x 167B)
Class com.google.common.cache.CacheLoader$SupplierToCacheLoader                       : loaded 2 times (x 73B)
Class org.gradle.internal.classpath.ClassPath                                         : loaded 2 times (x 68B)
Class com.google.common.io.FileWriteMode                                              : loaded 2 times (x 77B)
Class com.google.common.cache.RemovalListener                                         : loaded 2 times (x 68B)
Class org.gradle.api.internal.classpath.DefaultModuleRegistry                         : loaded 2 times (x 84B)
Class com.google.common.collect.FluentIterable$1                                      : loaded 2 times (x 79B)
Class com.google.common.collect.FluentIterable$2                                      : loaded 2 times (x 79B)
Class com.google.common.collect.FluentIterable$3                                      : loaded 2 times (x 79B)
Class build_ahpfki6hvmx1p6v0f9w91gw5t                                                 : loaded 2 times (x 178B)
Class com.google.common.collect.ImmutableEnumSet                                      : loaded 2 times (x 146B)
Class com.google.common.collect.ListMultimap                                          : loaded 2 times (x 68B)
Class com.google.common.base.CharMatcher$JavaDigit                                    : loaded 2 times (x 109B)
Class com.google.common.base.CharMatcher$Digit                                        : loaded 2 times (x 110B)
Class com.google.common.collect.AbstractMultimap                                      : loaded 2 times (x 121B)
Class com.google.common.cache.CacheBuilder$OneWeigher                                 : loaded 2 times (x 80B)
Class org.gradle.api.Action                                                           : loaded 2 times (x 68B)
Class com.google.common.collect.ImmutableEntry                                        : loaded 2 times (x 80B)
Class com.google.common.collect.Lists$StringAsImmutableList                           : loaded 2 times (x 167B)
Class com.google.common.cache.LocalCache$StrongEntry                                  : loaded 2 times (x 106B)
Class org.objectweb.asm.FieldWriter                                                   : loaded 2 times (x 75B)
Class settings_duotokjbmbnzbfkkjgkxshmti                                              : loaded 2 times (x 177B)
Class com.google.common.base.CharMatcher                                              : loaded 2 times (x 109B)
Class com.google.common.base.CharMatcher$IsNot                                        : loaded 2 times (x 109B)
Class com.google.common.collect.RegularImmutableSortedSet                             : loaded 2 times (x 233B)
Class org.jetbrains.kotlin.config.MavenComparableVersion$IntegerItem                  : loaded 2 times (x 78B)
Class com.google.common.collect.Maps$IteratorBasedAbstractMap                         : loaded 2 times (x 123B)
Class com.google.common.collect.SetMultimap                                           : loaded 2 times (x 68B)
Class com.google.common.base.Splitter                                                 : loaded 2 times (x 70B)
Class [Lcom.google.common.cache.Weigher;                                              : loaded 2 times (x 67B)
Class build_cj9ho4ep13kbcm4wricz0fa0v$_run_closure1                                   : loaded 2 times (x 134B)
Class com.google.common.collect.Iterators$ArrayItr                                    : loaded 2 times (x 95B)
Class com.google.common.cache.LocalCache$Segment                                      : loaded 2 times (x 152B)
Class org.gradle.api.internal.DefaultClassPathProvider                                : loaded 2 times (x 74B)
Class org.gradle.internal.installation.GradleInstallation$1                           : loaded 2 times (x 73B)
Class com.google.common.cache.LocalCache$AbstractReferenceEntry                       : loaded 2 times (x 105B)
Class org.objectweb.asm.Type                                                          : loaded 2 times (x 70B)
Class com.google.common.util.concurrent.AbstractFuture$Failure                        : loaded 2 times (x 70B)
Class com.google.common.base.CharMatcher$BitSetMatcher                                : loaded 2 times (x 110B)
Class com.google.common.collect.ImmutableMap$IteratorBasedImmutableMap                : loaded 2 times (x 123B)
Class com.google.common.reflect.Reflection                                            : loaded 2 times (x 69B)
Class com.google.common.io.Files$FileByteSource                                       : loaded 2 times (x 83B)
Class com.google.common.collect.ImmutableMap                                          : loaded 2 times (x 118B)
Class org.jetbrains.kotlin.config.LanguageFeature                                     : loaded 2 times (x 77B)
Class com.google.common.collect.AbstractMapBasedMultimap$Itr                          : loaded 2 times (x 81B)
Class com.google.common.base.Converter                                                : loaded 2 times (x 88B)
Class com.google.common.collect.ImmutableSortedSetFauxverideShim                      : loaded 2 times (x 145B)
Class org.jetbrains.kotlin.config.JvmDefaultMode                                      : loaded 2 times (x 77B)
Class [Lorg.jetbrains.kotlin.config.JvmDefaultMode;                                   : loaded 2 times (x 67B)
Class com.google.common.base.Equivalence                                              : loaded 2 times (x 80B)
Class com.google.common.cache.LocalCache$EntryFactory$1                               : loaded 2 times (x 81B)
Class com.google.common.primitives.Ints                                               : loaded 2 times (x 69B)
Class com.google.common.cache.LocalCache$EntryFactory$2                               : loaded 2 times (x 81B)
Class com.google.common.cache.LocalCache$EntryFactory$3                               : loaded 2 times (x 81B)
Class [Lcom.google.common.collect.Maps$EntryFunction;                                 : loaded 2 times (x 67B)
Class com.google.common.cache.LocalCache$EntryFactory$4                               : loaded 2 times (x 81B)
Class com.google.common.cache.LocalCache$EntryFactory$5                               : loaded 2 times (x 81B)
Class com.google.common.cache.LocalCache$EntryFactory$6                               : loaded 2 times (x 81B)
Class com.google.common.reflect.TypeResolver$TypeVariableKey                          : loaded 2 times (x 70B)
Class com.google.common.cache.LocalCache$EntryFactory$7                               : loaded 2 times (x 81B)
Class com.google.common.cache.LocalCache$EntryFactory$8                               : loaded 2 times (x 81B)
Class com.google.common.base.Predicate                                                : loaded 2 times (x 68B)
Class com.google.common.cache.LocalCache$StrongValueReference                         : loaded 2 times (x 88B)
Class org.gradle.internal.classloader.FilteringClassLoader                            : loaded 2 times (x 103B)
Class com.google.common.collect.AbstractMapBasedMultimap$WrappedCollection            : loaded 2 times (x 122B)
Class com.google.common.reflect.TypeResolver$TypeTable                                : loaded 2 times (x 71B)
Class com.google.common.reflect.Invokable$MethodInvokable                             : loaded 2 times (x 120B)
Class com.google.common.collect.RegularImmutableSet                                   : loaded 2 times (x 146B)
Class [Lcom.google.common.cache.LocalCache$Strength;                                  : loaded 2 times (x 67B)
Class org.gradle.internal.classpath.DefaultClassPath$ImmutableUniqueList$Builder      : loaded 2 times (x 73B)
Class com.google.common.collect.AbstractRangeSet                                      : loaded 2 times (x 112B)
Class com.google.common.collect.ExplicitOrdering                                      : loaded 2 times (x 113B)
Class com.google.common.collect.SortedSetMultimap                                     : loaded 2 times (x 68B)
Class com.google.common.collect.Maps$8                                                : loaded 2 times (x 80B)
Class com.google.common.base.PatternCompiler                                          : loaded 2 times (x 68B)
Class [Lcom.google.common.cache.CacheBuilder$NullListener;                            : loaded 2 times (x 67B)
Class com.google.common.base.CharMatcher$InRange                                      : loaded 2 times (x 109B)
Class com.google.common.collect.Maps$KeySet                                           : loaded 2 times (x 135B)
Class com.google.common.collect.Sets$SetView                                          : loaded 2 times (x 136B)
Class com.google.common.collect.BiMap                                                 : loaded 2 times (x 68B)
Class com.google.common.collect.Lists                                                 : loaded 2 times (x 69B)
Class org.objectweb.asm.AnnotationWriter                                              : loaded 2 times (x 76B)
Class com.google.common.math.IntMath$1                                                : loaded 2 times (x 69B)
Class org.gradle.internal.classloader.ClassLoaderVisitor                              : loaded 2 times (x 74B)
Class org.objectweb.asm.Label                                                         : loaded 2 times (x 71B)
Class com.google.common.cache.CacheBuilder$NullListener                               : loaded 2 times (x 80B)
Class com.google.common.math.MathPreconditions                                        : loaded 2 times (x 69B)
Class org.gradle.internal.service.DefaultServiceLocator                               : loaded 2 times (x 81B)
Class org.gradle.internal.service.UnknownServiceException                             : loaded 2 times (x 81B)
Class com.google.common.util.concurrent.AbstractFuture$SynchronizedHelper             : loaded 2 times (x 74B)
Class com.google.common.collect.ArrayListMultimap                                     : loaded 2 times (x 170B)
Class com.google.common.collect.Collections2$FilteredCollection                       : loaded 2 times (x 117B)
Class com.google.common.base.Strings                                                  : loaded 2 times (x 69B)
Class build_f0srlsa5vznkog7j8blhsloz4$_run_closure1$_closure3                         : loaded 2 times (x 134B)
Class com.google.common.io.Closer                                                     : loaded 2 times (x 76B)
Class com.google.common.cache.CacheLoader$InvalidCacheLoadException                   : loaded 2 times (x 80B)
Class org.gradle.internal.classloader.DefaultClassLoaderFactory                       : loaded 2 times (x 80B)
Class com.google.common.collect.UnmodifiableIterator                                  : loaded 2 times (x 78B)
Class com.google.common.collect.Sets$2$1                                              : loaded 2 times (x 80B)
Class com.google.common.base.Stopwatch                                                : loaded 2 times (x 70B)
Class com.google.common.reflect.Types                                                 : loaded 2 times (x 69B)
Class com.google.common.base.Platform$JdkPatternCompiler                              : loaded 2 times (x 73B)
Class com.google.common.cache.LocalCache$LoadingValueReference                        : loaded 2 times (x 94B)
Class com.google.common.base.CharMatcher$SingleWidth                                  : loaded 2 times (x 110B)
Class com.google.common.collect.Hashing                                               : loaded 2 times (x 69B)
Class com.google.common.collect.NullsFirstOrdering                                    : loaded 2 times (x 113B)
Class com.google.common.collect.ImmutableRangeSet$ComplementRanges                    : loaded 2 times (x 167B)
Class [Lcom.google.common.reflect.Types$ClassOwnership;                               : loaded 2 times (x 67B)
Class com.google.common.collect.NaturalOrdering                                       : loaded 2 times (x 113B)
Class com.google.common.base.JdkPattern                                               : loaded 2 times (x 73B)
Class com.google.common.base.Optional                                                 : loaded 2 times (x 78B)
Class com.google.common.collect.ByFunctionOrdering                                    : loaded 2 times (x 113B)
Class com.google.common.collect.Multimap                                              : loaded 2 times (x 68B)
Class com.google.common.base.FunctionalEquivalence                                    : loaded 2 times (x 81B)
Class org.jetbrains.kotlin.config.AnalysisFlag                                        : loaded 2 times (x 70B)
Class org.objectweb.asm.AnnotationVisitor                                             : loaded 2 times (x 75B)
Class org.objectweb.asm.RecordComponentWriter                                         : loaded 2 times (x 76B)
Class com.google.common.cache.LocalCache$1                                            : loaded 2 times (x 87B)
Class com.google.common.cache.LocalCache$2                                            : loaded 2 times (x 140B)
Class com.google.common.collect.RegularImmutableBiMap                                 : loaded 2 times (x 147B)
Class org.gradle.internal.classloader.VisitableURLClassLoader$Spec                    : loaded 2 times (x 72B)
Class org.gradle.api.GradleException                                                  : loaded 2 times (x 80B)
Class com.google.common.base.CharMatcher$JavaLetterOrDigit                            : loaded 2 times (x 109B)
Class org.gradle.api.internal.classpath.ModuleRegistry                                : loaded 2 times (x 68B)
Class com.google.common.collect.CompoundOrdering                                      : loaded 2 times (x 113B)
Class com.google.common.reflect.TypeToken$1                                           : loaded 2 times (x 123B)
Class com.google.common.cache.CacheBuilder                                            : loaded 2 times (x 70B)
Class com.google.common.reflect.TypeToken$2                                           : loaded 2 times (x 123B)
Class org.objectweb.asm.ByteVector                                                    : loaded 2 times (x 76B)
Class com.google.common.collect.ImmutableCollection                                   : loaded 2 times (x 123B)
Class com.google.common.collect.ImmutableRangeSet                                     : loaded 2 times (x 113B)
Class com.google.common.base.PairwiseEquivalence                                      : loaded 2 times (x 81B)
Class com.google.common.base.Ticker                                                   : loaded 2 times (x 70B)
Class org.gradle.api.internal.ClassPathProvider                                       : loaded 2 times (x 68B)
Class com.google.common.collect.RegularImmutableMap$Values                            : loaded 2 times (x 167B)
Class org.objectweb.asm.ModuleWriter                                                  : loaded 2 times (x 79B)
Class org.gradle.internal.classloader.ClasspathUtil$1                                 : loaded 2 times (x 74B)
Class com.google.common.collect.ImmutableEnumMap                                      : loaded 2 times (x 123B)
Class com.google.common.collect.ImmutableList$ReverseImmutableList                    : loaded 2 times (x 168B)
Class [Lorg.jetbrains.kotlin.utils.DescriptionAware;                                  : loaded 2 times (x 67B)
Class [Lorg.jetbrains.kotlin.config.ExplicitApiMode;                                  : loaded 2 times (x 67B)
Class com.google.common.cache.AbstractCache$StatsCounter                              : loaded 2 times (x 68B)
Class com.google.common.collect.Maps$EntryFunction$1                                  : loaded 2 times (x 89B)
Class com.google.common.collect.Maps$EntryFunction$2                                  : loaded 2 times (x 89B)
Class org.objectweb.asm.FieldVisitor                                                  : loaded 2 times (x 74B)
Class org.objectweb.asm.Symbol                                                        : loaded 2 times (x 71B)
Class com.google.common.reflect.TypeToken                                             : loaded 2 times (x 71B)
Class com.google.common.collect.Ordering                                              : loaded 2 times (x 112B)
Class com.google.common.cache.LocalCache$Strength$1                                   : loaded 2 times (x 79B)
Class com.google.common.cache.LocalCache$Strength$2                                   : loaded 2 times (x 79B)
Class com.google.common.cache.LocalCache$Strength$3                                   : loaded 2 times (x 79B)
Class org.gradle.internal.classloader.ClassLoaderFactory                              : loaded 2 times (x 68B)
Class com.google.common.collect.ObjectArrays                                          : loaded 2 times (x 69B)
Class com.google.common.base.Absent                                                   : loaded 2 times (x 78B)
Class com.google.common.util.concurrent.AbstractFuture$Waiter                         : loaded 2 times (x 70B)
Class com.google.common.util.concurrent.Uninterruptibles                              : loaded 2 times (x 69B)
Class com.google.common.collect.Iterators$10                                          : loaded 2 times (x 79B)
Class com.google.common.collect.Iterators$EmptyModifiableIterator                     : loaded 2 times (x 84B)
Class com.google.common.collect.ImmutableList                                         : loaded 2 times (x 166B)
Class org.gradle.api.internal.classpath.ManifestUtil                                  : loaded 2 times (x 69B)
Class org.gradle.api.specs.Spec                                                       : loaded 2 times (x 68B)
Class com.google.common.collect.RangeSet                                              : loaded 2 times (x 68B)
Class com.google.common.cache.CacheLoader$UnsupportedLoadingOperationException        : loaded 2 times (x 80B)
Class com.google.common.base.CharMatcher$Whitespace                                   : loaded 2 times (x 110B)
Class com.google.common.util.concurrent.ListenableFuture                              : loaded 2 times (x 68B)
Class com.google.common.collect.Iterators$1                                           : loaded 2 times (x 79B)
Class com.google.common.collect.Iterators$4                                           : loaded 2 times (x 80B)
Class com.google.common.collect.Iterators$5                                           : loaded 2 times (x 80B)
Class com.google.common.collect.Iterators$6                                           : loaded 2 times (x 79B)
Class com.google.common.util.concurrent.AbstractFuture$UnsafeAtomicHelper             : loaded 2 times (x 74B)
Class com.google.common.base.Joiner                                                   : loaded 2 times (x 77B)
Class com.google.common.base.Equivalence$Equals                                       : loaded 2 times (x 80B)
Class com.google.common.base.Preconditions                                            : loaded 2 times (x 69B)
Class com.google.common.base.Function                                                 : loaded 2 times (x 68B)
Class com.google.common.collect.Iterators$9                                           : loaded 2 times (x 79B)
Class org.gradle.internal.IoActions                                                   : loaded 2 times (x 69B)
Class com.google.common.collect.AllEqualOrdering                                      : loaded 2 times (x 112B)
Class com.google.common.collect.ComparatorOrdering                                    : loaded 2 times (x 113B)
Class org.jetbrains.kotlin.config.LanguageFeature$State                               : loaded 2 times (x 80B)
Class com.google.common.cache.ReferenceEntry                                          : loaded 2 times (x 68B)
Class com.google.common.collect.RegularImmutableMap$KeySet                            : loaded 2 times (x 148B)
Class com.google.common.collect.CollectPreconditions                                  : loaded 2 times (x 69B)
Class [Lcom.google.common.base.Function;                                              : loaded 2 times (x 67B)
Class com.google.common.primitives.IntsMethodsForWeb                                  : loaded 2 times (x 69B)
Class com.google.common.collect.LexicographicalOrdering                               : loaded 2 times (x 113B)
Class com.google.common.collect.RangeGwtSerializationDependencies                     : loaded 2 times (x 69B)
Class com.google.common.collect.Maps                                                  : loaded 2 times (x 69B)
Class com.google.common.collect.RegularImmutableMap                                   : loaded 2 times (x 119B)
Class com.google.common.collect.AbstractIndexedListIterator                           : loaded 2 times (x 94B)
Class com.google.common.base.CharMatcher$None                                         : loaded 2 times (x 110B)
Class org.gradle.api.internal.classpath.EffectiveClassPath                            : loaded 2 times (x 88B)
Class com.google.common.collect.UnmodifiableListIterator                              : loaded 2 times (x 93B)
Class com.google.common.io.Files                                                      : loaded 2 times (x 69B)
Class com.google.common.cache.CacheLoader$FunctionToCacheLoader                       : loaded 2 times (x 73B)
Class com.google.common.cache.CacheBuilder$1                                          : loaded 2 times (x 83B)
Class com.google.common.cache.CacheBuilder$2                                          : loaded 2 times (x 77B)
Class com.google.common.collect.ImmutableList$1                                       : loaded 2 times (x 95B)
Class com.google.common.base.Splitter$Strategy                                        : loaded 2 times (x 68B)
Class com.google.common.cache.CacheBuilder$3                                          : loaded 2 times (x 70B)
Class com.google.common.collect.ImmutableMapEntrySet$RegularEntrySet                  : loaded 2 times (x 149B)
Class com.google.common.base.Predicates$CompositionPredicate                          : loaded 2 times (x 86B)
Class [Lcom.google.common.cache.RemovalListener;                                      : loaded 2 times (x 67B)
Class [Lcom.google.common.collect.ImmutableMapEntry;                                  : loaded 2 times (x 67B)
Class org.gradle.internal.installation.CurrentGradleInstallation                      : loaded 2 times (x 71B)
Class org.gradle.internal.installation.CurrentGradleInstallationLocator               : loaded 2 times (x 69B)
Class [Lcom.google.common.cache.LocalCache$Segment;                                   : loaded 2 times (x 67B)
Class org.gradle.api.internal.classpath.Module                                        : loaded 2 times (x 68B)
Class build_cj9ho4ep13kbcm4wricz0fa0v$_run_closure1$_closure3                         : loaded 2 times (x 134B)
Class com.google.common.collect.Multimaps$CustomSetMultimap                           : loaded 2 times (x 176B)
Class com.google.common.collect.ImmutableSortedSet                                    : loaded 2 times (x 233B)
Class com.google.common.base.Splitter$1$1                                             : loaded 2 times (x 84B)
Class com.google.common.collect.ImmutableSet$JdkBackedSetBuilderImpl                  : loaded 2 times (x 74B)
Class Dependency_version_checker_gradle                                               : loaded 2 times (x 128B)
Class com.google.common.reflect.Types$TypeVariableInvocationHandler                   : loaded 2 times (x 73B)
Class com.google.common.reflect.Types$ClassOwnership                                  : loaded 2 times (x 78B)
Class [Lorg.jetbrains.kotlin.config.LanguageOrApiVersion;                             : loaded 2 times (x 67B)
Class com.google.common.collect.ImmutableSet$RegularSetBuilderImpl                    : loaded 2 times (x 75B)
Class build_4i8uzgpz8h55gyzt6rktcozhg                                                 : loaded 2 times (x 178B)
Class [Lorg.objectweb.asm.AnnotationWriter;                                           : loaded 2 times (x 67B)
Class org.gradle.internal.service.CachingServiceLocator                               : loaded 2 times (x 80B)
Class build_e628fz8mk86gkrh4gl29yuvly                                                 : loaded 2 times (x 178B)
Class [Lcom.google.common.collect.ImmutableEntry;                                     : loaded 2 times (x 67B)
Class com.google.common.collect.Sets$ImprovedAbstractSet                              : loaded 2 times (x 133B)
Class org.gradle.internal.classpath.DefaultClassPath                                  : loaded 2 times (x 88B)
Class com.google.common.collect.AbstractSetMultimap                                   : loaded 2 times (x 172B)
Class org.gradle.api.Transformer                                                      : loaded 2 times (x 68B)
Class com.google.common.collect.AbstractMapBasedMultimap$2                            : loaded 2 times (x 83B)
Class com.google.common.util.concurrent.AbstractFuture$SetFuture                      : loaded 2 times (x 73B)
Class build_c8uv2zr4rumwgjqhqkejb7pm5$_run_closure1                                   : loaded 2 times (x 134B)
Class com.google.common.collect.CollectCollectors                                     : loaded 2 times (x 69B)
Class build_bdsyv133i9322sofoljra228k$_run_closure1                                   : loaded 2 times (x 134B)
Class com.google.common.collect.TransformedIterator                                   : loaded 2 times (x 78B)
Class com.google.common.base.Splitter$SplittingIterator                               : loaded 2 times (x 82B)
Class com.google.common.reflect.TypeParameter                                         : loaded 2 times (x 70B)
Class com.google.common.cache.LocalCache$LocalManualCache$1                           : loaded 2 times (x 73B)
Class org.jetbrains.kotlin.config.ExplicitApiMode                                     : loaded 2 times (x 77B)
Class com.google.common.reflect.Types$ClassOwnership$1LocalClass                      : loaded 2 times (x 69B)
Class [Lcom.google.common.collect.AbstractIterator$State;                             : loaded 2 times (x 67B)
Class org.objectweb.asm.SymbolTable$Entry                                             : loaded 2 times (x 72B)
Class [Lcom.google.common.cache.LocalCache$EntryFactory;                              : loaded 2 times (x 67B)
Class com.google.common.base.CharMatcher$Is                                           : loaded 2 times (x 109B)
Class com.google.common.collect.Maps$AbstractFilteredMap                              : loaded 2 times (x 125B)
Class com.google.common.base.Platform                                                 : loaded 2 times (x 69B)
Class com.google.common.collect.RegularImmutableAsList                                : loaded 2 times (x 176B)
Class com.google.common.collect.PeekingIterator                                       : loaded 2 times (x 68B)
Class build_cj9ho4ep13kbcm4wricz0fa0v                                                 : loaded 2 times (x 178B)
Class com.google.common.collect.AbstractMapBasedMultimap$WrappedSet                   : loaded 2 times (x 140B)
Class com.google.common.reflect.TypeResolver$TypeTable$1                              : loaded 2 times (x 71B)
Class com.google.common.collect.ImmutableMapEntrySet                                  : loaded 2 times (x 149B)
Class build_c8uv2zr4rumwgjqhqkejb7pm5                                                 : loaded 2 times (x 178B)
Class com.google.common.cache.CacheLoader                                             : loaded 2 times (x 72B)
Class com.google.common.collect.ImmutableBiMapFauxverideShim                          : loaded 2 times (x 118B)
Class org.objectweb.asm.MethodTooLargeException                                       : loaded 2 times (x 81B)
Class NativePluginLoader$getDependenciesMetadata$0                                    : loaded 2 times (x 150B)
Class com.google.common.cache.Cache                                                   : loaded 2 times (x 68B)
Class com.google.common.collect.Maps$EntrySet                                         : loaded 2 times (x 134B)
Class org.jetbrains.kotlin.config.ApiVersion                                          : loaded 2 times (x 83B)
Class org.gradle.internal.classloader.SystemClassLoaderSpec                           : loaded 2 times (x 69B)
Class build_ahpfki6hvmx1p6v0f9w91gw5t$_run_closure1                                   : loaded 2 times (x 134B)
Class com.google.common.util.concurrent.internal.InternalFutureFailureAccess          : loaded 2 times (x 70B)
Class build_f0srlsa5vznkog7j8blhsloz4                                                 : loaded 2 times (x 178B)
Class com.google.common.base.Charsets                                                 : loaded 2 times (x 69B)
Class org.jetbrains.kotlin.utils.DescriptionAware                                     : loaded 2 times (x 68B)
Class com.google.common.primitives.Ints$IntConverter                                  : loaded 2 times (x 88B)
Class com.google.common.collect.SingletonImmutableSet                                 : loaded 2 times (x 146B)
Class com.google.common.reflect.Types$TypeVariableImpl                                : loaded 2 times (x 70B)
Class [Lcom.google.common.base.AbstractIterator$State;                                : loaded 2 times (x 67B)
Class com.google.common.collect.ImmutableMap$Builder                                  : loaded 2 times (x 78B)
Class com.google.common.base.AbstractIterator                                         : loaded 2 times (x 78B)
Class org.objectweb.asm.ClassWriter                                                   : loaded 2 times (x 102B)
Class com.google.common.collect.Range                                                 : loaded 2 times (x 85B)
Class org.jetbrains.kotlin.config.LanguageVersion                                     : loaded 2 times (x 87B)
Class com.google.common.base.AbstractIterator$1                                       : loaded 2 times (x 69B)
Class org.jetbrains.kotlin.config.MavenComparableVersion$Item                         : loaded 2 times (x 68B)
Class [Lcom.google.common.cache.CacheBuilder$OneWeigher;                              : loaded 2 times (x 67B)
Class com.google.common.collect.Iterators                                             : loaded 2 times (x 69B)
Class com.google.common.base.CharMatcher$Ascii                                        : loaded 2 times (x 110B)
Class com.google.common.base.CharMatcher$1                                            : loaded 2 times (x 111B)
Class org.gradle.api.UncheckedIOException                                             : loaded 2 times (x 80B)
Class com.google.common.base.CharMatcher$And                                          : loaded 2 times (x 110B)
Class com.google.common.io.Files$FileByteSink                                         : loaded 2 times (x 75B)
Class [Lcom.google.common.io.FileWriteMode;                                           : loaded 2 times (x 67B)
Class com.google.common.collect.IndexedImmutableSet                                   : loaded 2 times (x 148B)
Class native_plugin_loader_7dik9rqpj677pep4bin0xqtrk                                  : loaded 2 times (x 175B)
Class com.google.common.base.ExtraObjectsMethodsForWeb                                : loaded 2 times (x 69B)
Class com.google.common.collect.IndexedImmutableSet$1                                 : loaded 2 times (x 172B)
Class com.google.common.collect.AbstractListMultimap                                  : loaded 2 times (x 170B)
Class com.google.common.base.CharMatcher$Any                                          : loaded 2 times (x 110B)
Class com.google.common.reflect.TypeCapture                                           : loaded 2 times (x 69B)
Class com.google.common.cache.LocalCache$Strength                                     : loaded 2 times (x 79B)
Class com.google.common.collect.AbstractMapBasedMultimap$KeySet                       : loaded 2 times (x 135B)
Class com.google.common.collect.SortedIterable                                        : loaded 2 times (x 68B)
Class com.google.common.collect.ArrayListMultimapGwtSerializationDependencies         : loaded 2 times (x 170B)
Class com.google.common.base.CharMatcher$RangesMatcher                                : loaded 2 times (x 110B)
Class com.google.common.collect.AbstractMapBasedMultimap$RandomAccessWrappedList      : loaded 2 times (x 165B)
Class org.objectweb.asm.Handler                                                       : loaded 2 times (x 70B)
Class com.google.common.collect.ImmutableList$SubList                                 : loaded 2 times (x 168B)
Class com.google.common.cache.LocalCache$ValueReference                               : loaded 2 times (x 68B)
Class com.google.common.collect.CollectSpliterators                                   : loaded 2 times (x 69B)
Class org.gradle.internal.classloader.ClasspathUtil                                   : loaded 2 times (x 69B)
Class org.objectweb.asm.CurrentFrame                                                  : loaded 2 times (x 71B)
Class com.google.common.util.concurrent.AbstractFuture                                : loaded 2 times (x 93B)
Class com.google.common.reflect.TypeResolver                                          : loaded 2 times (x 70B)
Class com.google.common.base.Splitter$1                                               : loaded 2 times (x 75B)
Class com.google.common.collect.ReverseOrdering                                       : loaded 2 times (x 113B)
Class com.google.common.base.Ticker$1                                                 : loaded 2 times (x 70B)
Class com.google.common.collect.Maps$BiMapConverter                                   : loaded 2 times (x 88B)
Class org.gradle.api.internal.DefaultClassPathRegistry                                : loaded 2 times (x 74B)
Class org.jetbrains.kotlin.config.LanguageOrApiVersion                                : loaded 2 times (x 68B)
Class com.google.common.collect.AbstractIterator$State                                : loaded 2 times (x 77B)
Class com.google.common.util.concurrent.AbstractFuture$Cancellation                   : loaded 2 times (x 70B)
Class [Lorg.objectweb.asm.Symbol;                                                     : loaded 2 times (x 67B)
Class com.google.common.collect.Multimaps$Entries                                     : loaded 2 times (x 116B)
Class com.google.common.base.Predicates                                               : loaded 2 times (x 69B)
Class com.google.common.collect.ImmutableSet$SetBuilderImpl                           : loaded 2 times (x 74B)
Class org.gradle.api.internal.classpath.DefaultModuleRegistry$DefaultModule           : loaded 2 times (x 84B)
Class com.google.common.base.CharMatcher$JavaIsoControl                               : loaded 2 times (x 110B)
Class com.google.common.collect.ImmutableMap$1                                        : loaded 2 times (x 79B)
Class org.jetbrains.kotlin.config.ApiVersion$Companion                                : loaded 2 times (x 69B)
Class org.jetbrains.kotlin.config.JvmDefaultMode$Companion                            : loaded 2 times (x 69B)
Class com.google.common.base.CharMatcher$Or                                           : loaded 2 times (x 110B)
Class com.google.common.base.Suppliers$SupplierOfInstance                             : loaded 2 times (x 77B)
Class org.objectweb.asm.RecordComponentVisitor                                        : loaded 2 times (x 75B)
Class com.google.common.reflect.Types$ClassOwnership$1                                : loaded 2 times (x 78B)
Class com.google.common.reflect.Invokable                                             : loaded 2 times (x 116B)
Class com.google.common.reflect.Types$ClassOwnership$2                                : loaded 2 times (x 78B)
Class com.google.common.reflect.Types$ClassOwnership$3                                : loaded 2 times (x 69B)
Class build_e628fz8mk86gkrh4gl29yuvly$_run_closure1                                   : loaded 2 times (x 134B)
Class com.google.common.collect.Iterables                                             : loaded 2 times (x 69B)
Class com.google.common.base.CharMatcher$JavaLowerCase                                : loaded 2 times (x 109B)
Class org.objectweb.asm.ClassTooLargeException                                        : loaded 2 times (x 81B)
Class org.jetbrains.kotlin.config.LanguageVersion$Companion                           : loaded 2 times (x 69B)
Class org.gradle.api.internal.classpath.UnknownModuleException                        : loaded 2 times (x 80B)
Class com.google.common.collect.FluentIterable                                        : loaded 2 times (x 79B)
Class com.google.common.util.concurrent.AbstractFuture$Listener                       : loaded 2 times (x 70B)
Class com.google.common.collect.Iterables$5                                           : loaded 2 times (x 79B)
Class org.objectweb.asm.Edge                                                          : loaded 2 times (x 70B)
Class com.google.common.collect.Maps$EntryTransformer                                 : loaded 2 times (x 68B)
Class com.google.common.collect.ImmutableCollection$Builder                           : loaded 2 times (x 74B)
Class native_plugin_loader_7dik9rqpj677pep4bin0xqtrk$_run_closure1                    : loaded 2 times (x 134B)
Class [Lorg.objectweb.asm.SymbolTable$Entry;                                          : loaded 2 times (x 67B)
Class com.google.common.reflect.Types$JavaVersion                                     : loaded 2 times (x 81B)
Class com.google.common.collect.SingletonImmutableBiMap                               : loaded 2 times (x 142B)
Class com.google.common.base.CommonPattern                                            : loaded 2 times (x 72B)
Class com.google.common.base.Suppliers                                                : loaded 2 times (x 69B)
Class [Lcom.google.common.collect.Iterators$EmptyModifiableIterator;                  : loaded 2 times (x 67B)
Class org.objectweb.asm.ClassVisitor                                                  : loaded 2 times (x 85B)
Class com.google.common.cache.LoadingCache                                            : loaded 2 times (x 68B)
Class org.gradle.internal.service.ServiceLookupException                              : loaded 2 times (x 80B)
Class org.gradle.cache.GlobalCache                                                    : loaded 2 times (x 68B)
Class build_4i8uzgpz8h55gyzt6rktcozhg$_run_closure1                                   : loaded 2 times (x 134B)
Class com.google.common.base.Present                                                  : loaded 2 times (x 79B)
Class NativePluginLoader                                                              : loaded 2 times (x 91B)
Class com.google.common.base.CharMatcher$NegatedFastMatcher                           : loaded 2 times (x 111B)
Class [Lorg.gradle.api.internal.ClassPathProvider;                                    : loaded 2 times (x 67B)
Class com.google.common.util.concurrent.AbstractFuture$SafeAtomicHelper               : loaded 2 times (x 75B)
Class org.gradle.util.internal.GUtil                                                  : loaded 2 times (x 69B)
Class com.google.common.math.IntMath                                                  : loaded 2 times (x 69B)
Class [Lcom.google.common.reflect.Types$JavaVersion;                                  : loaded 2 times (x 67B)
Class com.google.common.collect.AbstractIterator                                      : loaded 2 times (x 80B)
Class org.gradle.internal.classloader.ClassLoaderSpec                                 : loaded 2 times (x 69B)
Class com.google.common.io.LineProcessor                                              : loaded 2 times (x 68B)
Class NativePluginLoader$_getPlugins_closure1                                         : loaded 2 times (x 134B)
Class com.google.common.io.CharSink                                                   : loaded 2 times (x 77B)
Class org.objectweb.asm.Frame                                                         : loaded 2 times (x 71B)
Class com.google.common.cache.LocalCache$LocalManualCache                             : loaded 2 times (x 97B)
Class com.google.common.collect.AbstractMapEntry                                      : loaded 2 times (x 79B)
Class com.google.common.collect.ImmutableList$Builder                                 : loaded 2 times (x 75B)
Class com.google.common.base.CharMatcher$Negated                                      : loaded 2 times (x 111B)
Class com.google.common.cache.CacheLoader$1                                           : loaded 2 times (x 73B)
Class com.google.common.util.concurrent.AbstractFuture$TrustedFuture                  : loaded 2 times (x 95B)
Class build_f0srlsa5vznkog7j8blhsloz4$_run_closure1                                   : loaded 2 times (x 134B)
Class com.google.common.collect.Maps$ViewCachingAbstractMap                           : loaded 2 times (x 123B)
Class org.jetbrains.kotlin.config.ExplicitApiMode$Companion                           : loaded 2 times (x 69B)
Class com.google.common.collect.Sets                                                  : loaded 2 times (x 69B)
Class com.google.common.collect.ImmutableSet$Builder                                  : loaded 2 times (x 83B)
Class com.google.common.collect.Sets$FilteredSet                                      : loaded 2 times (x 135B)
Class com.google.common.base.CharMatcher$ForPredicate                                 : loaded 2 times (x 110B)
Class com.google.common.collect.ImmutableMap$MapViewOfValuesAsSingletonSets           : loaded 2 times (x 123B)
Class com.google.common.base.MoreObjects                                              : loaded 2 times (x 69B)
Class com.google.common.collect.SortedMapDifference                                   : loaded 2 times (x 68B)
Class org.objectweb.asm.SymbolTable                                                   : loaded 2 times (x 70B)
Class [Lorg.objectweb.asm.AnnotationVisitor;                                          : loaded 2 times (x 67B)
Class com.google.common.cache.CacheStats                                              : loaded 2 times (x 69B)
Class org.objectweb.asm.Attribute                                                     : loaded 2 times (x 75B)
Class org.gradle.internal.classloader.VisitableURLClassLoader                         : loaded 2 times (x 115B)
Class com.google.common.cache.LocalCache$LocalLoadingCache                            : loaded 2 times (x 132B)
Class com.google.common.base.Supplier                                                 : loaded 2 times (x 68B)
Class com.google.common.base.Objects                                                  : loaded 2 times (x 69B)
Class com.google.common.util.concurrent.AbstractFuture$AtomicHelper                   : loaded 2 times (x 74B)
Class com.google.common.collect.ImmutableBiMap                                        : loaded 2 times (x 142B)
Class org.gradle.internal.Cast                                                        : loaded 2 times (x 69B)
Class com.google.common.hash.PrimitiveSink                                            : loaded 2 times (x 68B)
Class Build_gradle                                                                    : loaded 2 times (x 128B)
Class org.gradle.api.internal.ClassPathRegistry                                       : loaded 2 times (x 68B)
Class com.google.common.cache.LocalCache$EntryFactory                                 : loaded 2 times (x 81B)
Class com.google.common.util.concurrent.UncheckedExecutionException                   : loaded 2 times (x 80B)
Class com.google.common.collect.ImmutableSet                                          : loaded 2 times (x 145B)
Class org.gradle.internal.classloader.ClassLoaderHierarchy                            : loaded 2 times (x 68B)
Class NativePluginLoader$getPlugins                                                   : loaded 2 times (x 150B)
Class com.google.common.io.Closer$Suppressor                                          : loaded 2 times (x 68B)
Class com.google.common.collect.AbstractMapBasedMultimap$WrappedList                  : loaded 2 times (x 165B)
Class [Lorg.objectweb.asm.Type;                                                       : loaded 2 times (x 67B)
Class com.google.common.base.AbstractIterator$State                                   : loaded 2 times (x 77B)
Class org.jetbrains.kotlin.config.LanguageVersionSettings                             : loaded 2 times (x 68B)
Class com.google.common.cache.Weigher                                                 : loaded 2 times (x 68B)
Class com.google.common.base.CharMatcher$NamedFastMatcher                             : loaded 2 times (x 110B)
Class org.gradle.internal.service.ServiceLocator                                      : loaded 2 times (x 68B)
Class org.jetbrains.kotlin.config.MavenComparableVersion                              : loaded 2 times (x 76B)
Class com.google.common.collect.ImmutableRangeSet$1                                   : loaded 2 times (x 169B)
Class com.google.common.util.concurrent.SettableFuture                                : loaded 2 times (x 95B)
Class com.google.common.io.Files$2                                                    : loaded 2 times (x 74B)
Class com.google.common.collect.ImmutableMapEntry                                     : loaded 2 times (x 83B)
Class com.google.common.collect.Maps$EntryFunction                                    : loaded 2 times (x 89B)
Class com.google.common.reflect.Types$ParameterizedTypeImpl                           : loaded 2 times (x 79B)
Class com.google.common.base.CharMatcher$Invisible                                    : loaded 2 times (x 110B)
Class com.google.common.base.Joiner$1                                                 : loaded 2 times (x 78B)
Class com.google.common.base.Joiner$2                                                 : loaded 2 times (x 77B)
Class com.google.common.reflect.Types$JavaVersion$1                                   : loaded 2 times (x 81B)
Class com.google.common.base.CharMatcher$FastMatcher                                  : loaded 2 times (x 109B)
Class com.google.common.reflect.Types$JavaVersion$2                                   : loaded 2 times (x 81B)
Class [Lorg.jetbrains.kotlin.config.LanguageVersion;                                  : loaded 2 times (x 67B)
Class com.google.common.reflect.Types$JavaVersion$3                                   : loaded 2 times (x 81B)
Class org.gradle.internal.classpath.DefaultClassPath$ImmutableUniqueList              : loaded 2 times (x 159B)
Class com.google.common.reflect.Types$JavaVersion$4                                   : loaded 2 times (x 81B)
Class com.google.common.reflect.Types$JavaVersion$5                                   : loaded 2 times (x 69B)
Class com.google.common.base.CharMatcher$JavaLetter                                   : loaded 2 times (x 109B)
Class com.google.common.collect.MapDifference                                         : loaded 2 times (x 68B)
Class com.google.common.reflect.TypeToken$SimpleTypeToken                             : loaded 2 times (x 71B)
Class com.google.common.collect.Sets$1                                                : loaded 2 times (x 137B)
Class com.google.common.collect.Sets$2                                                : loaded 2 times (x 137B)
Class com.google.common.util.concurrent.AbstractFuture$Trusted                        : loaded 2 times (x 68B)
Class com.google.common.collect.Sets$3                                                : loaded 2 times (x 137B)
Class com.google.common.graph.SuccessorsFunction                                      : loaded 2 times (x 68B)
Class com.google.common.collect.Sets$4                                                : loaded 2 times (x 137B)
Class com.google.common.reflect.Types$NativeTypeVariableEquals                        : loaded 2 times (x 69B)
Class com.google.common.io.ByteSink                                                   : loaded 2 times (x 74B)
Class com.google.common.collect.AbstractMapBasedMultimap$WrappedCollection$WrappedIterator: loaded 2 times (x 82B)
Class org.objectweb.asm.MethodWriter                                                  : loaded 2 times (x 103B)
Class com.google.common.collect.Multimaps                                             : loaded 2 times (x 69B)
Class com.google.common.collect.Platform                                              : loaded 2 times (x 69B)
Class com.google.common.collect.ImmutableAsList                                       : loaded 2 times (x 169B)
Class com.google.common.util.concurrent.ExecutionError                                : loaded 2 times (x 80B)
Class com.google.common.io.ByteSink$AsCharSink                                        : loaded 2 times (x 78B)
Class com.google.common.base.Equivalence$Identity                                     : loaded 2 times (x 80B)
Class com.google.common.base.CharMatcher$AnyOf                                        : loaded 2 times (x 110B)
Class com.google.common.base.CharMatcher$IsEither                                     : loaded 2 times (x 109B)
Class com.google.common.collect.AbstractIterator$1                                    : loaded 2 times (x 69B)
Class com.google.common.cache.LocalCache                                              : loaded 2 times (x 185B)
Class com.google.common.collect.ImmutableRangeSet$Builder                             : loaded 2 times (x 75B)
Class com.google.common.collect.RegularImmutableList                                  : loaded 2 times (x 172B)
Class com.google.common.util.concurrent.AbstractFuture$UnsafeAtomicHelper$1           : loaded 2 times (x 74B)
Class com.google.common.base.CharMatcher$JavaUpperCase                                : loaded 2 times (x 109B)
Class com.google.common.collect.Multiset                                              : loaded 2 times (x 68B)
Class com.google.common.collect.AbstractMultimap$Entries                              : loaded 2 times (x 118B)
Class com.google.common.reflect.Invokable$ConstructorInvokable                        : loaded 2 times (x 120B)
Class org.objectweb.asm.MethodVisitor                                                 : loaded 2 times (x 102B)
Class com.google.common.collect.NullsLastOrdering                                     : loaded 2 times (x 113B)
Class com.google.common.collect.AbstractMapBasedMultimap$KeySet$1                     : loaded 2 times (x 80B)
Class com.google.common.collect.ImmutableMapEntry$NonTerminalImmutableMapEntry        : loaded 2 times (x 83B)
Class com.google.common.collect.AbstractMapBasedMultimap                              : loaded 2 times (x 137B)


---------------  S Y S T E M  ---------------

OS:
 Windows 10 , 64 bit Build 19041 (10.0.19041.4842)
OS uptime: 0 days 0:49 hours

CPU: total 12 (initial active 12) (12 cores per cpu, 2 threads per core) family 23 model 8 stepping 2 microcode 0x0, cx8, cmov, fxsr, ht, mmx, 3dnowpref, sse, sse2, sse3, ssse3, sse4a, sse4.1, sse4.2, popcnt, lzcnt, tsc, tscinvbit, avx, avx2, aes, clmul, bmi1, bmi2, adx, sha, fma, vzeroupper, clflush, clflushopt
Processor Information for all 12 processors :
  Max Mhz: 3200, Current Mhz: 3200, Mhz Limit: 3200

Memory: 4k page, system-wide physical 16308M (1941M free)
TotalPageFile size 18356M (AvailPageFile size 5M)
current process WorkingSet (physical memory assigned to process): 779M, peak: 795M
current process commit charge ("private bytes"): 822M, peak: 868M

vm_info: OpenJDK 64-Bit Server VM (17.0.11+0--11852314) for windows-amd64 JRE (17.0.11+0--11852314), built on May 16 2024 21:29:20 by "androidbuild" with MS VC++ 16.10 / 16.11 (VS2019)

END.
