#
# There is insufficient memory for the Java Runtime Environment to continue.
# Native memory allocation (mmap) failed to map 1151336448 bytes. Error detail: G1 virtual space
# Possible reasons:
#   The system is out of physical RAM or swap space
#   This process is running with CompressedOops enabled, and the Java Heap may be blocking the growth of the native heap
# Possible solutions:
#   Reduce memory load on the system
#   Increase physical memory or swap space
#   Check if swap backing store is full
#   Decrease Java heap size (-Xmx/-Xms)
#   Decrease number of Java threads
#   Decrease Java thread stack sizes (-Xss)
#   Set larger code cache with -XX:ReservedCodeCacheSize=
#   JVM is running with Zero Based Compressed Oops mode in which the Java heap is
#     placed in the first 32GB address space. The Java Heap base address is the
#     maximum limit for the native heap growth. Please use -XX:HeapBaseMinAddress
#     to set the Java Heap base and to place the Java Heap above 32GB virtual address.
# This output file may be truncated or incomplete.
#
#  Out of Memory Error (os_windows.cpp:3825), pid=7004, tid=13484
#
# JRE version: OpenJDK Runtime Environment (17.0.11) (build 17.0.11+0--11852314)
# Java VM: OpenJDK 64-Bit Server VM (17.0.11+0--11852314, mixed mode, tiered, compressed oops, compressed class ptrs, g1 gc, windows-amd64)
# No core dump will be written. Minidumps are not enabled by default on client versions of Windows
#

---------------  S U M M A R Y ------------

Command Line: -XX:MaxMetaspaceSize=2G -XX:+HeapDumpOnOutOfMemoryError --add-opens=java.base/java.util=ALL-UNNAMED --add-opens=java.base/java.lang=ALL-UNNAMED --add-opens=java.base/java.lang.invoke=ALL-UNNAMED --add-opens=java.prefs/java.util.prefs=ALL-UNNAMED --add-opens=java.base/java.nio.charset=ALL-UNNAMED --add-opens=java.base/java.net=ALL-UNNAMED --add-opens=java.base/java.util.concurrent.atomic=ALL-UNNAMED -Xmx4G -Dfile.encoding=windows-1252 -Duser.country=BR -Duser.language=pt -Duser.variant org.gradle.launcher.daemon.bootstrap.GradleDaemon 7.6.3

Host: AMD Ryzen 5 1600 Six-Core Processor            , 12 cores, 15G,  Windows 10 , 64 bit Build 19041 (10.0.19041.4842)
Time: Sat Sep 21 19:35:19 2024 Hora oficial do Brasil elapsed time: 68.307065 seconds (0d 0h 1m 8s)

---------------  T H R E A D  ---------------

Current thread (0x000001efcb90b430):  VMThread "VM Thread" [stack: 0x00000021c9200000,0x00000021c9300000] [id=13484]

Stack: [0x00000021c9200000,0x00000021c9300000]
Native frames: (J=compiled Java code, j=interpreted, Vv=VM code, C=native code)
V  [jvm.dll+0x687bb9]
V  [jvm.dll+0x84142a]
V  [jvm.dll+0x8430ae]
V  [jvm.dll+0x843713]
V  [jvm.dll+0x24a35f]
V  [jvm.dll+0x684989]
V  [jvm.dll+0x67923a]
V  [jvm.dll+0x30af0b]
V  [jvm.dll+0x3123b6]
V  [jvm.dll+0x361dfe]
V  [jvm.dll+0x36202f]
V  [jvm.dll+0x2e0d38]
V  [jvm.dll+0x2df144]
V  [jvm.dll+0x2de74c]
V  [jvm.dll+0x32305b]
V  [jvm.dll+0x847e0b]
V  [jvm.dll+0x848b42]
V  [jvm.dll+0x84905d]
V  [jvm.dll+0x849434]
V  [jvm.dll+0x849500]
V  [jvm.dll+0x7efa4a]
V  [jvm.dll+0x686a35]
C  [ucrtbase.dll+0x21bb2]
C  [KERNEL32.DLL+0x17374]
C  [ntdll.dll+0x4cc91]

VM_Operation (0x00000021d63fb920): G1CollectForAllocation, mode: safepoint, requested by thread 0x000001efd0159440


---------------  P R O C E S S  ---------------

Threads class SMR info:
_java_thread_list=0x000001efe12e5480, length=229, elements={
0x000001efac8f49f0, 0x000001efcb959c60, 0x000001efcb95a930, 0x000001efcb98d8f0,
0x000001efcb9b5590, 0x000001efcb9a71b0, 0x000001efcb9a9a90, 0x000001efcb9aaeb0,
0x000001efcb9ad3e0, 0x000001efcb9c5a00, 0x000001efcbb50070, 0x000001efcbb50580,
0x000001efcbb519c0, 0x000001efcbb50a90, 0x000001efcbb50fa0, 0x000001efcbb51ed0,
0x000001efcbb514b0, 0x000001efcbb523e0, 0x000001efcbb528f0, 0x000001efcbb53310,
0x000001efcbb52e00, 0x000001efcbb53820, 0x000001efd19a6d40, 0x000001efd19a8ba0,
0x000001efd19a3080, 0x000001efd19a6830, 0x000001efd19a8690, 0x000001efd19a90b0,
0x000001efd19a6320, 0x000001efd19a95c0, 0x000001efd19a7c70, 0x000001efd19a49d0,
0x000001efd19a44c0, 0x000001efd19a3590, 0x000001efd19a9ad0, 0x000001efd19a3aa0,
0x000001efd19a3fb0, 0x000001efd48570b0, 0x000001efd48575c0, 0x000001efd4859420,
0x000001efd485ad70, 0x000001efd4859e40, 0x000001efd4858a00, 0x000001efd485b280,
0x000001efd4856180, 0x000001efd4858f10, 0x000001efd485a350, 0x000001efd485b790,
0x000001efd4859930, 0x000001efd485a860, 0x000001efd485db00, 0x000001efd485bca0,
0x000001efd485d0e0, 0x000001efd485c1b0, 0x000001efd4856690, 0x000001efd485c6c0,
0x000001efd485cbd0, 0x000001efd4857ad0, 0x000001efd4857fe0, 0x000001efd48584f0,
0x000001efd313ba10, 0x000001efd3136910, 0x000001efd3134fc0, 0x000001efd3139190,
0x000001efd31396a0, 0x000001efd3138770, 0x000001efd313a0c0, 0x000001efd31354d0,
0x000001efd3136400, 0x000001efd3139bb0, 0x000001efd313aff0, 0x000001efd313aae0,
0x000001efd31359e0, 0x000001efd3135ef0, 0x000001efd3137d50, 0x000001efd3138c80,
0x000001efd313a5d0, 0x000001efd3136e20, 0x000001efd3137330, 0x000001efd313b500,
0x000001efd31345a0, 0x000001efd3137840, 0x000001efd313bf20, 0x000001efd3134ab0,
0x000001efd5cfd110, 0x000001efd5cfe550, 0x000001efd5cfef70, 0x000001efd5d017f0,
0x000001efd5cfa380, 0x000001efd5cfea60, 0x000001efd5d012e0, 0x000001efd5cff480,
0x000001efd5cfc1e0, 0x000001efd5d008c0, 0x000001efd5cff990, 0x000001efd5d00dd0,
0x000001efd5cffea0, 0x000001efd5cfdb30, 0x000001efd5d003b0, 0x000001efd5d01d00,
0x000001efd5cfe040, 0x000001efd5cfa890, 0x000001efd5cfada0, 0x000001efd5cfcc00,
0x000001efd5cfb2b0, 0x000001efd5cfb7c0, 0x000001efd5cfbcd0, 0x000001efd5cfc6f0,
0x000001efd5cfd620, 0x000001efd291b580, 0x000001efd291b070, 0x000001efd2915f70,
0x000001efd2917dd0, 0x000001efd2916ea0, 0x000001efd29173b0, 0x000001efd291ba90,
0x000001efd2915550, 0x000001efd291a650, 0x000001efd29178c0, 0x000001efd29187f0,
0x000001efd29182e0, 0x000001efd291ab60, 0x000001efd291bfa0, 0x000001efd2918d00,
0x000001efd2919210, 0x000001efd2919720, 0x000001efd2915040, 0x000001efd2919c30,
0x000001efd291c4b0, 0x000001efd2916990, 0x000001efd291c9c0, 0x000001efd291a140,
0x000001efd2916480, 0x000001efd2915a60, 0x000001efd0378d70, 0x000001efd0378860,
0x000001efd037c010, 0x000001efd0378350, 0x000001efd0377930, 0x000001efd037b0e0,
0x000001efd037ca30, 0x000001efd037b5f0, 0x000001efd037bb00, 0x000001efd037a1b0,
0x000001efd037de70, 0x000001efd037e890, 0x000001efd037cf40, 0x000001efd037c520,
0x000001efd0379280, 0x000001efd037d450, 0x000001efd037e380, 0x000001efd037f2b0,
0x000001efd0379790, 0x000001efd037eda0, 0x000001efd0379ca0, 0x000001efd037d960,
0x000001efd0377e40, 0x000001efd037abd0, 0x000001efd0177240, 0x000001efd0172140,
0x000001efd0171c30, 0x000001efd0171720, 0x000001efd0176820, 0x000001efd0172b60,
0x000001efd01758f0, 0x000001efd0173a90, 0x000001efd01702e0, 0x000001efd0174ed0,
0x000001efd0173070, 0x000001efd0175e00, 0x000001efd0172650, 0x000001efd0176d30,
0x000001efd0173580, 0x000001efd01753e0, 0x000001efd01707f0, 0x000001efd0173fa0,
0x000001efd0176310, 0x000001efd0170d00, 0x000001efd01744b0, 0x000001efd01749c0,
0x000001efd016fdd0, 0x000001efd0177750, 0x000001efd037a6c0, 0x000001efd7122b50,
0x000001efd7127230, 0x000001efd7121200, 0x000001efd71207e0, 0x000001efd7122130,
0x000001efd7120cf0, 0x000001efd015ea50, 0x000001efd0159440, 0x000001efd0157af0,
0x000001efd015b7b0, 0x000001efd015db20, 0x000001efd015bcc0, 0x000001efd015ef60,
0x000001efd015c6e0, 0x000001efd0158f30, 0x000001efd0159950, 0x000001efd015a370,
0x000001efd015d610, 0x000001efd015f470, 0x000001efd0159e60, 0x000001efd015cbf0,
0x000001efd0158000, 0x000001efd015d100, 0x000001efd015f980, 0x000001efd015fe90,
0x000001efd0162710, 0x000001efd01608b0, 0x000001efd015b2a0, 0x000001efd0160dc0,
0x000001efd0163b50, 0x000001efd0163640, 0x000001efd01612d0, 0x000001efd0164570,
0x000001efd0166df0, 0x000001efd01659b0, 0x000001efd01617e0, 0x000001efd0162c20,
0x000001efd0164060, 0x000001efd330c910, 0x000001efdd8bf9c0, 0x000001efe2fb6230,
0x000001efe2fb0c20, 0x000001efe2fb1130, 0x000001efe2fb2570, 0x000001efe2fb1b50,
0x000001efe2fb3ec0
}

Java Threads: ( => current thread )
  0x000001efac8f49f0 JavaThread "main" [_thread_blocked, id=7532, stack(0x00000021c8c00000,0x00000021c8d00000)]
  0x000001efcb959c60 JavaThread "Reference Handler" daemon [_thread_blocked, id=11032, stack(0x00000021c9300000,0x00000021c9400000)]
  0x000001efcb95a930 JavaThread "Finalizer" daemon [_thread_blocked, id=8788, stack(0x00000021c9400000,0x00000021c9500000)]
  0x000001efcb98d8f0 JavaThread "Signal Dispatcher" daemon [_thread_blocked, id=5448, stack(0x00000021c9500000,0x00000021c9600000)]
  0x000001efcb9b5590 JavaThread "Attach Listener" daemon [_thread_blocked, id=4496, stack(0x00000021c9600000,0x00000021c9700000)]
  0x000001efcb9a71b0 JavaThread "Service Thread" daemon [_thread_blocked, id=6312, stack(0x00000021c9700000,0x00000021c9800000)]
  0x000001efcb9a9a90 JavaThread "Monitor Deflation Thread" daemon [_thread_blocked, id=6132, stack(0x00000021c9800000,0x00000021c9900000)]
  0x000001efcb9aaeb0 JavaThread "C2 CompilerThread0" daemon [_thread_blocked, id=13556, stack(0x00000021c9900000,0x00000021c9a00000)]
  0x000001efcb9ad3e0 JavaThread "C1 CompilerThread0" daemon [_thread_blocked, id=6984, stack(0x00000021c9a00000,0x00000021c9b00000)]
  0x000001efcb9c5a00 JavaThread "Sweeper thread" daemon [_thread_blocked, id=13820, stack(0x00000021c9b00000,0x00000021c9c00000)]
  0x000001efcbb50070 JavaThread "Common-Cleaner" daemon [_thread_blocked, id=13768, stack(0x00000021c9c00000,0x00000021c9d00000)]
  0x000001efcbb50580 JavaThread "Notification Thread" daemon [_thread_blocked, id=5672, stack(0x00000021c9d00000,0x00000021c9e00000)]
  0x000001efcbb519c0 JavaThread "Daemon health stats" [_thread_blocked, id=5544, stack(0x00000021ca600000,0x00000021ca700000)]
  0x000001efcbb50a90 JavaThread "Incoming local TCP Connector on port 50910" [_thread_in_native, id=7984, stack(0x00000021ca700000,0x00000021ca800000)]
  0x000001efcbb50fa0 JavaThread "Daemon periodic checks" [_thread_blocked, id=8876, stack(0x00000021ca800000,0x00000021ca900000)]
  0x000001efcbb51ed0 JavaThread "Daemon" [_thread_blocked, id=7336, stack(0x00000021ca900000,0x00000021caa00000)]
  0x000001efcbb514b0 JavaThread "Handler for socket connection from /127.0.0.1:50910 to /127.0.0.1:50911" [_thread_in_native, id=2784, stack(0x00000021caa00000,0x00000021cab00000)]
  0x000001efcbb523e0 JavaThread "Cancel handler" [_thread_blocked, id=13096, stack(0x00000021cab00000,0x00000021cac00000)]
  0x000001efcbb528f0 JavaThread "Daemon worker" [_thread_blocked, id=8176, stack(0x00000021cac00000,0x00000021cad00000)]
  0x000001efcbb53310 JavaThread "Asynchronous log dispatcher for DefaultDaemonConnection: socket connection from /127.0.0.1:50910 to /127.0.0.1:50911" [_thread_blocked, id=11840, stack(0x00000021cad00000,0x00000021cae00000)]
  0x000001efcbb52e00 JavaThread "Stdin handler" [_thread_blocked, id=14088, stack(0x00000021cae00000,0x00000021caf00000)]
  0x000001efcbb53820 JavaThread "Daemon client event forwarder" [_thread_blocked, id=7172, stack(0x00000021caf00000,0x00000021cb000000)]
  0x000001efd19a6d40 JavaThread "Cache worker for journal cache (C:\Users\DAVID\.gradle\caches\journal-1)" [_thread_blocked, id=12596, stack(0x00000021cb000000,0x00000021cb100000)]
  0x000001efd19a8ba0 JavaThread "File lock request listener" [_thread_in_native, id=11212, stack(0x00000021cb100000,0x00000021cb200000)]
  0x000001efd19a3080 JavaThread "Cache worker for file hash cache (C:\Users\DAVID\.gradle\caches\7.6.3\fileHashes)" [_thread_blocked, id=14256, stack(0x00000021cb800000,0x00000021cb900000)]
  0x000001efd19a6830 JavaThread "File watcher server" daemon [_thread_blocked, id=1784, stack(0x00000021cb900000,0x00000021cba00000)]
  0x000001efd19a8690 JavaThread "File watcher consumer" daemon [_thread_blocked, id=11524, stack(0x00000021cba00000,0x00000021cbb00000)]
  0x000001efd19a90b0 JavaThread "Cache worker for checksums cache (D:\DOCUMENTOS\PROJETO_FLUTTER\dmega\android\.gradle\7.6.3\checksums)" [_thread_blocked, id=3264, stack(0x00000021cbb00000,0x00000021cbc00000)]
  0x000001efd19a6320 JavaThread "Cache worker for cache directory md-rule (C:\Users\DAVID\.gradle\caches\7.6.3\md-rule)" [_thread_blocked, id=9140, stack(0x00000021cbc00000,0x00000021cbd00000)]
  0x000001efd19a95c0 JavaThread "Cache worker for file content cache (C:\Users\DAVID\.gradle\caches\7.6.3\fileContent)" [_thread_blocked, id=7356, stack(0x00000021cbd00000,0x00000021cbe00000)]
  0x000001efd19a7c70 JavaThread "Cache worker for file hash cache (D:\DOCUMENTOS\PROJETO_FLUTTER\dmega\android\.gradle\7.6.3\fileHashes)" [_thread_blocked, id=13576, stack(0x00000021cbe00000,0x00000021cbf00000)]
  0x000001efd19a49d0 JavaThread "Cache worker for cache directory md-supplier (C:\Users\DAVID\.gradle\caches\7.6.3\md-supplier)" [_thread_blocked, id=6012, stack(0x00000021cbf00000,0x00000021cc000000)]
  0x000001efd19a44c0 JavaThread "Cache worker for execution history cache (C:\Users\DAVID\.gradle\caches\7.6.3\executionHistory)" [_thread_blocked, id=13540, stack(0x00000021cc000000,0x00000021cc100000)]
  0x000001efd19a3590 JavaThread "jar transforms" [_thread_blocked, id=7624, stack(0x00000021cc100000,0x00000021cc200000)]
  0x000001efd19a9ad0 JavaThread "Cache worker for kotlin-dsl (C:\Users\DAVID\.gradle\caches\7.6.3\kotlin-dsl)" [_thread_blocked, id=10032, stack(0x00000021cc200000,0x00000021cc300000)]
  0x000001efd19a3aa0 JavaThread "jar transforms Thread 2" [_thread_blocked, id=12988, stack(0x00000021cc300000,0x00000021cc400000)]
  0x000001efd19a3fb0 JavaThread "Cache worker for dependencies-accessors (D:\DOCUMENTOS\PROJETO_FLUTTER\dmega\android\.gradle\7.6.3\dependencies-accessors)" [_thread_blocked, id=13780, stack(0x00000021cc400000,0x00000021cc500000)]
  0x000001efd48570b0 JavaThread "Cache worker for Build Output Cleanup Cache (C:\src\flutter\packages\flutter_tools\gradle\.gradle\buildOutputCleanup)" [_thread_blocked, id=3920, stack(0x00000021cc500000,0x00000021cc600000)]
  0x000001efd48575c0 JavaThread "jar transforms Thread 3" [_thread_blocked, id=7852, stack(0x00000021cc600000,0x00000021cc700000)]
  0x000001efd4859420 JavaThread "Memory manager" [_thread_blocked, id=7920, stack(0x00000021cc700000,0x00000021cc800000)]
  0x000001efd485ad70 JavaThread "jar transforms Thread 4" [_thread_blocked, id=6008, stack(0x00000021cc800000,0x00000021cc900000)]
  0x000001efd4859e40 JavaThread "included builds" [_thread_blocked, id=2588, stack(0x00000021cc900000,0x00000021cca00000)]
  0x000001efd4858a00 JavaThread "Execution worker" [_thread_blocked, id=13396, stack(0x00000021cca00000,0x00000021ccb00000)]
  0x000001efd485b280 JavaThread "Execution worker Thread 2" [_thread_blocked, id=7360, stack(0x00000021ccb00000,0x00000021ccc00000)]
  0x000001efd4856180 JavaThread "Execution worker Thread 3" [_thread_blocked, id=14020, stack(0x00000021ccc00000,0x00000021ccd00000)]
  0x000001efd4858f10 JavaThread "Execution worker Thread 4" [_thread_blocked, id=1928, stack(0x00000021ccd00000,0x00000021cce00000)]
  0x000001efd485a350 JavaThread "Execution worker Thread 5" [_thread_blocked, id=13636, stack(0x00000021cce00000,0x00000021ccf00000)]
  0x000001efd485b790 JavaThread "Execution worker Thread 6" [_thread_blocked, id=12812, stack(0x00000021ccf00000,0x00000021cd000000)]
  0x000001efd4859930 JavaThread "Execution worker Thread 7" [_thread_blocked, id=1932, stack(0x00000021cd000000,0x00000021cd100000)]
  0x000001efd485a860 JavaThread "Execution worker Thread 8" [_thread_blocked, id=5272, stack(0x00000021cd100000,0x00000021cd200000)]
  0x000001efd485db00 JavaThread "Execution worker Thread 9" [_thread_blocked, id=11092, stack(0x00000021cd200000,0x00000021cd300000)]
  0x000001efd485bca0 JavaThread "Execution worker Thread 10" [_thread_blocked, id=5236, stack(0x00000021cd300000,0x00000021cd400000)]
  0x000001efd485d0e0 JavaThread "Execution worker Thread 11" [_thread_blocked, id=12196, stack(0x00000021cd400000,0x00000021cd500000)]
  0x000001efd485c1b0 JavaThread "Cache worker for execution history cache (C:\src\flutter\packages\flutter_tools\gradle\.gradle\7.6.3\executionHistory)" [_thread_blocked, id=12548, stack(0x00000021cd500000,0x00000021cd600000)]
  0x000001efd4856690 JavaThread "Unconstrained build operations" [_thread_blocked, id=14080, stack(0x00000021cd600000,0x00000021cd700000)]
  0x000001efd485c6c0 JavaThread "Unconstrained build operations Thread 2" [_thread_blocked, id=13480, stack(0x00000021cd700000,0x00000021cd800000)]
  0x000001efd485cbd0 JavaThread "Unconstrained build operations Thread 3" [_thread_blocked, id=2880, stack(0x00000021cd800000,0x00000021cd900000)]
  0x000001efd4857ad0 JavaThread "Unconstrained build operations Thread 4" [_thread_blocked, id=1728, stack(0x00000021cd900000,0x00000021cda00000)]
  0x000001efd4857fe0 JavaThread "Unconstrained build operations Thread 5" [_thread_blocked, id=8144, stack(0x00000021cda00000,0x00000021cdb00000)]
  0x000001efd48584f0 JavaThread "Unconstrained build operations Thread 6" [_thread_blocked, id=13960, stack(0x00000021cdb00000,0x00000021cdc00000)]
  0x000001efd313ba10 JavaThread "Unconstrained build operations Thread 7" [_thread_blocked, id=13996, stack(0x00000021cdc00000,0x00000021cdd00000)]
  0x000001efd3136910 JavaThread "Unconstrained build operations Thread 8" [_thread_blocked, id=10768, stack(0x00000021cdd00000,0x00000021cde00000)]
  0x000001efd3134fc0 JavaThread "Unconstrained build operations Thread 9" [_thread_blocked, id=11936, stack(0x00000021cde00000,0x00000021cdf00000)]
  0x000001efd3139190 JavaThread "Unconstrained build operations Thread 10" [_thread_blocked, id=13776, stack(0x00000021cdf00000,0x00000021ce000000)]
  0x000001efd31396a0 JavaThread "Unconstrained build operations Thread 11" [_thread_blocked, id=8608, stack(0x00000021ce000000,0x00000021ce100000)]
  0x000001efd3138770 JavaThread "Unconstrained build operations Thread 12" [_thread_blocked, id=1992, stack(0x00000021ce100000,0x00000021ce200000)]
  0x000001efd313a0c0 JavaThread "Unconstrained build operations Thread 13" [_thread_blocked, id=13864, stack(0x00000021ce200000,0x00000021ce300000)]
  0x000001efd31354d0 JavaThread "Unconstrained build operations Thread 14" [_thread_blocked, id=13980, stack(0x00000021ce300000,0x00000021ce400000)]
  0x000001efd3136400 JavaThread "Unconstrained build operations Thread 15" [_thread_blocked, id=1608, stack(0x00000021ce400000,0x00000021ce500000)]
  0x000001efd3139bb0 JavaThread "Unconstrained build operations Thread 16" [_thread_blocked, id=14276, stack(0x00000021ce500000,0x00000021ce600000)]
  0x000001efd313aff0 JavaThread "Unconstrained build operations Thread 17" [_thread_blocked, id=5384, stack(0x00000021ce600000,0x00000021ce700000)]
  0x000001efd313aae0 JavaThread "Unconstrained build operations Thread 18" [_thread_blocked, id=7024, stack(0x00000021ce700000,0x00000021ce800000)]
  0x000001efd31359e0 JavaThread "Unconstrained build operations Thread 19" [_thread_blocked, id=6612, stack(0x00000021ce800000,0x00000021ce900000)]
  0x000001efd3135ef0 JavaThread "Unconstrained build operations Thread 20" [_thread_blocked, id=3748, stack(0x00000021ce900000,0x00000021cea00000)]
  0x000001efd3137d50 JavaThread "Unconstrained build operations Thread 21" [_thread_blocked, id=7008, stack(0x00000021cea00000,0x00000021ceb00000)]
  0x000001efd3138c80 JavaThread "Unconstrained build operations Thread 22" [_thread_blocked, id=11904, stack(0x00000021ceb00000,0x00000021cec00000)]
  0x000001efd313a5d0 JavaThread "Unconstrained build operations Thread 23" [_thread_blocked, id=13976, stack(0x00000021cec00000,0x00000021ced00000)]
  0x000001efd3136e20 JavaThread "Unconstrained build operations Thread 24" [_thread_blocked, id=13684, stack(0x00000021ced00000,0x00000021cee00000)]
  0x000001efd3137330 JavaThread "Unconstrained build operations Thread 25" [_thread_blocked, id=13352, stack(0x00000021cee00000,0x00000021cef00000)]
  0x000001efd313b500 JavaThread "Unconstrained build operations Thread 26" [_thread_blocked, id=11620, stack(0x00000021cef00000,0x00000021cf000000)]
  0x000001efd31345a0 JavaThread "Unconstrained build operations Thread 27" [_thread_blocked, id=14168, stack(0x00000021cf000000,0x00000021cf100000)]
  0x000001efd3137840 JavaThread "Unconstrained build operations Thread 28" [_thread_blocked, id=6076, stack(0x00000021cf100000,0x00000021cf200000)]
  0x000001efd313bf20 JavaThread "Unconstrained build operations Thread 29" [_thread_blocked, id=8856, stack(0x00000021cf200000,0x00000021cf300000)]
  0x000001efd3134ab0 JavaThread "Unconstrained build operations Thread 30" [_thread_blocked, id=12620, stack(0x00000021cf300000,0x00000021cf400000)]
  0x000001efd5cfd110 JavaThread "Unconstrained build operations Thread 31" [_thread_blocked, id=7868, stack(0x00000021cf400000,0x00000021cf500000)]
  0x000001efd5cfe550 JavaThread "Unconstrained build operations Thread 32" [_thread_blocked, id=12236, stack(0x00000021cf500000,0x00000021cf600000)]
  0x000001efd5cfef70 JavaThread "Unconstrained build operations Thread 33" [_thread_blocked, id=11100, stack(0x00000021cf600000,0x00000021cf700000)]
  0x000001efd5d017f0 JavaThread "Unconstrained build operations Thread 34" [_thread_blocked, id=8036, stack(0x00000021cf700000,0x00000021cf800000)]
  0x000001efd5cfa380 JavaThread "Unconstrained build operations Thread 35" [_thread_blocked, id=9256, stack(0x00000021cf800000,0x00000021cf900000)]
  0x000001efd5cfea60 JavaThread "Unconstrained build operations Thread 36" [_thread_blocked, id=6776, stack(0x00000021cf900000,0x00000021cfa00000)]
  0x000001efd5d012e0 JavaThread "Unconstrained build operations Thread 37" [_thread_blocked, id=6420, stack(0x00000021cfa00000,0x00000021cfb00000)]
  0x000001efd5cff480 JavaThread "Unconstrained build operations Thread 38" [_thread_blocked, id=5824, stack(0x00000021cfb00000,0x00000021cfc00000)]
  0x000001efd5cfc1e0 JavaThread "Unconstrained build operations Thread 39" [_thread_blocked, id=7652, stack(0x00000021cfc00000,0x00000021cfd00000)]
  0x000001efd5d008c0 JavaThread "Unconstrained build operations Thread 40" [_thread_blocked, id=8588, stack(0x00000021cfd00000,0x00000021cfe00000)]
  0x000001efd5cff990 JavaThread "Unconstrained build operations Thread 41" [_thread_blocked, id=6140, stack(0x00000021cfe00000,0x00000021cff00000)]
  0x000001efd5d00dd0 JavaThread "Unconstrained build operations Thread 42" [_thread_blocked, id=10180, stack(0x00000021cff00000,0x00000021d0000000)]
  0x000001efd5cffea0 JavaThread "Unconstrained build operations Thread 43" [_thread_blocked, id=3732, stack(0x00000021d0000000,0x00000021d0100000)]
  0x000001efd5cfdb30 JavaThread "Unconstrained build operations Thread 44" [_thread_blocked, id=9704, stack(0x00000021d0100000,0x00000021d0200000)]
  0x000001efd5d003b0 JavaThread "Unconstrained build operations Thread 45" [_thread_blocked, id=13088, stack(0x00000021d0200000,0x00000021d0300000)]
  0x000001efd5d01d00 JavaThread "Unconstrained build operations Thread 46" [_thread_blocked, id=6448, stack(0x00000021d0300000,0x00000021d0400000)]
  0x000001efd5cfe040 JavaThread "Unconstrained build operations Thread 47" [_thread_blocked, id=556, stack(0x00000021d0400000,0x00000021d0500000)]
  0x000001efd5cfa890 JavaThread "Unconstrained build operations Thread 48" [_thread_blocked, id=4556, stack(0x00000021d0500000,0x00000021d0600000)]
  0x000001efd5cfada0 JavaThread "Unconstrained build operations Thread 49" [_thread_blocked, id=11716, stack(0x00000021d0600000,0x00000021d0700000)]
  0x000001efd5cfcc00 JavaThread "Unconstrained build operations Thread 50" [_thread_blocked, id=14248, stack(0x00000021d0700000,0x00000021d0800000)]
  0x000001efd5cfb2b0 JavaThread "Unconstrained build operations Thread 51" [_thread_blocked, id=9908, stack(0x00000021d0800000,0x00000021d0900000)]
  0x000001efd5cfb7c0 JavaThread "Unconstrained build operations Thread 52" [_thread_blocked, id=6360, stack(0x00000021d0900000,0x00000021d0a00000)]
  0x000001efd5cfbcd0 JavaThread "Unconstrained build operations Thread 53" [_thread_blocked, id=14052, stack(0x00000021d0a00000,0x00000021d0b00000)]
  0x000001efd5cfc6f0 JavaThread "Unconstrained build operations Thread 54" [_thread_blocked, id=468, stack(0x00000021d0b00000,0x00000021d0c00000)]
  0x000001efd5cfd620 JavaThread "Unconstrained build operations Thread 55" [_thread_blocked, id=10048, stack(0x00000021d0c00000,0x00000021d0d00000)]
  0x000001efd291b580 JavaThread "Unconstrained build operations Thread 56" [_thread_blocked, id=8104, stack(0x00000021d0d00000,0x00000021d0e00000)]
  0x000001efd291b070 JavaThread "Unconstrained build operations Thread 57" [_thread_blocked, id=11704, stack(0x00000021d0e00000,0x00000021d0f00000)]
  0x000001efd2915f70 JavaThread "Unconstrained build operations Thread 58" [_thread_blocked, id=7692, stack(0x00000021d0f00000,0x00000021d1000000)]
  0x000001efd2917dd0 JavaThread "Unconstrained build operations Thread 59" [_thread_blocked, id=6044, stack(0x00000021d1000000,0x00000021d1100000)]
  0x000001efd2916ea0 JavaThread "Unconstrained build operations Thread 60" [_thread_blocked, id=13340, stack(0x00000021d1100000,0x00000021d1200000)]
  0x000001efd29173b0 JavaThread "Unconstrained build operations Thread 61" [_thread_blocked, id=8584, stack(0x00000021d1200000,0x00000021d1300000)]
  0x000001efd291ba90 JavaThread "Unconstrained build operations Thread 62" [_thread_blocked, id=5736, stack(0x00000021d1300000,0x00000021d1400000)]
  0x000001efd2915550 JavaThread "Unconstrained build operations Thread 63" [_thread_blocked, id=1556, stack(0x00000021d1400000,0x00000021d1500000)]
  0x000001efd291a650 JavaThread "Unconstrained build operations Thread 64" [_thread_blocked, id=13500, stack(0x00000021d1500000,0x00000021d1600000)]
  0x000001efd29178c0 JavaThread "Unconstrained build operations Thread 65" [_thread_blocked, id=13368, stack(0x00000021d1600000,0x00000021d1700000)]
  0x000001efd29187f0 JavaThread "Unconstrained build operations Thread 66" [_thread_blocked, id=9784, stack(0x00000021d1700000,0x00000021d1800000)]
  0x000001efd29182e0 JavaThread "Unconstrained build operations Thread 67" [_thread_blocked, id=13404, stack(0x00000021d1800000,0x00000021d1900000)]
  0x000001efd291ab60 JavaThread "Unconstrained build operations Thread 68" [_thread_blocked, id=8392, stack(0x00000021d1900000,0x00000021d1a00000)]
  0x000001efd291bfa0 JavaThread "Unconstrained build operations Thread 69" [_thread_blocked, id=8592, stack(0x00000021d1a00000,0x00000021d1b00000)]
  0x000001efd2918d00 JavaThread "Unconstrained build operations Thread 70" [_thread_blocked, id=10572, stack(0x00000021d1b00000,0x00000021d1c00000)]
  0x000001efd2919210 JavaThread "Unconstrained build operations Thread 71" [_thread_blocked, id=14092, stack(0x00000021d1c00000,0x00000021d1d00000)]
  0x000001efd2919720 JavaThread "Unconstrained build operations Thread 72" [_thread_blocked, id=8280, stack(0x00000021d1d00000,0x00000021d1e00000)]
  0x000001efd2915040 JavaThread "Unconstrained build operations Thread 73" [_thread_blocked, id=4548, stack(0x00000021d1e00000,0x00000021d1f00000)]
  0x000001efd2919c30 JavaThread "Unconstrained build operations Thread 74" [_thread_blocked, id=3940, stack(0x00000021d1f00000,0x00000021d2000000)]
  0x000001efd291c4b0 JavaThread "Unconstrained build operations Thread 75" [_thread_blocked, id=13512, stack(0x00000021d2000000,0x00000021d2100000)]
  0x000001efd2916990 JavaThread "Unconstrained build operations Thread 76" [_thread_blocked, id=12048, stack(0x00000021d2100000,0x00000021d2200000)]
  0x000001efd291c9c0 JavaThread "Unconstrained build operations Thread 77" [_thread_blocked, id=13092, stack(0x00000021d2200000,0x00000021d2300000)]
  0x000001efd291a140 JavaThread "Unconstrained build operations Thread 78" [_thread_blocked, id=11788, stack(0x00000021d2300000,0x00000021d2400000)]
  0x000001efd2916480 JavaThread "Unconstrained build operations Thread 79" [_thread_blocked, id=13284, stack(0x00000021d2400000,0x00000021d2500000)]
  0x000001efd2915a60 JavaThread "Unconstrained build operations Thread 80" [_thread_blocked, id=12948, stack(0x00000021d2500000,0x00000021d2600000)]
  0x000001efd0378d70 JavaThread "Unconstrained build operations Thread 81" [_thread_blocked, id=12600, stack(0x00000021d2600000,0x00000021d2700000)]
  0x000001efd0378860 JavaThread "Unconstrained build operations Thread 82" [_thread_blocked, id=11068, stack(0x00000021d2700000,0x00000021d2800000)]
  0x000001efd037c010 JavaThread "Unconstrained build operations Thread 83" [_thread_blocked, id=2372, stack(0x00000021d2800000,0x00000021d2900000)]
  0x000001efd0378350 JavaThread "Unconstrained build operations Thread 84" [_thread_blocked, id=5276, stack(0x00000021d2900000,0x00000021d2a00000)]
  0x000001efd0377930 JavaThread "Unconstrained build operations Thread 85" [_thread_blocked, id=8552, stack(0x00000021d2a00000,0x00000021d2b00000)]
  0x000001efd037b0e0 JavaThread "Unconstrained build operations Thread 86" [_thread_blocked, id=3664, stack(0x00000021d2b00000,0x00000021d2c00000)]
  0x000001efd037ca30 JavaThread "Unconstrained build operations Thread 87" [_thread_blocked, id=8116, stack(0x00000021d2c00000,0x00000021d2d00000)]
  0x000001efd037b5f0 JavaThread "Unconstrained build operations Thread 88" [_thread_blocked, id=4356, stack(0x00000021d2d00000,0x00000021d2e00000)]
  0x000001efd037bb00 JavaThread "Unconstrained build operations Thread 89" [_thread_blocked, id=1604, stack(0x00000021d2e00000,0x00000021d2f00000)]
  0x000001efd037a1b0 JavaThread "Unconstrained build operations Thread 90" [_thread_blocked, id=8324, stack(0x00000021d2f00000,0x00000021d3000000)]
  0x000001efd037de70 JavaThread "Unconstrained build operations Thread 91" [_thread_blocked, id=10320, stack(0x00000021d3000000,0x00000021d3100000)]
  0x000001efd037e890 JavaThread "Unconstrained build operations Thread 92" [_thread_blocked, id=5080, stack(0x00000021d3100000,0x00000021d3200000)]
  0x000001efd037cf40 JavaThread "Unconstrained build operations Thread 93" [_thread_blocked, id=7724, stack(0x00000021d3200000,0x00000021d3300000)]
  0x000001efd037c520 JavaThread "Unconstrained build operations Thread 94" [_thread_blocked, id=12052, stack(0x00000021d3300000,0x00000021d3400000)]
  0x000001efd0379280 JavaThread "Unconstrained build operations Thread 95" [_thread_blocked, id=12448, stack(0x00000021d3400000,0x00000021d3500000)]
  0x000001efd037d450 JavaThread "Unconstrained build operations Thread 96" [_thread_blocked, id=13172, stack(0x00000021d3500000,0x00000021d3600000)]
  0x000001efd037e380 JavaThread "Unconstrained build operations Thread 97" [_thread_blocked, id=1820, stack(0x00000021d3600000,0x00000021d3700000)]
  0x000001efd037f2b0 JavaThread "Unconstrained build operations Thread 98" [_thread_blocked, id=12300, stack(0x00000021d3700000,0x00000021d3800000)]
  0x000001efd0379790 JavaThread "Unconstrained build operations Thread 99" [_thread_blocked, id=6804, stack(0x00000021d3800000,0x00000021d3900000)]
  0x000001efd037eda0 JavaThread "Unconstrained build operations Thread 100" [_thread_blocked, id=12976, stack(0x00000021d3900000,0x00000021d3a00000)]
  0x000001efd0379ca0 JavaThread "Unconstrained build operations Thread 101" [_thread_blocked, id=10364, stack(0x00000021d3a00000,0x00000021d3b00000)]
  0x000001efd037d960 JavaThread "Unconstrained build operations Thread 102" [_thread_blocked, id=1264, stack(0x00000021d3b00000,0x00000021d3c00000)]
  0x000001efd0377e40 JavaThread "Unconstrained build operations Thread 103" [_thread_blocked, id=9188, stack(0x00000021d3c00000,0x00000021d3d00000)]
  0x000001efd037abd0 JavaThread "Unconstrained build operations Thread 104" [_thread_blocked, id=13084, stack(0x00000021d3d00000,0x00000021d3e00000)]
  0x000001efd0177240 JavaThread "Unconstrained build operations Thread 105" [_thread_blocked, id=5588, stack(0x00000021d3e00000,0x00000021d3f00000)]
  0x000001efd0172140 JavaThread "Unconstrained build operations Thread 106" [_thread_blocked, id=2264, stack(0x00000021d3f00000,0x00000021d4000000)]
  0x000001efd0171c30 JavaThread "Unconstrained build operations Thread 107" [_thread_blocked, id=13324, stack(0x00000021d4000000,0x00000021d4100000)]
  0x000001efd0171720 JavaThread "Unconstrained build operations Thread 108" [_thread_blocked, id=3120, stack(0x00000021d4100000,0x00000021d4200000)]
  0x000001efd0176820 JavaThread "Unconstrained build operations Thread 109" [_thread_blocked, id=14324, stack(0x00000021d4200000,0x00000021d4300000)]
  0x000001efd0172b60 JavaThread "Unconstrained build operations Thread 110" [_thread_blocked, id=8564, stack(0x00000021d4300000,0x00000021d4400000)]
  0x000001efd01758f0 JavaThread "Unconstrained build operations Thread 111" [_thread_blocked, id=13644, stack(0x00000021d4400000,0x00000021d4500000)]
  0x000001efd0173a90 JavaThread "Unconstrained build operations Thread 112" [_thread_blocked, id=7956, stack(0x00000021d4500000,0x00000021d4600000)]
  0x000001efd01702e0 JavaThread "Unconstrained build operations Thread 113" [_thread_blocked, id=1252, stack(0x00000021d4600000,0x00000021d4700000)]
  0x000001efd0174ed0 JavaThread "Unconstrained build operations Thread 114" [_thread_blocked, id=6204, stack(0x00000021d4700000,0x00000021d4800000)]
  0x000001efd0173070 JavaThread "Unconstrained build operations Thread 115" [_thread_blocked, id=10428, stack(0x00000021d4800000,0x00000021d4900000)]
  0x000001efd0175e00 JavaThread "Unconstrained build operations Thread 116" [_thread_blocked, id=6408, stack(0x00000021d4900000,0x00000021d4a00000)]
  0x000001efd0172650 JavaThread "Unconstrained build operations Thread 117" [_thread_blocked, id=12668, stack(0x00000021d4a00000,0x00000021d4b00000)]
  0x000001efd0176d30 JavaThread "Unconstrained build operations Thread 118" [_thread_blocked, id=6116, stack(0x00000021d4b00000,0x00000021d4c00000)]
  0x000001efd0173580 JavaThread "Unconstrained build operations Thread 119" [_thread_blocked, id=10248, stack(0x00000021d4c00000,0x00000021d4d00000)]
  0x000001efd01753e0 JavaThread "Unconstrained build operations Thread 120" [_thread_blocked, id=8636, stack(0x00000021d4d00000,0x00000021d4e00000)]
  0x000001efd01707f0 JavaThread "jar transforms Thread 5" [_thread_blocked, id=11752, stack(0x00000021d4e00000,0x00000021d4f00000)]
  0x000001efd0173fa0 JavaThread "jar transforms Thread 6" [_thread_blocked, id=10820, stack(0x00000021d4f00000,0x00000021d5000000)]
  0x000001efd0176310 JavaThread "jar transforms Thread 7" [_thread_blocked, id=13412, stack(0x00000021d5000000,0x00000021d5100000)]
  0x000001efd0170d00 JavaThread "jar transforms Thread 8" [_thread_blocked, id=13612, stack(0x00000021d5100000,0x00000021d5200000)]
  0x000001efd01744b0 JavaThread "jar transforms Thread 9" [_thread_blocked, id=13420, stack(0x00000021d5200000,0x00000021d5300000)]
  0x000001efd01749c0 JavaThread "jar transforms Thread 10" [_thread_blocked, id=13332, stack(0x00000021d5300000,0x00000021d5400000)]
  0x000001efd016fdd0 JavaThread "jar transforms Thread 11" [_thread_blocked, id=7064, stack(0x00000021d5400000,0x00000021d5500000)]
  0x000001efd0177750 JavaThread "jar transforms Thread 12" [_thread_blocked, id=13388, stack(0x00000021d5500000,0x00000021d5600000)]
  0x000001efd037a6c0 JavaThread "Cache worker for Build Output Cleanup Cache (D:\DOCUMENTOS\PROJETO_FLUTTER\dmega\android\.gradle\buildOutputCleanup)" [_thread_blocked, id=6344, stack(0x00000021d5600000,0x00000021d5700000)]
  0x000001efd7122b50 JavaThread "Cache worker for execution history cache (D:\DOCUMENTOS\PROJETO_FLUTTER\dmega\android\.gradle\7.6.3\executionHistory)" [_thread_blocked, id=7696, stack(0x00000021d5700000,0x00000021d5800000)]
  0x000001efd7127230 JavaThread "Exec process" [_thread_blocked, id=14164, stack(0x00000021d5800000,0x00000021d5900000)]
  0x000001efd7121200 JavaThread "Exec process Thread 2" [_thread_blocked, id=8296, stack(0x00000021d5900000,0x00000021d5a00000)]
  0x000001efd71207e0 JavaThread "Exec process Thread 3" [_thread_blocked, id=7980, stack(0x00000021d5a00000,0x00000021d5b00000)]
  0x000001efd7122130 JavaThread "WorkerExecutor Queue" [_thread_blocked, id=8496, stack(0x00000021d5d00000,0x00000021d5e00000)]
  0x000001efd7120cf0 JavaThread "WorkerExecutor Queue Thread 2" [_thread_blocked, id=7916, stack(0x00000021d5e00000,0x00000021d5f00000)]
  0x000001efd015ea50 JavaThread "WorkerExecutor Queue Thread 5" [_thread_blocked, id=3184, stack(0x00000021d6200000,0x00000021d6300000)]
  0x000001efd0159440 JavaThread "WorkerExecutor Queue Thread 6" [_thread_blocked, id=6584, stack(0x00000021d6300000,0x00000021d6400000)]
  0x000001efd0157af0 JavaThread "WorkerExecutor Queue Thread 7" [_thread_blocked, id=4500, stack(0x00000021d6400000,0x00000021d6500000)]
  0x000001efd015b7b0 JavaThread "WorkerExecutor Queue Thread 8" [_thread_blocked, id=10568, stack(0x00000021d6500000,0x00000021d6600000)]
  0x000001efd015db20 JavaThread "WorkerExecutor Queue Thread 9" [_thread_blocked, id=2008, stack(0x00000021d6600000,0x00000021d6700000)]
  0x000001efd015bcc0 JavaThread "RMI Scheduler(0)" daemon [_thread_blocked, id=9172, stack(0x00000021d6000000,0x00000021d6100000)]
  0x000001efd015ef60 JavaThread "RMI GC Daemon" daemon [_thread_blocked, id=8872, stack(0x00000021d6800000,0x00000021d6900000)]
  0x000001efd015c6e0 JavaThread "RMI TCP Accept-0" daemon [_thread_in_native, id=6292, stack(0x00000021d6900000,0x00000021d6a00000)]
  0x000001efd0158f30 JavaThread "RMI Reaper" [_thread_blocked, id=6400, stack(0x00000021d6a00000,0x00000021d6b00000)]
  0x000001efd0159950 JavaThread "RMI TCP Connection(1)-127.0.0.1" daemon [_thread_in_native, id=8796, stack(0x00000021d6b00000,0x00000021d6c00000)]
  0x000001efd015a370 JavaThread "WorkerExecutor Queue Thread 10" [_thread_blocked, id=8172, stack(0x00000021d6c00000,0x00000021d6d00000)]
  0x000001efd015d610 JavaThread "WorkerExecutor Queue Thread 11" [_thread_blocked, id=9608, stack(0x00000021d6d00000,0x00000021d6e00000)]
  0x000001efd015f470 JavaThread "WorkerExecutor Queue Thread 12" [_thread_blocked, id=11408, stack(0x00000021d6e00000,0x00000021d6f00000)]
  0x000001efd0159e60 JavaThread "WorkerExecutor Queue Thread 13" [_thread_blocked, id=7792, stack(0x00000021d6f00000,0x00000021d7000000)]
  0x000001efd015cbf0 JavaThread "pool-3-thread-1" [_thread_blocked, id=4812, stack(0x00000021d7000000,0x00000021d7100000)]
  0x000001efd0158000 JavaThread "stderr" [_thread_in_native, id=12488, stack(0x00000021d7100000,0x00000021d7200000)]
  0x000001efd015d100 JavaThread "stdout" [_thread_in_native, id=11804, stack(0x00000021d7200000,0x00000021d7300000)]
  0x000001efd015f980 JavaThread "stderr" [_thread_in_native, id=13036, stack(0x00000021d7300000,0x00000021d7400000)]
  0x000001efd015fe90 JavaThread "stdout" [_thread_in_native, id=1908, stack(0x00000021d7400000,0x00000021d7500000)]
  0x000001efd0162710 JavaThread "stderr" [_thread_in_native, id=3716, stack(0x00000021d7500000,0x00000021d7600000)]
  0x000001efd01608b0 JavaThread "stdout" [_thread_in_native, id=11040, stack(0x00000021d7600000,0x00000021d7700000)]
  0x000001efd015b2a0 JavaThread "stderr" [_thread_in_native, id=2864, stack(0x00000021d7700000,0x00000021d7800000)]
  0x000001efd0160dc0 JavaThread "stdout" [_thread_in_native, id=10256, stack(0x00000021d7800000,0x00000021d7900000)]
  0x000001efd0163b50 JavaThread "stderr" [_thread_in_native, id=12444, stack(0x00000021d7900000,0x00000021d7a00000)]
  0x000001efd0163640 JavaThread "stdout" [_thread_in_native, id=13972, stack(0x00000021d7a00000,0x00000021d7b00000)]
  0x000001efd01612d0 JavaThread "stderr" [_thread_in_native, id=5196, stack(0x00000021d7b00000,0x00000021d7c00000)]
  0x000001efd0164570 JavaThread "stdout" [_thread_in_native, id=7116, stack(0x00000021d7c00000,0x00000021d7d00000)]
  0x000001efd0166df0 JavaThread "stderr" [_thread_in_native, id=2160, stack(0x00000021d7d00000,0x00000021d7e00000)]
  0x000001efd01659b0 JavaThread "stdout" [_thread_in_native, id=12716, stack(0x00000021d7e00000,0x00000021d7f00000)]
  0x000001efd01617e0 JavaThread "stderr" [_thread_in_native, id=14320, stack(0x00000021d7f00000,0x00000021d8000000)]
  0x000001efd0162c20 JavaThread "stdout" [_thread_in_native, id=5696, stack(0x00000021d8000000,0x00000021d8100000)]
  0x000001efd0164060 JavaThread "WorkerExecutor Queue Thread 14" [_thread_blocked, id=10928, stack(0x00000021c8a00000,0x00000021c8b00000)]
  0x000001efd330c910 JavaThread "C2 CompilerThread1" daemon [_thread_blocked, id=11280, stack(0x00000021c8b00000,0x00000021c8c00000)]
  0x000001efdd8bf9c0 JavaThread "C2 CompilerThread2" daemon [_thread_in_native, id=7680, stack(0x00000021d5b00000,0x00000021d5c00000)]
  0x000001efe2fb6230 JavaThread "ForkJoinPool-1-worker-1" daemon [_thread_blocked, id=13048, stack(0x00000021d5c00000,0x00000021d5d00000)]
  0x000001efe2fb0c20 JavaThread "ForkJoinPool-1-worker-2" daemon [_thread_blocked, id=7988, stack(0x00000021d5f00000,0x00000021d6000000)]
  0x000001efe2fb1130 JavaThread "ForkJoinPool-1-worker-3" daemon [_thread_blocked, id=11096, stack(0x00000021d6100000,0x00000021d6200000)]
  0x000001efe2fb2570 JavaThread "ForkJoinPool-1-worker-4" daemon [_thread_blocked, id=7460, stack(0x00000021d6700000,0x00000021d6800000)]
  0x000001efe2fb1b50 JavaThread "ForkJoinPool-1-worker-5" daemon [_thread_blocked, id=8948, stack(0x00000021d8100000,0x00000021d8200000)]
  0x000001efe2fb3ec0 JavaThread "ForkJoinPool-1-worker-6" daemon [_thread_blocked, id=3292, stack(0x00000021d8200000,0x00000021d8300000)]

Other Threads:
=>0x000001efcb90b430 VMThread "VM Thread" [stack: 0x00000021c9200000,0x00000021c9300000] [id=13484]
  0x000001efcb7b26c0 WatcherThread [stack: 0x00000021c9e00000,0x00000021c9f00000] [id=11048]
  0x000001efac964720 GCTaskThread "GC Thread#0" [stack: 0x00000021c8d00000,0x00000021c8e00000] [id=568]
  0x000001efd0b3dab0 GCTaskThread "GC Thread#1" [stack: 0x00000021ca100000,0x00000021ca200000] [id=2364]
  0x000001efd1152140 GCTaskThread "GC Thread#2" [stack: 0x00000021ca200000,0x00000021ca300000] [id=2420]
  0x000001efd0f671e0 GCTaskThread "GC Thread#3" [stack: 0x00000021ca300000,0x00000021ca400000] [id=2412]
  0x000001efd0f674a0 GCTaskThread "GC Thread#4" [stack: 0x00000021ca400000,0x00000021ca500000] [id=2416]
  0x000001efd0f67760 GCTaskThread "GC Thread#5" [stack: 0x00000021ca500000,0x00000021ca600000] [id=2256]
  0x000001efd12cc370 GCTaskThread "GC Thread#6" [stack: 0x00000021cb200000,0x00000021cb300000] [id=4712]
  0x000001efd2199930 GCTaskThread "GC Thread#7" [stack: 0x00000021cb300000,0x00000021cb400000] [id=8492]
  0x000001efd1948bf0 GCTaskThread "GC Thread#8" [stack: 0x00000021cb400000,0x00000021cb500000] [id=6160]
  0x000001efd0d659b0 GCTaskThread "GC Thread#9" [stack: 0x00000021cb500000,0x00000021cb600000] [id=11648]
  0x000001efac976490 ConcurrentGCThread "G1 Main Marker" [stack: 0x00000021c8e00000,0x00000021c8f00000] [id=7604]
  0x000001efac977460 ConcurrentGCThread "G1 Conc#0" [stack: 0x00000021c8f00000,0x00000021c9000000] [id=240]
  0x000001efd1e62de0 ConcurrentGCThread "G1 Conc#1" [stack: 0x00000021cb600000,0x00000021cb700000] [id=5692]
  0x000001efd1ef54d0 ConcurrentGCThread "G1 Conc#2" [stack: 0x00000021cb700000,0x00000021cb800000] [id=13964]
  0x000001efac9ae070 ConcurrentGCThread "G1 Refine#0" [stack: 0x00000021c9000000,0x00000021c9100000] [id=12376]
  0x000001efde9498e0 ConcurrentGCThread "G1 Refine#1" [stack: 0x00000021d8300000,0x00000021d8400000] [id=10716]
  0x000001efde948a30 ConcurrentGCThread "G1 Refine#2" [stack: 0x00000021d8400000,0x00000021d8500000] [id=8568]
  0x000001efde9495f0 ConcurrentGCThread "G1 Refine#3" [stack: 0x00000021d8500000,0x00000021d8600000] [id=6276]
  0x000001efde948d20 ConcurrentGCThread "G1 Refine#4" [stack: 0x00000021d8600000,0x00000021d8700000] [id=13708]
  0x000001efde947890 ConcurrentGCThread "G1 Refine#5" [stack: 0x00000021d8700000,0x00000021d8800000] [id=4432]
  0x000001efde947b80 ConcurrentGCThread "G1 Refine#6" [stack: 0x00000021d8a00000,0x00000021d8b00000] [id=11236]
  0x000001efde948450 ConcurrentGCThread "G1 Refine#7" [stack: 0x00000021d8b00000,0x00000021d8c00000] [id=6800]
  0x000001efde947e70 ConcurrentGCThread "G1 Refine#8" [stack: 0x00000021d8c00000,0x00000021d8d00000] [id=4780]
  0x000001efac9ae8b0 ConcurrentGCThread "G1 Service" [stack: 0x00000021c9100000,0x00000021c9200000] [id=13024]

Threads with active compile tasks:
C2 CompilerThread0    68345 28461       4       groovyjarjarantlr4.v4.runtime.atn.PredictionContext::join (569 bytes)
C2 CompilerThread1    68345 28412       4       groovyjarjarantlr4.v4.runtime.atn.ParserATNSimulator::closure (784 bytes)
C2 CompilerThread2    68345 28099 %     4       com.android.tools.r8.internal.Pa::a @ 80 (6176 bytes)

VM state: at safepoint (normal execution)

VM Mutex/Monitor currently owned by a thread:  ([mutex/lock_event])
[0x000001efac8f09d0] Threads_lock - owner thread: 0x000001efcb90b430
[0x000001efac8f0e50] Heap_lock - owner thread: 0x000001efd0159440

Heap address: 0x0000000700000000, size: 4096 MB, Compressed Oops mode: Zero based, Oop shift amount: 3

CDS archive(s) not mapped
Compressed class space mapped at: 0x0000000800000000-0x0000000840000000, reserved size: 1073741824
Narrow klass base: 0x0000000800000000, Narrow klass shift: 0, Narrow klass range: 0x40000000

GC Precious Log:
 CPUs: 12 total, 12 available
 Memory: 16308M
 Large Page Support: Disabled
 NUMA Support: Disabled
 Compressed Oops: Enabled (Zero based)
 Heap Region Size: 2M
 Heap Min Capacity: 8M
 Heap Initial Capacity: 256M
 Heap Max Capacity: 4G
 Pre-touch: Disabled
 Parallel Workers: 10
 Concurrent Workers: 3
 Concurrent Refinement Workers: 10
 Periodic GC: Disabled

Heap:
 garbage-first heap   total 804864K, used 433820K [0x0000000700000000, 0x0000000800000000)
  region size 2048K, 3 young (6144K), 3 survivors (6144K)
 Metaspace       used 196512K, committed 197824K, reserved 1245184K
  class space    used 25755K, committed 26304K, reserved 1048576K

Heap Regions: E=young(eden), S=young(survivor), O=old, HS=humongous(starts), HC=humongous(continues), CS=collection set, F=free, OA=open archive, CA=closed archive, TAMS=top-at-mark-start (previous, next)
|   0|0x0000000700000000, 0x0000000700200000, 0x0000000700200000|100%|HS|  |TAMS 0x0000000700200000, 0x0000000700000000| Complete 
|   1|0x0000000700200000, 0x0000000700400000, 0x0000000700400000|100%|HC|  |TAMS 0x0000000700400000, 0x0000000700200000| Complete 
|   2|0x0000000700400000, 0x0000000700600000, 0x0000000700600000|100%| O|  |TAMS 0x0000000700600000, 0x0000000700400000| Untracked 
|   3|0x0000000700600000, 0x0000000700800000, 0x0000000700800000|100%| O|  |TAMS 0x0000000700800000, 0x0000000700600000| Untracked 
|   4|0x0000000700800000, 0x0000000700a00000, 0x0000000700a00000|100%| O|  |TAMS 0x0000000700a00000, 0x0000000700800000| Untracked 
|   5|0x0000000700a00000, 0x0000000700c00000, 0x0000000700c00000|100%| O|  |TAMS 0x0000000700c00000, 0x0000000700a00000| Untracked 
|   6|0x0000000700c00000, 0x0000000700e00000, 0x0000000700e00000|100%| O|  |TAMS 0x0000000700e00000, 0x0000000700c00000| Untracked 
|   7|0x0000000700e00000, 0x0000000701000000, 0x0000000701000000|100%| O|  |TAMS 0x0000000701000000, 0x0000000700e00000| Untracked 
|   8|0x0000000701000000, 0x0000000701200000, 0x0000000701200000|100%| O|  |TAMS 0x0000000701200000, 0x0000000701000000| Untracked 
|   9|0x0000000701200000, 0x0000000701400000, 0x0000000701400000|100%| O|  |TAMS 0x0000000701400000, 0x0000000701200000| Untracked 
|  10|0x0000000701400000, 0x0000000701600000, 0x0000000701600000|100%| O|  |TAMS 0x0000000701600000, 0x0000000701400000| Untracked 
|  11|0x0000000701600000, 0x0000000701800000, 0x0000000701800000|100%| O|  |TAMS 0x0000000701800000, 0x0000000701600000| Untracked 
|  12|0x0000000701800000, 0x0000000701a00000, 0x0000000701a00000|100%| O|  |TAMS 0x0000000701a00000, 0x0000000701800000| Untracked 
|  13|0x0000000701a00000, 0x0000000701c00000, 0x0000000701c00000|100%| O|  |TAMS 0x0000000701c00000, 0x0000000701a00000| Untracked 
|  14|0x0000000701c00000, 0x0000000701e00000, 0x0000000701e00000|100%| O|  |TAMS 0x0000000701e00000, 0x0000000701c00000| Untracked 
|  15|0x0000000701e00000, 0x0000000702000000, 0x0000000702000000|100%| O|  |TAMS 0x0000000702000000, 0x0000000701e00000| Untracked 
|  16|0x0000000702000000, 0x0000000702200000, 0x0000000702200000|100%| O|  |TAMS 0x0000000702200000, 0x0000000702000000| Untracked 
|  17|0x0000000702200000, 0x0000000702400000, 0x0000000702400000|100%| O|  |TAMS 0x0000000702400000, 0x0000000702200000| Untracked 
|  18|0x0000000702400000, 0x0000000702600000, 0x0000000702600000|100%| O|  |TAMS 0x0000000702600000, 0x0000000702400000| Untracked 
|  19|0x0000000702600000, 0x0000000702800000, 0x0000000702800000|100%| O|  |TAMS 0x0000000702800000, 0x0000000702600000| Untracked 
|  20|0x0000000702800000, 0x0000000702a00000, 0x0000000702a00000|100%|HS|  |TAMS 0x0000000702a00000, 0x0000000702800000| Complete 
|  21|0x0000000702a00000, 0x0000000702c00000, 0x0000000702c00000|100%|HC|  |TAMS 0x0000000702c00000, 0x0000000702a00000| Complete 
|  22|0x0000000702c00000, 0x0000000702e00000, 0x0000000702e00000|100%| O|  |TAMS 0x0000000702e00000, 0x0000000702c00000| Untracked 
|  23|0x0000000702e00000, 0x0000000703000000, 0x0000000703000000|100%| O|  |TAMS 0x0000000703000000, 0x0000000702e00000| Untracked 
|  24|0x0000000703000000, 0x0000000703200000, 0x0000000703200000|100%| O|  |TAMS 0x0000000703200000, 0x0000000703000000| Untracked 
|  25|0x0000000703200000, 0x0000000703400000, 0x0000000703400000|100%|HS|  |TAMS 0x0000000703400000, 0x0000000703200000| Complete 
|  26|0x0000000703400000, 0x0000000703600000, 0x0000000703600000|100%| O|  |TAMS 0x0000000703600000, 0x0000000703400000| Untracked 
|  27|0x0000000703600000, 0x0000000703800000, 0x0000000703800000|100%| O|  |TAMS 0x0000000703800000, 0x0000000703600000| Untracked 
|  28|0x0000000703800000, 0x0000000703a00000, 0x0000000703a00000|100%| O|  |TAMS 0x0000000703a00000, 0x0000000703800000| Untracked 
|  29|0x0000000703a00000, 0x0000000703c00000, 0x0000000703c00000|100%| O|  |TAMS 0x0000000703c00000, 0x0000000703a00000| Untracked 
|  30|0x0000000703c00000, 0x0000000703e00000, 0x0000000703e00000|100%| O|  |TAMS 0x0000000703e00000, 0x0000000703c00000| Untracked 
|  31|0x0000000703e00000, 0x0000000704000000, 0x0000000704000000|100%| O|  |TAMS 0x0000000704000000, 0x0000000703e00000| Untracked 
|  32|0x0000000704000000, 0x0000000704200000, 0x0000000704200000|100%| O|  |TAMS 0x0000000704200000, 0x0000000704000000| Untracked 
|  33|0x0000000704200000, 0x0000000704400000, 0x0000000704400000|100%| O|  |TAMS 0x0000000704400000, 0x0000000704200000| Untracked 
|  34|0x0000000704400000, 0x0000000704600000, 0x0000000704600000|100%| O|  |TAMS 0x0000000704600000, 0x0000000704400000| Untracked 
|  35|0x0000000704600000, 0x0000000704800000, 0x0000000704800000|100%| O|  |TAMS 0x0000000704800000, 0x0000000704600000| Untracked 
|  36|0x0000000704800000, 0x0000000704a00000, 0x0000000704a00000|100%| O|  |TAMS 0x0000000704a00000, 0x0000000704800000| Untracked 
|  37|0x0000000704a00000, 0x0000000704c00000, 0x0000000704c00000|100%| O|  |TAMS 0x0000000704c00000, 0x0000000704a00000| Untracked 
|  38|0x0000000704c00000, 0x0000000704e00000, 0x0000000704e00000|100%| O|  |TAMS 0x0000000704e00000, 0x0000000704c00000| Untracked 
|  39|0x0000000704e00000, 0x0000000705000000, 0x0000000705000000|100%| O|  |TAMS 0x0000000705000000, 0x0000000704e00000| Untracked 
|  40|0x0000000705000000, 0x0000000705200000, 0x0000000705200000|100%| O|  |TAMS 0x0000000705200000, 0x0000000705000000| Untracked 
|  41|0x0000000705200000, 0x0000000705400000, 0x0000000705400000|100%| O|  |TAMS 0x0000000705400000, 0x0000000705200000| Untracked 
|  42|0x0000000705400000, 0x0000000705600000, 0x0000000705600000|100%| O|  |TAMS 0x0000000705600000, 0x0000000705400000| Untracked 
|  43|0x0000000705600000, 0x0000000705800000, 0x0000000705800000|100%|HS|  |TAMS 0x0000000705800000, 0x0000000705600000| Complete 
|  44|0x0000000705800000, 0x0000000705a00000, 0x0000000705a00000|100%|HC|  |TAMS 0x0000000705a00000, 0x0000000705800000| Complete 
|  45|0x0000000705a00000, 0x0000000705c00000, 0x0000000705c00000|100%|HS|  |TAMS 0x0000000705c00000, 0x0000000705a00000| Complete 
|  46|0x0000000705c00000, 0x0000000705e00000, 0x0000000705e00000|100%| O|  |TAMS 0x0000000705e00000, 0x0000000705c00000| Untracked 
|  47|0x0000000705e00000, 0x0000000706000000, 0x0000000706000000|100%| O|  |TAMS 0x0000000706000000, 0x0000000705e00000| Untracked 
|  48|0x0000000706000000, 0x0000000706200000, 0x0000000706200000|100%| O|  |TAMS 0x0000000706200000, 0x0000000706000000| Untracked 
|  49|0x0000000706200000, 0x0000000706400000, 0x0000000706400000|100%| O|  |TAMS 0x0000000706400000, 0x0000000706200000| Untracked 
|  50|0x0000000706400000, 0x0000000706600000, 0x0000000706600000|100%| O|  |TAMS 0x0000000706600000, 0x0000000706400000| Untracked 
|  51|0x0000000706600000, 0x0000000706800000, 0x0000000706800000|100%| O|  |TAMS 0x0000000706800000, 0x0000000706600000| Untracked 
|  52|0x0000000706800000, 0x0000000706a00000, 0x0000000706a00000|100%| O|  |TAMS 0x0000000706a00000, 0x0000000706800000| Untracked 
|  53|0x0000000706a00000, 0x0000000706c00000, 0x0000000706c00000|100%| O|  |TAMS 0x0000000706c00000, 0x0000000706a00000| Untracked 
|  54|0x0000000706c00000, 0x0000000706e00000, 0x0000000706e00000|100%| O|  |TAMS 0x0000000706e00000, 0x0000000706c00000| Untracked 
|  55|0x0000000706e00000, 0x0000000707000000, 0x0000000707000000|100%| O|  |TAMS 0x0000000707000000, 0x0000000706e00000| Untracked 
|  56|0x0000000707000000, 0x0000000707200000, 0x0000000707200000|100%| O|  |TAMS 0x0000000707200000, 0x0000000707000000| Untracked 
|  57|0x0000000707200000, 0x0000000707400000, 0x0000000707400000|100%| O|  |TAMS 0x0000000707400000, 0x0000000707200000| Untracked 
|  58|0x0000000707400000, 0x0000000707600000, 0x0000000707600000|100%| O|  |TAMS 0x0000000707600000, 0x0000000707400000| Untracked 
|  59|0x0000000707600000, 0x0000000707800000, 0x0000000707800000|100%| O|  |TAMS 0x0000000707800000, 0x0000000707600000| Untracked 
|  60|0x0000000707800000, 0x0000000707a00000, 0x0000000707a00000|100%| O|  |TAMS 0x0000000707a00000, 0x0000000707800000| Untracked 
|  61|0x0000000707a00000, 0x0000000707c00000, 0x0000000707c00000|100%| O|  |TAMS 0x0000000707c00000, 0x0000000707a00000| Untracked 
|  62|0x0000000707c00000, 0x0000000707e00000, 0x0000000707e00000|100%| O|  |TAMS 0x0000000707e00000, 0x0000000707c00000| Untracked 
|  63|0x0000000707e00000, 0x0000000708000000, 0x0000000708000000|100%| O|  |TAMS 0x0000000708000000, 0x0000000707e00000| Untracked 
|  64|0x0000000708000000, 0x0000000708200000, 0x0000000708200000|100%| O|  |TAMS 0x0000000708200000, 0x0000000708000000| Untracked 
|  65|0x0000000708200000, 0x0000000708400000, 0x0000000708400000|100%| O|  |TAMS 0x0000000708400000, 0x0000000708200000| Untracked 
|  66|0x0000000708400000, 0x0000000708600000, 0x0000000708600000|100%| O|  |TAMS 0x0000000708600000, 0x0000000708400000| Untracked 
|  67|0x0000000708600000, 0x0000000708800000, 0x0000000708800000|100%| O|  |TAMS 0x0000000708800000, 0x0000000708600000| Untracked 
|  68|0x0000000708800000, 0x0000000708a00000, 0x0000000708a00000|100%| O|  |TAMS 0x0000000708a00000, 0x0000000708800000| Untracked 
|  69|0x0000000708a00000, 0x0000000708c00000, 0x0000000708c00000|100%| O|  |TAMS 0x0000000708c00000, 0x0000000708a00000| Untracked 
|  70|0x0000000708c00000, 0x0000000708e00000, 0x0000000708e00000|100%| O|  |TAMS 0x0000000708e00000, 0x0000000708c00000| Untracked 
|  71|0x0000000708e00000, 0x0000000709000000, 0x0000000709000000|100%| O|  |TAMS 0x0000000709000000, 0x0000000708e00000| Untracked 
|  72|0x0000000709000000, 0x0000000709200000, 0x0000000709200000|100%| O|  |TAMS 0x0000000709200000, 0x0000000709000000| Untracked 
|  73|0x0000000709200000, 0x0000000709400000, 0x0000000709400000|100%| O|  |TAMS 0x0000000709400000, 0x0000000709200000| Untracked 
|  74|0x0000000709400000, 0x0000000709400000, 0x0000000709600000|  0%| F|  |TAMS 0x0000000709400000, 0x0000000709400000| Untracked 
|  75|0x0000000709600000, 0x0000000709800000, 0x0000000709800000|100%| O|  |TAMS 0x0000000709800000, 0x0000000709600000| Untracked 
|  76|0x0000000709800000, 0x0000000709a00000, 0x0000000709a00000|100%| O|  |TAMS 0x0000000709a00000, 0x0000000709800000| Untracked 
|  77|0x0000000709a00000, 0x0000000709c00000, 0x0000000709c00000|100%| O|  |TAMS 0x0000000709c00000, 0x0000000709a00000| Untracked 
|  78|0x0000000709c00000, 0x0000000709e00000, 0x0000000709e00000|100%| O|  |TAMS 0x0000000709e00000, 0x0000000709c00000| Untracked 
|  79|0x0000000709e00000, 0x000000070a000000, 0x000000070a000000|100%| O|  |TAMS 0x000000070a000000, 0x0000000709e00000| Untracked 
|  80|0x000000070a000000, 0x000000070a200000, 0x000000070a200000|100%| O|  |TAMS 0x000000070a200000, 0x000000070a000000| Untracked 
|  81|0x000000070a200000, 0x000000070a400000, 0x000000070a400000|100%| O|  |TAMS 0x000000070a400000, 0x000000070a200000| Untracked 
|  82|0x000000070a400000, 0x000000070a600000, 0x000000070a600000|100%| O|  |TAMS 0x000000070a600000, 0x000000070a400000| Untracked 
|  83|0x000000070a600000, 0x000000070a800000, 0x000000070a800000|100%|HS|  |TAMS 0x000000070a800000, 0x000000070a600000| Complete 
|  84|0x000000070a800000, 0x000000070aa00000, 0x000000070aa00000|100%|HS|  |TAMS 0x000000070aa00000, 0x000000070a800000| Complete 
|  85|0x000000070aa00000, 0x000000070ac00000, 0x000000070ac00000|100%|HC|  |TAMS 0x000000070ac00000, 0x000000070aa00000| Complete 
|  86|0x000000070ac00000, 0x000000070ae00000, 0x000000070ae00000|100%| O|  |TAMS 0x000000070ae00000, 0x000000070ac00000| Untracked 
|  87|0x000000070ae00000, 0x000000070b000000, 0x000000070b000000|100%| O|  |TAMS 0x000000070b000000, 0x000000070ae00000| Untracked 
|  88|0x000000070b000000, 0x000000070b200000, 0x000000070b200000|100%| O|  |TAMS 0x000000070b200000, 0x000000070b000000| Untracked 
|  89|0x000000070b200000, 0x000000070b400000, 0x000000070b400000|100%| O|  |TAMS 0x000000070b400000, 0x000000070b200000| Untracked 
|  90|0x000000070b400000, 0x000000070b600000, 0x000000070b600000|100%| O|  |TAMS 0x000000070b600000, 0x000000070b400000| Untracked 
|  91|0x000000070b600000, 0x000000070b800000, 0x000000070b800000|100%| O|  |TAMS 0x000000070b800000, 0x000000070b600000| Untracked 
|  92|0x000000070b800000, 0x000000070ba00000, 0x000000070ba00000|100%| O|  |TAMS 0x000000070ba00000, 0x000000070b800000| Untracked 
|  93|0x000000070ba00000, 0x000000070bc00000, 0x000000070bc00000|100%| O|  |TAMS 0x000000070bc00000, 0x000000070ba00000| Untracked 
|  94|0x000000070bc00000, 0x000000070be00000, 0x000000070be00000|100%| O|  |TAMS 0x000000070be00000, 0x000000070bc00000| Untracked 
|  95|0x000000070be00000, 0x000000070c000000, 0x000000070c000000|100%| O|  |TAMS 0x000000070c000000, 0x000000070be00000| Untracked 
|  96|0x000000070c000000, 0x000000070c200000, 0x000000070c200000|100%| O|  |TAMS 0x000000070c200000, 0x000000070c000000| Untracked 
|  97|0x000000070c200000, 0x000000070c400000, 0x000000070c400000|100%| O|  |TAMS 0x000000070c400000, 0x000000070c200000| Untracked 
|  98|0x000000070c400000, 0x000000070c600000, 0x000000070c600000|100%| O|  |TAMS 0x000000070c600000, 0x000000070c400000| Untracked 
|  99|0x000000070c600000, 0x000000070c800000, 0x000000070c800000|100%| O|  |TAMS 0x000000070c800000, 0x000000070c600000| Untracked 
| 100|0x000000070c800000, 0x000000070ca00000, 0x000000070ca00000|100%| O|  |TAMS 0x000000070c800000, 0x000000070c800000| Untracked 
| 101|0x000000070ca00000, 0x000000070cc00000, 0x000000070cc00000|100%| O|  |TAMS 0x000000070cc00000, 0x000000070ca00000| Untracked 
| 102|0x000000070cc00000, 0x000000070ce00000, 0x000000070ce00000|100%|HS|  |TAMS 0x000000070ce00000, 0x000000070cc00000| Complete 
| 103|0x000000070ce00000, 0x000000070d000000, 0x000000070d000000|100%| O|  |TAMS 0x000000070d000000, 0x000000070ce00000| Untracked 
| 104|0x000000070d000000, 0x000000070d200000, 0x000000070d200000|100%| O|  |TAMS 0x000000070d200000, 0x000000070d000000| Untracked 
| 105|0x000000070d200000, 0x000000070d400000, 0x000000070d400000|100%| O|  |TAMS 0x000000070d400000, 0x000000070d200000| Untracked 
| 106|0x000000070d400000, 0x000000070d600000, 0x000000070d600000|100%| O|  |TAMS 0x000000070d600000, 0x000000070d400000| Untracked 
| 107|0x000000070d600000, 0x000000070d800000, 0x000000070d800000|100%| O|  |TAMS 0x000000070d800000, 0x000000070d600000| Untracked 
| 108|0x000000070d800000, 0x000000070da00000, 0x000000070da00000|100%| O|  |TAMS 0x000000070da00000, 0x000000070d800000| Untracked 
| 109|0x000000070da00000, 0x000000070dc00000, 0x000000070dc00000|100%| O|  |TAMS 0x000000070dc00000, 0x000000070da00000| Untracked 
| 110|0x000000070dc00000, 0x000000070de00000, 0x000000070de00000|100%| O|  |TAMS 0x000000070de00000, 0x000000070dc00000| Untracked 
| 111|0x000000070de00000, 0x000000070e000000, 0x000000070e000000|100%| O|  |TAMS 0x000000070e000000, 0x000000070de00000| Untracked 
| 112|0x000000070e000000, 0x000000070e200000, 0x000000070e200000|100%| O|  |TAMS 0x000000070e200000, 0x000000070e000000| Untracked 
| 113|0x000000070e200000, 0x000000070e400000, 0x000000070e400000|100%| O|  |TAMS 0x000000070e400000, 0x000000070e200000| Untracked 
| 114|0x000000070e400000, 0x000000070e600000, 0x000000070e600000|100%| O|  |TAMS 0x000000070e600000, 0x000000070e400000| Untracked 
| 115|0x000000070e600000, 0x000000070e800000, 0x000000070e800000|100%| O|  |TAMS 0x000000070e800000, 0x000000070e600000| Untracked 
| 116|0x000000070e800000, 0x000000070ea00000, 0x000000070ea00000|100%| O|  |TAMS 0x000000070ea00000, 0x000000070e800000| Untracked 
| 117|0x000000070ea00000, 0x000000070ec00000, 0x000000070ec00000|100%| O|  |TAMS 0x000000070ec00000, 0x000000070ea00000| Untracked 
| 118|0x000000070ec00000, 0x000000070ee00000, 0x000000070ee00000|100%| O|  |TAMS 0x000000070ee00000, 0x000000070ec00000| Untracked 
| 119|0x000000070ee00000, 0x000000070f000000, 0x000000070f000000|100%| O|  |TAMS 0x000000070f000000, 0x000000070ee00000| Untracked 
| 120|0x000000070f000000, 0x000000070f200000, 0x000000070f200000|100%| O|  |TAMS 0x000000070f200000, 0x000000070f000000| Untracked 
| 121|0x000000070f200000, 0x000000070f400000, 0x000000070f400000|100%| O|  |TAMS 0x000000070f400000, 0x000000070f200000| Untracked 
| 122|0x000000070f400000, 0x000000070f600000, 0x000000070f600000|100%| O|  |TAMS 0x000000070f600000, 0x000000070f400000| Untracked 
| 123|0x000000070f600000, 0x000000070f800000, 0x000000070f800000|100%| O|  |TAMS 0x000000070f800000, 0x000000070f600000| Untracked 
| 124|0x000000070f800000, 0x000000070fa00000, 0x000000070fa00000|100%| O|  |TAMS 0x000000070fa00000, 0x000000070f800000| Untracked 
| 125|0x000000070fa00000, 0x000000070fc00000, 0x000000070fc00000|100%| O|  |TAMS 0x000000070fc00000, 0x000000070fa00000| Untracked 
| 126|0x000000070fc00000, 0x000000070fe00000, 0x000000070fe00000|100%| O|  |TAMS 0x000000070fe00000, 0x000000070fc00000| Untracked 
| 127|0x000000070fe00000, 0x0000000710000000, 0x0000000710000000|100%| O|  |TAMS 0x0000000710000000, 0x000000070fe00000| Untracked 
| 128|0x0000000710000000, 0x0000000710200000, 0x0000000710200000|100%| O|  |TAMS 0x0000000710200000, 0x0000000710000000| Untracked 
| 129|0x0000000710200000, 0x0000000710400000, 0x0000000710400000|100%| O|  |TAMS 0x0000000710200000, 0x0000000710200000| Untracked 
| 130|0x0000000710400000, 0x0000000710600000, 0x0000000710600000|100%| O|  |TAMS 0x0000000710600000, 0x0000000710400000| Untracked 
| 131|0x0000000710600000, 0x0000000710800000, 0x0000000710800000|100%| O|  |TAMS 0x0000000710800000, 0x0000000710600000| Untracked 
| 132|0x0000000710800000, 0x0000000710a00000, 0x0000000710a00000|100%| O|  |TAMS 0x0000000710a00000, 0x0000000710800000| Untracked 
| 133|0x0000000710a00000, 0x0000000710c00000, 0x0000000710c00000|100%| O|  |TAMS 0x0000000710c00000, 0x0000000710a00000| Untracked 
| 134|0x0000000710c00000, 0x0000000710e00000, 0x0000000710e00000|100%| O|  |TAMS 0x0000000710e00000, 0x0000000710c00000| Untracked 
| 135|0x0000000710e00000, 0x0000000711000000, 0x0000000711000000|100%| O|  |TAMS 0x0000000711000000, 0x0000000710e00000| Untracked 
| 136|0x0000000711000000, 0x0000000711200000, 0x0000000711200000|100%| O|  |TAMS 0x0000000711200000, 0x0000000711000000| Untracked 
| 137|0x0000000711200000, 0x0000000711400000, 0x0000000711400000|100%| O|  |TAMS 0x0000000711400000, 0x0000000711200000| Untracked 
| 138|0x0000000711400000, 0x0000000711600000, 0x0000000711600000|100%| O|  |TAMS 0x0000000711600000, 0x0000000711400000| Untracked 
| 139|0x0000000711600000, 0x0000000711800000, 0x0000000711800000|100%| O|  |TAMS 0x0000000711800000, 0x0000000711600000| Untracked 
| 140|0x0000000711800000, 0x0000000711a00000, 0x0000000711a00000|100%| O|  |TAMS 0x0000000711a00000, 0x0000000711800000| Untracked 
| 141|0x0000000711a00000, 0x0000000711c00000, 0x0000000711c00000|100%| O|  |TAMS 0x0000000711c00000, 0x0000000711a00000| Untracked 
| 142|0x0000000711c00000, 0x0000000711e00000, 0x0000000711e00000|100%| O|  |TAMS 0x0000000711e00000, 0x0000000711c00000| Untracked 
| 143|0x0000000711e00000, 0x0000000711e00000, 0x0000000712000000|  0%| F|  |TAMS 0x0000000711e00000, 0x0000000711e00000| Untracked 
| 144|0x0000000712000000, 0x0000000712200000, 0x0000000712200000|100%| O|  |TAMS 0x0000000712000000, 0x0000000712000000| Untracked 
| 145|0x0000000712200000, 0x0000000712400000, 0x0000000712400000|100%| O|  |TAMS 0x0000000712400000, 0x0000000712200000| Untracked 
| 146|0x0000000712400000, 0x0000000712600000, 0x0000000712600000|100%| O|  |TAMS 0x0000000712600000, 0x0000000712400000| Untracked 
| 147|0x0000000712600000, 0x0000000712800000, 0x0000000712800000|100%| O|  |TAMS 0x0000000712800000, 0x0000000712600000| Untracked 
| 148|0x0000000712800000, 0x0000000712a00000, 0x0000000712a00000|100%| O|  |TAMS 0x0000000712a00000, 0x0000000712800000| Untracked 
| 149|0x0000000712a00000, 0x0000000712c00000, 0x0000000712c00000|100%| O|  |TAMS 0x0000000712c00000, 0x0000000712a00000| Untracked 
| 150|0x0000000712c00000, 0x0000000712e00000, 0x0000000712e00000|100%| O|  |TAMS 0x0000000712e00000, 0x0000000712c00000| Untracked 
| 151|0x0000000712e00000, 0x0000000713000000, 0x0000000713000000|100%| O|  |TAMS 0x0000000713000000, 0x0000000712e00000| Untracked 
| 152|0x0000000713000000, 0x0000000713200000, 0x0000000713200000|100%| O|  |TAMS 0x0000000713200000, 0x0000000713000000| Untracked 
| 153|0x0000000713200000, 0x0000000713400000, 0x0000000713400000|100%| O|  |TAMS 0x0000000713400000, 0x0000000713200000| Untracked 
| 154|0x0000000713400000, 0x0000000713600000, 0x0000000713600000|100%| O|  |TAMS 0x0000000713600000, 0x0000000713400000| Untracked 
| 155|0x0000000713600000, 0x0000000713800000, 0x0000000713800000|100%| O|  |TAMS 0x0000000713800000, 0x0000000713600000| Untracked 
| 156|0x0000000713800000, 0x0000000713800000, 0x0000000713a00000|  0%| F|  |TAMS 0x0000000713800000, 0x0000000713800000| Untracked 
| 157|0x0000000713a00000, 0x0000000713c00000, 0x0000000713c00000|100%|HS|  |TAMS 0x0000000713c00000, 0x0000000713a00000| Complete 
| 158|0x0000000713c00000, 0x0000000713e00000, 0x0000000713e00000|100%|HS|  |TAMS 0x0000000713e00000, 0x0000000713c00000| Complete 
| 159|0x0000000713e00000, 0x0000000714000000, 0x0000000714000000|100%| O|  |TAMS 0x0000000714000000, 0x0000000713e00000| Untracked 
| 160|0x0000000714000000, 0x0000000714200000, 0x0000000714200000|100%| O|  |TAMS 0x0000000714000000, 0x0000000714000000| Untracked 
| 161|0x0000000714200000, 0x0000000714400000, 0x0000000714400000|100%|HS|  |TAMS 0x0000000714400000, 0x0000000714200000| Complete 
| 162|0x0000000714400000, 0x0000000714600000, 0x0000000714600000|100%|HC|  |TAMS 0x0000000714600000, 0x0000000714400000| Complete 
| 163|0x0000000714600000, 0x0000000714800000, 0x0000000714800000|100%|HS|  |TAMS 0x0000000714800000, 0x0000000714600000| Complete 
| 164|0x0000000714800000, 0x0000000714a00000, 0x0000000714a00000|100%|HC|  |TAMS 0x0000000714a00000, 0x0000000714800000| Complete 
| 165|0x0000000714a00000, 0x0000000714c00000, 0x0000000714c00000|100%| O|  |TAMS 0x0000000714c00000, 0x0000000714a00000| Untracked 
| 166|0x0000000714c00000, 0x0000000714e00000, 0x0000000714e00000|100%| O|  |TAMS 0x0000000714e00000, 0x0000000714c00000| Untracked 
| 167|0x0000000714e00000, 0x0000000715000000, 0x0000000715000000|100%| O|  |TAMS 0x0000000715000000, 0x0000000714e00000| Untracked 
| 168|0x0000000715000000, 0x0000000715200000, 0x0000000715200000|100%| O|  |TAMS 0x0000000715200000, 0x0000000715000000| Untracked 
| 169|0x0000000715200000, 0x0000000715400000, 0x0000000715400000|100%| O|  |TAMS 0x0000000715400000, 0x0000000715200000| Untracked 
| 170|0x0000000715400000, 0x0000000715600000, 0x0000000715600000|100%| O|  |TAMS 0x0000000715600000, 0x0000000715400000| Untracked 
| 171|0x0000000715600000, 0x0000000715800000, 0x0000000715800000|100%| O|  |TAMS 0x0000000715800000, 0x0000000715600000| Untracked 
| 172|0x0000000715800000, 0x0000000715a00000, 0x0000000715a00000|100%| O|  |TAMS 0x0000000715a00000, 0x0000000715800000| Untracked 
| 173|0x0000000715a00000, 0x0000000715c00000, 0x0000000715c00000|100%| O|  |TAMS 0x0000000715c00000, 0x0000000715a00000| Untracked 
| 174|0x0000000715c00000, 0x0000000715e00000, 0x0000000715e00000|100%| O|  |TAMS 0x0000000715e00000, 0x0000000715c00000| Untracked 
| 175|0x0000000715e00000, 0x0000000716000000, 0x0000000716000000|100%| O|  |TAMS 0x0000000716000000, 0x0000000715e00000| Untracked 
| 176|0x0000000716000000, 0x0000000716200000, 0x0000000716200000|100%| O|  |TAMS 0x0000000716200000, 0x0000000716000000| Untracked 
| 177|0x0000000716200000, 0x0000000716400000, 0x0000000716400000|100%| O|  |TAMS 0x0000000716400000, 0x0000000716200000| Untracked 
| 178|0x0000000716400000, 0x0000000716600000, 0x0000000716600000|100%| O|  |TAMS 0x0000000716600000, 0x0000000716400000| Untracked 
| 179|0x0000000716600000, 0x0000000716800000, 0x0000000716800000|100%| O|  |TAMS 0x0000000716800000, 0x0000000716600000| Untracked 
| 180|0x0000000716800000, 0x0000000716a00000, 0x0000000716a00000|100%| O|  |TAMS 0x0000000716a00000, 0x0000000716800000| Untracked 
| 181|0x0000000716a00000, 0x0000000716c00000, 0x0000000716c00000|100%| O|  |TAMS 0x0000000716c00000, 0x0000000716a00000| Untracked 
| 182|0x0000000716c00000, 0x0000000716e00000, 0x0000000716e00000|100%| O|  |TAMS 0x0000000716e00000, 0x0000000716c00000| Untracked 
| 183|0x0000000716e00000, 0x0000000717000000, 0x0000000717000000|100%| O|  |TAMS 0x0000000717000000, 0x0000000716e00000| Untracked 
| 184|0x0000000717000000, 0x0000000717200000, 0x0000000717200000|100%| O|  |TAMS 0x0000000717200000, 0x0000000717000000| Untracked 
| 185|0x0000000717200000, 0x0000000717400000, 0x0000000717400000|100%| O|  |TAMS 0x0000000717400000, 0x0000000717200000| Untracked 
| 186|0x0000000717400000, 0x0000000717600000, 0x0000000717600000|100%| O|  |TAMS 0x0000000717600000, 0x0000000717400000| Untracked 
| 187|0x0000000717600000, 0x0000000717800000, 0x0000000717800000|100%| O|  |TAMS 0x0000000717800000, 0x0000000717600000| Untracked 
| 188|0x0000000717800000, 0x0000000717a00000, 0x0000000717a00000|100%| O|  |TAMS 0x0000000717a00000, 0x0000000717800000| Untracked 
| 189|0x0000000717a00000, 0x0000000717c00000, 0x0000000717c00000|100%| O|  |TAMS 0x0000000717c00000, 0x0000000717a00000| Untracked 
| 190|0x0000000717c00000, 0x0000000717e00000, 0x0000000717e00000|100%| O|  |TAMS 0x0000000717e00000, 0x0000000717c00000| Untracked 
| 191|0x0000000717e00000, 0x0000000718000000, 0x0000000718000000|100%| O|  |TAMS 0x0000000718000000, 0x0000000717e00000| Untracked 
| 192|0x0000000718000000, 0x0000000718200000, 0x0000000718200000|100%| O|  |TAMS 0x0000000718200000, 0x0000000718000000| Untracked 
| 193|0x0000000718200000, 0x0000000718400000, 0x0000000718400000|100%| O|  |TAMS 0x0000000718347200, 0x0000000718200000| Untracked 
| 194|0x0000000718400000, 0x0000000718600000, 0x0000000718600000|100%| O|  |TAMS 0x0000000718400000, 0x0000000718400000| Untracked 
| 195|0x0000000718600000, 0x0000000718800000, 0x0000000718800000|100%| O|  |TAMS 0x0000000718600000, 0x0000000718600000| Untracked 
| 196|0x0000000718800000, 0x0000000718a00000, 0x0000000718a00000|100%| O|  |TAMS 0x0000000718800000, 0x0000000718800000| Untracked 
| 197|0x0000000718a00000, 0x0000000718c00000, 0x0000000718c00000|100%| O|  |TAMS 0x0000000718a00000, 0x0000000718a00000| Untracked 
| 198|0x0000000718c00000, 0x0000000718e00000, 0x0000000718e00000|100%| O|  |TAMS 0x0000000718c00000, 0x0000000718c00000| Untracked 
| 199|0x0000000718e00000, 0x0000000719000000, 0x0000000719000000|100%| O|  |TAMS 0x0000000718e00000, 0x0000000718e00000| Untracked 
| 200|0x0000000719000000, 0x0000000719200000, 0x0000000719200000|100%| O|  |TAMS 0x0000000719000000, 0x0000000719000000| Untracked 
| 201|0x0000000719200000, 0x0000000719400000, 0x0000000719400000|100%| O|  |TAMS 0x0000000719200000, 0x0000000719200000| Untracked 
| 202|0x0000000719400000, 0x0000000719600000, 0x0000000719600000|100%| O|  |TAMS 0x0000000719400000, 0x0000000719400000| Untracked 
| 203|0x0000000719600000, 0x0000000719800000, 0x0000000719800000|100%| O|  |TAMS 0x0000000719600000, 0x0000000719600000| Untracked 
| 204|0x0000000719800000, 0x0000000719a00000, 0x0000000719a00000|100%| O|  |TAMS 0x0000000719800000, 0x0000000719800000| Untracked 
| 205|0x0000000719a00000, 0x0000000719c00000, 0x0000000719c00000|100%| O|  |TAMS 0x0000000719a00000, 0x0000000719a00000| Untracked 
| 206|0x0000000719c00000, 0x0000000719e00000, 0x0000000719e00000|100%| O|  |TAMS 0x0000000719c00000, 0x0000000719c00000| Untracked 
| 207|0x0000000719e00000, 0x000000071a000000, 0x000000071a000000|100%| O|  |TAMS 0x0000000719e00000, 0x0000000719e00000| Untracked 
| 208|0x000000071a000000, 0x000000071a200000, 0x000000071a200000|100%| O|  |TAMS 0x000000071a000000, 0x000000071a000000| Untracked 
| 209|0x000000071a200000, 0x000000071a400000, 0x000000071a400000|100%| O|  |TAMS 0x000000071a200000, 0x000000071a200000| Untracked 
| 210|0x000000071a400000, 0x000000071a600000, 0x000000071a600000|100%| O|  |TAMS 0x000000071a400000, 0x000000071a400000| Untracked 
| 211|0x000000071a600000, 0x000000071a800000, 0x000000071a800000|100%| O|  |TAMS 0x000000071a600000, 0x000000071a600000| Untracked 
| 212|0x000000071a800000, 0x000000071a934200, 0x000000071aa00000| 60%| O|  |TAMS 0x000000071a800000, 0x000000071a800000| Untracked 
| 213|0x000000071aa00000, 0x000000071aa00000, 0x000000071ac00000|  0%| F|  |TAMS 0x000000071aa00000, 0x000000071aa00000| Untracked 
| 214|0x000000071ac00000, 0x000000071ac00000, 0x000000071ae00000|  0%| F|  |TAMS 0x000000071ac00000, 0x000000071ac00000| Untracked 
| 215|0x000000071ae00000, 0x000000071ae00000, 0x000000071b000000|  0%| F|  |TAMS 0x000000071ae00000, 0x000000071ae00000| Untracked 
| 216|0x000000071b000000, 0x000000071b000000, 0x000000071b200000|  0%| F|  |TAMS 0x000000071b000000, 0x000000071b000000| Untracked 
| 217|0x000000071b200000, 0x000000071b200000, 0x000000071b400000|  0%| F|  |TAMS 0x000000071b200000, 0x000000071b200000| Untracked 
| 218|0x000000071b400000, 0x000000071b400000, 0x000000071b600000|  0%| F|  |TAMS 0x000000071b400000, 0x000000071b400000| Untracked 
| 219|0x000000071b600000, 0x000000071b600000, 0x000000071b800000|  0%| F|  |TAMS 0x000000071b600000, 0x000000071b600000| Untracked 
| 220|0x000000071b800000, 0x000000071b800000, 0x000000071ba00000|  0%| F|  |TAMS 0x000000071b800000, 0x000000071b800000| Untracked 
| 221|0x000000071ba00000, 0x000000071ba00000, 0x000000071bc00000|  0%| F|  |TAMS 0x000000071ba00000, 0x000000071ba00000| Untracked 
| 222|0x000000071bc00000, 0x000000071bc00000, 0x000000071be00000|  0%| F|  |TAMS 0x000000071bc00000, 0x000000071bc00000| Untracked 
| 223|0x000000071be00000, 0x000000071be00000, 0x000000071c000000|  0%| F|  |TAMS 0x000000071be00000, 0x000000071be00000| Untracked 
| 224|0x000000071c000000, 0x000000071c000000, 0x000000071c200000|  0%| F|  |TAMS 0x000000071c000000, 0x000000071c000000| Untracked 
| 225|0x000000071c200000, 0x000000071c200000, 0x000000071c400000|  0%| F|  |TAMS 0x000000071c200000, 0x000000071c200000| Untracked 
| 226|0x000000071c400000, 0x000000071c400000, 0x000000071c600000|  0%| F|  |TAMS 0x000000071c400000, 0x000000071c400000| Untracked 
| 227|0x000000071c600000, 0x000000071c600000, 0x000000071c800000|  0%| F|  |TAMS 0x000000071c600000, 0x000000071c600000| Untracked 
| 228|0x000000071c800000, 0x000000071c800000, 0x000000071ca00000|  0%| F|  |TAMS 0x000000071c800000, 0x000000071c800000| Untracked 
| 229|0x000000071ca00000, 0x000000071ca00000, 0x000000071cc00000|  0%| F|  |TAMS 0x000000071ca00000, 0x000000071ca00000| Untracked 
| 230|0x000000071cc00000, 0x000000071cc00000, 0x000000071ce00000|  0%| F|  |TAMS 0x000000071cc00000, 0x000000071cc00000| Untracked 
| 231|0x000000071ce00000, 0x000000071ce00000, 0x000000071d000000|  0%| F|  |TAMS 0x000000071ce00000, 0x000000071ce00000| Untracked 
| 232|0x000000071d000000, 0x000000071d000000, 0x000000071d200000|  0%| F|  |TAMS 0x000000071d000000, 0x000000071d000000| Untracked 
| 233|0x000000071d200000, 0x000000071d200000, 0x000000071d400000|  0%| F|  |TAMS 0x000000071d200000, 0x000000071d200000| Untracked 
| 234|0x000000071d400000, 0x000000071d400000, 0x000000071d600000|  0%| F|  |TAMS 0x000000071d400000, 0x000000071d400000| Untracked 
| 235|0x000000071d600000, 0x000000071d600000, 0x000000071d800000|  0%| F|  |TAMS 0x000000071d600000, 0x000000071d600000| Untracked 
| 236|0x000000071d800000, 0x000000071d800000, 0x000000071da00000|  0%| F|  |TAMS 0x000000071d800000, 0x000000071d800000| Untracked 
| 237|0x000000071da00000, 0x000000071da00000, 0x000000071dc00000|  0%| F|  |TAMS 0x000000071da00000, 0x000000071da00000| Untracked 
| 238|0x000000071dc00000, 0x000000071dc00000, 0x000000071de00000|  0%| F|  |TAMS 0x000000071dc00000, 0x000000071dc00000| Untracked 
| 239|0x000000071de00000, 0x000000071de00000, 0x000000071e000000|  0%| F|  |TAMS 0x000000071de00000, 0x000000071de00000| Untracked 
| 240|0x000000071e000000, 0x000000071e000000, 0x000000071e200000|  0%| F|  |TAMS 0x000000071e000000, 0x000000071e000000| Untracked 
| 241|0x000000071e200000, 0x000000071e200000, 0x000000071e400000|  0%| F|  |TAMS 0x000000071e200000, 0x000000071e200000| Untracked 
| 242|0x000000071e400000, 0x000000071e400000, 0x000000071e600000|  0%| F|  |TAMS 0x000000071e400000, 0x000000071e400000| Untracked 
| 243|0x000000071e600000, 0x000000071e600000, 0x000000071e800000|  0%| F|  |TAMS 0x000000071e600000, 0x000000071e600000| Untracked 
| 244|0x000000071e800000, 0x000000071e800000, 0x000000071ea00000|  0%| F|  |TAMS 0x000000071e800000, 0x000000071e800000| Untracked 
| 245|0x000000071ea00000, 0x000000071ea00000, 0x000000071ec00000|  0%| F|  |TAMS 0x000000071ea00000, 0x000000071ea00000| Untracked 
| 246|0x000000071ec00000, 0x000000071ec00000, 0x000000071ee00000|  0%| F|  |TAMS 0x000000071ec00000, 0x000000071ec00000| Untracked 
| 247|0x000000071ee00000, 0x000000071ee00000, 0x000000071f000000|  0%| F|  |TAMS 0x000000071ee00000, 0x000000071ee00000| Untracked 
| 248|0x000000071f000000, 0x000000071f000000, 0x000000071f200000|  0%| F|  |TAMS 0x000000071f000000, 0x000000071f000000| Untracked 
| 249|0x000000071f200000, 0x000000071f200000, 0x000000071f400000|  0%| F|  |TAMS 0x000000071f200000, 0x000000071f200000| Untracked 
| 250|0x000000071f400000, 0x000000071f400000, 0x000000071f600000|  0%| F|  |TAMS 0x000000071f400000, 0x000000071f400000| Untracked 
| 251|0x000000071f600000, 0x000000071f600000, 0x000000071f800000|  0%| F|  |TAMS 0x000000071f600000, 0x000000071f600000| Untracked 
| 252|0x000000071f800000, 0x000000071f800000, 0x000000071fa00000|  0%| F|  |TAMS 0x000000071f800000, 0x000000071f800000| Untracked 
| 253|0x000000071fa00000, 0x000000071fa00000, 0x000000071fc00000|  0%| F|  |TAMS 0x000000071fa00000, 0x000000071fa00000| Untracked 
| 254|0x000000071fc00000, 0x000000071fc00000, 0x000000071fe00000|  0%| F|  |TAMS 0x000000071fc00000, 0x000000071fc00000| Untracked 
| 255|0x000000071fe00000, 0x000000071fe00000, 0x0000000720000000|  0%| F|  |TAMS 0x000000071fe00000, 0x000000071fe00000| Untracked 
| 256|0x0000000720000000, 0x0000000720000000, 0x0000000720200000|  0%| F|  |TAMS 0x0000000720000000, 0x0000000720000000| Untracked 
| 257|0x0000000720200000, 0x0000000720200000, 0x0000000720400000|  0%| F|  |TAMS 0x0000000720200000, 0x0000000720200000| Untracked 
| 258|0x0000000720400000, 0x0000000720400000, 0x0000000720600000|  0%| F|  |TAMS 0x0000000720400000, 0x0000000720400000| Untracked 
| 259|0x0000000720600000, 0x0000000720600000, 0x0000000720800000|  0%| F|  |TAMS 0x0000000720600000, 0x0000000720600000| Untracked 
| 260|0x0000000720800000, 0x0000000720800000, 0x0000000720a00000|  0%| F|  |TAMS 0x0000000720800000, 0x0000000720800000| Untracked 
| 261|0x0000000720a00000, 0x0000000720a00000, 0x0000000720c00000|  0%| F|  |TAMS 0x0000000720a00000, 0x0000000720a00000| Untracked 
| 262|0x0000000720c00000, 0x0000000720c00000, 0x0000000720e00000|  0%| F|  |TAMS 0x0000000720c00000, 0x0000000720c00000| Untracked 
| 263|0x0000000720e00000, 0x0000000720e00000, 0x0000000721000000|  0%| F|  |TAMS 0x0000000720e00000, 0x0000000720e00000| Untracked 
| 264|0x0000000721000000, 0x0000000721000000, 0x0000000721200000|  0%| F|  |TAMS 0x0000000721000000, 0x0000000721000000| Untracked 
| 265|0x0000000721200000, 0x0000000721200000, 0x0000000721400000|  0%| F|  |TAMS 0x0000000721200000, 0x0000000721200000| Untracked 
| 266|0x0000000721400000, 0x0000000721400000, 0x0000000721600000|  0%| F|  |TAMS 0x0000000721400000, 0x0000000721400000| Untracked 
| 267|0x0000000721600000, 0x0000000721600000, 0x0000000721800000|  0%| F|  |TAMS 0x0000000721600000, 0x0000000721600000| Untracked 
| 268|0x0000000721800000, 0x0000000721800000, 0x0000000721a00000|  0%| F|  |TAMS 0x0000000721800000, 0x0000000721800000| Untracked 
| 269|0x0000000721a00000, 0x0000000721a00000, 0x0000000721c00000|  0%| F|  |TAMS 0x0000000721a00000, 0x0000000721a00000| Untracked 
| 270|0x0000000721c00000, 0x0000000721c00000, 0x0000000721e00000|  0%| F|  |TAMS 0x0000000721c00000, 0x0000000721c00000| Untracked 
| 271|0x0000000721e00000, 0x0000000721e00000, 0x0000000722000000|  0%| F|  |TAMS 0x0000000721e00000, 0x0000000721e00000| Untracked 
| 272|0x0000000722000000, 0x0000000722000000, 0x0000000722200000|  0%| F|  |TAMS 0x0000000722000000, 0x0000000722000000| Untracked 
| 273|0x0000000722200000, 0x0000000722200000, 0x0000000722400000|  0%| F|  |TAMS 0x0000000722200000, 0x0000000722200000| Untracked 
| 274|0x0000000722400000, 0x0000000722400000, 0x0000000722600000|  0%| F|  |TAMS 0x0000000722400000, 0x0000000722400000| Untracked 
| 275|0x0000000722600000, 0x0000000722600000, 0x0000000722800000|  0%| F|  |TAMS 0x0000000722600000, 0x0000000722600000| Untracked 
| 276|0x0000000722800000, 0x0000000722800000, 0x0000000722a00000|  0%| F|  |TAMS 0x0000000722800000, 0x0000000722800000| Untracked 
| 277|0x0000000722a00000, 0x0000000722a00000, 0x0000000722c00000|  0%| F|  |TAMS 0x0000000722a00000, 0x0000000722a00000| Untracked 
| 278|0x0000000722c00000, 0x0000000722c00000, 0x0000000722e00000|  0%| F|  |TAMS 0x0000000722c00000, 0x0000000722c00000| Untracked 
| 279|0x0000000722e00000, 0x0000000722e00000, 0x0000000723000000|  0%| F|  |TAMS 0x0000000722e00000, 0x0000000722e00000| Untracked 
| 280|0x0000000723000000, 0x0000000723000000, 0x0000000723200000|  0%| F|  |TAMS 0x0000000723000000, 0x0000000723000000| Untracked 
| 281|0x0000000723200000, 0x0000000723200000, 0x0000000723400000|  0%| F|  |TAMS 0x0000000723200000, 0x0000000723200000| Untracked 
| 282|0x0000000723400000, 0x0000000723400000, 0x0000000723600000|  0%| F|  |TAMS 0x0000000723400000, 0x0000000723400000| Untracked 
| 283|0x0000000723600000, 0x0000000723600000, 0x0000000723800000|  0%| F|  |TAMS 0x0000000723600000, 0x0000000723600000| Untracked 
| 284|0x0000000723800000, 0x0000000723800000, 0x0000000723a00000|  0%| F|  |TAMS 0x0000000723800000, 0x0000000723800000| Untracked 
| 285|0x0000000723a00000, 0x0000000723a00000, 0x0000000723c00000|  0%| F|  |TAMS 0x0000000723a00000, 0x0000000723a00000| Untracked 
| 286|0x0000000723c00000, 0x0000000723c00000, 0x0000000723e00000|  0%| F|  |TAMS 0x0000000723c00000, 0x0000000723c00000| Untracked 
| 287|0x0000000723e00000, 0x0000000723e00000, 0x0000000724000000|  0%| F|  |TAMS 0x0000000723e00000, 0x0000000723e00000| Untracked 
| 288|0x0000000724000000, 0x0000000724000000, 0x0000000724200000|  0%| F|  |TAMS 0x0000000724000000, 0x0000000724000000| Untracked 
| 289|0x0000000724200000, 0x0000000724200000, 0x0000000724400000|  0%| F|  |TAMS 0x0000000724200000, 0x0000000724200000| Untracked 
| 290|0x0000000724400000, 0x0000000724400000, 0x0000000724600000|  0%| F|  |TAMS 0x0000000724400000, 0x0000000724400000| Untracked 
| 291|0x0000000724600000, 0x0000000724600000, 0x0000000724800000|  0%| F|  |TAMS 0x0000000724600000, 0x0000000724600000| Untracked 
| 292|0x0000000724800000, 0x0000000724800000, 0x0000000724a00000|  0%| F|  |TAMS 0x0000000724800000, 0x0000000724800000| Untracked 
| 293|0x0000000724a00000, 0x0000000724a00000, 0x0000000724c00000|  0%| F|  |TAMS 0x0000000724a00000, 0x0000000724a00000| Untracked 
| 294|0x0000000724c00000, 0x0000000724c00000, 0x0000000724e00000|  0%| F|  |TAMS 0x0000000724c00000, 0x0000000724c00000| Untracked 
| 295|0x0000000724e00000, 0x0000000724e00000, 0x0000000725000000|  0%| F|  |TAMS 0x0000000724e00000, 0x0000000724e00000| Untracked 
| 296|0x0000000725000000, 0x0000000725000000, 0x0000000725200000|  0%| F|  |TAMS 0x0000000725000000, 0x0000000725000000| Untracked 
| 297|0x0000000725200000, 0x0000000725200000, 0x0000000725400000|  0%| F|  |TAMS 0x0000000725200000, 0x0000000725200000| Untracked 
| 298|0x0000000725400000, 0x0000000725400000, 0x0000000725600000|  0%| F|  |TAMS 0x0000000725400000, 0x0000000725400000| Untracked 
| 299|0x0000000725600000, 0x0000000725600000, 0x0000000725800000|  0%| F|  |TAMS 0x0000000725600000, 0x0000000725600000| Untracked 
| 300|0x0000000725800000, 0x0000000725800000, 0x0000000725a00000|  0%| F|  |TAMS 0x0000000725800000, 0x0000000725800000| Untracked 
| 301|0x0000000725a00000, 0x0000000725a00000, 0x0000000725c00000|  0%| F|  |TAMS 0x0000000725a00000, 0x0000000725a00000| Untracked 
| 302|0x0000000725c00000, 0x0000000725c00000, 0x0000000725e00000|  0%| F|  |TAMS 0x0000000725c00000, 0x0000000725c00000| Untracked 
| 303|0x0000000725e00000, 0x0000000725e00000, 0x0000000726000000|  0%| F|  |TAMS 0x0000000725e00000, 0x0000000725e00000| Untracked 
| 304|0x0000000726000000, 0x0000000726000000, 0x0000000726200000|  0%| F|  |TAMS 0x0000000726000000, 0x0000000726000000| Untracked 
| 305|0x0000000726200000, 0x0000000726200000, 0x0000000726400000|  0%| F|  |TAMS 0x0000000726200000, 0x0000000726200000| Untracked 
| 306|0x0000000726400000, 0x0000000726400000, 0x0000000726600000|  0%| F|  |TAMS 0x0000000726400000, 0x0000000726400000| Untracked 
| 307|0x0000000726600000, 0x0000000726600000, 0x0000000726800000|  0%| F|  |TAMS 0x0000000726600000, 0x0000000726600000| Untracked 
| 308|0x0000000726800000, 0x0000000726800000, 0x0000000726a00000|  0%| F|  |TAMS 0x0000000726800000, 0x0000000726800000| Untracked 
| 309|0x0000000726a00000, 0x0000000726a00000, 0x0000000726c00000|  0%| F|  |TAMS 0x0000000726a00000, 0x0000000726a00000| Untracked 
| 310|0x0000000726c00000, 0x0000000726c00000, 0x0000000726e00000|  0%| F|  |TAMS 0x0000000726c00000, 0x0000000726c00000| Untracked 
| 311|0x0000000726e00000, 0x0000000726e00000, 0x0000000727000000|  0%| F|  |TAMS 0x0000000726e00000, 0x0000000726e00000| Untracked 
| 312|0x0000000727000000, 0x0000000727000000, 0x0000000727200000|  0%| F|  |TAMS 0x0000000727000000, 0x0000000727000000| Untracked 
| 313|0x0000000727200000, 0x0000000727200000, 0x0000000727400000|  0%| F|  |TAMS 0x0000000727200000, 0x0000000727200000| Untracked 
| 314|0x0000000727400000, 0x0000000727400000, 0x0000000727600000|  0%| F|  |TAMS 0x0000000727400000, 0x0000000727400000| Untracked 
| 315|0x0000000727600000, 0x0000000727600000, 0x0000000727800000|  0%| F|  |TAMS 0x0000000727600000, 0x0000000727600000| Untracked 
| 316|0x0000000727800000, 0x0000000727800000, 0x0000000727a00000|  0%| F|  |TAMS 0x0000000727800000, 0x0000000727800000| Untracked 
| 317|0x0000000727a00000, 0x0000000727a00000, 0x0000000727c00000|  0%| F|  |TAMS 0x0000000727a00000, 0x0000000727a00000| Untracked 
| 318|0x0000000727c00000, 0x0000000727c00000, 0x0000000727e00000|  0%| F|  |TAMS 0x0000000727c00000, 0x0000000727c00000| Untracked 
| 319|0x0000000727e00000, 0x0000000727e00000, 0x0000000728000000|  0%| F|  |TAMS 0x0000000727e00000, 0x0000000727e00000| Untracked 
| 320|0x0000000728000000, 0x0000000728000000, 0x0000000728200000|  0%| F|  |TAMS 0x0000000728000000, 0x0000000728000000| Untracked 
| 321|0x0000000728200000, 0x0000000728200000, 0x0000000728400000|  0%| F|  |TAMS 0x0000000728200000, 0x0000000728200000| Untracked 
| 322|0x0000000728400000, 0x0000000728400000, 0x0000000728600000|  0%| F|  |TAMS 0x0000000728400000, 0x0000000728400000| Untracked 
| 323|0x0000000728600000, 0x0000000728600000, 0x0000000728800000|  0%| F|  |TAMS 0x0000000728600000, 0x0000000728600000| Untracked 
| 324|0x0000000728800000, 0x0000000728800000, 0x0000000728a00000|  0%| F|  |TAMS 0x0000000728800000, 0x0000000728800000| Untracked 
| 325|0x0000000728a00000, 0x0000000728a00000, 0x0000000728c00000|  0%| F|  |TAMS 0x0000000728a00000, 0x0000000728a00000| Untracked 
| 326|0x0000000728c00000, 0x0000000728c00000, 0x0000000728e00000|  0%| F|  |TAMS 0x0000000728c00000, 0x0000000728c00000| Untracked 
| 327|0x0000000728e00000, 0x0000000728e00000, 0x0000000729000000|  0%| F|  |TAMS 0x0000000728e00000, 0x0000000728e00000| Untracked 
| 328|0x0000000729000000, 0x0000000729000000, 0x0000000729200000|  0%| F|  |TAMS 0x0000000729000000, 0x0000000729000000| Untracked 
| 329|0x0000000729200000, 0x0000000729200000, 0x0000000729400000|  0%| F|  |TAMS 0x0000000729200000, 0x0000000729200000| Untracked 
| 330|0x0000000729400000, 0x0000000729400000, 0x0000000729600000|  0%| F|  |TAMS 0x0000000729400000, 0x0000000729400000| Untracked 
| 331|0x0000000729600000, 0x0000000729600000, 0x0000000729800000|  0%| F|  |TAMS 0x0000000729600000, 0x0000000729600000| Untracked 
| 332|0x0000000729800000, 0x0000000729800000, 0x0000000729a00000|  0%| F|  |TAMS 0x0000000729800000, 0x0000000729800000| Untracked 
| 333|0x0000000729a00000, 0x0000000729a00000, 0x0000000729c00000|  0%| F|  |TAMS 0x0000000729a00000, 0x0000000729a00000| Untracked 
| 334|0x0000000729c00000, 0x0000000729c00000, 0x0000000729e00000|  0%| F|  |TAMS 0x0000000729c00000, 0x0000000729c00000| Untracked 
| 335|0x0000000729e00000, 0x0000000729e00000, 0x000000072a000000|  0%| F|  |TAMS 0x0000000729e00000, 0x0000000729e00000| Untracked 
| 336|0x000000072a000000, 0x000000072a000000, 0x000000072a200000|  0%| F|  |TAMS 0x000000072a000000, 0x000000072a000000| Untracked 
| 337|0x000000072a200000, 0x000000072a200000, 0x000000072a400000|  0%| F|  |TAMS 0x000000072a200000, 0x000000072a200000| Untracked 
| 338|0x000000072a400000, 0x000000072a400000, 0x000000072a600000|  0%| F|  |TAMS 0x000000072a400000, 0x000000072a400000| Untracked 
| 339|0x000000072a600000, 0x000000072a600000, 0x000000072a800000|  0%| F|  |TAMS 0x000000072a600000, 0x000000072a600000| Untracked 
| 340|0x000000072a800000, 0x000000072a800000, 0x000000072aa00000|  0%| F|  |TAMS 0x000000072a800000, 0x000000072a800000| Untracked 
| 341|0x000000072aa00000, 0x000000072aa00000, 0x000000072ac00000|  0%| F|  |TAMS 0x000000072aa00000, 0x000000072aa00000| Untracked 
| 342|0x000000072ac00000, 0x000000072ac00000, 0x000000072ae00000|  0%| F|  |TAMS 0x000000072ac00000, 0x000000072ac00000| Untracked 
| 343|0x000000072ae00000, 0x000000072ae00000, 0x000000072b000000|  0%| F|  |TAMS 0x000000072ae00000, 0x000000072ae00000| Untracked 
| 344|0x000000072b000000, 0x000000072b000000, 0x000000072b200000|  0%| F|  |TAMS 0x000000072b000000, 0x000000072b000000| Untracked 
| 345|0x000000072b200000, 0x000000072b200000, 0x000000072b400000|  0%| F|  |TAMS 0x000000072b200000, 0x000000072b200000| Untracked 
| 346|0x000000072b400000, 0x000000072b400000, 0x000000072b600000|  0%| F|  |TAMS 0x000000072b400000, 0x000000072b400000| Untracked 
| 347|0x000000072b600000, 0x000000072b600000, 0x000000072b800000|  0%| F|  |TAMS 0x000000072b600000, 0x000000072b600000| Untracked 
| 348|0x000000072b800000, 0x000000072b800000, 0x000000072ba00000|  0%| F|  |TAMS 0x000000072b800000, 0x000000072b800000| Untracked 
| 349|0x000000072ba00000, 0x000000072ba00000, 0x000000072bc00000|  0%| F|  |TAMS 0x000000072ba00000, 0x000000072ba00000| Untracked 
| 350|0x000000072bc00000, 0x000000072bc00000, 0x000000072be00000|  0%| F|  |TAMS 0x000000072bc00000, 0x000000072bc00000| Untracked 
| 351|0x000000072be00000, 0x000000072be00000, 0x000000072c000000|  0%| F|  |TAMS 0x000000072be00000, 0x000000072be00000| Untracked 
| 352|0x000000072c000000, 0x000000072c000000, 0x000000072c200000|  0%| F|  |TAMS 0x000000072c000000, 0x000000072c000000| Untracked 
| 353|0x000000072c200000, 0x000000072c200000, 0x000000072c400000|  0%| F|  |TAMS 0x000000072c200000, 0x000000072c200000| Untracked 
| 354|0x000000072c400000, 0x000000072c400000, 0x000000072c600000|  0%| F|  |TAMS 0x000000072c400000, 0x000000072c400000| Untracked 
| 355|0x000000072c600000, 0x000000072c600000, 0x000000072c800000|  0%| F|  |TAMS 0x000000072c600000, 0x000000072c600000| Untracked 
| 356|0x000000072c800000, 0x000000072c800000, 0x000000072ca00000|  0%| F|  |TAMS 0x000000072c800000, 0x000000072c800000| Untracked 
| 357|0x000000072ca00000, 0x000000072ca00000, 0x000000072cc00000|  0%| F|  |TAMS 0x000000072ca00000, 0x000000072ca00000| Untracked 
| 358|0x000000072cc00000, 0x000000072cc00000, 0x000000072ce00000|  0%| F|  |TAMS 0x000000072cc00000, 0x000000072cc00000| Untracked 
| 359|0x000000072ce00000, 0x000000072ce00000, 0x000000072d000000|  0%| F|  |TAMS 0x000000072ce00000, 0x000000072ce00000| Untracked 
| 360|0x000000072d000000, 0x000000072d000000, 0x000000072d200000|  0%| F|  |TAMS 0x000000072d000000, 0x000000072d000000| Untracked 
| 361|0x000000072d200000, 0x000000072d200000, 0x000000072d400000|  0%| F|  |TAMS 0x000000072d200000, 0x000000072d200000| Untracked 
| 362|0x000000072d400000, 0x000000072d400000, 0x000000072d600000|  0%| F|  |TAMS 0x000000072d400000, 0x000000072d400000| Untracked 
| 363|0x000000072d600000, 0x000000072d600000, 0x000000072d800000|  0%| F|  |TAMS 0x000000072d600000, 0x000000072d600000| Untracked 
| 364|0x000000072d800000, 0x000000072d800000, 0x000000072da00000|  0%| F|  |TAMS 0x000000072d800000, 0x000000072d800000| Untracked 
| 365|0x000000072da00000, 0x000000072da00000, 0x000000072dc00000|  0%| F|  |TAMS 0x000000072da00000, 0x000000072da00000| Untracked 
| 366|0x000000072dc00000, 0x000000072dc00000, 0x000000072de00000|  0%| F|  |TAMS 0x000000072dc00000, 0x000000072dc00000| Untracked 
| 367|0x000000072de00000, 0x000000072de00000, 0x000000072e000000|  0%| F|  |TAMS 0x000000072de00000, 0x000000072de00000| Untracked 
| 368|0x000000072e000000, 0x000000072e000000, 0x000000072e200000|  0%| F|  |TAMS 0x000000072e000000, 0x000000072e000000| Untracked 
| 369|0x000000072e200000, 0x000000072e200000, 0x000000072e400000|  0%| F|  |TAMS 0x000000072e200000, 0x000000072e200000| Untracked 
| 370|0x000000072e400000, 0x000000072e400000, 0x000000072e600000|  0%| F|  |TAMS 0x000000072e400000, 0x000000072e400000| Untracked 
| 371|0x000000072e600000, 0x000000072e600000, 0x000000072e800000|  0%| F|  |TAMS 0x000000072e600000, 0x000000072e600000| Untracked 
| 372|0x000000072e800000, 0x000000072e800000, 0x000000072ea00000|  0%| F|  |TAMS 0x000000072e800000, 0x000000072e800000| Untracked 
| 373|0x000000072ea00000, 0x000000072ea00000, 0x000000072ec00000|  0%| F|  |TAMS 0x000000072ea00000, 0x000000072ea00000| Untracked 
| 374|0x000000072ec00000, 0x000000072ec00000, 0x000000072ee00000|  0%| F|  |TAMS 0x000000072ec00000, 0x000000072ec00000| Untracked 
| 375|0x000000072ee00000, 0x000000072ee00000, 0x000000072f000000|  0%| F|  |TAMS 0x000000072ee00000, 0x000000072ee00000| Untracked 
| 376|0x000000072f000000, 0x000000072f000000, 0x000000072f200000|  0%| F|  |TAMS 0x000000072f000000, 0x000000072f000000| Untracked 
| 377|0x000000072f200000, 0x000000072f200000, 0x000000072f400000|  0%| F|  |TAMS 0x000000072f200000, 0x000000072f200000| Untracked 
| 378|0x000000072f400000, 0x000000072f400000, 0x000000072f600000|  0%| F|  |TAMS 0x000000072f400000, 0x000000072f400000| Untracked 
| 379|0x000000072f600000, 0x000000072f600000, 0x000000072f800000|  0%| F|  |TAMS 0x000000072f600000, 0x000000072f600000| Untracked 
| 380|0x000000072f800000, 0x000000072f800000, 0x000000072fa00000|  0%| F|  |TAMS 0x000000072f800000, 0x000000072f800000| Untracked 
| 381|0x000000072fa00000, 0x000000072fa00000, 0x000000072fc00000|  0%| F|  |TAMS 0x000000072fa00000, 0x000000072fa00000| Untracked 
| 382|0x000000072fc00000, 0x000000072fc00000, 0x000000072fe00000|  0%| F|  |TAMS 0x000000072fc00000, 0x000000072fc00000| Untracked 
| 383|0x000000072fe00000, 0x000000072fe00000, 0x0000000730000000|  0%| F|  |TAMS 0x000000072fe00000, 0x000000072fe00000| Untracked 
| 384|0x0000000730000000, 0x0000000730000000, 0x0000000730200000|  0%| F|  |TAMS 0x0000000730000000, 0x0000000730000000| Untracked 
| 385|0x0000000730200000, 0x0000000730272ef0, 0x0000000730400000| 22%| S|CS|TAMS 0x0000000730200000, 0x0000000730200000| Complete 
| 386|0x0000000730400000, 0x0000000730600000, 0x0000000730600000|100%| S|CS|TAMS 0x0000000730400000, 0x0000000730400000| Complete 
| 387|0x0000000730600000, 0x0000000730800000, 0x0000000730800000|100%| S|CS|TAMS 0x0000000730600000, 0x0000000730600000| Complete 
| 388|0x0000000730800000, 0x0000000730800000, 0x0000000730a00000|  0%| F|  |TAMS 0x0000000730800000, 0x0000000730800000| Untracked 
| 389|0x0000000730a00000, 0x0000000730a00000, 0x0000000730c00000|  0%| F|  |TAMS 0x0000000730a00000, 0x0000000730a00000| Untracked 
| 390|0x0000000730c00000, 0x0000000730c00000, 0x0000000730e00000|  0%| F|  |TAMS 0x0000000730c00000, 0x0000000730c00000| Untracked 
| 391|0x0000000730e00000, 0x0000000730e00000, 0x0000000731000000|  0%| F|  |TAMS 0x0000000730e00000, 0x0000000730e00000| Untracked 
| 392|0x0000000731000000, 0x0000000731000000, 0x0000000731200000|  0%| F|  |TAMS 0x0000000731000000, 0x0000000731000000| Untracked 

Card table byte_map: [0x000001efbfb20000,0x000001efc0320000] _byte_map_base: 0x000001efbc320000

Marking Bits (Prev, Next): (CMBitMap*) 0x000001efac965b60, (CMBitMap*) 0x000001efac965ba0
 Prev Bits: [0x000001efc0b20000, 0x000001efc4b20000)
 Next Bits: [0x000001efc4b20000, 0x000001efc8b20000)

Polling page: 0x000001efaa860000

Metaspace:

Usage:
  Non-class:    166.76 MB used.
      Class:     25.15 MB used.
       Both:    191.91 MB used.

Virtual space:
  Non-class space:      192.00 MB reserved,     167.50 MB ( 87%) committed,  3 nodes.
      Class space:        1.00 GB reserved,      25.69 MB (  3%) committed,  1 nodes.
             Both:        1.19 GB reserved,     193.19 MB ( 16%) committed. 

Chunk freelists:
   Non-Class:  8.27 MB
       Class:  6.25 MB
        Both:  14.52 MB

MaxMetaspaceSize: 2.00 GB
CompressedClassSpaceSize: 1.00 GB
Initial GC threshold: 21.00 MB
Current GC threshold: 311.06 MB
CDS: off
MetaspaceReclaimPolicy: balanced
 - commit_granule_bytes: 65536.
 - commit_granule_words: 8192.
 - virtual_space_node_default_size: 8388608.
 - enlarge_chunks_in_place: 1.
 - new_chunks_are_fully_committed: 0.
 - uncommit_free_chunks: 1.
 - use_allocation_guard: 0.
 - handle_deallocations: 1.


Internal statistics:

num_allocs_failed_limit: 15.
num_arena_births: 1942.
num_arena_deaths: 46.
num_vsnodes_births: 4.
num_vsnodes_deaths: 0.
num_space_committed: 3088.
num_space_uncommitted: 0.
num_chunks_returned_to_freelist: 81.
num_chunks_taken_from_freelist: 9917.
num_chunk_merges: 38.
num_chunk_splits: 6648.
num_chunks_enlarged: 4426.
num_inconsistent_stats: 0.

CodeHeap 'non-profiled nmethods': size=120000Kb used=13804Kb max_used=14242Kb free=106195Kb
 bounds [0x000001efb78a0000, 0x000001efb86a0000, 0x000001efbedd0000]
CodeHeap 'profiled nmethods': size=120000Kb used=47137Kb max_used=47415Kb free=72862Kb
 bounds [0x000001efafdd0000, 0x000001efb2c40000, 0x000001efb7300000]
CodeHeap 'non-nmethods': size=5760Kb used=2575Kb max_used=2636Kb free=3184Kb
 bounds [0x000001efb7300000, 0x000001efb75b0000, 0x000001efb78a0000]
 total_blobs=24228 nmethods=23095 adapters=1043
 compilation: enabled
              stopped_count=0, restarted_count=0
 full_count=0

Compilation events (20 events):
Event: 68.262 Thread 0x000001efcb9ad3e0 28541       2       org.codehaus.groovy.ast.ClassNode::getUnresolvedSuperClass (6 bytes)
Event: 68.263 Thread 0x000001efcb9ad3e0 nmethod 28541 0x000001efb23c2c10 code [0x000001efb23c2dc0, 0x000001efb23c2f58]
Event: 68.263 Thread 0x000001efcb9ad3e0 28540       1       org.codehaus.groovy.ast.expr.MethodCallExpression::getMethod (5 bytes)
Event: 68.263 Thread 0x000001efcb9ad3e0 nmethod 28540 0x000001efb8045210 code [0x000001efb80453a0, 0x000001efb8045478]
Event: 68.264 Thread 0x000001efcb9ad3e0 28542       1       org.codehaus.groovy.ast.ModuleNode::getStaticImports (5 bytes)
Event: 68.265 Thread 0x000001efcb9ad3e0 nmethod 28542 0x000001efb8044f10 code [0x000001efb80450a0, 0x000001efb8045178]
Event: 68.265 Thread 0x000001efcb9ad3e0 28543       1       org.codehaus.groovy.ast.expr.PropertyExpression::getProperty (5 bytes)
Event: 68.265 Thread 0x000001efcb9ad3e0 nmethod 28543 0x000001efb8044c10 code [0x000001efb8044da0, 0x000001efb8044e78]
Event: 68.265 Thread 0x000001efcb9ad3e0 28544       1       org.codehaus.groovy.ast.ClassNode::isGenericsPlaceHolder (5 bytes)
Event: 68.265 Thread 0x000001efcb9ad3e0 nmethod 28544 0x000001efb8044910 code [0x000001efb8044aa0, 0x000001efb8044b78]
Event: 68.265 Thread 0x000001efcb9ad3e0 28545       1       org.codehaus.groovy.ast.expr.BinaryExpression::getLeftExpression (5 bytes)
Event: 68.265 Thread 0x000001efcb9ad3e0 nmethod 28545 0x000001efb8044510 code [0x000001efb80446a0, 0x000001efb8044778]
Event: 68.267 Thread 0x000001efcb9ad3e0 28546       1       org.codehaus.groovy.ast.AnnotatedNode::getAnnotations (5 bytes)
Event: 68.267 Thread 0x000001efcb9ad3e0 nmethod 28546 0x000001efb7f76090 code [0x000001efb7f76220, 0x000001efb7f762f8]
Event: 68.267 Thread 0x000001efcb9ad3e0 28547       1       org.codehaus.groovy.ast.expr.TupleExpression::getExpressions (5 bytes)
Event: 68.267 Thread 0x000001efcb9ad3e0 nmethod 28547 0x000001efb7f75d90 code [0x000001efb7f75f20, 0x000001efb7f75ff8]
Event: 68.268 Thread 0x000001efcb9ad3e0 28548       1       org.codehaus.groovy.ast.expr.MethodCallExpression::getArguments (5 bytes)
Event: 68.268 Thread 0x000001efcb9ad3e0 nmethod 28548 0x000001efb7f75a90 code [0x000001efb7f75c20, 0x000001efb7f75cf8]
Event: 68.280 Thread 0x000001efcb9aaeb0 nmethod 28158 0x000001efb7a0dc90 code [0x000001efb7a0e140, 0x000001efb7a12d10]
Event: 68.280 Thread 0x000001efcb9aaeb0 28461       4       groovyjarjarantlr4.v4.runtime.atn.PredictionContext::join (569 bytes)

GC Heap History (20 events):
Event: 62.532 GC heap after
{Heap after GC invocations=63 (full 0):
 garbage-first heap   total 501760K, used 234877K [0x0000000700000000, 0x0000000800000000)
  region size 2048K, 13 young (26624K), 13 survivors (26624K)
 Metaspace       used 146279K, committed 147648K, reserved 1179648K
  class space    used 18858K, committed 19456K, reserved 1048576K
}
Event: 63.731 GC heap before
{Heap before GC invocations=63 (full 0):
 garbage-first heap   total 501760K, used 411005K [0x0000000700000000, 0x0000000800000000)
  region size 2048K, 99 young (202752K), 13 survivors (26624K)
 Metaspace       used 163758K, committed 165056K, reserved 1245184K
  class space    used 21443K, committed 22016K, reserved 1048576K
}
Event: 63.746 GC heap after
{Heap after GC invocations=64 (full 0):
 garbage-first heap   total 501760K, used 260553K [0x0000000700000000, 0x0000000800000000)
  region size 2048K, 13 young (26624K), 13 survivors (26624K)
 Metaspace       used 163758K, committed 165056K, reserved 1245184K
  class space    used 21443K, committed 22016K, reserved 1048576K
}
Event: 64.012 GC heap before
{Heap before GC invocations=64 (full 0):
 garbage-first heap   total 501760K, used 403913K [0x0000000700000000, 0x0000000800000000)
  region size 2048K, 84 young (172032K), 13 survivors (26624K)
 Metaspace       used 166066K, committed 167424K, reserved 1245184K
  class space    used 21695K, committed 22272K, reserved 1048576K
}
Event: 64.043 GC heap after
{Heap after GC invocations=65 (full 0):
 garbage-first heap   total 501760K, used 288768K [0x0000000700000000, 0x0000000800000000)
  region size 2048K, 11 young (22528K), 11 survivors (22528K)
 Metaspace       used 166066K, committed 167424K, reserved 1245184K
  class space    used 21695K, committed 22272K, reserved 1048576K
}
Event: 64.286 GC heap before
{Heap before GC invocations=65 (full 0):
 garbage-first heap   total 501760K, used 403456K [0x0000000700000000, 0x0000000800000000)
  region size 2048K, 68 young (139264K), 11 survivors (22528K)
 Metaspace       used 168696K, committed 170048K, reserved 1245184K
  class space    used 22035K, committed 22656K, reserved 1048576K
}
Event: 64.316 GC heap after
{Heap after GC invocations=66 (full 0):
 garbage-first heap   total 501760K, used 315392K [0x0000000700000000, 0x0000000800000000)
  region size 2048K, 9 young (18432K), 9 survivors (18432K)
 Metaspace       used 168696K, committed 170048K, reserved 1245184K
  class space    used 22035K, committed 22656K, reserved 1048576K
}
Event: 64.665 GC heap before
{Heap before GC invocations=66 (full 0):
 garbage-first heap   total 501760K, used 405504K [0x0000000700000000, 0x0000000800000000)
  region size 2048K, 54 young (110592K), 9 survivors (18432K)
 Metaspace       used 171557K, committed 172992K, reserved 1245184K
  class space    used 22358K, committed 22976K, reserved 1048576K
}
Event: 64.698 GC heap after
{Heap after GC invocations=67 (full 0):
 garbage-first heap   total 804864K, used 335469K [0x0000000700000000, 0x0000000800000000)
  region size 2048K, 7 young (14336K), 7 survivors (14336K)
 Metaspace       used 171557K, committed 172992K, reserved 1245184K
  class space    used 22358K, committed 22976K, reserved 1048576K
}
Event: 64.896 GC heap before
{Heap before GC invocations=67 (full 0):
 garbage-first heap   total 804864K, used 353901K [0x0000000700000000, 0x0000000800000000)
  region size 2048K, 17 young (34816K), 7 survivors (14336K)
 Metaspace       used 172091K, committed 173440K, reserved 1245184K
  class space    used 22401K, committed 22976K, reserved 1048576K
}
Event: 64.913 GC heap after
{Heap after GC invocations=68 (full 0):
 garbage-first heap   total 804864K, used 339869K [0x0000000700000000, 0x0000000800000000)
  region size 2048K, 10 young (20480K), 10 survivors (20480K)
 Metaspace       used 172091K, committed 173440K, reserved 1245184K
  class space    used 22401K, committed 22976K, reserved 1048576K
}
Event: 66.415 GC heap before
{Heap before GC invocations=69 (full 0):
 garbage-first heap   total 804864K, used 614301K [0x0000000700000000, 0x0000000800000000)
  region size 2048K, 137 young (280576K), 10 survivors (20480K)
 Metaspace       used 178469K, committed 179840K, reserved 1245184K
  class space    used 23228K, committed 23808K, reserved 1048576K
}
Event: 66.458 GC heap after
{Heap after GC invocations=70 (full 0):
 garbage-first heap   total 804864K, used 393888K [0x0000000700000000, 0x0000000800000000)
  region size 2048K, 18 young (36864K), 18 survivors (36864K)
 Metaspace       used 178469K, committed 179840K, reserved 1245184K
  class space    used 23228K, committed 23808K, reserved 1048576K
}
Event: 66.464 GC heap before
{Heap before GC invocations=70 (full 0):
 garbage-first heap   total 804864K, used 395936K [0x0000000700000000, 0x0000000800000000)
  region size 2048K, 19 young (38912K), 18 survivors (36864K)
 Metaspace       used 178474K, committed 179840K, reserved 1245184K
  class space    used 23228K, committed 23808K, reserved 1048576K
}
Event: 66.489 GC heap after
{Heap after GC invocations=71 (full 0):
 garbage-first heap   total 804864K, used 395772K [0x0000000700000000, 0x0000000800000000)
  region size 2048K, 3 young (6144K), 3 survivors (6144K)
 Metaspace       used 178474K, committed 179840K, reserved 1245184K
  class space    used 23228K, committed 23808K, reserved 1048576K
}
Event: 67.321 GC heap before
{Heap before GC invocations=71 (full 0):
 garbage-first heap   total 804864K, used 612860K [0x0000000700000000, 0x0000000800000000)
  region size 2048K, 109 young (223232K), 3 survivors (6144K)
 Metaspace       used 186469K, committed 187840K, reserved 1245184K
  class space    used 24309K, committed 24896K, reserved 1048576K
}
Event: 67.332 GC heap after
{Heap after GC invocations=72 (full 0):
 garbage-first heap   total 804864K, used 407439K [0x0000000700000000, 0x0000000800000000)
  region size 2048K, 9 young (18432K), 9 survivors (18432K)
 Metaspace       used 186469K, committed 187840K, reserved 1245184K
  class space    used 24309K, committed 24896K, reserved 1048576K
}
Event: 68.224 GC heap before
{Heap before GC invocations=73 (full 0):
 garbage-first heap   total 804864K, used 624527K [0x0000000700000000, 0x0000000800000000)
  region size 2048K, 116 young (237568K), 9 survivors (18432K)
 Metaspace       used 196104K, committed 197504K, reserved 1245184K
  class space    used 25705K, committed 26304K, reserved 1048576K
}
Event: 68.247 GC heap after
{Heap after GC invocations=74 (full 0):
 garbage-first heap   total 804864K, used 433314K [0x0000000700000000, 0x0000000800000000)
  region size 2048K, 14 young (28672K), 14 survivors (28672K)
 Metaspace       used 196104K, committed 197504K, reserved 1245184K
  class space    used 25705K, committed 26304K, reserved 1048576K
}
Event: 68.289 GC heap before
{Heap before GC invocations=74 (full 0):
 garbage-first heap   total 804864K, used 443554K [0x0000000700000000, 0x0000000800000000)
  region size 2048K, 19 young (38912K), 14 survivors (28672K)
 Metaspace       used 196512K, committed 197824K, reserved 1245184K
  class space    used 25755K, committed 26304K, reserved 1048576K
}

Dll operation events (2 events):
Event: 0.005 Loaded shared library C:\Program Files\Android\Android Studio\jbr\bin\java.dll
Event: 0.324 Loaded shared library C:\Program Files\Android\Android Studio\jbr\bin\verify.dll

Deoptimization events (20 events):
Event: 68.139 Thread 0x000001efd0159e60 Uncommon trap: trap_request=0xffffffde fr.pc=0x000001efb8212e64 relative=0x00000000000000c4
Event: 68.139 Thread 0x000001efd0159e60 Uncommon trap: reason=class_check action=maybe_recompile pc=0x000001efb8212e64 method=java.util.stream.ReferencePipeline$4$1.accept(Ljava/lang/Object;)V @ 12 c2
Event: 68.139 Thread 0x000001efd0159e60 DEOPT PACKING pc=0x000001efb8212e64 sp=0x00000021d6ffa950
Event: 68.139 Thread 0x000001efd0159e60 DEOPT UNPACKING pc=0x000001efb73569a3 sp=0x00000021d6ffa8d0 mode 2
Event: 68.139 Thread 0x000001efd0159e60 Uncommon trap: trap_request=0xffffffde fr.pc=0x000001efb8212e64 relative=0x00000000000000c4
Event: 68.139 Thread 0x000001efd0159e60 Uncommon trap: reason=class_check action=maybe_recompile pc=0x000001efb8212e64 method=java.util.stream.ReferencePipeline$4$1.accept(Ljava/lang/Object;)V @ 12 c2
Event: 68.139 Thread 0x000001efd0159e60 DEOPT PACKING pc=0x000001efb8212e64 sp=0x00000021d6ffa950
Event: 68.139 Thread 0x000001efd0159e60 DEOPT UNPACKING pc=0x000001efb73569a3 sp=0x00000021d6ffa8d0 mode 2
Event: 68.139 Thread 0x000001efd0159e60 Uncommon trap: trap_request=0xffffffde fr.pc=0x000001efb8212e64 relative=0x00000000000000c4
Event: 68.139 Thread 0x000001efd0159e60 Uncommon trap: reason=class_check action=maybe_recompile pc=0x000001efb8212e64 method=java.util.stream.ReferencePipeline$4$1.accept(Ljava/lang/Object;)V @ 12 c2
Event: 68.139 Thread 0x000001efd0159e60 DEOPT PACKING pc=0x000001efb8212e64 sp=0x00000021d6ffa950
Event: 68.139 Thread 0x000001efd0159e60 DEOPT UNPACKING pc=0x000001efb73569a3 sp=0x00000021d6ffa8d0 mode 2
Event: 68.168 Thread 0x000001efd0159e60 Uncommon trap: trap_request=0xffffff45 fr.pc=0x000001efb7fa6aa4 relative=0x0000000000000284
Event: 68.168 Thread 0x000001efd0159e60 Uncommon trap: reason=unstable_if action=reinterpret pc=0x000001efb7fa6aa4 method=java.util.concurrent.ConcurrentHashMap.get(Ljava/lang/Object;)Ljava/lang/Object; @ 76 c2
Event: 68.168 Thread 0x000001efd0159e60 DEOPT PACKING pc=0x000001efb7fa6aa4 sp=0x00000021d6ffbac0
Event: 68.168 Thread 0x000001efd0159e60 DEOPT UNPACKING pc=0x000001efb73569a3 sp=0x00000021d6ffba38 mode 2
Event: 68.220 Thread 0x000001efd0159e60 Uncommon trap: trap_request=0xffffff45 fr.pc=0x000001efb78f6834 relative=0x00000000000001f4
Event: 68.220 Thread 0x000001efd0159e60 Uncommon trap: reason=unstable_if action=reinterpret pc=0x000001efb78f6834 method=java.util.HashMap.hash(Ljava/lang/Object;)I @ 1 c2
Event: 68.220 Thread 0x000001efd0159e60 DEOPT PACKING pc=0x000001efb78f6834 sp=0x00000021d6ffc650
Event: 68.220 Thread 0x000001efd0159e60 DEOPT UNPACKING pc=0x000001efb73569a3 sp=0x00000021d6ffc520 mode 2

Classes unloaded (20 events):
Event: 65.182 Thread 0x000001efcb90b430 Unloading class 0x0000000801572000 'java/lang/invoke/LambdaForm$DMH+0x0000000801572000'
Event: 65.182 Thread 0x000001efcb90b430 Unloading class 0x0000000801571c00 'java/lang/invoke/LambdaForm$DMH+0x0000000801571c00'
Event: 65.182 Thread 0x000001efcb90b430 Unloading class 0x0000000801571400 'java/lang/invoke/LambdaForm$DMH+0x0000000801571400'
Event: 65.182 Thread 0x000001efcb90b430 Unloading class 0x0000000801571000 'java/lang/invoke/LambdaForm$DMH+0x0000000801571000'
Event: 65.182 Thread 0x000001efcb90b430 Unloading class 0x0000000801570c00 'java/lang/invoke/LambdaForm$DMH+0x0000000801570c00'
Event: 65.182 Thread 0x000001efcb90b430 Unloading class 0x0000000801570800 'java/lang/invoke/LambdaForm$DMH+0x0000000801570800'
Event: 65.182 Thread 0x000001efcb90b430 Unloading class 0x0000000801570000 'java/lang/invoke/LambdaForm$DMH+0x0000000801570000'
Event: 65.182 Thread 0x000001efcb90b430 Unloading class 0x000000080155a400 'java/lang/invoke/LambdaForm$DMH+0x000000080155a400'
Event: 65.182 Thread 0x000001efcb90b430 Unloading class 0x000000080155a000 'java/lang/invoke/LambdaForm$DMH+0x000000080155a000'
Event: 65.182 Thread 0x000001efcb90b430 Unloading class 0x0000000801559c00 'java/lang/invoke/LambdaForm$DMH+0x0000000801559c00'
Event: 65.182 Thread 0x000001efcb90b430 Unloading class 0x0000000801559800 'java/lang/invoke/LambdaForm$DMH+0x0000000801559800'
Event: 65.182 Thread 0x000001efcb90b430 Unloading class 0x0000000801559000 'java/lang/invoke/LambdaForm$DMH+0x0000000801559000'
Event: 65.182 Thread 0x000001efcb90b430 Unloading class 0x0000000801558800 'java/lang/invoke/LambdaForm$DMH+0x0000000801558800'
Event: 65.182 Thread 0x000001efcb90b430 Unloading class 0x0000000801558c00 'java/lang/invoke/LambdaForm$DMH+0x0000000801558c00'
Event: 65.182 Thread 0x000001efcb90b430 Unloading class 0x0000000801558400 'java/lang/invoke/LambdaForm$DMH+0x0000000801558400'
Event: 65.182 Thread 0x000001efcb90b430 Unloading class 0x0000000800e7ac00 'java/lang/invoke/LambdaForm$DMH+0x0000000800e7ac00'
Event: 65.182 Thread 0x000001efcb90b430 Unloading class 0x0000000800e79800 'java/lang/invoke/LambdaForm$DMH+0x0000000800e79800'
Event: 65.182 Thread 0x000001efcb90b430 Unloading class 0x0000000800e79c00 'java/lang/invoke/LambdaForm$DMH+0x0000000800e79c00'
Event: 65.182 Thread 0x000001efcb90b430 Unloading class 0x0000000800e7a400 'java/lang/invoke/LambdaForm$DMH+0x0000000800e7a400'
Event: 65.182 Thread 0x000001efcb90b430 Unloading class 0x0000000800e7a800 'java/lang/invoke/LambdaForm$DMH+0x0000000800e7a800'

Classes redefined (0 events):
No events

Internal exceptions (20 events):
Event: 66.088 Thread 0x000001efd0159440 Implicit null exception at 0x000001efb7b04f7b to 0x000001efb7b0564c
Event: 66.106 Thread 0x000001efd0159440 Exception <a 'java/lang/IncompatibleClassChangeError'{0x00000007246b0928}: Found class java.lang.Object, but interface was expected> (0x00000007246b0928) 
thrown [s\src\hotspot\share\interpreter\linkResolver.cpp, line 838]
Event: 66.112 Thread 0x000001efd0159440 Exception <a 'java/lang/NoSuchMethodError'{0x00000007246e42a8}: 'void java.lang.invoke.DirectMethodHandle$Holder.invokeStatic(java.lang.Object, java.lang.Object, java.lang.Object, java.lang.Object, java.lang.Object, java.lang.Object, java.lang.Object, java.lang.Object, java.lang.Object)'> (0x00000007246e42a8) 
thrown [s\src\hotspot\share\interpreter\linkResolver.cpp, line 771]
Event: 66.113 Thread 0x000001efd0159440 Exception <a 'java/lang/IncompatibleClassChangeError'{0x00000007246f3418}: Found class java.lang.Object, but interface was expected> (0x00000007246f3418) 
thrown [s\src\hotspot\share\interpreter\linkResolver.cpp, line 838]
Event: 66.929 Thread 0x000001efd0159440 Exception <a 'java/lang/NoSuchMethodError'{0x00000007267681d0}: 'java.lang.Object java.lang.invoke.DirectMethodHandle$Holder.invokeStatic(java.lang.Object, int, java.lang.Object, java.lang.Object)'> (0x00000007267681d0) 
thrown [s\src\hotspot\share\interpreter\linkResolver.cpp, line 771]
Event: 66.946 Thread 0x000001efd0159440 Exception <a 'java/lang/NoSuchMethodError'{0x0000000726581668}: 'void java.lang.invoke.DirectMethodHandle$Holder.invokeStatic(java.lang.Object, java.lang.Object, java.lang.Object, java.lang.Object, java.lang.Object, java.lang.Object, java.lang.Object)'> (0x0000000726581668) 
thrown [s\src\hotspot\share\interpreter\linkResolver.cpp, line 771]
Event: 67.266 Thread 0x000001efd0159e60 Implicit null exception at 0x000001efb7aeb8ef to 0x000001efb7aebf74
Event: 67.280 Thread 0x000001efd0159e60 Implicit null exception at 0x000001efb7a93f13 to 0x000001efb7a9405c
Event: 67.785 Thread 0x000001efd0159e60 Exception <a 'java/lang/ClassNotFoundException'{0x000000072c27f810}: groovy/lang/ExpandoMetaClassBeanInfo> (0x000000072c27f810) 
thrown [s\src\hotspot\share\classfile\systemDictionary.cpp, line 256]
Event: 67.785 Thread 0x000001efd0159e60 Exception <a 'java/lang/ClassNotFoundException'{0x000000072c3884e0}: groovy/lang/MetaClassImplBeanInfo> (0x000000072c3884e0) 
thrown [s\src\hotspot\share\classfile\systemDictionary.cpp, line 256]
Event: 67.785 Thread 0x000001efd0159e60 Exception <a 'java/lang/ClassNotFoundException'{0x000000072c390f38}: groovy/lang/MetaClassImplCustomizer> (0x000000072c390f38) 
thrown [s\src\hotspot\share\classfile\systemDictionary.cpp, line 256]
Event: 67.786 Thread 0x000001efd0159e60 Exception <a 'java/lang/ClassNotFoundException'{0x000000072c3b8398}: groovy/lang/ExpandoMetaClassCustomizer> (0x000000072c3b8398) 
thrown [s\src\hotspot\share\classfile\systemDictionary.cpp, line 256]
Event: 67.796 Thread 0x000001efd0159e60 Exception <a 'java/lang/ClassNotFoundException'{0x000000072c1bdd30}: org/codehaus/groovy/ast/builder/AstBuilderBeanInfo> (0x000000072c1bdd30) 
thrown [s\src\hotspot\share\classfile\systemDictionary.cpp, line 256]
Event: 67.796 Thread 0x000001efd0159e60 Exception <a 'java/lang/ClassNotFoundException'{0x000000072be5a578}: org/codehaus/groovy/ast/builder/AstBuilderCustomizer> (0x000000072be5a578) 
thrown [s\src\hotspot\share\classfile\systemDictionary.cpp, line 256]
Event: 67.802 Thread 0x000001efd0159e60 Exception <a 'java/lang/ClassNotFoundException'{0x000000072bc52208}: org/codehaus/groovy/control/CompilePhaseBeanInfo> (0x000000072bc52208) 
thrown [s\src\hotspot\share\classfile\systemDictionary.cpp, line 256]
Event: 67.803 Thread 0x000001efd0159e60 Exception <a 'java/lang/ClassNotFoundException'{0x000000072bd04fa8}: org/codehaus/groovy/control/CompilePhaseCustomizer> (0x000000072bd04fa8) 
thrown [s\src\hotspot\share\classfile\systemDictionary.cpp, line 256]
Event: 67.894 Thread 0x000001efd0159440 Implicit null exception at 0x000001efb843ac88 to 0x000001efb843b738
Event: 68.022 Thread 0x000001efd0159440 Implicit null exception at 0x000001efb8077cdc to 0x000001efb807da90
Event: 68.218 Thread 0x000001efd0159e60 Exception <a 'java/lang/NoSuchMethodError'{0x0000000723e74640}: 'void java.lang.invoke.DirectMethodHandle$Holder.invokeSpecialIFC(java.lang.Object, java.lang.Object, java.lang.Object)'> (0x0000000723e74640) 
thrown [s\src\hotspot\share\interpreter\linkResolver.cpp, line 771]
Event: 68.220 Thread 0x000001efd0159e60 Implicit null exception at 0x000001efb78f672f to 0x000001efb78f681c

VM Operations (20 events):
Event: 67.565 Executing VM operation: HandshakeAllThreads done
Event: 67.568 Executing VM operation: HandshakeAllThreads
Event: 67.569 Executing VM operation: HandshakeAllThreads done
Event: 67.604 Executing VM operation: G1PauseRemark
Event: 67.611 Executing VM operation: G1PauseRemark done
Event: 67.711 Executing VM operation: G1PauseCleanup
Event: 67.711 Executing VM operation: G1PauseCleanup done
Event: 68.020 Executing VM operation: HandshakeAllThreads
Event: 68.021 Executing VM operation: HandshakeAllThreads done
Event: 68.083 Executing VM operation: HandshakeAllThreads
Event: 68.083 Executing VM operation: HandshakeAllThreads done
Event: 68.100 Executing VM operation: ICBufferFull
Event: 68.100 Executing VM operation: ICBufferFull done
Event: 68.103 Executing VM operation: HandshakeAllThreads
Event: 68.103 Executing VM operation: HandshakeAllThreads done
Event: 68.171 Executing VM operation: ICBufferFull
Event: 68.172 Executing VM operation: ICBufferFull done
Event: 68.224 Executing VM operation: G1CollectForAllocation
Event: 68.247 Executing VM operation: G1CollectForAllocation done
Event: 68.289 Executing VM operation: G1CollectForAllocation

Events (20 events):
Event: 68.198 loading class java/util/stream/ReduceOps$CountingSink$OfInt
Event: 68.198 loading class java/util/stream/ReduceOps$CountingSink
Event: 68.198 loading class java/util/stream/ReduceOps$CountingSink done
Event: 68.198 loading class java/util/stream/ReduceOps$CountingSink$OfInt done
Event: 68.248 loading class java/lang/JavaVersion
Event: 68.248 loading class java/lang/JavaVersion done
Event: 68.248 loading class java/util/JavaVersion
Event: 68.248 loading class java/util/JavaVersion done
Event: 68.248 loading class java/io/JavaVersion
Event: 68.248 loading class java/io/JavaVersion done
Event: 68.248 loading class java/net/JavaVersion
Event: 68.248 loading class java/net/JavaVersion done
Event: 68.251 loading class java/lang/JavaVersion$VERSION_1_8
Event: 68.251 loading class java/lang/JavaVersion$VERSION_1_8 done
Event: 68.252 loading class java/util/JavaVersion$VERSION_1_8
Event: 68.252 loading class java/util/JavaVersion$VERSION_1_8 done
Event: 68.252 loading class java/io/JavaVersion$VERSION_1_8
Event: 68.252 loading class java/io/JavaVersion$VERSION_1_8 done
Event: 68.252 loading class java/net/JavaVersion$VERSION_1_8
Event: 68.252 loading class java/net/JavaVersion$VERSION_1_8 done


Dynamic libraries:
0x00007ff6911e0000 - 0x00007ff6911ea000 	C:\Program Files\Android\Android Studio\jbr\bin\java.exe
0x00007ffc4b8f0000 - 0x00007ffc4bae8000 	C:\WINDOWS\SYSTEM32\ntdll.dll
0x00007ffc4b1e0000 - 0x00007ffc4b2a1000 	C:\WINDOWS\System32\KERNEL32.DLL
0x00007ffc49620000 - 0x00007ffc4991d000 	C:\WINDOWS\System32\KERNELBASE.dll
0x00007ffc491f0000 - 0x00007ffc492f0000 	C:\WINDOWS\System32\ucrtbase.dll
0x00007ffc2c620000 - 0x00007ffc2c637000 	C:\Program Files\Android\Android Studio\jbr\bin\jli.dll
0x00007ffc45f80000 - 0x00007ffc45f9b000 	C:\Program Files\Android\Android Studio\jbr\bin\VCRUNTIME140.dll
0x00007ffc4ac50000 - 0x00007ffc4aded000 	C:\WINDOWS\System32\USER32.dll
0x00007ffc33480000 - 0x00007ffc3371a000 	C:\WINDOWS\WinSxS\amd64_microsoft.windows.common-controls_6595b64144ccf1df_6.0.19041.4355_none_60b8b9eb71f62e16\COMCTL32.dll
0x00007ffc495f0000 - 0x00007ffc49612000 	C:\WINDOWS\System32\win32u.dll
0x00007ffc4a3f0000 - 0x00007ffc4a48e000 	C:\WINDOWS\System32\msvcrt.dll
0x00007ffc4a490000 - 0x00007ffc4a4bb000 	C:\WINDOWS\System32\GDI32.dll
0x00007ffc48fa0000 - 0x00007ffc490b7000 	C:\WINDOWS\System32\gdi32full.dll
0x00007ffc49150000 - 0x00007ffc491ed000 	C:\WINDOWS\System32\msvcp_win.dll
0x00007ffc4a5f0000 - 0x00007ffc4a61f000 	C:\WINDOWS\System32\IMM32.DLL
0x00007ffc2c1c0000 - 0x00007ffc2c1cc000 	C:\Program Files\Android\Android Studio\jbr\bin\vcruntime140_1.dll
0x00007ffc1d030000 - 0x00007ffc1d0bd000 	C:\Program Files\Android\Android Studio\jbr\bin\msvcp140.dll
0x00007ffbe6b00000 - 0x00007ffbe7783000 	C:\Program Files\Android\Android Studio\jbr\bin\server\jvm.dll
0x00007ffc4ab80000 - 0x00007ffc4ac30000 	C:\WINDOWS\System32\ADVAPI32.dll
0x00007ffc4a180000 - 0x00007ffc4a220000 	C:\WINDOWS\System32\sechost.dll
0x00007ffc4a4c0000 - 0x00007ffc4a5e3000 	C:\WINDOWS\System32\RPCRT4.dll
0x00007ffc49510000 - 0x00007ffc49537000 	C:\WINDOWS\System32\bcrypt.dll
0x00007ffc48a20000 - 0x00007ffc48a6b000 	C:\WINDOWS\SYSTEM32\POWRPROF.dll
0x00007ffc391a0000 - 0x00007ffc391a9000 	C:\WINDOWS\SYSTEM32\WSOCK32.dll
0x00007ffc3ef30000 - 0x00007ffc3ef57000 	C:\WINDOWS\SYSTEM32\WINMM.dll
0x00007ffc41cc0000 - 0x00007ffc41cca000 	C:\WINDOWS\SYSTEM32\VERSION.dll
0x00007ffc4a6f0000 - 0x00007ffc4a75b000 	C:\WINDOWS\System32\WS2_32.dll
0x00007ffc48a00000 - 0x00007ffc48a12000 	C:\WINDOWS\SYSTEM32\UMPDC.dll
0x00007ffc46e40000 - 0x00007ffc46e52000 	C:\WINDOWS\SYSTEM32\kernel.appcore.dll
0x00007ffc2cba0000 - 0x00007ffc2cbaa000 	C:\Program Files\Android\Android Studio\jbr\bin\jimage.dll
0x00007ffc422b0000 - 0x00007ffc42494000 	C:\WINDOWS\SYSTEM32\DBGHELP.DLL
0x00007ffc38810000 - 0x00007ffc38844000 	C:\WINDOWS\SYSTEM32\dbgcore.DLL
0x00007ffc490c0000 - 0x00007ffc49142000 	C:\WINDOWS\System32\bcryptPrimitives.dll
0x00007ffc2caf0000 - 0x00007ffc2cb15000 	C:\Program Files\Android\Android Studio\jbr\bin\java.dll
0x00007ffc2cad0000 - 0x00007ffc2cae8000 	C:\Program Files\Android\Android Studio\jbr\bin\zip.dll
0x00007ffc49a10000 - 0x00007ffc4a17f000 	C:\WINDOWS\System32\SHELL32.dll
0x00007ffc47040000 - 0x00007ffc477e3000 	C:\WINDOWS\SYSTEM32\windows.storage.dll
0x00007ffc4a820000 - 0x00007ffc4ab73000 	C:\WINDOWS\System32\combase.dll
0x00007ffc48960000 - 0x00007ffc4898e000 	C:\WINDOWS\SYSTEM32\Wldp.dll
0x00007ffc4a620000 - 0x00007ffc4a6ed000 	C:\WINDOWS\System32\OLEAUT32.dll
0x00007ffc4a220000 - 0x00007ffc4a2cd000 	C:\WINDOWS\System32\SHCORE.dll
0x00007ffc4b2b0000 - 0x00007ffc4b305000 	C:\WINDOWS\System32\shlwapi.dll
0x00007ffc48ed0000 - 0x00007ffc48ef4000 	C:\WINDOWS\SYSTEM32\profapi.dll
0x00007ffc2cab0000 - 0x00007ffc2cac9000 	C:\Program Files\Android\Android Studio\jbr\bin\net.dll
0x00007ffc42000000 - 0x00007ffc4210d000 	C:\WINDOWS\SYSTEM32\WINHTTP.dll
0x00007ffc48660000 - 0x00007ffc486ca000 	C:\WINDOWS\system32\mswsock.dll
0x00007ffc2ca90000 - 0x00007ffc2caa6000 	C:\Program Files\Android\Android Studio\jbr\bin\nio.dll
0x00007ffc2c650000 - 0x00007ffc2c660000 	C:\Program Files\Android\Android Studio\jbr\bin\verify.dll
0x00007ffc25d60000 - 0x00007ffc25d87000 	C:\Users\DAVID\.gradle\native\c067742578af261105cb4f569cf0c3c89f3d7b1fecec35dd04571415982c5e48\windows-amd64\native-platform.dll
0x00007ffc1cee0000 - 0x00007ffc1d024000 	C:\Users\DAVID\.gradle\native\38dada09dfb8b06ba9b0570ebf7e218e3eb74d4ef43ca46872605cf95ebc2f47\windows-amd64\native-platform-file-events.dll
0x00007ffc2c670000 - 0x00007ffc2c679000 	C:\Program Files\Android\Android Studio\jbr\bin\management.dll
0x00007ffc2c660000 - 0x00007ffc2c66b000 	C:\Program Files\Android\Android Studio\jbr\bin\management_ext.dll
0x00007ffc4ac30000 - 0x00007ffc4ac38000 	C:\WINDOWS\System32\PSAPI.DLL
0x00007ffc48850000 - 0x00007ffc48868000 	C:\WINDOWS\SYSTEM32\CRYPTSP.dll
0x00007ffc47f80000 - 0x00007ffc47fb4000 	C:\WINDOWS\system32\rsaenh.dll
0x00007ffc48e90000 - 0x00007ffc48ebe000 	C:\WINDOWS\SYSTEM32\USERENV.dll
0x00007ffc48870000 - 0x00007ffc4887c000 	C:\WINDOWS\SYSTEM32\CRYPTBASE.dll
0x00007ffc48340000 - 0x00007ffc4837b000 	C:\WINDOWS\SYSTEM32\IPHLPAPI.DLL
0x00007ffc4a810000 - 0x00007ffc4a818000 	C:\WINDOWS\System32\NSI.dll
0x00007ffc43410000 - 0x00007ffc43427000 	C:\WINDOWS\SYSTEM32\dhcpcsvc6.DLL
0x00007ffc432b0000 - 0x00007ffc432cd000 	C:\WINDOWS\SYSTEM32\dhcpcsvc.DLL
0x00007ffc48380000 - 0x00007ffc4844a000 	C:\WINDOWS\SYSTEM32\DNSAPI.dll
0x00007ffc2c6d0000 - 0x00007ffc2c6d9000 	C:\Program Files\Android\Android Studio\jbr\bin\extnet.dll
0x00007ffc2ccc0000 - 0x00007ffc2ccc7000 	C:\WINDOWS\system32\wshunix.dll
0x00007ffc481d0000 - 0x00007ffc48203000 	C:\WINDOWS\SYSTEM32\ntmarta.dll
0x00007ffc44450000 - 0x00007ffc4446e000 	C:\Users\DAVID\AppData\Local\Temp\native-platform15275565702881747140dir\native-platform.dll
0x00007ffc44440000 - 0x00007ffc44447000 	C:\Program Files\Android\Android Studio\jbr\bin\rmi.dll

dbghelp: loaded successfully - version: 4.0.5 - missing functions: none
symbol engine: initialized successfully - sym options: 0x614 - pdb path: .;C:\Program Files\Android\Android Studio\jbr\bin;C:\WINDOWS\SYSTEM32;C:\WINDOWS\WinSxS\amd64_microsoft.windows.common-controls_6595b64144ccf1df_6.0.19041.4355_none_60b8b9eb71f62e16;C:\Program Files\Android\Android Studio\jbr\bin\server;C:\Users\DAVID\.gradle\native\c067742578af261105cb4f569cf0c3c89f3d7b1fecec35dd04571415982c5e48\windows-amd64;C:\Users\DAVID\.gradle\native\38dada09dfb8b06ba9b0570ebf7e218e3eb74d4ef43ca46872605cf95ebc2f47\windows-amd64;C:\Users\DAVID\AppData\Local\Temp\native-platform15275565702881747140dir

VM Arguments:
jvm_args: -XX:MaxMetaspaceSize=2G -XX:+HeapDumpOnOutOfMemoryError --add-opens=java.base/java.util=ALL-UNNAMED --add-opens=java.base/java.lang=ALL-UNNAMED --add-opens=java.base/java.lang.invoke=ALL-UNNAMED --add-opens=java.prefs/java.util.prefs=ALL-UNNAMED --add-opens=java.base/java.nio.charset=ALL-UNNAMED --add-opens=java.base/java.net=ALL-UNNAMED --add-opens=java.base/java.util.concurrent.atomic=ALL-UNNAMED -Xmx4G -Dfile.encoding=windows-1252 -Duser.country=BR -Duser.language=pt -Duser.variant 
java_command: org.gradle.launcher.daemon.bootstrap.GradleDaemon 7.6.3
java_class_path (initial): C:\Users\DAVID\.gradle\wrapper\dists\gradle-7.6.3-all\aocdy2d2z8kodnny3rsumj8i8\gradle-7.6.3\lib\gradle-launcher-7.6.3.jar
Launcher Type: SUN_STANDARD

[Global flags]
     intx CICompilerCount                          = 4                                         {product} {ergonomic}
     uint ConcGCThreads                            = 3                                         {product} {ergonomic}
     uint G1ConcRefinementThreads                  = 10                                        {product} {ergonomic}
   size_t G1HeapRegionSize                         = 2097152                                   {product} {ergonomic}
    uintx GCDrainStackTargetSize                   = 64                                        {product} {ergonomic}
     bool HeapDumpOnOutOfMemoryError               = true                                   {manageable} {command line}
   size_t InitialHeapSize                          = 268435456                                 {product} {ergonomic}
   size_t MarkStackSize                            = 4194304                                   {product} {ergonomic}
   size_t MaxHeapSize                              = 4294967296                                {product} {command line}
   size_t MaxMetaspaceSize                         = 2147483648                                {product} {command line}
   size_t MaxNewSize                               = 2575302656                                {product} {ergonomic}
   size_t MinHeapDeltaBytes                        = 2097152                                   {product} {ergonomic}
   size_t MinHeapSize                              = 8388608                                   {product} {ergonomic}
    uintx NonNMethodCodeHeapSize                   = 5839372                                {pd product} {ergonomic}
    uintx NonProfiledCodeHeapSize                  = 122909434                              {pd product} {ergonomic}
    uintx ProfiledCodeHeapSize                     = 122909434                              {pd product} {ergonomic}
    uintx ReservedCodeCacheSize                    = 251658240                              {pd product} {ergonomic}
     bool SegmentedCodeCache                       = true                                      {product} {ergonomic}
   size_t SoftMaxHeapSize                          = 4294967296                             {manageable} {ergonomic}
     bool UseCompressedClassPointers               = true                           {product lp64_product} {ergonomic}
     bool UseCompressedOops                        = true                           {product lp64_product} {ergonomic}
     bool UseG1GC                                  = true                                      {product} {ergonomic}
     bool UseLargePagesIndividualAllocation        = false                                  {pd product} {ergonomic}

Logging:
Log output configuration:
 #0: stdout all=warning uptime,level,tags
 #1: stderr all=off uptime,level,tags

Environment Variables:
JAVA_HOME=C:\Program Files\Android\Android Studio\jbr
CLASSPATH=D:\DOCUMENTOS\PROJETO_FLUTTER\dmega\android\\gradle\wrapper\gradle-wrapper.jar
PATH=C:\Program Files\Android\Android Studio\jbr\bin;C:\src\flutter\bin\;C:\WINDOWS\system32;C:\WINDOWS;C:\WINDOWS\System32\Wbem;C:\WINDOWS\System32\WindowsPowerShell\v1.0\;C:\WINDOWS\System32\OpenSSH\;C:\Program Files\Git\cmd;C:\Users\DAVID\AppData\Local\Microsoft\WindowsApps;C:\Users\DAVID\AppData\Local\Programs\Microsoft VS Code\bin;C:\src\flutter\bin;;C:\src\flutter\bin\mingit\cmd
USERNAME=DAVID
LANG=pt_BR.UTF-8
OS=Windows_NT
PROCESSOR_IDENTIFIER=AMD64 Family 23 Model 8 Stepping 2, AuthenticAMD
TMP=C:\Users\DAVID\AppData\Local\Temp
TEMP=C:\Users\DAVID\AppData\Local\Temp



Periodic native trim disabled

JNI global refs:
JNI global refs: 28, weak refs: 60

JNI global refs memory usage: 843, weak refs: 1473

Process memory usage:
Resident Set Size: 1345312K (8% of 16699980K total physical memory with 4349196K free physical memory)

OOME stack traces (most recent first):
Classloader memory used:
Loader java.net.URLClassLoader                                                         : 7453K
Loader org.gradle.internal.classloader.VisitableURLClassLoader                         : 6341K
Loader org.gradle.internal.classloader.VisitableURLClassLoader                         : 5336K
Loader bootstrap                                                                       : 3557K
Loader org.gradle.initialization.MixInLegacyTypesClassLoader                           : 1448K
Loader jdk.internal.reflect.DelegatingClassLoader                                      : 180K
Loader org.gradle.groovy.scripts.internal.DefaultScriptCompilationHandler$ScriptClassLoader: 85014B
Loader jdk.internal.loader.ClassLoaders$PlatformClassLoader                            : 83422B
Loader org.codehaus.groovy.runtime.callsite.CallSiteClassLoader                        : 31263B
Loader com.intellij.util.lang.UrlClassLoader                                           : 27093B
Loader jdk.internal.loader.ClassLoaders$AppClassLoader                                 : 26016B
Loader sun.reflect.misc.MethodUtil                                                     : 373B

Classes loaded by more than one classloader:
Class Program                                                                         : loaded 6 times (x 70B)
Class com.google.common.collect.ImmutableMapEntry$NonTerminalImmutableMapEntry        : loaded 3 times (x 83B)
Class org.jetbrains.kotlin.config.MavenComparableVersion$ListItem                     : loaded 3 times (x 178B)
Class com.google.common.collect.AbstractMapBasedMultimap$KeySet$1                     : loaded 3 times (x 80B)
Class com.google.common.collect.NullsLastOrdering                                     : loaded 3 times (x 113B)
Class org.objectweb.asm.MethodVisitor                                                 : loaded 3 times (x 102B)
Class com.google.common.collect.AbstractMultimap$Entries                              : loaded 3 times (x 118B)
Class com.google.common.collect.Multiset                                              : loaded 3 times (x 68B)
Class com.google.common.base.CharMatcher$JavaUpperCase                                : loaded 3 times (x 109B)
Class com.google.common.collect.RegularImmutableList                                  : loaded 3 times (x 172B)
Class com.google.common.collect.Iterators$MergingIterator                             : loaded 3 times (x 79B)
Class com.google.common.collect.UsingToStringOrdering                                 : loaded 3 times (x 112B)
Class com.google.common.collect.ImmutableRangeSet$Builder                             : loaded 3 times (x 75B)
Class com.google.common.base.CharMatcher$IsEither                                     : loaded 3 times (x 109B)
Class com.google.common.base.CharMatcher$AnyOf                                        : loaded 3 times (x 110B)
Class com.google.common.collect.ImmutableAsList                                       : loaded 3 times (x 169B)
Class com.google.common.collect.Platform                                              : loaded 3 times (x 69B)
Class com.google.common.io.Closer$SuppressingSuppressor                               : loaded 3 times (x 72B)
Class org.objectweb.asm.MethodWriter                                                  : loaded 3 times (x 103B)
Class com.google.common.collect.AbstractMapBasedMultimap$WrappedCollection$WrappedIterator: loaded 3 times (x 82B)
Class com.google.common.collect.Sets$4                                                : loaded 3 times (x 137B)
Class com.google.common.collect.Sets$3                                                : loaded 3 times (x 137B)
Class com.google.common.collect.Sets$2                                                : loaded 3 times (x 137B)
Class com.google.common.collect.Sets$1                                                : loaded 3 times (x 137B)
Class com.google.common.collect.MapDifference                                         : loaded 3 times (x 68B)
Class com.google.common.collect.ImmutableMultimap$2                                   : loaded 3 times (x 79B)
Class com.google.common.collect.ImmutableMultimap$1                                   : loaded 3 times (x 80B)
Class [Lcom.google.common.collect.AbstractMapEntry;                                   : loaded 3 times (x 67B)
Class com.google.common.base.CharMatcher$JavaLetter                                   : loaded 3 times (x 109B)
Class com.google.common.collect.ImmutableRangeSet$AsSet                               : loaded 3 times (x 233B)
Class com.google.common.collect.SingletonImmutableList                                : loaded 3 times (x 167B)
Class [Lorg.jetbrains.kotlin.config.LanguageVersion;                                  : loaded 3 times (x 67B)
Class com.google.common.base.CharMatcher$FastMatcher                                  : loaded 3 times (x 109B)
Class com.google.common.collect.ImmutableMultiset                                     : loaded 3 times (x 161B)
Class com.google.common.base.CharMatcher$Invisible                                    : loaded 3 times (x 110B)
Class com.google.common.io.ByteStreams                                                : loaded 3 times (x 69B)
Class com.google.common.collect.ImmutableMapEntry                                     : loaded 3 times (x 83B)
Class com.google.common.collect.ImmutableRangeSet$1                                   : loaded 3 times (x 169B)
Class org.jetbrains.kotlin.config.MavenComparableVersion                              : loaded 3 times (x 76B)
Class com.google.common.base.CharMatcher$NamedFastMatcher                             : loaded 3 times (x 110B)
Class org.jetbrains.kotlin.config.LanguageVersionSettings                             : loaded 3 times (x 68B)
Class com.google.common.base.AbstractIterator$State                                   : loaded 3 times (x 77B)
Class [Lorg.objectweb.asm.Type;                                                       : loaded 3 times (x 67B)
Class com.google.common.collect.AbstractMapBasedMultimap$WrappedList                  : loaded 3 times (x 165B)
Class com.google.common.io.Closer$Suppressor                                          : loaded 3 times (x 68B)
Class com.google.common.collect.ImmutableSet                                          : loaded 3 times (x 145B)
Class com.google.common.collect.ImmutableBiMap                                        : loaded 3 times (x 142B)
Class com.google.common.collect.ImmutableMultimap$Keys                                : loaded 3 times (x 164B)
Class org.objectweb.asm.Attribute                                                     : loaded 3 times (x 75B)
Class com.google.common.collect.SortedMapDifference                                   : loaded 3 times (x 68B)
Class com.google.common.base.MoreObjects                                              : loaded 3 times (x 69B)
Class com.google.common.collect.ImmutableMap$MapViewOfValuesAsSingletonSets           : loaded 3 times (x 123B)
Class com.google.common.base.CharMatcher$ForPredicate                                 : loaded 3 times (x 110B)
Class com.google.common.collect.ImmutableSet$Builder                                  : loaded 3 times (x 83B)
Class com.google.common.collect.ImmutableEnumSet                                      : loaded 3 times (x 146B)
Class com.google.common.collect.Sets                                                  : loaded 3 times (x 69B)
Class org.jetbrains.kotlin.config.ExplicitApiMode$Companion                           : loaded 3 times (x 69B)
Class com.google.common.collect.Maps$ViewCachingAbstractMap                           : loaded 3 times (x 123B)
Class com.google.common.collect.ListMultimap                                          : loaded 3 times (x 68B)
Class com.google.common.base.CharMatcher$Negated                                      : loaded 3 times (x 111B)
Class com.google.common.base.CharMatcher$JavaDigit                                    : loaded 3 times (x 109B)
Class com.google.common.base.CharMatcher$Digit                                        : loaded 3 times (x 110B)
Class com.google.common.collect.AbstractMultimap                                      : loaded 3 times (x 121B)
Class com.google.common.collect.ImmutableList$Builder                                 : loaded 3 times (x 75B)
Class com.google.common.collect.AbstractMapEntry                                      : loaded 3 times (x 79B)
Class com.google.common.collect.AbstractIterator                                      : loaded 3 times (x 80B)
Class com.google.common.math.IntMath                                                  : loaded 3 times (x 69B)
Class com.google.common.collect.ImmutableMultimap$Values                              : loaded 3 times (x 124B)
Class com.google.common.base.CharMatcher$NegatedFastMatcher                           : loaded 3 times (x 111B)
Class org.objectweb.asm.ClassVisitor                                                  : loaded 3 times (x 85B)
Class [Lcom.google.common.collect.Iterators$EmptyModifiableIterator;                  : loaded 3 times (x 67B)
Class com.google.common.base.CommonPattern                                            : loaded 3 times (x 72B)
Class com.google.common.collect.SingletonImmutableBiMap                               : loaded 3 times (x 142B)
Class com.google.common.io.ByteArrayDataInput                                         : loaded 3 times (x 68B)
Class com.google.common.collect.ImmutableCollection$Builder                           : loaded 3 times (x 74B)
Class com.google.common.collect.Maps$EntryTransformer                                 : loaded 3 times (x 68B)
Class org.jetbrains.kotlin.config.LanguageVersion$Companion                           : loaded 3 times (x 69B)
Class com.google.common.base.CharMatcher$JavaLowerCase                                : loaded 3 times (x 109B)
Class com.google.common.collect.Iterables                                             : loaded 3 times (x 69B)
Class com.google.common.base.CharMatcher$Or                                           : loaded 3 times (x 110B)
Class org.jetbrains.kotlin.config.JvmDefaultMode$Companion                            : loaded 3 times (x 69B)
Class com.google.common.io.ByteArrayDataOutput                                        : loaded 3 times (x 68B)
Class com.google.common.collect.ImmutableEntry                                        : loaded 3 times (x 80B)
Class com.google.common.collect.Lists$StringAsImmutableList                           : loaded 3 times (x 167B)
Class org.jetbrains.kotlin.config.ApiVersion$Companion                                : loaded 3 times (x 69B)
Class com.google.common.collect.ImmutableMap$1                                        : loaded 3 times (x 79B)
Class com.google.common.base.CharMatcher$JavaIsoControl                               : loaded 3 times (x 110B)
Class com.google.common.collect.ImmutableSet$SetBuilderImpl                           : loaded 3 times (x 74B)
Class com.google.common.collect.Multimaps$Entries                                     : loaded 3 times (x 116B)
Class org.jetbrains.kotlin.config.LanguageOrApiVersion                                : loaded 3 times (x 68B)
Class com.google.common.collect.Maps$BiMapConverter                                   : loaded 3 times (x 88B)
Class com.google.common.collect.ReverseOrdering                                       : loaded 3 times (x 113B)
Class com.google.common.base.Splitter$1                                               : loaded 3 times (x 75B)
Class com.google.common.collect.ImmutableList$SubList                                 : loaded 3 times (x 168B)
Class com.google.common.collect.AbstractMapBasedMultimap$RandomAccessWrappedList      : loaded 3 times (x 165B)
Class com.google.common.base.CharMatcher$RangesMatcher                                : loaded 3 times (x 110B)
Class com.google.common.collect.ArrayListMultimapGwtSerializationDependencies         : loaded 3 times (x 170B)
Class com.google.common.collect.SortedIterable                                        : loaded 3 times (x 68B)
Class com.google.common.collect.AbstractMapBasedMultimap$KeySet                       : loaded 3 times (x 135B)
Class org.jetbrains.kotlin.config.ExplicitApiMode                                     : loaded 3 times (x 77B)
Class com.google.common.base.CharMatcher$Any                                          : loaded 3 times (x 110B)
Class com.google.common.base.CharMatcher                                              : loaded 3 times (x 109B)
Class com.google.common.collect.AbstractListMultimap                                  : loaded 3 times (x 170B)
Class com.google.common.collect.IndexedImmutableSet$1                                 : loaded 3 times (x 172B)
Class com.google.common.collect.IndexedImmutableSet                                   : loaded 3 times (x 148B)
Class com.google.common.base.CharMatcher$And                                          : loaded 3 times (x 110B)
Class com.google.common.base.CharMatcher$Ascii                                        : loaded 3 times (x 110B)
Class com.google.common.base.CharMatcher$1                                            : loaded 3 times (x 111B)
Class com.google.common.base.CharMatcher$IsNot                                        : loaded 3 times (x 109B)
Class com.google.common.collect.Iterators                                             : loaded 3 times (x 69B)
Class com.google.common.collect.RegularImmutableSortedSet                             : loaded 3 times (x 233B)
Class org.jetbrains.kotlin.config.MavenComparableVersion$IntegerItem                  : loaded 3 times (x 78B)
Class org.jetbrains.kotlin.config.MavenComparableVersion$Item                         : loaded 3 times (x 68B)
Class com.google.common.base.AbstractIterator$1                                       : loaded 3 times (x 69B)
Class org.jetbrains.kotlin.config.LanguageVersion                                     : loaded 3 times (x 87B)
Class com.google.common.collect.Range                                                 : loaded 3 times (x 85B)
Class com.google.common.base.AbstractIterator                                         : loaded 3 times (x 78B)
Class com.google.common.collect.ImmutableMap$Builder                                  : loaded 3 times (x 78B)
Class [Lcom.google.common.base.AbstractIterator$State;                                : loaded 3 times (x 67B)
Class com.google.common.collect.SingletonImmutableSet                                 : loaded 3 times (x 146B)
Class com.google.common.collect.SetMultimap                                           : loaded 3 times (x 68B)
Class com.google.common.primitives.Ints$IntConverter                                  : loaded 3 times (x 88B)
Class com.google.common.base.Splitter                                                 : loaded 3 times (x 70B)
Class org.jetbrains.kotlin.utils.DescriptionAware                                     : loaded 3 times (x 68B)
Class com.google.common.base.Charsets                                                 : loaded 3 times (x 69B)
Class org.jetbrains.kotlin.config.ApiVersion                                          : loaded 3 times (x 83B)
Class com.google.common.collect.Maps$EntrySet                                         : loaded 3 times (x 134B)
Class com.google.common.collect.ImmutableBiMapFauxverideShim                          : loaded 3 times (x 118B)
Class com.google.common.collect.Iterators$ArrayItr                                    : loaded 3 times (x 95B)
Class com.google.common.collect.ImmutableMapEntrySet                                  : loaded 3 times (x 149B)
Class com.google.common.collect.AbstractMapBasedMultimap$WrappedSet                   : loaded 3 times (x 140B)
Class com.google.common.collect.PeekingIterator                                       : loaded 3 times (x 68B)
Class com.google.common.collect.RegularImmutableAsList                                : loaded 3 times (x 176B)
Class com.google.common.base.CharMatcher$Is                                           : loaded 3 times (x 109B)
Class com.google.common.collect.AbstractMapBasedMultimap                              : loaded 3 times (x 137B)
Class com.google.common.collect.ImmutableListMultimap                                 : loaded 3 times (x 176B)
Class com.google.common.collect.ImmutableMultisetGwtSerializationDependencies         : loaded 3 times (x 123B)
Class com.google.common.base.Splitter$SplittingIterator                               : loaded 3 times (x 82B)
Class com.google.common.collect.CollectCollectors                                     : loaded 3 times (x 69B)
Class com.google.common.collect.AbstractMapBasedMultimap$2                            : loaded 3 times (x 83B)
Class org.objectweb.asm.Type                                                          : loaded 3 times (x 70B)
Class com.google.common.collect.AbstractSetMultimap                                   : loaded 3 times (x 172B)
Class com.google.common.collect.Sets$ImprovedAbstractSet                              : loaded 3 times (x 133B)
Class [Lcom.google.common.collect.ImmutableEntry;                                     : loaded 3 times (x 67B)
Class com.google.common.base.CharMatcher$BitSetMatcher                                : loaded 3 times (x 110B)
Class com.google.common.collect.ImmutableSet$RegularSetBuilderImpl                    : loaded 3 times (x 75B)
Class com.google.common.collect.ImmutableMap$IteratorBasedImmutableMap                : loaded 3 times (x 123B)
Class [Lorg.jetbrains.kotlin.config.LanguageOrApiVersion;                             : loaded 3 times (x 67B)
Class com.google.common.collect.ImmutableSet$JdkBackedSetBuilderImpl                  : loaded 3 times (x 74B)
Class com.google.common.base.Splitter$1$1                                             : loaded 3 times (x 84B)
Class com.google.common.collect.ImmutableSortedSet                                    : loaded 3 times (x 233B)
Class [Lcom.google.common.collect.ImmutableMapEntry;                                  : loaded 3 times (x 67B)
Class com.google.common.collect.ImmutableMapEntrySet$RegularEntrySet                  : loaded 3 times (x 149B)
Class com.google.common.base.Splitter$Strategy                                        : loaded 3 times (x 68B)
Class com.google.common.collect.ImmutableList$1                                       : loaded 3 times (x 95B)
Class com.google.common.collect.ImmutableMap                                          : loaded 3 times (x 118B)
Class com.google.common.collect.UnmodifiableListIterator                              : loaded 3 times (x 93B)
Class com.google.common.base.CharMatcher$None                                         : loaded 3 times (x 110B)
Class com.google.common.collect.ImmutableMultimap$Builder                             : loaded 3 times (x 81B)
Class com.google.common.collect.AbstractIndexedListIterator                           : loaded 3 times (x 94B)
Class org.jetbrains.kotlin.config.LanguageFeature                                     : loaded 3 times (x 77B)
Class com.google.common.collect.AbstractMapBasedMultimap$Itr                          : loaded 3 times (x 81B)
Class com.google.common.base.Converter                                                : loaded 3 times (x 88B)
Class com.google.common.collect.RegularImmutableMap                                   : loaded 3 times (x 119B)
Class com.google.common.collect.Maps                                                  : loaded 3 times (x 69B)
Class com.google.common.collect.RangeGwtSerializationDependencies                     : loaded 3 times (x 69B)
Class com.google.common.collect.ImmutableSortedSetFauxverideShim                      : loaded 3 times (x 145B)
Class com.google.common.collect.LexicographicalOrdering                               : loaded 3 times (x 113B)
Class com.google.common.primitives.IntsMethodsForWeb                                  : loaded 3 times (x 69B)
Class com.google.common.collect.CollectPreconditions                                  : loaded 3 times (x 69B)
Class com.google.common.collect.RegularImmutableMap$KeySet                            : loaded 3 times (x 148B)
Class org.jetbrains.kotlin.config.LanguageFeature$State                               : loaded 3 times (x 80B)
Class com.google.common.collect.ComparatorOrdering                                    : loaded 3 times (x 113B)
Class com.google.common.collect.AllEqualOrdering                                      : loaded 3 times (x 112B)
Class com.google.common.collect.Iterators$9                                           : loaded 3 times (x 79B)
Class org.jetbrains.kotlin.config.JvmDefaultMode                                      : loaded 3 times (x 77B)
Class com.google.common.base.Function                                                 : loaded 3 times (x 68B)
Class com.google.common.base.Preconditions                                            : loaded 3 times (x 69B)
Class com.google.common.collect.Iterators$5                                           : loaded 3 times (x 80B)
Class com.google.common.collect.Iterators$4                                           : loaded 3 times (x 80B)
Class [Lorg.jetbrains.kotlin.config.JvmDefaultMode;                                   : loaded 3 times (x 67B)
Class com.google.common.collect.BaseImmutableMultimap                                 : loaded 3 times (x 121B)
Class com.google.common.collect.Iterators$1                                           : loaded 3 times (x 79B)
Class com.google.common.base.CharMatcher$Whitespace                                   : loaded 3 times (x 110B)
Class com.google.common.collect.RangeSet                                              : loaded 3 times (x 68B)
Class com.google.common.collect.ImmutableList                                         : loaded 3 times (x 166B)
Class com.google.common.collect.Iterators$EmptyModifiableIterator                     : loaded 3 times (x 84B)
Class com.google.common.collect.Iterators$10                                          : loaded 3 times (x 79B)
Class com.google.common.collect.ObjectArrays                                          : loaded 3 times (x 69B)
Class com.google.common.collect.EmptyImmutableListMultimap                            : loaded 3 times (x 176B)
Class com.google.common.primitives.Ints                                               : loaded 3 times (x 69B)
Class com.google.common.collect.Ordering                                              : loaded 3 times (x 112B)
Class [Lorg.jetbrains.kotlin.config.ExplicitApiMode;                                  : loaded 3 times (x 67B)
Class [Lorg.jetbrains.kotlin.utils.DescriptionAware;                                  : loaded 3 times (x 67B)
Class com.google.common.collect.ImmutableList$ReverseImmutableList                    : loaded 3 times (x 168B)
Class com.google.common.collect.ImmutableEnumMap                                      : loaded 3 times (x 123B)
Class com.google.common.collect.RegularImmutableMap$Values                            : loaded 3 times (x 167B)
Class com.google.common.collect.ImmutableRangeSet                                     : loaded 3 times (x 113B)
Class com.google.common.collect.ImmutableCollection                                   : loaded 3 times (x 123B)
Class com.google.common.collect.CompoundOrdering                                      : loaded 3 times (x 113B)
Class com.google.common.base.CharMatcher$JavaLetterOrDigit                            : loaded 3 times (x 109B)
Class com.google.common.collect.RegularImmutableBiMap                                 : loaded 3 times (x 147B)
Class org.jetbrains.kotlin.config.AnalysisFlag                                        : loaded 3 times (x 70B)
Class com.google.common.collect.Multimap                                              : loaded 3 times (x 68B)
Class com.google.common.base.Predicate                                                : loaded 3 times (x 68B)
Class com.google.common.collect.ByFunctionOrdering                                    : loaded 3 times (x 113B)
Class com.google.common.base.JdkPattern                                               : loaded 3 times (x 73B)
Class com.google.common.collect.NaturalOrdering                                       : loaded 3 times (x 113B)
Class com.google.common.collect.ImmutableRangeSet$ComplementRanges                    : loaded 3 times (x 167B)
Class com.google.common.collect.NullsFirstOrdering                                    : loaded 3 times (x 113B)
Class com.google.common.collect.AbstractMapBasedMultimap$WrappedCollection            : loaded 3 times (x 122B)
Class com.google.common.io.ByteStreams$LimitedInputStream                             : loaded 3 times (x 90B)
Class com.google.common.collect.Hashing                                               : loaded 3 times (x 69B)
Class com.google.common.base.CharMatcher$SingleWidth                                  : loaded 3 times (x 110B)
Class com.google.common.collect.UnmodifiableIterator                                  : loaded 3 times (x 78B)
Class com.google.common.collect.RegularImmutableSet                                   : loaded 3 times (x 146B)
Class com.google.common.io.Closer                                                     : loaded 3 times (x 76B)
Class com.google.common.collect.ArrayListMultimap                                     : loaded 3 times (x 170B)
Class com.google.common.io.ByteStreams$1                                              : loaded 3 times (x 83B)
Class com.google.common.math.MathPreconditions                                        : loaded 3 times (x 69B)
Class com.google.common.collect.ImmutableMultimap                                     : loaded 3 times (x 145B)
Class org.objectweb.asm.Label                                                         : loaded 3 times (x 71B)
Class com.google.common.math.IntMath$1                                                : loaded 3 times (x 69B)
Class com.google.common.collect.Lists                                                 : loaded 3 times (x 69B)
Class com.google.common.collect.BiMap                                                 : loaded 3 times (x 68B)
Class com.google.common.collect.Sets$SetView                                          : loaded 3 times (x 136B)
Class com.google.common.collect.ImmutableMultimap$EntryCollection                     : loaded 3 times (x 125B)
Class com.google.common.collect.AbstractRangeSet                                      : loaded 3 times (x 112B)
Class com.google.common.collect.ExplicitOrdering                                      : loaded 3 times (x 113B)
Class com.google.common.collect.Maps$KeySet                                           : loaded 3 times (x 135B)
Class com.google.common.base.CharMatcher$InRange                                      : loaded 3 times (x 109B)
Class com.google.common.collect.Maps$8                                                : loaded 3 times (x 80B)
Class org.codehaus.groovy.reflection.GroovyClassValue                                 : loaded 2 times (x 68B)
Class com.google.common.collect.SortedSetMultimap                                     : loaded 2 times (x 68B)
Class org.codehaus.groovy.runtime.metaclass.MixinInstanceMetaMethod                   : loaded 2 times (x 94B)
Class com.android.prefs.VariableValue                                                 : loaded 2 times (x 79B)
Class org.codehaus.groovy.runtime.dgmimpl.arrays.LongArrayGetAtMetaMethod             : loaded 2 times (x 95B)
Class org.codehaus.groovy.ast.NodeMetaDataHandler                                     : loaded 2 times (x 68B)
Class org.jetbrains.kotlin.storage.CacheWithNullableValues                            : loaded 2 times (x 68B)
Class com.google.common.base.PatternCompiler                                          : loaded 2 times (x 68B)
Class [Lcom.google.common.cache.CacheBuilder$NullListener;                            : loaded 2 times (x 67B)
Class org.codehaus.groovy.syntax.Token                                                : loaded 2 times (x 109B)
Class com.google.gson.JsonSyntaxException                                             : loaded 2 times (x 80B)
Class com.google.common.collect.HashMultimap                                          : loaded 2 times (x 172B)
Class kotlin.Result$Failure                                                           : loaded 2 times (x 70B)
Class kotlin.UninitializedPropertyAccessException                                     : loaded 2 times (x 80B)
Class org.gradle.internal.classpath.DefaultClassPath$ImmutableUniqueList$Builder      : loaded 2 times (x 73B)
Class kotlin.Result$Companion                                                         : loaded 2 times (x 69B)
Class org.codehaus.groovy.reflection.CachedClass                                      : loaded 2 times (x 93B)
Class [Lcom.google.common.cache.LocalCache$Strength;                                  : loaded 2 times (x 67B)
Class kotlin.jvm.internal.markers.KMutableIterator                                    : loaded 2 times (x 68B)
Class com.android.ide.common.resources.configuration.HighDynamicRangeQualifier        : loaded 2 times (x 89B)
Class kotlin.collections.builders.ListBuilderKt                                       : loaded 2 times (x 69B)
Class kotlin.reflect.KCallable                                                        : loaded 2 times (x 68B)
Class org.jetbrains.kotlin.config.AnalysisFlags$allowResultReturnType$2               : loaded 2 times (x 125B)
Class kotlin.collections.IntIterator                                                  : loaded 2 times (x 80B)
Class org.objectweb.asm.AnnotationWriter                                              : loaded 2 times (x 76B)
Class org.codehaus.groovy.util.ReferenceType                                          : loaded 2 times (x 78B)
Class kotlin.jvm.internal.markers.KMutableIterable                                    : loaded 2 times (x 68B)
Class org.jetbrains.kotlin.config.AnalysisFlags$allowKotlinPackage$2                  : loaded 2 times (x 125B)
Class org.gradle.internal.classloader.ClassLoaderVisitor                              : loaded 2 times (x 74B)
Class org.codehaus.groovy.runtime.metaclass.MetaMethodIndex                           : loaded 2 times (x 91B)
Class com.android.utils.Pair                                                          : loaded 2 times (x 70B)
Class org.jetbrains.kotlin.storage.NullableLazyValue                                  : loaded 2 times (x 68B)
Class org.jetbrains.kotlin.utils.SmartList                                            : loaded 2 times (x 161B)
Class org.jetbrains.kotlin.utils.WrappedValues                                        : loaded 2 times (x 69B)
Class kotlin.jvm.internal.TypeIntrinsics                                              : loaded 2 times (x 69B)
Class com.google.common.cache.CacheBuilder$NullListener                               : loaded 2 times (x 80B)
Class com.android.tools.lint.model.DefaultLintModelDependency                         : loaded 2 times (x 84B)
Class kotlin.reflect.jvm.internal.KPropertyImpl$Companion                             : loaded 2 times (x 69B)
Class org.codehaus.groovy.reflection.ClassInfo                                        : loaded 2 times (x 90B)
Class groovy.lang.ExpandoMetaClassCreationHandle                                      : loaded 2 times (x 74B)
Class org.codehaus.groovy.reflection.stdclasses.ArrayCachedClass                      : loaded 2 times (x 93B)
Class org.codehaus.groovy.ast.expr.ClassExpression                                    : loaded 2 times (x 125B)
Class [Lkotlin.reflect.KProperty;                                                     : loaded 2 times (x 67B)
Class org.codehaus.groovy.util.SingleKeyHashMap                                       : loaded 2 times (x 82B)
Class com.android.tools.lint.model.DefaultLintModelArtifact                           : loaded 2 times (x 78B)
Class groovy.lang.SpreadMap                                                           : loaded 2 times (x 133B)
Class com.android.ide.common.resources.configuration.ScreenSizeQualifier              : loaded 2 times (x 90B)
Class kotlin.reflect.jvm.internal.KTypeParameterOwnerImpl                             : loaded 2 times (x 68B)
Class org.jetbrains.kotlin.config.AnalysisFlags                                       : loaded 2 times (x 69B)
Class kotlin.reflect.jvm.internal.pcollections.IntTree                                : loaded 2 times (x 70B)
Class org.jetbrains.kotlin.cli.jvm.compiler.KotlinCoreEnvironment                     : loaded 2 times (x 70B)
Class org.apache.groovy.io.StringBuilderWriter                                        : loaded 2 times (x 98B)
Class org.jetbrains.kotlin.cli.common.CompilerSystemProperties                        : loaded 2 times (x 78B)
Class org.codehaus.groovy.ast.expr.MethodCall                                         : loaded 2 times (x 68B)
Class org.codehaus.groovy.runtime.metaclass.MethodMetaProperty                        : loaded 2 times (x 76B)
Class kotlin.text.StringsKt__RegexExtensionsKt                                        : loaded 2 times (x 69B)
Class kotlin.reflect.jvm.internal.KCallableImpl$_parameters$1                         : loaded 2 times (x 77B)
Class [Lorg.codehaus.groovy.util.AbstractConcurrentMapBase$Segment;                   : loaded 2 times (x 67B)
Class org.gradle.internal.service.DefaultServiceLocator                               : loaded 2 times (x 81B)
Class kotlin.text.StringsKt__StringBuilderJVMKt                                       : loaded 2 times (x 69B)
Class org.gradle.internal.service.UnknownServiceException                             : loaded 2 times (x 81B)
Class kotlin.collections.SetsKt___SetsKt                                              : loaded 2 times (x 69B)
Class org.codehaus.groovy.runtime.InvokerInvocationException                          : loaded 2 times (x 85B)
Class com.google.common.collect.ImmutableListMultimap$Builder                         : loaded 2 times (x 81B)
Class kotlin.jvm.internal.Lambda                                                      : loaded 2 times (x 73B)
Class com.android.tools.lint.model.LintModelExternalLibrary                           : loaded 2 times (x 68B)
Class com.android.prefs.QueryResult                                                   : loaded 2 times (x 79B)
Class com.google.common.util.concurrent.AbstractFuture$SynchronizedHelper             : loaded 2 times (x 74B)
Class org.codehaus.groovy.runtime.dgmimpl.arrays.CharacterArrayPutAtMetaMethod        : loaded 2 times (x 95B)
Class org.codehaus.groovy.util.Reference                                              : loaded 2 times (x 68B)
Class [Lcom.android.resources.ScreenRound;                                            : loaded 2 times (x 67B)
Class kotlin.text.StringsKt__StringsJVMKt                                             : loaded 2 times (x 69B)
Class groovy.lang.MetaClassImpl$1                                                     : loaded 2 times (x 73B)
Class kotlin.sequences.DropTakeSequence                                               : loaded 2 times (x 68B)
Class com.google.common.base.Strings                                                  : loaded 2 times (x 69B)
Class groovy.lang.MetaClassImpl$2                                                     : loaded 2 times (x 94B)
Class org.codehaus.groovy.util.ComplexKeyHashMap$Entry                                : loaded 2 times (x 72B)
Class org.jetbrains.kotlin.load.java.ReportLevel                                      : loaded 2 times (x 77B)
Class build_f0srlsa5vznkog7j8blhsloz4$_run_closure1$_closure3                         : loaded 2 times (x 134B)
Class groovy.lang.MetaClassImpl$3                                                     : loaded 2 times (x 76B)
Class org.codehaus.groovy.reflection.stdclasses.FloatCachedClass                      : loaded 2 times (x 93B)
Class [Lcom.android.ide.common.resources.configuration.ResourceQualifier;             : loaded 2 times (x 67B)
Class org.jetbrains.kotlin.config.LanguageVersionSettingsImpl                         : loaded 2 times (x 78B)
Class org.codehaus.groovy.ast.expr.ConstructorCallExpression                          : loaded 2 times (x 139B)
Class groovy.lang.MetaClassImpl$4                                                     : loaded 2 times (x 75B)
Class org.codehaus.groovy.vmplugin.v9.ClassFinder$1                                   : loaded 2 times (x 82B)
Class groovy.lang.MetaClassImpl$5                                                     : loaded 2 times (x 76B)
Class kotlin.collections.AbstractMutableSet                                           : loaded 2 times (x 140B)
Class groovy.lang.MetaClassImpl$6                                                     : loaded 2 times (x 75B)
Class com.google.common.collect.HashMultimapGwtSerializationDependencies              : loaded 2 times (x 172B)
Class org.codehaus.groovy.ast.expr.ClosureExpression                                  : loaded 2 times (x 131B)
Class groovy.lang.MetaClassImpl$7                                                     : loaded 2 times (x 75B)
Class kotlin.properties.ObservableProperty                                            : loaded 2 times (x 81B)
Class groovy.lang.MetaClassImpl$8                                                     : loaded 2 times (x 75B)
Class com.google.common.reflect.Invokable$MethodInvokable                             : loaded 2 times (x 120B)
Class kotlin.collections.CollectionsKt___CollectionsKt$asSequence$$inlined$Sequence$1 : loaded 2 times (x 73B)
Class groovy.lang.MetaClassImpl$9                                                     : loaded 2 times (x 75B)
Class com.google.common.cache.CacheLoader$InvalidCacheLoadException                   : loaded 2 times (x 80B)
Class org.jetbrains.kotlin.storage.LockBasedStorageManager$1                          : loaded 2 times (x 106B)
Class org.gradle.internal.classloader.DefaultClassLoaderFactory                       : loaded 2 times (x 80B)
Class groovy.lang.GroovyClassLoader                                                   : loaded 2 times (x 140B)
Class kotlin.reflect.KClass                                                           : loaded 2 times (x 68B)
Class com.google.common.collect.Sets$2$1                                              : loaded 2 times (x 80B)
Class com.google.common.base.Stopwatch                                                : loaded 2 times (x 70B)
Class org.jetbrains.kotlin.load.java.JavaNullabilityAnnotationsStatus$Companion       : loaded 2 times (x 69B)
Class org.codehaus.groovy.runtime.GroovyCategorySupport                               : loaded 2 times (x 69B)
Class [Lcom.android.resources.ResourceType;                                           : loaded 2 times (x 67B)
Class com.google.common.reflect.Types                                                 : loaded 2 times (x 69B)
Class com.google.common.base.Platform$JdkPatternCompiler                              : loaded 2 times (x 73B)
Class groovy.lang.IntRange                                                            : loaded 2 times (x 207B)
Class net.rubygrapefruit.platform.ProcessLauncher                                     : loaded 2 times (x 68B)
Class [Lorg.jetbrains.kotlin.config.LanguageFeature$Kind;                             : loaded 2 times (x 67B)
Class org.codehaus.groovy.util.ReferenceType$WeakRef                                  : loaded 2 times (x 84B)
Class kotlin.collections.CollectionsKt__MutableCollectionsKt                          : loaded 2 times (x 69B)
Class com.google.common.cache.LocalCache$LoadingValueReference                        : loaded 2 times (x 94B)
Class org.codehaus.groovy.util.FastArray                                              : loaded 2 times (x 83B)
Class kotlin.reflect.jvm.internal.KPropertyImpl$_descriptor$1                         : loaded 2 times (x 77B)
Class org.codehaus.groovy.util.ManagedConcurrentMap                                   : loaded 2 times (x 81B)
Class kotlin.ResultKt                                                                 : loaded 2 times (x 69B)
Class com.google.common.reflect.TypeResolver$TypeTable                                : loaded 2 times (x 71B)
Class [Lorg.codehaus.groovy.reflection.CachedConstructor;                             : loaded 2 times (x 67B)
Class kotlin.jvm.internal.markers.KMutableMap                                         : loaded 2 times (x 68B)
Class kotlin.collections.AbstractMutableList                                          : loaded 2 times (x 166B)
Class org.codehaus.groovy.ast.stmt.BlockStatement                                     : loaded 2 times (x 113B)
Class org.gradle.internal.classloader.FilteringClassLoader                            : loaded 2 times (x 103B)
Class org.codehaus.groovy.control.ResolveVisitor$LowerCaseClass                       : loaded 2 times (x 241B)
Class com.google.common.cache.LocalCache$StrongValueReference                         : loaded 2 times (x 88B)
Class org.objectweb.asm.Context                                                       : loaded 2 times (x 70B)
Class [Lorg.codehaus.groovy.util.LockableObject;                                      : loaded 2 times (x 67B)
Class [Lcom.google.common.reflect.Types$ClassOwnership;                               : loaded 2 times (x 67B)
Class org.codehaus.groovy.ast.stmt.ExpressionStatement                                : loaded 2 times (x 110B)
Class groovy.lang.ListWithDefault                                                     : loaded 2 times (x 135B)
Class org.jetbrains.kotlin.config.AnalysisFlags$ignoreDataFlowInAssert$2              : loaded 2 times (x 125B)
Class kotlin.collections.CollectionsKt__ReversedViewsKt                               : loaded 2 times (x 69B)
Class [Lorg.codehaus.groovy.ast.AnnotatedNode;                                        : loaded 2 times (x 67B)
Class groovy.io.FileType                                                              : loaded 2 times (x 77B)
Class kotlin.text.StringsKt                                                           : loaded 2 times (x 69B)
Class net.rubygrapefruit.platform.internal.DefaultProcessLauncher                     : loaded 2 times (x 73B)
Class kotlin.Deprecated                                                               : loaded 2 times (x 68B)
Class com.android.prefs.VariableType                                                  : loaded 2 times (x 77B)
Class org.codehaus.groovy.util.AbstractConcurrentMapBase$Segment                      : loaded 2 times (x 81B)
Class groovy.lang.MetaClassImpl$MethodIndexAction                                     : loaded 2 times (x 73B)
Class kotlin.reflect.KDeclarationContainer                                            : loaded 2 times (x 68B)
Class com.google.common.base.Optional                                                 : loaded 2 times (x 78B)
Class org.codehaus.groovy.runtime.dgmimpl.NumberNumberMinus                           : loaded 2 times (x 112B)
Class com.android.utils.PositionXmlParser                                             : loaded 2 times (x 69B)
Class org.codehaus.groovy.runtime.m12n.ExtensionModuleScanner$ExtensionModuleListener : loaded 2 times (x 68B)
Class com.android.tools.lint.model.LintModelLintOptions                               : loaded 2 times (x 68B)
Class com.google.common.base.FunctionalEquivalence                                    : loaded 2 times (x 81B)
Class com.google.common.cache.LocalCache$EntryFactory$8                               : loaded 2 times (x 81B)
Class org.objectweb.asm.AnnotationVisitor                                             : loaded 2 times (x 75B)
Class org.objectweb.asm.RecordComponentWriter                                         : loaded 2 times (x 76B)
Class kotlin.sequences.SequenceScope                                                  : loaded 2 times (x 71B)
Class com.google.common.cache.LocalCache$1                                            : loaded 2 times (x 87B)
Class kotlin.reflect.jvm.internal.pcollections.ConsPStack                             : loaded 2 times (x 77B)
Class com.google.common.cache.LocalCache$2                                            : loaded 2 times (x 140B)
Class kotlin.collections.AbstractIterator$WhenMappings                                : loaded 2 times (x 69B)
Class org.codehaus.groovy.runtime.wrappers.GroovyObjectWrapper                        : loaded 2 times (x 86B)
Class org.codehaus.groovy.runtime.dgmimpl.arrays.ArrayGetAtMetaMethod                 : loaded 2 times (x 95B)
Class com.google.common.cache.LocalCache$EntryFactory$7                               : loaded 2 times (x 81B)
Class [Lcom.google.common.collect.LinkedHashMultimap$ValueEntry;                      : loaded 2 times (x 67B)
Class org.codehaus.groovy.util.SingleKeyHashMap$Entry                                 : loaded 2 times (x 73B)
Class kotlin.sequences.SequencesKt__SequenceBuilderKt                                 : loaded 2 times (x 69B)
Class com.android.io.CancellableFileIo                                                : loaded 2 times (x 69B)
Class groovy.lang.MetaClassImpl                                                       : loaded 2 times (x 191B)
Class kotlin.text.StringsKt__StringNumberConversionsKt                                : loaded 2 times (x 69B)
Class org.gradle.internal.classloader.VisitableURLClassLoader$Spec                    : loaded 2 times (x 72B)
Class org.gradle.api.GradleException                                                  : loaded 2 times (x 80B)
Class com.google.common.reflect.TypeResolver$TypeVariableKey                          : loaded 2 times (x 70B)
Class kotlin.reflect.jvm.internal.KCallableImpl$_annotations$1                        : loaded 2 times (x 77B)
Class org.gradle.api.internal.classpath.ModuleRegistry                                : loaded 2 times (x 68B)
Class com.android.tools.lint.model.LintModelSerialization                             : loaded 2 times (x 73B)
Class kotlin.KotlinNothingValueException                                              : loaded 2 times (x 80B)
Class org.jetbrains.kotlin.cli.common.messages.MessageCollector                       : loaded 2 times (x 68B)
Class com.google.common.cache.LocalCache$EntryFactory$6                               : loaded 2 times (x 81B)
Class groovy.transform.Internal                                                       : loaded 2 times (x 68B)
Class org.jetbrains.kotlin.storage.MemoizedFunctionToNotNull                          : loaded 2 times (x 68B)
Class com.android.tools.lint.model.DefaultLintModelDependencies                       : loaded 2 times (x 76B)
Class com.google.common.reflect.TypeToken$1                                           : loaded 2 times (x 123B)
Class com.google.common.cache.CacheBuilder                                            : loaded 2 times (x 70B)
Class org.codehaus.groovy.reflection.ClassInfo$1                                      : loaded 2 times (x 74B)
Class com.google.common.reflect.TypeToken$2                                           : loaded 2 times (x 123B)
Class org.objectweb.asm.ByteVector                                                    : loaded 2 times (x 76B)
Class kotlin.collections.ArrayAsCollection                                            : loaded 2 times (x 103B)
Class [Lgroovy.lang.MetaMethod;                                                       : loaded 2 times (x 67B)
Class org.codehaus.groovy.util.ManagedReference$1                                     : loaded 2 times (x 74B)
Class kotlin.jvm.internal.markers.KMutableCollection                                  : loaded 2 times (x 68B)
Class org.jetbrains.kotlin.config.ConstraintSystemForOverloadResolutionMode           : loaded 2 times (x 77B)
Class org.codehaus.groovy.ast.Variable                                                : loaded 2 times (x 68B)
Class com.android.resources.NavigationState                                           : loaded 2 times (x 84B)
Class com.google.common.cache.LocalCache$EntryFactory$5                               : loaded 2 times (x 81B)
Class com.android.resources.Navigation                                                : loaded 2 times (x 84B)
Class com.android.utils.PositionXmlParser$Position                                    : loaded 2 times (x 76B)
Class kotlin.reflect.jvm.internal.KCallableImpl$_typeParameters$1                     : loaded 2 times (x 77B)
Class groovy.lang.Reference                                                           : loaded 2 times (x 84B)
Class kotlin.jvm.internal.markers.KMappedMarker                                       : loaded 2 times (x 68B)
Class com.google.common.base.PairwiseEquivalence                                      : loaded 2 times (x 81B)
Class com.google.common.base.Ticker                                                   : loaded 2 times (x 70B)
Class org.codehaus.groovy.vmplugin.VMPlugin                                           : loaded 2 times (x 68B)
Class org.jetbrains.kotlin.name.FqName                                                : loaded 2 times (x 70B)
Class org.gradle.api.internal.ClassPathProvider                                       : loaded 2 times (x 68B)
Class groovy.lang.MetaArrayLengthProperty                                             : loaded 2 times (x 75B)
Class com.google.common.cache.LocalCache$EntryFactory$4                               : loaded 2 times (x 81B)
Class org.codehaus.groovy.ast.ConstructorNode                                         : loaded 2 times (x 156B)
Class org.codehaus.groovy.ast.FieldNode                                               : loaded 2 times (x 160B)
Class org.jetbrains.kotlin.load.java.JavaTypeEnhancementState                         : loaded 2 times (x 70B)
Class com.android.utils.ILogger                                                       : loaded 2 times (x 68B)
Class org.codehaus.groovy.reflection.stdclasses.LongCachedClass                       : loaded 2 times (x 93B)
Class kotlin.KotlinVersion$Companion                                                  : loaded 2 times (x 69B)
Class [Lorg.codehaus.groovy.ast.MixinNode;                                            : loaded 2 times (x 67B)
Class org.codehaus.groovy.runtime.NumberAwareComparator                               : loaded 2 times (x 88B)
Class org.objectweb.asm.ModuleWriter                                                  : loaded 2 times (x 79B)
Class org.gradle.internal.classloader.ClasspathUtil$1                                 : loaded 2 times (x 74B)
Class org.jetbrains.kotlin.config.AnalysisFlags$expectActualLinker$2                  : loaded 2 times (x 125B)
Class com.android.ide.common.blame.SourcePosition                                     : loaded 2 times (x 69B)
Class groovyjarjarasm.asm.ClassWriter                                                 : loaded 2 times (x 102B)
Class org.codehaus.groovy.ast.MixinNode                                               : loaded 2 times (x 241B)
Class com.google.common.io.ByteSource$AsCharSource                                    : loaded 2 times (x 84B)
Class org.codehaus.groovy.runtime.dgmimpl.arrays.ByteArrayGetAtMetaMethod             : loaded 2 times (x 95B)
Class groovy.lang.GString                                                             : loaded 2 times (x 119B)
Class com.google.common.cache.LocalCache$EntryFactory$3                               : loaded 2 times (x 81B)
Class org.codehaus.groovy.util.TripleKeyHashMap                                       : loaded 2 times (x 80B)
Class groovy.util.BufferedIterator                                                    : loaded 2 times (x 68B)
Class groovy.lang.MetaClassRegistryChangeEvent                                        : loaded 2 times (x 77B)
Class org.codehaus.groovy.runtime.dgmimpl.arrays.DoubleArrayPutAtMetaMethod           : loaded 2 times (x 95B)
Class kotlin.reflect.jvm.internal.KPackageImpl$data$1                                 : loaded 2 times (x 77B)
Class org.codehaus.groovy.runtime.metaclass.ClosureStaticMetaMethod                   : loaded 2 times (x 100B)
Class org.codehaus.groovy.reflection.GroovyClassValueFactory                          : loaded 2 times (x 69B)
Class kotlin.sequences.TransformingSequence                                           : loaded 2 times (x 73B)
Class org.jetbrains.kotlin.load.java.JavaNullabilityAnnotationSettingsKt              : loaded 2 times (x 69B)
Class org.jetbrains.kotlin.load.java.JavaTypeEnhancementState$Companion$DEFAULT$1     : loaded 2 times (x 123B)
Class [Lorg.jetbrains.kotlin.config.LanguageFeature$State;                            : loaded 2 times (x 67B)
Class com.google.common.cache.LocalCache$EntryFactory$2                               : loaded 2 times (x 81B)
Class net.rubygrapefruit.platform.internal.Platform$Posix                             : loaded 2 times (x 79B)
Class org.codehaus.groovy.ast.expr.ListExpression                                     : loaded 2 times (x 130B)
Class org.jetbrains.kotlin.storage.SimpleLock$Companion                               : loaded 2 times (x 69B)
Class kotlin.collections.CollectionsKt__MutableCollectionsJVMKt                       : loaded 2 times (x 69B)
Class org.codehaus.groovy.reflection.v7.GroovyClassValueJava7                         : loaded 2 times (x 82B)
Class kotlin.collections.ArraysKt__ArraysKt                                           : loaded 2 times (x 69B)
Class groovy.lang.StringWriterIOException                                             : loaded 2 times (x 81B)
Class kotlin.collections.EmptyList                                                    : loaded 2 times (x 134B)
Class org.codehaus.groovy.reflection.CachedMethod                                     : loaded 2 times (x 110B)
Class groovy.lang.GroovyCallable                                                      : loaded 2 times (x 68B)
Class org.codehaus.groovy.ast.expr.MethodPointerExpression                            : loaded 2 times (x 129B)
Class com.google.common.cache.AbstractCache$StatsCounter                              : loaded 2 times (x 68B)
Class org.objectweb.asm.FieldVisitor                                                  : loaded 2 times (x 74B)
Class org.codehaus.groovy.runtime.typehandling.DefaultTypeTransformation              : loaded 2 times (x 69B)
Class [Lcom.android.resources.LayoutDirection;                                        : loaded 2 times (x 67B)
Class com.android.tools.lint.model.DefaultLintModelDependencyGraph                    : loaded 2 times (x 76B)
Class org.codehaus.groovy.ast.stmt.ContinueStatement                                  : loaded 2 times (x 109B)
Class org.objectweb.asm.Symbol                                                        : loaded 2 times (x 71B)
Class com.android.resources.ScreenOrientation                                         : loaded 2 times (x 84B)
Class org.codehaus.groovy.runtime.dgmimpl.NumberNumberMultiply                        : loaded 2 times (x 112B)
Class org.codehaus.groovy.runtime.memoize.EvictableCache$Action                       : loaded 2 times (x 68B)
Class [Lcom.android.resources.WideGamutColor;                                         : loaded 2 times (x 67B)
Class com.google.common.cache.LocalCache$EntryFactory$1                               : loaded 2 times (x 81B)
Class com.google.common.reflect.TypeToken                                             : loaded 2 times (x 71B)
Class kotlin.reflect.jvm.internal.ReflectProperties$Val$1                             : loaded 2 times (x 69B)
Class com.google.common.cache.LocalCache$Strength$1                                   : loaded 2 times (x 79B)
Class org.codehaus.groovy.runtime.DefaultGroovyStaticMethods                          : loaded 2 times (x 69B)
Class [Lcom.google.common.base.Predicate;                                             : loaded 2 times (x 67B)
Class com.google.common.cache.LocalCache$Strength$2                                   : loaded 2 times (x 79B)
Class com.google.common.cache.LocalCache$Strength$3                                   : loaded 2 times (x 79B)
Class org.gradle.internal.classloader.ClassLoaderFactory                              : loaded 2 times (x 68B)
Class org.codehaus.groovy.runtime.dgmimpl.arrays.FloatArrayGetAtMetaMethod            : loaded 2 times (x 95B)
Class com.google.common.base.Equivalence                                              : loaded 2 times (x 80B)
Class org.codehaus.groovy.ast.ClassHelper                                             : loaded 2 times (x 69B)
Class groovy.lang.MetaProperty                                                        : loaded 2 times (x 75B)
Class kotlin.io.LinesSequence$iterator$1                                              : loaded 2 times (x 77B)
Class groovy.lang.MissingFieldException                                               : loaded 2 times (x 87B)
Class com.google.common.base.Absent                                                   : loaded 2 times (x 78B)
Class com.google.common.util.concurrent.AbstractFuture$Waiter                         : loaded 2 times (x 70B)
Class com.android.tools.lint.model.LintModelSerialization$LintModelSerializationAdapter: loaded 2 times (x 68B)
Class kotlin.jvm.internal.FunctionReference                                           : loaded 2 times (x 120B)
Class kotlin.coroutines.jvm.internal.RestrictedSuspendLambda                          : loaded 2 times (x 89B)
Class com.google.common.util.concurrent.Uninterruptibles                              : loaded 2 times (x 69B)
Class kotlin.coroutines.EmptyCoroutineContext                                         : loaded 2 times (x 75B)
Class com.android.ide.common.repository.GradleVersion                                 : loaded 2 times (x 92B)
Class org.codehaus.groovy.util.ManagedConcurrentMap$Segment                           : loaded 2 times (x 83B)
Class org.codehaus.groovy.reflection.CachedClass$CachedMethodComparatorWithString     : loaded 2 times (x 88B)
Class kotlin.io.FileSystemException                                                   : loaded 2 times (x 80B)
Class org.jetbrains.kotlin.config.AnalysisFlags$ideMode$2                             : loaded 2 times (x 125B)
Class com.android.tools.lint.model.LintModelMavenName                                 : loaded 2 times (x 68B)
Class [Lorg.codehaus.groovy.util.ComplexKeyHashMap$Entry;                             : loaded 2 times (x 67B)
Class org.gradle.api.internal.classpath.ManifestUtil                                  : loaded 2 times (x 69B)
Class org.gradle.api.specs.Spec                                                       : loaded 2 times (x 68B)
Class org.codehaus.groovy.ast.stmt.DoWhileStatement                                   : loaded 2 times (x 116B)
Class org.jetbrains.kotlin.utils.KotlinExceptionWithAttachments                       : loaded 2 times (x 84B)
Class groovy.lang.MissingMethodException                                              : loaded 2 times (x 90B)
Class kotlin.jvm.internal.Intrinsics                                                  : loaded 2 times (x 69B)
Class com.google.common.cache.CacheLoader$UnsupportedLoadingOperationException        : loaded 2 times (x 80B)
Class org.codehaus.groovy.runtime.metaclass.DefaultMetaClassInfo$ConstantMetaClassVersioning: loaded 2 times (x 70B)
Class org.jetbrains.kotlin.config.AnalysisFlags$skipMetadataVersionCheck$2            : loaded 2 times (x 125B)
Class [Lorg.codehaus.groovy.ast.GenericsType;                                         : loaded 2 times (x 67B)
Class kotlin.jvm.internal.ReflectionFactory                                           : loaded 2 times (x 86B)
Class groovy.grape.GrapeEngine                                                        : loaded 2 times (x 68B)
Class com.google.common.util.concurrent.ListenableFuture                              : loaded 2 times (x 68B)
Class org.codehaus.groovy.runtime.MetaClassHelper                                     : loaded 2 times (x 69B)
Class org.codehaus.groovy.runtime.m12n.ExtensionModuleScanner                         : loaded 2 times (x 72B)
Class org.codehaus.groovy.classgen.asm.BytecodeHelper                                 : loaded 2 times (x 69B)
Class org.codehaus.groovy.reflection.CachedClass$CachedMethodComparatorByName         : loaded 2 times (x 89B)
Class kotlin.jvm.internal.Ref$ObjectRef                                               : loaded 2 times (x 70B)
Class org.jetbrains.kotlin.config.AnalysisFlags$allowFullyQualifiedNameInKClass$2     : loaded 2 times (x 125B)
Class [Lorg.jetbrains.kotlin.config.LanguageFeature;                                  : loaded 2 times (x 67B)
Class kotlin.jvm.internal.ArrayIterator                                               : loaded 2 times (x 77B)
Class kotlin.text.StringsKt___StringsJvmKt                                            : loaded 2 times (x 69B)
Class groovy.lang.ClosureInvokingMethod                                               : loaded 2 times (x 68B)
Class org.codehaus.groovy.reflection.CachedClass$8                                    : loaded 2 times (x 80B)
Class kotlin.collections.CollectionsKt__CollectionsKt                                 : loaded 2 times (x 69B)
Class org.codehaus.groovy.reflection.CachedClass$7                                    : loaded 2 times (x 80B)
Class kotlin.io.FilesKt                                                               : loaded 2 times (x 69B)
Class com.google.common.util.concurrent.AbstractFuture$UnsafeAtomicHelper             : loaded 2 times (x 74B)
Class org.codehaus.groovy.reflection.CachedClass$6                                    : loaded 2 times (x 80B)
Class com.google.common.base.Joiner                                                   : loaded 2 times (x 77B)
Class com.google.common.base.Equivalence$Equals                                       : loaded 2 times (x 80B)
Class org.jetbrains.kotlin.config.AnalysisFlags$allowUnstableDependencies$2           : loaded 2 times (x 125B)
Class org.codehaus.groovy.ast.expr.Expression                                         : loaded 2 times (x 125B)
Class org.codehaus.groovy.reflection.CachedClass$5                                    : loaded 2 times (x 80B)
Class org.codehaus.groovy.ast.PackageNode                                             : loaded 2 times (x 121B)
Class [Lkotlin.reflect.KClassifier;                                                   : loaded 2 times (x 67B)
Class kotlin.coroutines.CoroutineContext                                              : loaded 2 times (x 68B)
Class com.android.support.AndroidxName                                                : loaded 2 times (x 78B)
Class [Lkotlin.reflect.KClass;                                                        : loaded 2 times (x 67B)
Class [Lnet.rubygrapefruit.platform.internal.FunctionResult$Failure;                  : loaded 2 times (x 67B)
Class kotlin.jvm.internal.Reflection                                                  : loaded 2 times (x 69B)
Class net.rubygrapefruit.platform.internal.Platform$Windows                           : loaded 2 times (x 77B)
Class org.codehaus.groovy.reflection.stdclasses.CachedSAMClass                        : loaded 2 times (x 93B)
Class org.gradle.internal.IoActions                                                   : loaded 2 times (x 69B)
Class org.codehaus.groovy.ast.expr.TernaryExpression                                  : loaded 2 times (x 128B)
Class [Lcom.google.common.collect.LinkedHashMultimap$ValueSetLink;                    : loaded 2 times (x 67B)
Class org.codehaus.groovy.ast.expr.MethodCallExpression                               : loaded 2 times (x 151B)
Class org.codehaus.groovy.ast.tools.GeneralUtils                                      : loaded 2 times (x 69B)
Class org.codehaus.groovy.reflection.CachedClass$4                                    : loaded 2 times (x 80B)
Class com.android.tools.lint.model.PathVariables$Companion                            : loaded 2 times (x 69B)
Class org.codehaus.groovy.runtime.BytecodeInterface8                                  : loaded 2 times (x 69B)
Class org.codehaus.groovy.reflection.CachedClass$3                                    : loaded 2 times (x 80B)
Class kotlin.reflect.jvm.internal.KProperty1Impl$_getter$1                            : loaded 2 times (x 77B)
Class com.android.resources.ResourceFolderType                                        : loaded 2 times (x 77B)
Class org.jetbrains.kotlin.utils.WrappedValues$1                                      : loaded 2 times (x 69B)
Class groovy.lang.GroovyInterceptable                                                 : loaded 2 times (x 68B)
Class com.android.sdklib.IAndroidTarget                                               : loaded 2 times (x 68B)
Class com.google.common.cache.ReferenceEntry                                          : loaded 2 times (x 68B)
Class [Lcom.android.prefs.VariableValue;                                              : loaded 2 times (x 67B)
Class kotlin.Lazy                                                                     : loaded 2 times (x 68B)
Class kotlin.jvm.internal.PropertyReference1Impl                                      : loaded 2 times (x 125B)
Class org.codehaus.groovy.reflection.CachedClass$2                                    : loaded 2 times (x 80B)
Class org.codehaus.groovy.ast.stmt.SynchronizedStatement                              : loaded 2 times (x 112B)
Class kotlin.sequences.SequencesKt                                                    : loaded 2 times (x 69B)
Class org.codehaus.groovy.reflection.CachedClass$1                                    : loaded 2 times (x 80B)
Class org.codehaus.groovy.reflection.GroovyClassValue$ComputeValue                    : loaded 2 times (x 68B)
Class kotlin.io.TextStreamsKt                                                         : loaded 2 times (x 69B)
Class kotlin.collections.EmptyIterator                                                : loaded 2 times (x 87B)
Class org.codehaus.groovy.reflection.stdclasses.BooleanCachedClass                    : loaded 2 times (x 93B)
Class org.codehaus.groovy.runtime.metaclass.ClosureMetaMethod$AnonymousMetaMethod     : loaded 2 times (x 94B)
Class org.codehaus.groovy.runtime.memoize.StampedCommonCache                          : loaded 2 times (x 152B)
Class groovy.lang.ReadOnlyPropertyException                                           : loaded 2 times (x 87B)
Class com.android.resources.WideGamutColor                                            : loaded 2 times (x 84B)
Class com.android.ide.common.resources.configuration.LocaleQualifier                  : loaded 2 times (x 87B)
Class net.rubygrapefruit.platform.internal.WindowsProcessLauncher                     : loaded 2 times (x 74B)
Class kotlin.jvm.internal.FunctionReferenceImpl                                       : loaded 2 times (x 120B)
Class kotlin.jvm.internal.CallableReference                                           : loaded 2 times (x 104B)
Class org.codehaus.groovy.reflection.AccessPermissionChecker                          : loaded 2 times (x 69B)
Class org.codehaus.groovy.runtime.metaclass.MissingMethodExecutionFailed              : loaded 2 times (x 90B)
Class com.android.resources.ScreenSize                                                : loaded 2 times (x 84B)
Class com.android.support.AndroidxMigrationParserKt                                   : loaded 2 times (x 69B)
Class com.android.tools.lint.model.DefaultLintModelSourceProvider                     : loaded 2 times (x 80B)
Class com.android.utils.EnvironmentProvider                                           : loaded 2 times (x 68B)
Class net.rubygrapefruit.platform.internal.NativeLibraryLocator                       : loaded 2 times (x 71B)
Class com.android.prefs.AbstractAndroidLocations$Companion                            : loaded 2 times (x 69B)
Class org.codehaus.groovy.runtime.callsite.ClassMetaClassGetPropertySite              : loaded 2 times (x 144B)
Class org.codehaus.groovy.ast.expr.BinaryExpression                                   : loaded 2 times (x 132B)
Class groovy.lang.MetaMethod                                                          : loaded 2 times (x 94B)
Class [Lorg.objectweb.asm.Attribute;                                                  : loaded 2 times (x 67B)
Class kotlin.reflect.KType                                                            : loaded 2 times (x 68B)
Class org.gradle.api.internal.classpath.EffectiveClassPath                            : loaded 2 times (x 88B)
Class org.codehaus.groovy.runtime.dgmimpl.arrays.ObjectArrayPutAtMetaMethod           : loaded 2 times (x 95B)
Class groovy.lang.Tuple                                                               : loaded 2 times (x 166B)
Class com.google.common.io.Files$FileByteSource                                       : loaded 2 times (x 83B)
Class org.codehaus.groovy.reflection.GeneratedMetaMethod$DgmMethodRecord              : loaded 2 times (x 70B)
Class org.jetbrains.kotlin.config.JvmAnalysisFlags$jvmDefaultMode$2                   : loaded 2 times (x 125B)
Class org.jetbrains.kotlin.config.LanguageVersionSettingsImpl$Companion               : loaded 2 times (x 69B)
Class kotlin.jvm.internal.DefaultConstructorMarker                                    : loaded 2 times (x 69B)
Class com.google.common.io.Files                                                      : loaded 2 times (x 69B)
Class com.google.common.collect.LinkedHashMultimap$ValueSet                           : loaded 2 times (x 140B)
Class com.google.common.cache.CacheLoader$FunctionToCacheLoader                       : loaded 2 times (x 73B)
Class com.google.common.cache.CacheBuilder$1                                          : loaded 2 times (x 83B)
Class kotlin.sequences.SequencesKt__SequencesKt$flatten$3                             : loaded 2 times (x 76B)
Class org.jetbrains.kotlin.load.java.JavaTypeEnhancementState$Companion               : loaded 2 times (x 69B)
Class com.google.common.cache.CacheBuilder$2                                          : loaded 2 times (x 77B)
Class com.google.common.cache.CacheBuilder$3                                          : loaded 2 times (x 70B)
Class org.codehaus.groovy.util.URLStreams                                             : loaded 2 times (x 69B)
Class groovy.lang.MetaClassRegistry                                                   : loaded 2 times (x 68B)
Class org.codehaus.groovy.runtime.dgmimpl.arrays.ShortArrayPutAtMetaMethod            : loaded 2 times (x 95B)
Class com.google.common.reflect.Reflection                                            : loaded 2 times (x 69B)
Class org.codehaus.groovy.reflection.ClassInfo$LazyCachedClassRef                     : loaded 2 times (x 80B)
Class org.apache.groovy.util.SystemUtil                                               : loaded 2 times (x 69B)
Class kotlin.reflect.jvm.internal.KClassImpl                                          : loaded 2 times (x 113B)
Class kotlin.ranges.IntProgression                                                    : loaded 2 times (x 79B)
Class [Lcom.google.common.cache.RemovalListener;                                      : loaded 2 times (x 67B)
Class net.rubygrapefruit.platform.internal.Platform$Unsupported                       : loaded 2 times (x 77B)
Class org.codehaus.groovy.runtime.DefaultGroovyMethodsSupport                         : loaded 2 times (x 69B)
Class [Lkotlin.reflect.KDeclarationContainer;                                         : loaded 2 times (x 67B)
Class kotlin.reflect.jvm.internal.KProperty1Impl                                      : loaded 2 times (x 126B)
Class org.jetbrains.kotlin.cli.common.messages.GradleStyleMessageRenderer             : loaded 2 times (x 76B)
Class kotlin.jvm.internal.ClassBasedDeclarationContainer                              : loaded 2 times (x 68B)
Class kotlin.sequences.SequencesKt___SequencesKt$filterNotNull$1                      : loaded 2 times (x 76B)
Class org.codehaus.groovy.runtime.dgmimpl.arrays.IntegerArrayGetAtMetaMethod          : loaded 2 times (x 95B)
Class org.gradle.internal.installation.CurrentGradleInstallation                      : loaded 2 times (x 71B)
Class kotlin.Metadata                                                                 : loaded 2 times (x 68B)
Class org.gradle.internal.installation.CurrentGradleInstallationLocator               : loaded 2 times (x 69B)
Class kotlin.collections.CollectionsKt__IteratorsJVMKt                                : loaded 2 times (x 69B)
Class [Lcom.google.common.cache.LocalCache$Segment;                                   : loaded 2 times (x 67B)
Class org.gradle.api.internal.classpath.Module                                        : loaded 2 times (x 68B)
Class com.android.ide.common.resources.configuration.EnumBasedResourceQualifier       : loaded 2 times (x 87B)
Class build_cj9ho4ep13kbcm4wricz0fa0v$_run_closure1$_closure3                         : loaded 2 times (x 134B)
Class com.android.resources.LayoutDirection                                           : loaded 2 times (x 84B)
Class com.android.tools.lint.model.LintModelSerialization$LintModelSerializationFileAdapter: loaded 2 times (x 85B)
Class com.google.common.io.ByteSource$ByteArrayByteSource                             : loaded 2 times (x 83B)
Class com.google.common.collect.Multimaps$CustomSetMultimap                           : loaded 2 times (x 176B)
Class org.codehaus.groovy.runtime.GeneratedClosure                                    : loaded 2 times (x 68B)
Class kotlin.sequences.SequencesKt__SequencesKt$flatten$1                             : loaded 2 times (x 76B)
Class kotlin.reflect.KProperty                                                        : loaded 2 times (x 68B)
Class kotlin.sequences.FilteringSequence                                              : loaded 2 times (x 73B)
Class com.android.tools.lint.model.DefaultLintModelAndroidLibrary                     : loaded 2 times (x 98B)
Class kotlin.annotation.Target                                                        : loaded 2 times (x 68B)
Class com.android.tools.lint.model.DefaultLintModelJavaLibrary                        : loaded 2 times (x 90B)
Class org.codehaus.groovy.runtime.GroovyCategorySupport$CategoryMethod                : loaded 2 times (x 101B)
Class [Lorg.codehaus.groovy.reflection.CachedMethod;                                  : loaded 2 times (x 67B)
Class groovy.lang.groovydoc.Groovydoc                                                 : loaded 2 times (x 74B)
Class kotlin.sequences.DistinctSequence                                               : loaded 2 times (x 73B)
Class [Lorg.jetbrains.kotlin.storage.LockBasedStorageManager$NotValue;                : loaded 2 times (x 67B)
Class groovy.lang.Tuple10                                                             : loaded 2 times (x 166B)
Class net.rubygrapefruit.platform.internal.NativeLibraryLoader                        : loaded 2 times (x 71B)
Class groovy.lang.Tuple11                                                             : loaded 2 times (x 166B)
Class org.codehaus.groovy.runtime.IOGroovyMethods                                     : loaded 2 times (x 69B)
Class groovy.lang.Tuple12                                                             : loaded 2 times (x 166B)
Class kotlin.jvm.internal.MutablePropertyReference0                                   : loaded 2 times (x 135B)
Class kotlin.sequences.SequencesKt__SequencesKt                                       : loaded 2 times (x 69B)
Class groovy.lang.Tuple13                                                             : loaded 2 times (x 166B)
Class kotlin.jvm.internal.MutablePropertyReference1                                   : loaded 2 times (x 135B)
Class kotlin.LazyKt                                                                   : loaded 2 times (x 69B)
Class kotlin.sequences.SequencesKt__SequencesJVMKt                                    : loaded 2 times (x 69B)
Class groovy.lang.Tuple14                                                             : loaded 2 times (x 166B)
Class org.codehaus.groovy.util.LazyReference                                          : loaded 2 times (x 79B)
Class kotlin.jvm.internal.MutablePropertyReference2                                   : loaded 2 times (x 135B)
Class org.codehaus.groovy.runtime.RangeInfo                                           : loaded 2 times (x 69B)
Class groovy.lang.Tuple15                                                             : loaded 2 times (x 166B)
Class Dependency_version_checker_gradle                                               : loaded 2 times (x 128B)
Class groovy.lang.Tuple16                                                             : loaded 2 times (x 166B)
Class com.google.common.reflect.Types$TypeVariableInvocationHandler                   : loaded 2 times (x 73B)
Class com.google.common.reflect.Types$ClassOwnership                                  : loaded 2 times (x 78B)
Class org.codehaus.groovy.runtime.metaclass.MethodSelectionException                  : loaded 2 times (x 85B)
Class org.jetbrains.kotlin.name.FqNameUnsafe                                          : loaded 2 times (x 70B)
Class org.codehaus.groovy.runtime.DefaultCachedMethodKey                              : loaded 2 times (x 77B)
Class build_4i8uzgpz8h55gyzt6rktcozhg                                                 : loaded 2 times (x 178B)
Class [Lorg.objectweb.asm.AnnotationWriter;                                           : loaded 2 times (x 67B)
Class org.gradle.internal.service.CachingServiceLocator                               : loaded 2 times (x 80B)
Class kotlin.sequences.GeneratorSequence$iterator$1                                   : loaded 2 times (x 77B)
Class kotlin.NoWhenBranchMatchedException                                             : loaded 2 times (x 80B)
Class build_e628fz8mk86gkrh4gl29yuvly                                                 : loaded 2 times (x 178B)
Class com.android.ide.common.resources.configuration.ScreenOrientationQualifier       : loaded 2 times (x 88B)
Class com.android.tools.lint.model.LintModelModuleLibrary                             : loaded 2 times (x 68B)
Class org.codehaus.groovy.util.ComplexKeyHashMap                                      : loaded 2 times (x 77B)
Class kotlin.text.StringsKt__StringBuilderKt                                          : loaded 2 times (x 69B)
Class net.rubygrapefruit.platform.internal.Platform$Linux64Bit                        : loaded 2 times (x 81B)
Class org.codehaus.groovy.runtime.dgmimpl.arrays.BooleanArrayPutAtMetaMethod          : loaded 2 times (x 95B)
Class kotlin.sequences.FilteringSequence$iterator$1                                   : loaded 2 times (x 77B)
Class org.objectweb.asm.Handle                                                        : loaded 2 times (x 70B)
Class org.codehaus.groovy.reflection.GeneratedMetaMethod                              : loaded 2 times (x 94B)
Class com.android.utils.SdkUtils                                                      : loaded 2 times (x 69B)
Class groovy.lang.MetaClassImpl$Index                                                 : loaded 2 times (x 86B)
Class com.android.ide.common.resources.configuration.NavigationStateQualifier         : loaded 2 times (x 88B)
Class com.google.common.collect.AbstractMapBasedMultimap$AsMap                        : loaded 2 times (x 126B)
Class com.android.SdkConstants                                                        : loaded 2 times (x 69B)
Class org.gradle.internal.classpath.DefaultClassPath                                  : loaded 2 times (x 88B)
Class com.google.common.util.concurrent.AbstractFuture$Failure                        : loaded 2 times (x 70B)
Class org.codehaus.groovy.ast.CompileUnit$ConstructedOuterNestedClassNode             : loaded 2 times (x 243B)
Class groovy.lang.GroovyRuntimeException                                              : loaded 2 times (x 85B)
Class org.jetbrains.kotlin.load.java.NullabilityAnnotationStatesImpl                  : loaded 2 times (x 73B)
Class groovy.lang.Closure$1                                                           : loaded 2 times (x 131B)
Class [Lcom.android.resources.ScreenSize;                                             : loaded 2 times (x 67B)
Class kotlin.sequences.FlatteningSequence                                             : loaded 2 times (x 73B)
Class org.gradle.api.Transformer                                                      : loaded 2 times (x 68B)
Class com.google.common.cache.LocalCache$AbstractReferenceEntry                       : loaded 2 times (x 105B)
Class kotlin.reflect.jvm.internal.ReflectProperties$LazySoftVal                       : loaded 2 times (x 76B)
Class groovy.lang.GroovyClassLoader$1                                                 : loaded 2 times (x 74B)
Class kotlin.Result                                                                   : loaded 2 times (x 70B)
Class com.android.tools.lint.model.DefaultLintModelAndroidArtifact                    : loaded 2 times (x 83B)
Class org.codehaus.groovy.ast.expr.LambdaExpression                                   : loaded 2 times (x 133B)
Class kotlin.annotation.Retention                                                     : loaded 2 times (x 68B)
Class com.google.common.util.concurrent.AbstractFuture$SetFuture                      : loaded 2 times (x 73B)
Class org.jetbrains.kotlin.cli.common.messages.CompilerMessageSeverity                : loaded 2 times (x 77B)
Class kotlin.collections.CollectionsKt__CollectionsJVMKt                              : loaded 2 times (x 69B)
Class org.codehaus.groovy.runtime.metaclass.ThreadManagedMetaBeanProperty             : loaded 2 times (x 84B)
Class kotlin.sequences.SequencesKt___SequencesKt                                      : loaded 2 times (x 69B)
Class [Lcom.android.tools.lint.model.LintModelModuleType;                             : loaded 2 times (x 67B)
Class com.android.tools.lint.model.LintModelVariant                                   : loaded 2 times (x 68B)
Class [Lkotlin.DeprecationLevel;                                                      : loaded 2 times (x 67B)
Class build_c8uv2zr4rumwgjqhqkejb7pm5$_run_closure1                                   : loaded 2 times (x 134B)
Class com.android.ide.common.resources.configuration.TouchScreenQualifier             : loaded 2 times (x 88B)
Class kotlin.jvm.internal.Ref$BooleanRef                                              : loaded 2 times (x 69B)
Class [Lorg.codehaus.groovy.runtime.callsite.CallSite;                                : loaded 2 times (x 67B)
Class org.codehaus.groovy.reflection.stdclasses.CharacterCachedClass                  : loaded 2 times (x 93B)
Class com.android.resources.KeyboardState                                             : loaded 2 times (x 84B)
Class [Lcom.android.resources.TouchScreen;                                            : loaded 2 times (x 67B)
Class com.android.tools.lint.model.LintModelBuildFeatures                             : loaded 2 times (x 68B)
Class org.jetbrains.kotlin.config.AnalysisFlag$Delegates$Boolean                      : loaded 2 times (x 69B)
Class kotlin.sequences.FlatteningSequence$iterator$1                                  : loaded 2 times (x 77B)
Class kotlin.annotation.MustBeDocumented                                              : loaded 2 times (x 68B)
Class org.codehaus.groovy.runtime.metaclass.MetaMethodIndex$CacheEntry                : loaded 2 times (x 70B)
Class kotlin.collections.SetsKt__SetsJVMKt                                            : loaded 2 times (x 69B)
Class build_bdsyv133i9322sofoljra228k$_run_closure1                                   : loaded 2 times (x 134B)
Class kotlin.reflect.jvm.internal.KPropertyImpl                                       : loaded 2 times (x 113B)
Class com.google.common.collect.TransformedIterator                                   : loaded 2 times (x 78B)
Class com.android.resources.ResourceType$Kind                                         : loaded 2 times (x 77B)
Class org.codehaus.groovy.util.ComplexKeyHashMap$EntryIterator                        : loaded 2 times (x 68B)
Class com.android.ide.common.resources.configuration.ScreenRatioQualifier             : loaded 2 times (x 89B)
Class groovy.lang.Writable                                                            : loaded 2 times (x 68B)
Class com.android.sdklib.AndroidVersion                                               : loaded 2 times (x 73B)
Class org.gradle.internal.installation.GradleInstallation$1                           : loaded 2 times (x 73B)
Class org.codehaus.groovy.control.MultipleCompilationErrorsException                  : loaded 2 times (x 88B)
Class [Lcom.android.resources.ScreenRatio;                                            : loaded 2 times (x 67B)
Class kotlin.reflect.KTypeParameter                                                   : loaded 2 times (x 68B)
Class org.codehaus.groovy.classgen.BytecodeExpression                                 : loaded 2 times (x 126B)
Class com.google.common.reflect.TypeParameter                                         : loaded 2 times (x 70B)
Class org.codehaus.groovy.runtime.MethodClosure                                       : loaded 2 times (x 133B)
Class org.jetbrains.kotlin.config.AnalysisFlags$multiPlatformDoNotCheckActual$2       : loaded 2 times (x 125B)
Class com.google.common.cache.LocalCache$LocalManualCache$1                           : loaded 2 times (x 73B)
Class kotlin.ranges.IntProgressionIterator                                            : loaded 2 times (x 80B)
Class kotlin.jvm.JvmClassMappingKt                                                    : loaded 2 times (x 69B)
Class org.gradle.api.internal.DefaultClassPathProvider                                : loaded 2 times (x 74B)
Class kotlin.io.CloseableKt                                                           : loaded 2 times (x 69B)
Class kotlin.reflect.jvm.internal.KClassImpl$data$1                                   : loaded 2 times (x 77B)
Class com.google.common.reflect.Types$ClassOwnership$1LocalClass                      : loaded 2 times (x 69B)
Class [Lcom.android.prefs.VariableType;                                               : loaded 2 times (x 67B)
Class org.jetbrains.kotlin.config.JvmAnalysisFlags                                    : loaded 2 times (x 69B)
Class kotlin.jvm.functions.Function0                                                  : loaded 2 times (x 68B)
Class kotlin.jvm.functions.Function1                                                  : loaded 2 times (x 68B)
Class kotlin.jvm.functions.Function2                                                  : loaded 2 times (x 68B)
Class org.codehaus.groovy.util.ReferenceManager                                       : loaded 2 times (x 74B)
Class kotlin.jvm.functions.Function3                                                  : loaded 2 times (x 68B)
Class [Lcom.google.common.collect.AbstractIterator$State;                             : loaded 2 times (x 67B)
Class org.objectweb.asm.SymbolTable$Entry                                             : loaded 2 times (x 72B)
Class [Lcom.google.common.cache.LocalCache$EntryFactory;                              : loaded 2 times (x 67B)
Class kotlin.jvm.functions.Function4                                                  : loaded 2 times (x 68B)
Class kotlin.sequences.ConstrainedOnceSequence                                        : loaded 2 times (x 73B)
Class net.rubygrapefruit.platform.internal.jni.NativeLibraryFunctions                 : loaded 2 times (x 69B)
Class groovyjarjarasm.asm.Opcodes                                                     : loaded 2 times (x 68B)
Class org.codehaus.groovy.util.ReferenceManager$CallBackedManager                     : loaded 2 times (x 74B)
Class com.google.common.cache.LocalCache$Segment                                      : loaded 2 times (x 152B)
Class net.rubygrapefruit.platform.internal.WrapperProcessLauncher                     : loaded 2 times (x 74B)
Class com.google.common.base.Platform                                                 : loaded 2 times (x 69B)
Class com.android.prefs.AndroidPathLocator                                            : loaded 2 times (x 71B)
Class com.google.common.base.Suppliers$NonSerializableMemoizingSupplier               : loaded 2 times (x 77B)
Class org.codehaus.groovy.vmplugin.v9.ClassFinder                                     : loaded 2 times (x 69B)
Class org.codehaus.groovy.ast.stmt.IfStatement                                        : loaded 2 times (x 114B)
Class org.codehaus.groovy.control.CompilationUnit$PhaseOperation                      : loaded 2 times (x 68B)
Class org.jetbrains.kotlin.storage.MemoizedFunctionToNullable                         : loaded 2 times (x 68B)
Class com.android.prefs.PathLocator$WhenMappings                                      : loaded 2 times (x 69B)
Class [Lcom.google.common.base.Supplier;                                              : loaded 2 times (x 67B)
Class org.codehaus.groovy.util.ManagedConcurrentMap$Entry                             : loaded 2 times (x 90B)
Class [Lkotlin.sequences.Sequence;                                                    : loaded 2 times (x 67B)
Class com.google.common.collect.ImmutableSetMultimap                                  : loaded 2 times (x 180B)
Class org.codehaus.groovy.ast.PropertyNode                                            : loaded 2 times (x 153B)
Class org.codehaus.groovy.runtime.metaclass.NewStaticMetaMethod                       : loaded 2 times (x 97B)
Class kotlin._Assertions                                                              : loaded 2 times (x 69B)
Class [Lkotlin.coroutines.intrinsics.CoroutineSingletons;                             : loaded 2 times (x 67B)
Class org.codehaus.groovy.runtime.dgmimpl.NumberNumberDiv                             : loaded 2 times (x 112B)
Class org.jetbrains.kotlin.load.java.NullabilityAnnotationStates                      : loaded 2 times (x 68B)
Class kotlin.sequences.EmptySequence                                                  : loaded 2 times (x 76B)
Class org.codehaus.groovy.util.AbstractConcurrentMap$Segment                          : loaded 2 times (x 83B)
Class [Lkotlin.LazyThreadSafetyMode;                                                  : loaded 2 times (x 67B)
Class org.jetbrains.kotlin.config.JvmAnalysisFlags$sanitizeParentheses$2              : loaded 2 times (x 125B)
Class kotlin.ranges.ClosedRange                                                       : loaded 2 times (x 68B)
Class com.android.tools.lint.model.LintModelLibrary                                   : loaded 2 times (x 68B)
Class build_cj9ho4ep13kbcm4wricz0fa0v                                                 : loaded 2 times (x 178B)
Class kotlin.KotlinNullPointerException                                               : loaded 2 times (x 81B)
Class org.codehaus.groovy.util.AbstractConcurrentMapBase                              : loaded 2 times (x 75B)
Class com.google.common.collect.LinkedHashMultimap                                    : loaded 2 times (x 173B)
Class org.jetbrains.kotlin.storage.EmptySimpleLock                                    : loaded 2 times (x 73B)
Class com.google.common.reflect.TypeResolver$TypeTable$1                              : loaded 2 times (x 71B)
Class kotlin.collections.CharIterator                                                 : loaded 2 times (x 80B)
Class kotlin.sequences.GeneratorSequence                                              : loaded 2 times (x 73B)
Class org.jetbrains.kotlin.config.AnalysisFlags$extendedCompilerChecks$2              : loaded 2 times (x 125B)
Class kotlin.Triple                                                                   : loaded 2 times (x 70B)
Class build_c8uv2zr4rumwgjqhqkejb7pm5                                                 : loaded 2 times (x 178B)
Class org.codehaus.groovy.control.CompilationUnit$ISourceUnitOperation                : loaded 2 times (x 68B)
Class org.codehaus.groovy.ast.stmt.CatchStatement                                     : loaded 2 times (x 112B)
Class com.google.common.cache.CacheLoader                                             : loaded 2 times (x 72B)
Class org.codehaus.groovy.ast.MethodNode                                              : loaded 2 times (x 155B)
Class build_cj9ho4ep13kbcm4wricz0fa0v$_run_closure1                                   : loaded 2 times (x 134B)
Class kotlin.jvm.internal.SpreadBuilder                                               : loaded 2 times (x 74B)
Class kotlin.reflect.KAnnotatedElement                                                : loaded 2 times (x 68B)
Class org.objectweb.asm.MethodTooLargeException                                       : loaded 2 times (x 81B)
Class com.android.ide.common.resources.configuration.WideGamutColorQualifier          : loaded 2 times (x 89B)
Class kotlin.text.CharsKt                                                             : loaded 2 times (x 69B)
Class org.codehaus.groovy.runtime.ComposedClosure                                     : loaded 2 times (x 130B)
Class org.codehaus.groovy.reflection.ParameterTypes                                   : loaded 2 times (x 80B)
Class com.android.resources.Density                                                   : loaded 2 times (x 85B)
Class NativePluginLoader$getDependenciesMetadata$0                                    : loaded 2 times (x 150B)
Class kotlin.ranges.RangesKt___RangesKt                                               : loaded 2 times (x 69B)
Class com.android.tools.lint.model.LintModelSerialization$TargetFile                  : loaded 2 times (x 77B)
Class [Lorg.codehaus.groovy.reflection.CachedClass;                                   : loaded 2 times (x 67B)
Class kotlin.collections.CollectionsKt___CollectionsKt                                : loaded 2 times (x 69B)
Class [Lorg.codehaus.groovy.reflection.ParameterTypes;                                : loaded 2 times (x 67B)
Class [Lgroovy.lang.groovydoc.GroovydocHolder;                                        : loaded 2 times (x 67B)
Class kotlin.InitializedLazyImpl                                                      : loaded 2 times (x 74B)
Class kotlin.sequences.SequencesKt__SequenceBuilderKt$sequence$$inlined$Sequence$1    : loaded 2 times (x 73B)
Class com.google.common.cache.Cache                                                   : loaded 2 times (x 68B)
Class groovy.lang.GroovySystem                                                        : loaded 2 times (x 69B)
Class com.android.resources.ResourceType                                              : loaded 2 times (x 77B)
Class [Lcom.google.common.cache.Weigher;                                              : loaded 2 times (x 67B)
Class com.android.ide.common.resources.configuration.UiModeQualifier                  : loaded 2 times (x 88B)
Class groovyjarjarasm.asm.ClassVisitor                                                : loaded 2 times (x 85B)
Class groovy.lang.MetaClassImpl$MethodIndex                                           : loaded 2 times (x 87B)
Class kotlin.UNINITIALIZED_VALUE                                                      : loaded 2 times (x 69B)
Class com.android.tools.lint.model.LintModelDependency                                : loaded 2 times (x 68B)
Class org.gradle.internal.classloader.SystemClassLoaderSpec                           : loaded 2 times (x 69B)
Class org.codehaus.groovy.util.ReferenceBundle                                        : loaded 2 times (x 72B)
Class org.jetbrains.kotlin.load.java.Jsr305Settings                                   : loaded 2 times (x 70B)
Class org.jetbrains.kotlin.storage.LockBasedStorageManager$MapBasedMemoizedFunction   : loaded 2 times (x 80B)
Class build_ahpfki6hvmx1p6v0f9w91gw5t$_run_closure1                                   : loaded 2 times (x 134B)
Class [Lorg.codehaus.groovy.runtime.metaclass.MetaMethodIndex$Entry;                  : loaded 2 times (x 67B)
Class org.jetbrains.kotlin.utils.StringsKt                                            : loaded 2 times (x 69B)
Class com.google.common.util.concurrent.internal.InternalFutureFailureAccess          : loaded 2 times (x 70B)
Class org.codehaus.groovy.runtime.InvokerHelper$NullScript                            : loaded 2 times (x 93B)
Class [Lkotlin.reflect.KCallable;                                                     : loaded 2 times (x 67B)
Class org.codehaus.groovy.ast.ClassHelper$ClassHelperCache                            : loaded 2 times (x 69B)
Class org.codehaus.groovy.reflection.ReflectionUtils$ClassContextHelper               : loaded 2 times (x 99B)
Class com.android.ide.common.resources.configuration.VersionQualifier                 : loaded 2 times (x 86B)
Class org.jetbrains.kotlin.cli.common.PropertiesKt                                    : loaded 2 times (x 69B)
Class [Lcom.android.tools.lint.model.LintModelNamespacingMode;                        : loaded 2 times (x 67B)
Class org.jetbrains.kotlin.config.JvmAnalysisFlags$javaTypeEnhancementState$2         : loaded 2 times (x 125B)
Class org.codehaus.groovy.runtime.memoize.EvictableCache                              : loaded 2 times (x 68B)
Class org.codehaus.groovy.ast.expr.ConstantExpression                                 : loaded 2 times (x 132B)
Class org.codehaus.groovy.ast.stmt.BreakStatement                                     : loaded 2 times (x 109B)
Class build_f0srlsa5vznkog7j8blhsloz4                                                 : loaded 2 times (x 178B)
Class net.rubygrapefruit.platform.internal.Platform$FreeBSD64Bit                      : loaded 2 times (x 80B)
Class org.codehaus.groovy.control.ConfigurationException                              : loaded 2 times (x 86B)
Class org.jetbrains.kotlin.load.java.Jsr305Settings$description$2                     : loaded 2 times (x 77B)
Class org.codehaus.groovy.util.ManagedConcurrentMap$EntryWithValue                    : loaded 2 times (x 90B)
Class org.codehaus.groovy.runtime.callsite.CallSiteAwareMetaMethod                    : loaded 2 times (x 95B)
Class kotlin.collections.CollectionsKt___CollectionsKt$withIndex$1                    : loaded 2 times (x 77B)
Class com.android.resources.NightMode                                                 : loaded 2 times (x 84B)
Class net.rubygrapefruit.platform.internal.FunctionResult                             : loaded 2 times (x 75B)
Class com.google.common.reflect.Types$TypeVariableImpl                                : loaded 2 times (x 70B)
Class [Lcom.android.resources.Keyboard;                                               : loaded 2 times (x 67B)
Class groovy.lang.EmptyRange                                                          : loaded 2 times (x 202B)
Class kotlin.jvm.internal.markers.KMutableList                                        : loaded 2 times (x 68B)
Class org.jetbrains.kotlin.cli.common.messages.MessageRenderer                        : loaded 2 times (x 68B)
Class org.codehaus.groovy.ast.stmt.ReturnStatement                                    : loaded 2 times (x 111B)
Class net.rubygrapefruit.platform.internal.Platform$MacOs                             : loaded 2 times (x 80B)
Class org.codehaus.groovy.control.ResolveVisitor                                      : loaded 2 times (x 234B)
Class org.codehaus.groovy.util.SingleKeyHashMap$Copier                                : loaded 2 times (x 68B)
Class org.jetbrains.kotlin.cli.common.CompilerSystemProperties$Companion              : loaded 2 times (x 69B)
Class com.android.resources.HighDynamicRange                                          : loaded 2 times (x 84B)
Class org.objectweb.asm.ClassWriter                                                   : loaded 2 times (x 102B)
Class org.codehaus.groovy.control.messages.Message                                    : loaded 2 times (x 70B)
Class org.codehaus.groovy.runtime.callsite.AbstractCallSite                           : loaded 2 times (x 143B)
Class kotlin.text.Charsets                                                            : loaded 2 times (x 69B)
Class kotlin.sequences.SequencesKt__SequencesKt$generateSequence$1                    : loaded 2 times (x 77B)
Class groovy.lang.Binding                                                             : loaded 2 times (x 87B)
Class org.codehaus.groovy.runtime.metaclass.MetaClassRegistryImpl                     : loaded 2 times (x 99B)
Class kotlin.sequences.SequencesKt__SequencesKt$generateSequence$2                    : loaded 2 times (x 77B)
Class com.google.common.collect.Maps$IteratorBasedAbstractMap                         : loaded 2 times (x 123B)
Class com.android.ide.common.resources.configuration.SmallestScreenWidthQualifier     : loaded 2 times (x 86B)
Class org.codehaus.groovy.ast.stmt.ForStatement                                       : loaded 2 times (x 120B)
Class kotlin.collections.SetsKt                                                       : loaded 2 times (x 69B)
Class kotlin.jvm.internal.FunctionBase                                                : loaded 2 times (x 68B)
Class org.codehaus.groovy.runtime.callsite.CallSiteArray                              : loaded 2 times (x 70B)
Class org.codehaus.groovy.util.ReferenceManager$ThreadedReferenceManager              : loaded 2 times (x 75B)
Class org.codehaus.groovy.ast.stmt.ThrowStatement                                     : loaded 2 times (x 110B)
Class com.android.ide.common.resources.configuration.ScreenHeightQualifier            : loaded 2 times (x 86B)
Class kotlin.reflect.jvm.internal.KMutableProperty1Impl$_setter$1                     : loaded 2 times (x 77B)
Class kotlin.collections.MapWithDefault                                               : loaded 2 times (x 68B)
Class kotlin.io.LinesSequence                                                         : loaded 2 times (x 73B)
Class kotlin.Function                                                                 : loaded 2 times (x 68B)
Class [Lcom.google.common.cache.CacheBuilder$OneWeigher;                              : loaded 2 times (x 67B)
Class org.codehaus.groovy.runtime.DefaultGroovyMethods$1                              : loaded 2 times (x 76B)
Class org.codehaus.groovy.ast.expr.ArgumentListExpression                             : loaded 2 times (x 136B)
Class net.rubygrapefruit.platform.NativeIntegrationLinkageException                   : loaded 2 times (x 80B)
Class kotlin.sequences.SequenceBuilderIterator                                        : loaded 2 times (x 83B)
Class [Lkotlin.collections.State;                                                     : loaded 2 times (x 67B)
Class kotlin.KotlinVersion                                                            : loaded 2 times (x 72B)
Class com.android.tools.lint.model.DefaultLintModelLibraryResolver                    : loaded 2 times (x 74B)
Class org.gradle.api.UncheckedIOException                                             : loaded 2 times (x 80B)
Class [Lcom.android.resources.UiMode;                                                 : loaded 2 times (x 67B)
Class kotlin.coroutines.jvm.internal.RestrictedContinuationImpl                       : loaded 2 times (x 85B)
Class [Lorg.codehaus.groovy.util.ReferenceType;                                       : loaded 2 times (x 67B)
Class kotlin.io.FilesKt__FileReadWriteKt                                              : loaded 2 times (x 69B)
Class com.google.common.io.Files$FileByteSink                                         : loaded 2 times (x 75B)
Class [Lcom.google.common.io.FileWriteMode;                                           : loaded 2 times (x 67B)
Class org.codehaus.groovy.runtime.memoize.MemoizeCache                                : loaded 2 times (x 68B)
Class org.codehaus.groovy.reflection.stdclasses.BigDecimalCachedClass                 : loaded 2 times (x 93B)
Class kotlin.sequences.DistinctIterator                                               : loaded 2 times (x 81B)
Class native_plugin_loader_7dik9rqpj677pep4bin0xqtrk                                  : loaded 2 times (x 175B)
Class com.google.common.base.ExtraObjectsMethodsForWeb                                : loaded 2 times (x 69B)
Class org.codehaus.groovy.ast.stmt.WhileStatement                                     : loaded 2 times (x 116B)
Class org.codehaus.groovy.runtime.metaclass.MethodMetaProperty$GetMethodMetaProperty  : loaded 2 times (x 76B)
Class org.codehaus.groovy.ast.ClassCodeVisitorSupport                                 : loaded 2 times (x 209B)
Class org.codehaus.groovy.ast.CodeVisitorSupport                                      : loaded 2 times (x 184B)
Class org.codehaus.groovy.reflection.stdclasses.StringCachedClass                     : loaded 2 times (x 93B)
Class org.jetbrains.kotlin.storage.LockBasedStorageManager$ExceptionHandlingStrategy  : loaded 2 times (x 68B)
Class groovy.lang.MetaClassImpl$DummyMetaMethod                                       : loaded 2 times (x 95B)
Class com.google.gson.JsonParseException                                              : loaded 2 times (x 80B)
Class [Lgroovyjarjarasm.asm.Opcodes;                                                  : loaded 2 times (x 67B)
Class settings_duotokjbmbnzbfkkjgkxshmti                                              : loaded 2 times (x 177B)
Class kotlin.jvm.internal.CallableReference$NoReceiver                                : loaded 2 times (x 69B)
Class kotlin.properties.ReadOnlyProperty                                              : loaded 2 times (x 68B)
Class groovy.lang.MetaClassImpl$1MOPIter                                              : loaded 2 times (x 74B)
Class [Lorg.jetbrains.kotlin.config.ConstraintSystemForOverloadResolutionMode;        : loaded 2 times (x 67B)
Class kotlin.collections.ArraysKt___ArraysKt$asIterable$$inlined$Iterable$1           : loaded 2 times (x 77B)
Class kotlin.reflect.jvm.internal.ReflectProperties$Val                               : loaded 2 times (x 72B)
Class com.android.prefs.PathLocator                                                   : loaded 2 times (x 71B)
Class com.google.common.cache.LocalCache$Strength                                     : loaded 2 times (x 79B)
Class org.codehaus.groovy.ast.ClassCodeExpressionTransformer                          : loaded 2 times (x 213B)
Class org.jetbrains.kotlin.cli.common.messages.GradleStyleMessageRenderer$WhenMappings: loaded 2 times (x 69B)
Class kotlin.reflect.jvm.internal.KClassCacheKt                                       : loaded 2 times (x 69B)
Class kotlin.reflect.KProperty$Getter                                                 : loaded 2 times (x 68B)
Class org.jetbrains.kotlin.config.JvmAnalysisFlags$suppressMissingBuiltinsError$2     : loaded 2 times (x 125B)
Class org.objectweb.asm.FieldWriter                                                   : loaded 2 times (x 75B)
Class org.codehaus.groovy.reflection.stdclasses.ObjectCachedClass                     : loaded 2 times (x 93B)
Class groovy.lang.SpreadMapEvaluatingException                                        : loaded 2 times (x 85B)
Class com.android.resources.TouchScreen                                               : loaded 2 times (x 84B)
Class kotlin.Unit                                                                     : loaded 2 times (x 69B)
Class com.google.common.cache.LocalCache$StrongEntry                                  : loaded 2 times (x 106B)
Class org.codehaus.groovy.ast.expr.BooleanExpression                                  : loaded 2 times (x 126B)
Class [Lcom.android.resources.HighDynamicRange;                                       : loaded 2 times (x 67B)
Class org.codehaus.groovy.runtime.memoize.UnlimitedConcurrentCache                    : loaded 2 times (x 132B)
Class org.jetbrains.kotlin.config.JvmAnalysisFlags$Delegates$JavaTypeEnhancementStateWarnByDefault: loaded 2 times (x 69B)
Class org.objectweb.asm.Handler                                                       : loaded 2 times (x 70B)
Class org.codehaus.groovy.runtime.wrappers.PojoWrapper                                : loaded 2 times (x 86B)
Class org.codehaus.groovy.util.ManagedReference                                       : loaded 2 times (x 74B)
Class kotlin.collections.CollectionsKt                                                : loaded 2 times (x 69B)
Class org.jetbrains.kotlin.config.AnalysisFlags$explicitApiVersion$2                  : loaded 2 times (x 125B)
Class kotlin.collections.ArraysKt___ArraysJvmKt                                       : loaded 2 times (x 69B)
Class org.codehaus.groovy.reflection.CacheAccessControlException                      : loaded 2 times (x 85B)
Class net.rubygrapefruit.platform.internal.Platform$Linux32Bit                        : loaded 2 times (x 81B)
Class kotlin.collections.CollectionsKt___CollectionsJvmKt                             : loaded 2 times (x 69B)
Class org.codehaus.groovy.util.ReferenceType$HardRef                                  : loaded 2 times (x 78B)
Class net.rubygrapefruit.platform.internal.Platform$MacOs64Bit                        : loaded 2 times (x 80B)
Class [Lorg.codehaus.groovy.ast.ClassNode;                                            : loaded 2 times (x 67B)
Class org.codehaus.groovy.runtime.GroovyCategorySupport$MyThreadLocal                 : loaded 2 times (x 81B)
Class org.codehaus.groovy.reflection.CachedMethod$MyComparator                        : loaded 2 times (x 88B)
Class com.google.common.cache.LocalCache$ValueReference                               : loaded 2 times (x 68B)
Class com.google.common.collect.CollectSpliterators                                   : loaded 2 times (x 69B)
Class org.codehaus.groovy.ast.expr.CastExpression                                     : loaded 2 times (x 131B)
Class com.android.ide.common.resources.configuration.ScreenWidthQualifier             : loaded 2 times (x 86B)
Class org.jetbrains.kotlin.load.java.JavaNullabilityAnnotationsStatus                 : loaded 2 times (x 70B)
Class org.codehaus.groovy.runtime.dgmimpl.arrays.CharacterArrayGetAtMetaMethod        : loaded 2 times (x 95B)
Class org.objectweb.asm.ClassReader                                                   : loaded 2 times (x 90B)
Class com.android.tools.lint.model.DefaultLintModelLintOptions                        : loaded 2 times (x 101B)
Class org.jetbrains.kotlin.utils.WrappedValues$WrappedProcessCanceledException        : loaded 2 times (x 80B)
Class org.codehaus.groovy.runtime.MethodKey                                           : loaded 2 times (x 77B)
Class groovy.lang.Buildable                                                           : loaded 2 times (x 68B)
Class org.gradle.internal.classloader.ClasspathUtil                                   : loaded 2 times (x 69B)
Class kotlin.ranges.RangesKt__RangesKt                                                : loaded 2 times (x 69B)
Class groovy.lang.MetaBeanProperty                                                    : loaded 2 times (x 81B)
Class org.objectweb.asm.CurrentFrame                                                  : loaded 2 times (x 71B)
Class org.codehaus.groovy.runtime.ProcessGroovyMethods                                : loaded 2 times (x 69B)
Class com.google.common.util.concurrent.AbstractFuture                                : loaded 2 times (x 93B)
Class kotlin.NotImplementedError                                                      : loaded 2 times (x 80B)
Class com.google.common.reflect.TypeResolver                                          : loaded 2 times (x 70B)
Class org.codehaus.groovy.runtime.memoize.CommonCache                                 : loaded 2 times (x 152B)
Class org.codehaus.groovy.ast.ClassNode                                               : loaded 2 times (x 241B)
Class org.codehaus.groovy.ast.GroovyClassVisitor                                      : loaded 2 times (x 68B)
Class org.codehaus.groovy.reflection.MixinInMetaClass                                 : loaded 2 times (x 85B)
Class org.codehaus.groovy.runtime.m12n.ExtensionModuleRegistry                        : loaded 2 times (x 75B)
Class org.jetbrains.kotlin.name.FqNamesUtilKt                                         : loaded 2 times (x 69B)
Class kotlin.properties.ReadWriteProperty                                             : loaded 2 times (x 68B)
Class org.jetbrains.kotlin.config.AnalysisFlags$builtInsFromSources$2                 : loaded 2 times (x 125B)
Class com.android.support.AndroidxNameUtils                                           : loaded 2 times (x 69B)
Class com.android.resources.FolderTypeRelationship                                    : loaded 2 times (x 69B)
Class kotlin.reflect.jvm.internal.pcollections.IntTreePMap                            : loaded 2 times (x 70B)
Class kotlin.collections.CollectionsKt__IteratorsKt                                   : loaded 2 times (x 69B)
Class com.android.prefs.AndroidLocationsException                                     : loaded 2 times (x 80B)
Class org.codehaus.groovy.runtime.metaclass.NewMetaMethod                             : loaded 2 times (x 97B)
Class org.codehaus.groovy.util.AbstractConcurrentMap                                  : loaded 2 times (x 80B)
Class org.codehaus.groovy.runtime.metaclass.MetaMethodIndex$EntryIterator             : loaded 2 times (x 68B)
Class org.codehaus.groovy.ast.expr.MethodReferenceExpression                          : loaded 2 times (x 129B)
Class com.google.common.collect.TransformedListIterator                               : loaded 2 times (x 91B)
Class org.codehaus.groovy.ast.stmt.TryCatchStatement                                  : loaded 2 times (x 119B)
Class com.google.common.base.Ticker$1                                                 : loaded 2 times (x 70B)
Class org.gradle.api.internal.DefaultClassPathRegistry                                : loaded 2 times (x 74B)
Class kotlin.text.StringsKt__AppendableKt                                             : loaded 2 times (x 69B)
Class com.google.common.base.Splitter$5                                               : loaded 2 times (x 78B)
Class org.codehaus.groovy.runtime.wrappers.Wrapper                                    : loaded 2 times (x 86B)
Class com.android.tools.lint.model.LintModelModuleType                                : loaded 2 times (x 77B)
Class groovy.lang.MetaObjectProtocol                                                  : loaded 2 times (x 68B)
Class com.google.common.collect.AbstractIterator$State                                : loaded 2 times (x 77B)
Class com.google.common.util.concurrent.AbstractFuture$Cancellation                   : loaded 2 times (x 70B)
Class [Lorg.objectweb.asm.Symbol;                                                     : loaded 2 times (x 67B)
Class org.codehaus.groovy.ast.Parameter                                               : loaded 2 times (x 149B)
Class org.codehaus.groovy.reflection.stdclasses.DoubleCachedClass                     : loaded 2 times (x 93B)
Class kotlin.jvm.internal.PropertyReference2                                          : loaded 2 times (x 125B)
Class groovy.lang.MetaClass                                                           : loaded 2 times (x 68B)
Class com.android.support.AndroidxNameUtils$1                                         : loaded 2 times (x 80B)
Class org.codehaus.groovy.reflection.stdclasses.IntegerCachedClass                    : loaded 2 times (x 93B)
Class com.android.tools.lint.model.DefaultLintModelMavenName                          : loaded 2 times (x 82B)
Class kotlin.reflect.jvm.internal.KPackageImpl                                        : loaded 2 times (x 83B)
Class org.codehaus.groovy.reflection.stdclasses.ShortCachedClass                      : loaded 2 times (x 93B)
Class org.gradle.api.internal.classpath.DefaultModuleRegistry$DefaultModule           : loaded 2 times (x 84B)
Class net.rubygrapefruit.platform.internal.Platform                                   : loaded 2 times (x 77B)
Class kotlin.jvm.internal.PropertyReference1                                          : loaded 2 times (x 125B)
Class org.codehaus.groovy.runtime.dgmimpl.NumberNumberPlus                            : loaded 2 times (x 112B)
Class kotlin.jvm.internal.PropertyReference0                                          : loaded 2 times (x 125B)
Class org.codehaus.groovy.reflection.stdclasses.BigIntegerCachedClass                 : loaded 2 times (x 93B)
Class com.android.utils.XmlUtils$SubTagIterator                                       : loaded 2 times (x 89B)
Class com.android.resources.ScreenRatio                                               : loaded 2 times (x 84B)
Class com.android.prefs.Global                                                        : loaded 2 times (x 78B)
Class com.android.resources.ScreenRound                                               : loaded 2 times (x 84B)
Class kotlin.reflect.KMutableProperty                                                 : loaded 2 times (x 68B)
Class kotlin.reflect.KClassifier                                                      : loaded 2 times (x 68B)
Class org.codehaus.groovy.runtime.dgm$1154                                            : loaded 2 times (x 94B)
Class org.codehaus.groovy.reflection.ReflectionCache                                  : loaded 2 times (x 69B)
Class kotlin.text.StringsKt__StringsKt                                                : loaded 2 times (x 69B)
Class org.codehaus.groovy.util.AbstractConcurrentMapBase$Entry                        : loaded 2 times (x 68B)
Class com.google.common.base.Suppliers$SupplierOfInstance                             : loaded 2 times (x 77B)
Class org.objectweb.asm.RecordComponentVisitor                                        : loaded 2 times (x 75B)
Class org.jetbrains.kotlin.config.AnalysisFlags$skipPrereleaseCheck$2                 : loaded 2 times (x 125B)
Class com.android.ide.common.resources.configuration.CountryCodeQualifier             : loaded 2 times (x 86B)
Class kotlin.text.Regex$Companion                                                     : loaded 2 times (x 69B)
Class com.google.common.reflect.Types$ClassOwnership$1                                : loaded 2 times (x 78B)
Class com.google.common.reflect.Invokable                                             : loaded 2 times (x 116B)
Class com.google.common.reflect.Types$ClassOwnership$2                                : loaded 2 times (x 78B)
Class com.google.common.reflect.Types$ClassOwnership$3                                : loaded 2 times (x 69B)
Class com.google.common.collect.LinkedHashMultimapGwtSerializationDependencies        : loaded 2 times (x 172B)
Class com.android.tools.lint.model.LintModelDependencies                              : loaded 2 times (x 68B)
Class build_e628fz8mk86gkrh4gl29yuvly$_run_closure1                                   : loaded 2 times (x 134B)
Class [Lorg.jetbrains.kotlin.cli.common.CompilerSystemProperties;                     : loaded 2 times (x 67B)
Class org.codehaus.groovy.ast.stmt.SwitchStatement                                    : loaded 2 times (x 115B)
Class org.codehaus.groovy.GroovyBugError                                              : loaded 2 times (x 82B)
Class groovy.lang.MutableMetaClass                                                    : loaded 2 times (x 68B)
Class com.android.tools.lint.model.DefaultLintModelModule                             : loaded 2 times (x 91B)
Class com.google.common.cache.LocalCache$HashIterator                                 : loaded 2 times (x 84B)
Class [Lcom.android.resources.NavigationState;                                        : loaded 2 times (x 67B)
Class org.codehaus.groovy.runtime.dgmimpl.arrays.LongArrayPutAtMetaMethod             : loaded 2 times (x 95B)
Class org.jetbrains.kotlin.cli.common.CompilerSystemProperties$value$1                : loaded 2 times (x 123B)
Class com.android.tools.lint.model.LintModelLibraryResolver                           : loaded 2 times (x 68B)
Class org.jetbrains.kotlin.cli.common.CompilerSystemProperties$value$2                : loaded 2 times (x 123B)
Class com.google.common.cache.LocalCache$WriteThroughEntry                            : loaded 2 times (x 77B)
Class org.objectweb.asm.ClassTooLargeException                                        : loaded 2 times (x 81B)
Class kotlin.ranges.RangesKt                                                          : loaded 2 times (x 69B)
Class org.jetbrains.kotlin.load.java.ReportLevel$Companion                            : loaded 2 times (x 69B)
Class com.android.prefs.AndroidLocationsProvider                                      : loaded 2 times (x 68B)
Class org.gradle.api.internal.classpath.UnknownModuleException                        : loaded 2 times (x 80B)
Class kotlin.coroutines.intrinsics.IntrinsicsKt__IntrinsicsJvmKt                      : loaded 2 times (x 69B)
Class kotlin.collections.MapsKt__MapsJVMKt                                            : loaded 2 times (x 69B)
Class com.google.common.collect.FluentIterable                                        : loaded 2 times (x 79B)
Class com.google.common.util.concurrent.AbstractFuture$Listener                       : loaded 2 times (x 70B)
Class org.codehaus.groovy.reflection.ClassInfo$GlobalClassSet                         : loaded 2 times (x 74B)
Class kotlin.reflect.KProperty0                                                       : loaded 2 times (x 68B)
Class kotlin.reflect.KProperty1                                                       : loaded 2 times (x 68B)
Class kotlin.reflect.KProperty2                                                       : loaded 2 times (x 68B)
Class org.jetbrains.kotlin.storage.CacheWithNotNullValues                             : loaded 2 times (x 68B)
Class com.google.common.collect.Iterables$4                                           : loaded 2 times (x 79B)
Class org.codehaus.groovy.ast.ImportNode                                              : loaded 2 times (x 128B)
Class org.codehaus.groovy.control.messages.SyntaxErrorMessage                         : loaded 2 times (x 72B)
Class org.codehaus.groovy.ast.expr.TupleExpression                                    : loaded 2 times (x 136B)
Class org.objectweb.asm.Edge                                                          : loaded 2 times (x 70B)
Class [Lorg.codehaus.groovy.reflection.CachedField;                                   : loaded 2 times (x 67B)
Class org.codehaus.groovy.reflection.CachedConstructor                                : loaded 2 times (x 86B)
Class com.google.common.io.ByteSource$SlicedByteSource                                : loaded 2 times (x 83B)
Class org.codehaus.groovy.runtime.metaclass.MetaMethodIndex$Header                    : loaded 2 times (x 70B)
Class com.android.ide.common.resources.configuration.LayoutDirectionQualifier         : loaded 2 times (x 89B)
Class org.apache.groovy.util.Maps                                                     : loaded 2 times (x 69B)
Class kotlin.jvm.internal.ArrayIteratorKt                                             : loaded 2 times (x 69B)
Class kotlin.collections.ArraysKt___ArraysKt                                          : loaded 2 times (x 69B)
Class [Lcom.android.prefs.LocationValue;                                              : loaded 2 times (x 67B)
Class org.jetbrains.kotlin.config.JvmAnalysisFlags$inheritMultifileParts$2            : loaded 2 times (x 125B)
Class [Lgroovy.lang.MetaClassRegistryChangeEventListener;                             : loaded 2 times (x 67B)
Class kotlin.coroutines.intrinsics.IntrinsicsKt__IntrinsicsKt                         : loaded 2 times (x 69B)
Class native_plugin_loader_7dik9rqpj677pep4bin0xqtrk$_run_closure1                    : loaded 2 times (x 134B)
Class [Lorg.jetbrains.kotlin.cli.common.messages.CompilerMessageSeverity;             : loaded 2 times (x 67B)
Class org.jetbrains.kotlin.config.AnalysisFlags$explicitApiMode$2                     : loaded 2 times (x 125B)
Class kotlin.coroutines.Continuation                                                  : loaded 2 times (x 68B)
Class org.codehaus.groovy.util.ReferenceType$SoftRef                                  : loaded 2 times (x 84B)
Class kotlin.text.StringsKt__StringNumberConversionsJVMKt                             : loaded 2 times (x 69B)
Class net.rubygrapefruit.platform.internal.Platform$Window64Bit                       : loaded 2 times (x 77B)
Class [Lorg.objectweb.asm.SymbolTable$Entry;                                          : loaded 2 times (x 67B)
Class org.gradle.api.Action                                                           : loaded 2 times (x 68B)
Class kotlin.ranges.IntProgression$Companion                                          : loaded 2 times (x 69B)
Class com.google.common.reflect.Types$JavaVersion                                     : loaded 2 times (x 81B)
Class org.codehaus.groovy.runtime.metaclass.MethodHelper                              : loaded 2 times (x 69B)
Class org.codehaus.groovy.runtime.dgmimpl.arrays.DoubleArrayGetAtMetaMethod           : loaded 2 times (x 95B)
Class kotlin.TuplesKt                                                                 : loaded 2 times (x 69B)
Class org.codehaus.groovy.runtime.metaclass.MissingPropertyExceptionNoStack           : loaded 2 times (x 87B)
Class kotlin.KotlinVersionCurrentValue                                                : loaded 2 times (x 69B)
Class kotlin.text.CharsKt__CharJVMKt                                                  : loaded 2 times (x 69B)
Class com.google.common.cache.CacheBuilder$OneWeigher                                 : loaded 2 times (x 80B)
Class groovy.grape.GrapeIvy                                                           : loaded 2 times (x 125B)
Class groovy.lang.MetaClassImpl$MetaConstructor                                       : loaded 2 times (x 94B)
Class com.android.ide.common.resources.configuration.ScreenDimensionQualifier         : loaded 2 times (x 87B)
Class com.google.common.base.Suppliers$MemoizingSupplier                              : loaded 2 times (x 77B)
Class com.google.common.base.Suppliers                                                : loaded 2 times (x 69B)
Class org.codehaus.groovy.runtime.memoize.ValueConvertable                            : loaded 2 times (x 68B)
Class org.codehaus.groovy.util.ReferenceType$1                                        : loaded 2 times (x 78B)
Class org.jetbrains.kotlin.storage.LockBasedStorageManager$NotValue                   : loaded 2 times (x 77B)
Class kotlin.reflect.jvm.internal.KClassifierImpl                                     : loaded 2 times (x 68B)
Class org.codehaus.groovy.util.ReferenceType$2                                        : loaded 2 times (x 78B)
Class org.codehaus.groovy.util.ReferenceType$3                                        : loaded 2 times (x 78B)
Class net.rubygrapefruit.platform.internal.Platform$FreeBSD32Bit                      : loaded 2 times (x 80B)
Class org.codehaus.groovy.util.ReferenceType$4                                        : loaded 2 times (x 78B)
Class kotlin.jvm.internal.MutablePropertyReference1Impl                               : loaded 2 times (x 135B)
Class org.codehaus.groovy.ast.stmt.LoopingStatement                                   : loaded 2 times (x 68B)
Class kotlin.UnsafeLazyImpl                                                           : loaded 2 times (x 74B)
Class org.codehaus.groovy.ast.expr.MapExpression                                      : loaded 2 times (x 129B)
Class kotlin.LazyKt__LazyJVMKt                                                        : loaded 2 times (x 69B)
Class kotlin.text.StringsKt__IndentKt                                                 : loaded 2 times (x 69B)
Class com.google.common.cache.LoadingCache                                            : loaded 2 times (x 68B)
Class org.gradle.internal.service.ServiceLookupException                              : loaded 2 times (x 80B)
Class kotlin.SafePublicationLazyImpl$Companion                                        : loaded 2 times (x 69B)
Class kotlin.collections.MapsKt__MapWithDefaultKt                                     : loaded 2 times (x 69B)
Class org.codehaus.groovy.ast.stmt.AssertStatement                                    : loaded 2 times (x 112B)
Class com.android.tools.lint.model.DefaultLintModelVariant                            : loaded 2 times (x 98B)
Class org.codehaus.groovy.runtime.metaclass.DefaultMetaClassInfo                      : loaded 2 times (x 69B)
Class groovy.lang.groovydoc.GroovydocHolder                                           : loaded 2 times (x 68B)
Class org.jetbrains.org.objectweb.asm.Type                                            : loaded 2 times (x 70B)
Class com.android.prefs.LocationValue                                                 : loaded 2 times (x 68B)
Class [Lorg.codehaus.groovy.ast.ASTNode;                                              : loaded 2 times (x 67B)
Class org.codehaus.groovy.control.CompilationUnit$IPrimaryClassNodeOperation          : loaded 2 times (x 68B)
Class org.gradle.cache.GlobalCache                                                    : loaded 2 times (x 68B)
Class build_4i8uzgpz8h55gyzt6rktcozhg$_run_closure1                                   : loaded 2 times (x 134B)
Class org.codehaus.groovy.ast.ClassNode$MapOfLists                                    : loaded 2 times (x 73B)
Class org.codehaus.groovy.GroovyExceptionInterface                                    : loaded 2 times (x 68B)
Class org.codehaus.groovy.runtime.callsite.CallSite                                   : loaded 2 times (x 68B)
Class [Lgroovy.lang.MetaClass;                                                        : loaded 2 times (x 67B)
Class com.google.common.base.Present                                                  : loaded 2 times (x 79B)
Class org.codehaus.groovy.runtime.EncodingGroovyMethods                               : loaded 2 times (x 69B)
Class org.codehaus.groovy.util.ReferenceManager$1                                     : loaded 2 times (x 75B)
Class kotlin.reflect.jvm.internal.KMutableProperty1Impl                               : loaded 2 times (x 133B)
Class kotlin.collections.EmptySet                                                     : loaded 2 times (x 120B)
Class com.android.ProgressManagerAdapter                                              : loaded 2 times (x 71B)
Class kotlin.reflect.jvm.internal.EmptyContainerForLocal                              : loaded 2 times (x 82B)
Class groovy.lang.Range                                                               : loaded 2 times (x 68B)
Class NativePluginLoader                                                              : loaded 2 times (x 91B)
Class groovy.lang.ObjectRange                                                         : loaded 2 times (x 204B)
Class com.google.common.io.ByteSource$ConcatenatedByteSource                          : loaded 2 times (x 83B)
Class [Lorg.gradle.api.internal.ClassPathProvider;                                    : loaded 2 times (x 67B)
Class com.google.common.util.concurrent.AbstractFuture$SafeAtomicHelper               : loaded 2 times (x 75B)
Class kotlin.text.StringsKt__RegexExtensionsJVMKt                                     : loaded 2 times (x 69B)
Class org.jetbrains.kotlin.config.AnalysisFlag$Delegate                               : loaded 2 times (x 73B)
Class org.codehaus.groovy.ast.expr.VariableExpression                                 : loaded 2 times (x 155B)
Class org.codehaus.groovy.reflection.stdclasses.ByteCachedClass                       : loaded 2 times (x 93B)
Class kotlin.collections.MapsKt                                                       : loaded 2 times (x 69B)
Class net.rubygrapefruit.platform.internal.Platform$FreeBSD                           : loaded 2 times (x 80B)
Class org.gradle.util.internal.GUtil                                                  : loaded 2 times (x 69B)
Class org.codehaus.groovy.runtime.metaclass.MetaMethodIndex$Entry                     : loaded 2 times (x 70B)
Class kotlin.jvm.internal.CollectionToArray                                           : loaded 2 times (x 69B)
Class net.rubygrapefruit.platform.internal.Platform$Unix                              : loaded 2 times (x 80B)
Class kotlin.reflect.jvm.internal.ReflectProperties                                   : loaded 2 times (x 69B)
Class groovy.lang.Script                                                              : loaded 2 times (x 93B)
Class org.codehaus.groovy.util.ManagedConcurrentLinkedQueue$Element                   : loaded 2 times (x 74B)
Class org.jetbrains.kotlin.load.java.NullabilityAnnotationStates$Companion            : loaded 2 times (x 69B)
Class [Lcom.google.common.reflect.Types$JavaVersion;                                  : loaded 2 times (x 67B)
Class org.codehaus.groovy.syntax.Types                                                : loaded 2 times (x 69B)
Class com.android.tools.lint.model.LintModelDependencyGraph                           : loaded 2 times (x 68B)
Class net.rubygrapefruit.platform.Process                                             : loaded 2 times (x 68B)
Class org.codehaus.groovy.control.CompilerConfiguration                               : loaded 2 times (x 120B)
Class org.gradle.internal.classloader.ClassLoaderSpec                                 : loaded 2 times (x 69B)
Class com.google.common.io.LineProcessor                                              : loaded 2 times (x 68B)
Class org.codehaus.groovy.runtime.InvokerHelper                                       : loaded 2 times (x 69B)
Class org.jetbrains.kotlin.config.AnalysisFlag$Delegates$ConstraintSystemForOverloadResolution: loaded 2 times (x 69B)
Class NativePluginLoader$_getPlugins_closure1                                         : loaded 2 times (x 134B)
Class kotlin.jvm.JvmStatic                                                            : loaded 2 times (x 68B)
Class com.google.common.io.CharSink                                                   : loaded 2 times (x 77B)
Class kotlin.io.FilesKt__FilePathComponentsKt                                         : loaded 2 times (x 69B)
Class org.objectweb.asm.Frame                                                         : loaded 2 times (x 71B)
Class com.google.common.cache.LocalCache$LocalManualCache                             : loaded 2 times (x 97B)
Class org.codehaus.groovy.reflection.stdclasses.NumberCachedClass                     : loaded 2 times (x 93B)
Class org.jetbrains.kotlin.config.AnalysisFlags$libraryToSourceAnalysis$2             : loaded 2 times (x 125B)
Class com.google.common.collect.LinkedHashMultimap$ValueSet$1                         : loaded 2 times (x 80B)
Class [Lkotlin.reflect.KAnnotatedElement;                                             : loaded 2 times (x 67B)
Class org.codehaus.groovy.ast.expr.PropertyExpression                                 : loaded 2 times (x 138B)
Class com.android.tools.lint.model.LintModelSerialization$LintModelSerializationAdapter$DefaultImpls: loaded 2 times (x 69B)
Class net.rubygrapefruit.platform.NativeIntegrationUnavailableException               : loaded 2 times (x 80B)
Class com.google.common.cache.CacheLoader$1                                           : loaded 2 times (x 73B)
Class org.codehaus.groovy.runtime.metaclass.MetaClassRegistryImpl$DefaultModuleListener: loaded 2 times (x 74B)
Class com.google.common.collect.LinkedHashMultimap$ValueEntry                         : loaded 2 times (x 87B)
Class net.rubygrapefruit.platform.NativeIntegration                                   : loaded 2 times (x 68B)
Class groovy.lang.ExpandoMetaClass                                                    : loaded 2 times (x 225B)
Class groovy.lang.TrampolineClosure                                                   : loaded 2 times (x 130B)
Class [Lorg.codehaus.groovy.ast.NodeMetaDataHandler;                                  : loaded 2 times (x 67B)
Class org.codehaus.groovy.runtime.InvokerHelper$1                                     : loaded 2 times (x 93B)
Class [Lcom.android.resources.Navigation;                                             : loaded 2 times (x 67B)
Class com.android.ide.common.resources.configuration.NavigationMethodQualifier        : loaded 2 times (x 88B)
Class com.google.common.util.concurrent.AbstractFuture$TrustedFuture                  : loaded 2 times (x 95B)
Class com.android.ide.common.resources.configuration.NetworkCodeQualifier             : loaded 2 times (x 86B)
Class [Lkotlin.Pair;                                                                  : loaded 2 times (x 67B)
Class com.android.tools.lint.model.DefaultLintModelLibrary                            : loaded 2 times (x 83B)
Class kotlin.collections.IndexedValue                                                 : loaded 2 times (x 70B)
Class kotlin.SafePublicationLazyImpl                                                  : loaded 2 times (x 74B)
Class org.codehaus.groovy.ast.expr.AttributeExpression                                : loaded 2 times (x 138B)
Class org.codehaus.groovy.runtime.metaclass.MethodMetaProperty$GetBeanMethodMetaProperty: loaded 2 times (x 76B)
Class org.codehaus.groovy.runtime.dgmimpl.arrays.ArrayPutAtMetaMethod                 : loaded 2 times (x 95B)
Class kotlin.reflect.KProperty$Accessor                                               : loaded 2 times (x 68B)
Class kotlin.collections.State                                                        : loaded 2 times (x 77B)
Class org.jetbrains.kotlin.storage.LockBasedStorageManager$ExceptionHandlingStrategy$1: loaded 2 times (x 72B)
Class groovy.lang.GroovyObject                                                        : loaded 2 times (x 68B)
Class org.codehaus.groovy.runtime.metaclass.MissingMethodExceptionNoStack             : loaded 2 times (x 90B)
Class org.codehaus.groovy.runtime.ResourceGroovyMethods                               : loaded 2 times (x 69B)
Class build_f0srlsa5vznkog7j8blhsloz4$_run_closure1                                   : loaded 2 times (x 134B)
Class com.google.common.collect.AbstractMultimap$EntrySet                             : loaded 2 times (x 136B)
Class org.codehaus.groovy.control.CompilationFailedException                          : loaded 2 times (x 87B)
Class org.codehaus.groovy.util.ComplexKeyHashMap$1                                    : loaded 2 times (x 77B)
Class org.jetbrains.kotlin.config.JvmAnalysisFlags$enableJvmPreview$2                 : loaded 2 times (x 125B)
Class org.codehaus.groovy.control.CompilerConfiguration$1                             : loaded 2 times (x 120B)
Class kotlin.text.Regex                                                               : loaded 2 times (x 70B)
Class com.android.ide.common.resources.configuration.FolderConfiguration              : loaded 2 times (x 73B)
Class com.android.tools.lint.model.LintModelModuleLoader                              : loaded 2 times (x 68B)
Class kotlin.io.FilesKt__UtilsKt                                                      : loaded 2 times (x 69B)
Class org.codehaus.groovy.vmplugin.v8.PluginDefaultGroovyMethods                      : loaded 2 times (x 69B)
Class org.jetbrains.kotlin.util.capitalizeDecapitalize.CapitalizeDecapitalizeKt       : loaded 2 times (x 69B)
Class build_ahpfki6hvmx1p6v0f9w91gw5t                                                 : loaded 2 times (x 178B)
Class kotlin.reflect.jvm.internal.pcollections.HashPMap                               : loaded 2 times (x 70B)
Class org.jetbrains.kotlin.storage.LockBasedStorageManager                            : loaded 2 times (x 106B)
Class net.rubygrapefruit.platform.internal.Platform$MacOs32Bit                        : loaded 2 times (x 80B)
Class org.codehaus.groovy.reflection.ClassInfo$LazyClassLoaderRef                     : loaded 2 times (x 80B)
Class com.google.common.collect.FluentIterable$3                                      : loaded 2 times (x 79B)
Class [Lcom.android.resources.ScreenOrientation;                                      : loaded 2 times (x 67B)
Class kotlin.reflect.jvm.internal.KCallableImpl                                       : loaded 2 times (x 103B)
Class org.jetbrains.kotlin.config.AnalysisFlag$Delegates$ListOfStrings                : loaded 2 times (x 69B)
Class kotlin.collections.ArraysUtilJVM                                                : loaded 2 times (x 69B)
Class com.android.ide.common.repository.GradleVersion$VersionSegment                  : loaded 2 times (x 73B)
Class kotlin.properties.Delegates                                                     : loaded 2 times (x 69B)
Class org.objectweb.asm.SymbolTable                                                   : loaded 2 times (x 70B)
Class kotlin.reflect.KMutableProperty0                                                : loaded 2 times (x 68B)
Class com.android.tools.lint.model.PathVariables$Companion$PATH_COMPARATOR$1          : loaded 2 times (x 87B)
Class kotlin.reflect.KMutableProperty1                                                : loaded 2 times (x 68B)
Class [Lorg.objectweb.asm.AnnotationVisitor;                                          : loaded 2 times (x 67B)
Class kotlin.reflect.KMutableProperty2                                                : loaded 2 times (x 68B)
Class com.google.common.cache.CacheStats                                              : loaded 2 times (x 69B)
Class org.jetbrains.kotlin.config.JvmAnalysisFlags$Delegates$JvmDefaultModeDisabledByDefault: loaded 2 times (x 69B)
Class kotlin.coroutines.jvm.internal.BaseContinuationImpl                             : loaded 2 times (x 85B)
Class com.android.ide.common.resources.configuration.ResourceQualifier                : loaded 2 times (x 86B)
Class org.gradle.internal.classloader.VisitableURLClassLoader                         : loaded 2 times (x 115B)
Class com.google.common.cache.LocalCache$LocalLoadingCache                            : loaded 2 times (x 132B)
Class com.google.common.base.Supplier                                                 : loaded 2 times (x 68B)
Class org.codehaus.groovy.runtime.dgmimpl.arrays.ObjectArrayGetAtMetaMethod           : loaded 2 times (x 95B)
Class kotlin.reflect.jvm.internal.KCallableImpl$_returnType$1                         : loaded 2 times (x 77B)
Class org.codehaus.groovy.vmplugin.v9.Java9                                           : loaded 2 times (x 106B)
Class org.jetbrains.kotlin.storage.StorageManager                                     : loaded 2 times (x 68B)
Class kotlin.reflect.jvm.internal.KPropertyImpl$_javaField$1                          : loaded 2 times (x 77B)
Class org.codehaus.groovy.runtime.dgmimpl.arrays.ByteArrayPutAtMetaMethod             : loaded 2 times (x 95B)
Class kotlin.io.FilesKt__FileTreeWalkKt                                               : loaded 2 times (x 69B)
Class org.codehaus.groovy.classgen.GeneratorContext                                   : loaded 2 times (x 75B)
Class org.codehaus.groovy.runtime.dgmimpl.NumberNumberMetaMethod                      : loaded 2 times (x 112B)
Class com.android.resources.Keyboard                                                  : loaded 2 times (x 84B)
Class org.codehaus.groovy.vmplugin.VMPluginFactory                                    : loaded 2 times (x 69B)
Class com.android.utils.EnvironmentProvider$DirectEnvironmentProvider                 : loaded 2 times (x 78B)
Class com.google.common.base.Objects                                                  : loaded 2 times (x 69B)
Class com.google.common.util.concurrent.AbstractFuture$AtomicHelper                   : loaded 2 times (x 74B)
Class kotlin.reflect.jvm.internal.ReflectProperties$LazyVal                           : loaded 2 times (x 73B)
Class org.gradle.internal.Cast                                                        : loaded 2 times (x 69B)
Class com.android.ide.common.resources.configuration.KeyboardStateQualifier           : loaded 2 times (x 88B)
Class org.codehaus.groovy.runtime.metaclass.MultipleSetterProperty                    : loaded 2 times (x 80B)
Class kotlin.reflect.KMutableProperty$Setter                                          : loaded 2 times (x 68B)
Class com.google.common.hash.PrimitiveSink                                            : loaded 2 times (x 68B)
Class javax.inject.Inject                                                             : loaded 2 times (x 68B)
Class org.codehaus.groovy.runtime.dgmimpl.arrays.ShortArrayGetAtMetaMethod            : loaded 2 times (x 95B)
Class Build_gradle                                                                    : loaded 2 times (x 128B)
Class kotlin.reflect.jvm.internal.ReflectionFactoryImpl                               : loaded 2 times (x 86B)
Class com.android.support.InvalidDataException                                        : loaded 2 times (x 80B)
Class org.gradle.api.internal.ClassPathRegistry                                       : loaded 2 times (x 68B)
Class org.codehaus.groovy.runtime.SocketGroovyMethods                                 : loaded 2 times (x 69B)
Class org.codehaus.groovy.ast.AnnotationNode                                          : loaded 2 times (x 117B)
Class com.google.common.cache.LocalCache$EntryFactory                                 : loaded 2 times (x 81B)
Class org.codehaus.groovy.runtime.NullObject                                          : loaded 2 times (x 89B)
Class com.google.common.util.concurrent.UncheckedExecutionException                   : loaded 2 times (x 80B)
Class kotlin.coroutines.jvm.internal.DebugProbesKt                                    : loaded 2 times (x 69B)
Class com.android.tools.lint.model.PathVariables                                      : loaded 2 times (x 70B)
Class org.gradle.internal.classloader.ClassLoaderHierarchy                            : loaded 2 times (x 68B)
Class org.codehaus.groovy.ast.GenericsType                                            : loaded 2 times (x 116B)
Class com.android.tools.lint.model.LintModelSerialization$LintModelSerializationFileAdapter$WhenMappings: loaded 2 times (x 69B)
Class org.jetbrains.kotlin.config.LanguageFeature$Companion                           : loaded 2 times (x 69B)
Class kotlin.sequences.SequencesKt___SequencesJvmKt                                   : loaded 2 times (x 69B)
Class com.android.tools.lint.model.LintModelNamespacingMode                           : loaded 2 times (x 77B)
Class kotlin.collections.MapsKt__MapsKt                                               : loaded 2 times (x 69B)
Class kotlin.jvm.internal.MutablePropertyReference                                    : loaded 2 times (x 117B)
Class org.codehaus.groovy.vmplugin.v9.ClassFindFailedException                        : loaded 2 times (x 80B)
Class kotlin.collections.ArraysKt                                                     : loaded 2 times (x 69B)
Class org.apache.groovy.plugin.GroovyRunnerRegistry                                   : loaded 2 times (x 132B)
Class kotlin.collections.builders.MapBuilder                                          : loaded 2 times (x 110B)
Class groovy.lang.MetaClassImpl$10                                                    : loaded 2 times (x 75B)
Class org.codehaus.groovy.control.io.NullWriter                                       : loaded 2 times (x 97B)
Class org.codehaus.groovy.runtime.dgmimpl.arrays.FloatArrayPutAtMetaMethod            : loaded 2 times (x 95B)
Class kotlin.text.CharsKt__CharKt                                                     : loaded 2 times (x 69B)
Class NativePluginLoader$getPlugins                                                   : loaded 2 times (x 150B)
Class org.jetbrains.kotlin.cli.jvm.compiler.KotlinCoreEnvironment$Companion           : loaded 2 times (x 69B)
Class org.codehaus.groovy.ast.expr.ExpressionTransformer                              : loaded 2 times (x 68B)
Class groovy.lang.MissingPropertyException                                            : loaded 2 times (x 87B)
Class [Lcom.android.tools.lint.model.LintModelSerialization$TargetFile;               : loaded 2 times (x 67B)
Class org.codehaus.groovy.util.Finalizable                                            : loaded 2 times (x 68B)
Class com.google.common.collect.FluentIterable$2                                      : loaded 2 times (x 79B)
Class org.jetbrains.kotlin.config.AnalysisFlags$constraintSystemForOverloadResolution$2: loaded 2 times (x 125B)
Class org.codehaus.groovy.ast.expr.AnnotationConstantExpression                       : loaded 2 times (x 132B)
Class org.codehaus.groovy.util.LazyReference$1                                        : loaded 2 times (x 74B)
Class org.codehaus.groovy.util.LazyReference$2                                        : loaded 2 times (x 74B)
Class kotlin.collections.MapsKt___MapsKt                                              : loaded 2 times (x 69B)
Class com.google.common.collect.FluentIterable$1                                      : loaded 2 times (x 79B)
Class org.gradle.api.internal.classpath.DefaultModuleRegistry                         : loaded 2 times (x 84B)
Class net.rubygrapefruit.platform.internal.LibraryDef                                 : loaded 2 times (x 70B)
Class org.codehaus.groovy.syntax.CSTNode                                              : loaded 2 times (x 102B)
Class org.codehaus.groovy.runtime.CurriedClosure                                      : loaded 2 times (x 131B)
Class org.codehaus.groovy.reflection.GeneratedMetaMethod$Proxy                        : loaded 2 times (x 94B)
Class org.codehaus.groovy.runtime.StringGroovyMethods                                 : loaded 2 times (x 69B)
Class [Lcom.android.prefs.Global;                                                     : loaded 2 times (x 67B)
Class org.codehaus.groovy.transform.ErrorCollecting                                   : loaded 2 times (x 68B)
Class kotlin.sequences.TransformingSequence$iterator$1                                : loaded 2 times (x 77B)
Class com.google.common.cache.RemovalListener                                         : loaded 2 times (x 68B)
Class org.codehaus.groovy.runtime.GeneratedLambda                                     : loaded 2 times (x 68B)
Class com.android.tools.lint.model.LintModelSourceProvider                            : loaded 2 times (x 68B)
Class com.google.common.io.FileWriteMode                                              : loaded 2 times (x 77B)
Class com.google.common.cache.Weigher                                                 : loaded 2 times (x 68B)
Class com.android.ide.common.resources.configuration.NightModeQualifier               : loaded 2 times (x 88B)
Class org.codehaus.groovy.runtime.dgmimpl.arrays.BooleanArrayGetAtMetaMethod          : loaded 2 times (x 95B)
Class kotlin.collections.IndexingIterator                                             : loaded 2 times (x 77B)
Class org.codehaus.groovy.reflection.stdclasses.CachedClosureClass                    : loaded 2 times (x 96B)
Class [Lcom.android.resources.Density;                                                : loaded 2 times (x 67B)
Class kotlin.collections.IndexingIterable                                             : loaded 2 times (x 77B)
Class groovy.io.GroovyPrintWriter                                                     : loaded 2 times (x 127B)
Class kotlin.sequences.Sequence                                                       : loaded 2 times (x 68B)
Class org.codehaus.groovy.control.CompilationUnit$ClassgenCallback                    : loaded 2 times (x 68B)
Class groovy.transform.Generated                                                      : loaded 2 times (x 68B)
Class org.gradle.internal.service.ServiceLocator                                      : loaded 2 times (x 68B)
Class org.codehaus.groovy.runtime.metaclass.ClosureMetaMethod                         : loaded 2 times (x 101B)
Class net.rubygrapefruit.platform.internal.Platform$Linux                             : loaded 2 times (x 81B)
Class org.jetbrains.kotlin.config.JvmAnalysisFlags$strictMetadataVersionSemantics$2   : loaded 2 times (x 125B)
Class org.codehaus.groovy.runtime.ScriptBytecodeAdapter                               : loaded 2 times (x 69B)
Class org.gradle.internal.classpath.ClassPath                                         : loaded 2 times (x 68B)
Class com.google.common.util.concurrent.SettableFuture                                : loaded 2 times (x 95B)
Class net.rubygrapefruit.platform.NativeException                                     : loaded 2 times (x 80B)
Class org.codehaus.groovy.ast.ASTNode                                                 : loaded 2 times (x 102B)
Class net.rubygrapefruit.platform.Native                                              : loaded 2 times (x 69B)
Class com.google.common.io.Files$2                                                    : loaded 2 times (x 74B)
Class kotlin.reflect.jvm.internal.pcollections.MapEntry                               : loaded 2 times (x 70B)
Class com.google.common.cache.CacheLoader$SupplierToCacheLoader                       : loaded 2 times (x 73B)
Class org.jetbrains.kotlin.config.LanguageFeature$Kind                                : loaded 2 times (x 77B)
Class org.jetbrains.kotlin.storage.SimpleLock                                         : loaded 2 times (x 68B)
Class kotlin.sequences.SequencesKt___SequencesKt$flatMap$2                            : loaded 2 times (x 123B)
Class com.google.common.reflect.Types$ParameterizedTypeImpl                           : loaded 2 times (x 79B)
Class net.rubygrapefruit.platform.internal.Platform$Window32Bit                       : loaded 2 times (x 77B)
Class groovy.lang.ExpandoMetaClass$Callable                                           : loaded 2 times (x 68B)
Class kotlin.coroutines.jvm.internal.SuspendFunction                                  : loaded 2 times (x 68B)
Class org.codehaus.groovy.classgen.asm.util.TypeUtil                                  : loaded 2 times (x 69B)
Class kotlin.coroutines.jvm.internal.CoroutineStackFrame                              : loaded 2 times (x 68B)
Class org.jetbrains.kotlin.storage.NotNullLazyValue                                   : loaded 2 times (x 68B)
Class com.android.tools.lint.model.LintModelAndroidLibrary                            : loaded 2 times (x 68B)
Class org.jetbrains.kotlin.config.AnalysisFlag$Delegates$ApiModeDisabledByDefault     : loaded 2 times (x 69B)
Class kotlin.internal.ProgressionUtilKt                                               : loaded 2 times (x 69B)
Class org.jetbrains.kotlin.name.Name                                                  : loaded 2 times (x 73B)
Class com.android.ide.common.resources.configuration.DensityQualifier                 : loaded 2 times (x 88B)
Class groovy.lang.GString$1                                                           : loaded 2 times (x 119B)
Class org.codehaus.groovy.transform.trait.Traits$Implemented                          : loaded 2 times (x 68B)
Class kotlin.reflect.KFunction                                                        : loaded 2 times (x 68B)
Class com.google.common.collect.LinkedHashMultimap$ValueSetLink                       : loaded 2 times (x 68B)
Class com.google.common.base.Joiner$1                                                 : loaded 2 times (x 78B)
Class kotlin.LazyKt__LazyKt                                                           : loaded 2 times (x 69B)
Class kotlin.jvm.KotlinReflectionNotSupportedError                                    : loaded 2 times (x 80B)
Class com.google.common.base.Joiner$2                                                 : loaded 2 times (x 77B)
Class groovy.lang.Tuple0                                                              : loaded 2 times (x 166B)
Class org.codehaus.groovy.ast.expr.ElvisOperatorExpression                            : loaded 2 times (x 128B)
Class groovy.lang.Tuple1                                                              : loaded 2 times (x 166B)
Class [Lorg.jetbrains.kotlin.load.java.ReportLevel;                                   : loaded 2 times (x 67B)
Class kotlin.io.TerminateException                                                    : loaded 2 times (x 80B)
Class org.codehaus.groovy.runtime.metaclass.NewInstanceMetaMethod                     : loaded 2 times (x 97B)
Class groovy.lang.Tuple2                                                              : loaded 2 times (x 166B)
Class groovy.lang.Tuple3                                                              : loaded 2 times (x 166B)
Class groovy.lang.Tuple4                                                              : loaded 2 times (x 166B)
Class org.codehaus.groovy.ast.stmt.Statement                                          : loaded 2 times (x 108B)
Class kotlin.reflect.jvm.internal.KDeclarationContainerImpl                           : loaded 2 times (x 82B)
Class com.android.support.MigrationParserVisitor                                      : loaded 2 times (x 68B)
Class com.android.tools.lint.model.LintModelAndroidArtifact                           : loaded 2 times (x 68B)
Class org.codehaus.groovy.reflection.CachedField                                      : loaded 2 times (x 80B)
Class com.google.common.reflect.Types$JavaVersion$1                                   : loaded 2 times (x 81B)
Class groovy.lang.Tuple5                                                              : loaded 2 times (x 166B)
Class build_bdsyv133i9322sofoljra228k                                                 : loaded 2 times (x 178B)
Class com.google.common.reflect.Types$JavaVersion$2                                   : loaded 2 times (x 81B)
Class groovyjarjarasm.asm.Type                                                        : loaded 2 times (x 70B)
Class groovy.lang.Tuple6                                                              : loaded 2 times (x 166B)
Class org.codehaus.groovy.ast.AnnotatedNode                                           : loaded 2 times (x 120B)
Class [Lgroovy.lang.MetaObjectProtocol;                                               : loaded 2 times (x 67B)
Class [Lorg.objectweb.asm.Label;                                                      : loaded 2 times (x 67B)
Class com.google.common.reflect.Types$JavaVersion$3                                   : loaded 2 times (x 81B)
Class org.gradle.internal.classpath.DefaultClassPath$ImmutableUniqueList              : loaded 2 times (x 159B)
Class groovy.lang.Tuple7                                                              : loaded 2 times (x 166B)
Class groovy.lang.GroovyResourceLoader                                                : loaded 2 times (x 68B)
Class com.google.common.reflect.Types$JavaVersion$4                                   : loaded 2 times (x 81B)
Class groovy.lang.Tuple8                                                              : loaded 2 times (x 166B)
Class org.codehaus.groovy.util.LockableObject                                         : loaded 2 times (x 76B)
Class org.jetbrains.kotlin.load.java.NullabilityAnnotationStatesImpl$cache$1          : loaded 2 times (x 77B)
Class com.google.common.reflect.Types$JavaVersion$5                                   : loaded 2 times (x 69B)
Class groovy.lang.Tuple9                                                              : loaded 2 times (x 166B)
Class groovy.lang.Closure$WritableClosure                                             : loaded 2 times (x 135B)
Class com.android.prefs.PathLocator$singlePathOf$values$2                             : loaded 2 times (x 76B)
Class com.android.prefs.PathLocator$singlePathOf$values$1                             : loaded 2 times (x 77B)
Class kotlin.collections.CollectionsKt__IterablesKt                                   : loaded 2 times (x 69B)
Class com.android.tools.lint.model.DefaultLintModelBuildFeatures                      : loaded 2 times (x 75B)
Class [Lcom.android.resources.ResourceType$Kind;                                      : loaded 2 times (x 67B)
Class org.codehaus.groovy.ast.stmt.EmptyStatement                                     : loaded 2 times (x 108B)
Class com.android.ide.common.resources.configuration.ScreenRoundQualifier             : loaded 2 times (x 89B)
Class com.google.common.io.ByteSource$EmptyByteSource                                 : loaded 2 times (x 83B)
Class com.google.common.reflect.TypeToken$SimpleTypeToken                             : loaded 2 times (x 71B)
Class com.google.common.io.ByteSource                                                 : loaded 2 times (x 82B)
Class [Lgroovy.lang.MetaProperty;                                                     : loaded 2 times (x 67B)
Class com.google.common.util.concurrent.AbstractFuture$Trusted                        : loaded 2 times (x 68B)
Class org.codehaus.groovy.vmplugin.v8.Java8                                           : loaded 2 times (x 106B)
Class org.jetbrains.kotlin.storage.DefaultSimpleLock                                  : loaded 2 times (x 76B)
Class kotlin.LazyThreadSafetyMode                                                     : loaded 2 times (x 77B)
Class kotlin.ReplaceWith                                                              : loaded 2 times (x 68B)
Class com.google.common.graph.SuccessorsFunction                                      : loaded 2 times (x 68B)
Class org.codehaus.groovy.runtime.metaclass.TransformMetaMethod                       : loaded 2 times (x 94B)
Class com.android.tools.lint.model.LintModelModule                                    : loaded 2 times (x 68B)
Class org.codehaus.groovy.runtime.metaclass.ReflectionMetaMethod                      : loaded 2 times (x 95B)
Class kotlin.text.StringsKt___StringsKt                                               : loaded 2 times (x 69B)
Class com.google.common.reflect.Types$NativeTypeVariableEquals                        : loaded 2 times (x 69B)
Class org.codehaus.groovy.ast.stmt.CaseStatement                                      : loaded 2 times (x 112B)
Class org.codehaus.groovy.ast.expr.DeclarationExpression                              : loaded 2 times (x 135B)
Class org.jetbrains.kotlin.config.JvmAnalysisFlags$useIR$2                            : loaded 2 times (x 125B)
Class kotlin.collections.ArraysKt___ArraysKt$asSequence$$inlined$Sequence$1           : loaded 2 times (x 73B)
Class kotlin.coroutines.intrinsics.CoroutineSingletons                                : loaded 2 times (x 77B)
Class org.codehaus.groovy.ast.GroovyCodeVisitor                                       : loaded 2 times (x 68B)
Class kotlin.Pair                                                                     : loaded 2 times (x 70B)
Class com.google.common.io.ByteSink                                                   : loaded 2 times (x 74B)
Class org.codehaus.groovy.runtime.typehandling.GroovyCastException                    : loaded 2 times (x 80B)
Class org.objectweb.asm.ModuleVisitor                                                 : loaded 2 times (x 78B)
Class net.rubygrapefruit.platform.internal.FunctionResult$Failure                     : loaded 2 times (x 77B)
Class com.android.resources.UiMode                                                    : loaded 2 times (x 85B)
Class org.jetbrains.kotlin.config.AnalysisFlags$optIn$2                               : loaded 2 times (x 125B)
Class org.codehaus.groovy.control.ResolveVisitor$ConstructedClassWithPackage          : loaded 2 times (x 241B)
Class kotlin.collections.AbstractList$Companion                                       : loaded 2 times (x 69B)
Class kotlin.coroutines.intrinsics.IntrinsicsKt                                       : loaded 2 times (x 69B)
Class com.google.common.collect.Multimaps                                             : loaded 2 times (x 69B)
Class kotlin.collections.ArraysKt__ArraysJVMKt                                        : loaded 2 times (x 69B)
Class org.codehaus.groovy.runtime.dgmimpl.arrays.IntegerArrayPutAtMetaMethod          : loaded 2 times (x 95B)
Class kotlin.collections.AbstractCollection                                           : loaded 2 times (x 115B)
Class com.android.builder.model.MavenCoordinates                                      : loaded 2 times (x 68B)
Class kotlin.SynchronizedLazyImpl                                                     : loaded 2 times (x 74B)
Class kotlin.collections.AbstractIterator                                             : loaded 2 times (x 81B)
Class com.google.common.util.concurrent.ExecutionError                                : loaded 2 times (x 80B)
Class [Lcom.android.resources.KeyboardState;                                          : loaded 2 times (x 67B)
Class com.google.common.io.ByteSink$AsCharSink                                        : loaded 2 times (x 78B)
Class com.google.common.base.Equivalence$Identity                                     : loaded 2 times (x 80B)
Class kotlin.ranges.IntRange                                                          : loaded 2 times (x 85B)
Class com.android.utils.PositionXmlParser$DomBuilder                                  : loaded 2 times (x 146B)
Class kotlin.collections.AbstractList                                                 : loaded 2 times (x 157B)
Class [Lcom.android.resources.NightMode;                                              : loaded 2 times (x 67B)
Class kotlin.collections.SetsKt__SetsKt                                               : loaded 2 times (x 69B)
Class kotlin.jvm.internal.markers.KMutableSet                                         : loaded 2 times (x 68B)
Class org.jetbrains.kotlin.config.JvmAnalysisFlags$disableUltraLightClasses$2         : loaded 2 times (x 125B)
Class org.codehaus.groovy.control.ResolveVisitor$ConstructedNestedClass               : loaded 2 times (x 241B)
Class com.google.common.collect.AbstractIterator$1                                    : loaded 2 times (x 69B)
Class kotlin.DeprecationLevel                                                         : loaded 2 times (x 77B)
Class com.google.common.io.CharSource                                                 : loaded 2 times (x 83B)
Class com.google.common.cache.LocalCache                                              : loaded 2 times (x 185B)
Class org.apache.groovy.util.BeanUtils                                                : loaded 2 times (x 69B)
Class groovy.lang.MetaClassRegistry$MetaClassCreationHandle                           : loaded 2 times (x 72B)
Class kotlin.jvm.internal.PropertyReference                                           : loaded 2 times (x 113B)
Class com.android.ide.common.resources.configuration.TextInputMethodQualifier         : loaded 2 times (x 88B)
Class org.jetbrains.kotlin.name.FqNameUnsafe$1                                        : loaded 2 times (x 72B)
Class kotlin.ranges.IntRange$Companion                                                : loaded 2 times (x 69B)
Class org.codehaus.groovy.runtime.GStringImpl                                         : loaded 2 times (x 161B)
Class groovy.lang.GroovyObjectSupport                                                 : loaded 2 times (x 82B)
Class org.codehaus.groovy.reflection.ReflectionUtils                                  : loaded 2 times (x 69B)
Class org.jetbrains.kotlin.config.AnalysisFlags$eagerResolveOfLightClasses$2          : loaded 2 times (x 125B)
Class kotlin.sequences.SequencesKt___SequencesJvmKt$filterIsInstance$1                : loaded 2 times (x 77B)
Class org.codehaus.groovy.runtime.dgmimpl.arrays.ArrayMetaMethod                      : loaded 2 times (x 95B)
Class com.android.resources.ResourceEnum                                              : loaded 2 times (x 68B)
Class com.google.common.util.concurrent.AbstractFuture$UnsafeAtomicHelper$1           : loaded 2 times (x 74B)
Class [Lcom.android.resources.ResourceEnum;                                           : loaded 2 times (x 67B)
Class org.codehaus.groovy.util.AbstractConcurrentMap$Entry                            : loaded 2 times (x 68B)
Class com.android.tools.lint.model.LintModelJavaLibrary                               : loaded 2 times (x 68B)
Class net.rubygrapefruit.platform.internal.jni.WindowsHandleFunctions                 : loaded 2 times (x 69B)
Class groovy.lang.MetaClassRegistryChangeEventListener                                : loaded 2 times (x 68B)
Class org.codehaus.groovy.util.ManagedConcurrentLinkedQueue                           : loaded 2 times (x 82B)
Class kotlin.collections.ArraysKt___ArraysKt$withIndex$1                              : loaded 2 times (x 77B)
Class com.android.utils.XmlUtils                                                      : loaded 2 times (x 69B)
Class org.codehaus.groovy.runtime.powerassert.PowerAssertionError                     : loaded 2 times (x 80B)
Class kotlin.reflect.jvm.internal.KDeclarationContainerImpl$Companion                 : loaded 2 times (x 69B)
Class org.codehaus.groovy.ast.tools.GeneralUtils$1                                    : loaded 2 times (x 126B)
Class kotlin.collections.EmptyMap                                                     : loaded 2 times (x 107B)
Class com.google.common.reflect.Invokable$ConstructorInvokable                        : loaded 2 times (x 120B)
Class kotlin.collections.builders.MapBuilder$Companion                                : loaded 2 times (x 69B)
Class com.android.sdklib.AndroidVersion$AndroidVersionException                       : loaded 2 times (x 80B)
Class org.codehaus.groovy.runtime.typehandling.ShortTypeHandling                      : loaded 2 times (x 69B)
Class com.google.common.collect.CollectCollectors$EnumSetAccumulator                  : loaded 2 times (x 70B)
Class org.codehaus.groovy.runtime.DefaultGroovyMethods                                : loaded 2 times (x 69B)
Class kotlin.io.ByteStreamsKt                                                         : loaded 2 times (x 69B)
Class org.gradle.internal.installation.GradleInstallation                             : loaded 2 times (x 73B)
Class com.google.common.reflect.TypeCapture                                           : loaded 2 times (x 69B)
Class groovy.lang.Closure                                                             : loaded 2 times (x 130B)
Class com.android.tools.lint.model.LintModelArtifact                                  : loaded 2 times (x 68B)
Class com.android.prefs.AbstractAndroidLocations                                      : loaded 2 times (x 80B)
Class [Lcom.android.resources.ResourceFolderType;                                     : loaded 2 times (x 67B)


---------------  S Y S T E M  ---------------

OS:
 Windows 10 , 64 bit Build 19041 (10.0.19041.4842)
OS uptime: 0 days 0:16 hours

CPU: total 12 (initial active 12) (12 cores per cpu, 2 threads per core) family 23 model 8 stepping 2 microcode 0x0, cx8, cmov, fxsr, ht, mmx, 3dnowpref, sse, sse2, sse3, ssse3, sse4a, sse4.1, sse4.2, popcnt, lzcnt, tsc, tscinvbit, avx, avx2, aes, clmul, bmi1, bmi2, adx, sha, fma, vzeroupper, clflush, clflushopt
Processor Information for all 12 processors :
  Max Mhz: 3200, Current Mhz: 3200, Mhz Limit: 3200

Memory: 4k page, system-wide physical 16308M (4248M free)
TotalPageFile size 18291M (AvailPageFile size 358M)
current process WorkingSet (physical memory assigned to process): 1309M, peak: 1316M
current process commit charge ("private bytes"): 1356M, peak: 2460M

vm_info: OpenJDK 64-Bit Server VM (17.0.11+0--11852314) for windows-amd64 JRE (17.0.11+0--11852314), built on May 16 2024 21:29:20 by "androidbuild" with MS VC++ 16.10 / 16.11 (VS2019)

END.
