#
# There is insufficient memory for the Java Runtime Environment to continue.
# Native memory allocation (malloc) failed to allocate 888496 bytes. Error detail: Chunk::new
# Possible reasons:
#   The system is out of physical RAM or swap space
#   This process is running with CompressedOops enabled, and the Java Heap may be blocking the growth of the native heap
# Possible solutions:
#   Reduce memory load on the system
#   Increase physical memory or swap space
#   Check if swap backing store is full
#   Decrease Java heap size (-Xmx/-Xms)
#   Decrease number of Java threads
#   Decrease Java thread stack sizes (-Xss)
#   Set larger code cache with -XX:ReservedCodeCacheSize=
#   JVM is running with Zero Based Compressed Oops mode in which the Java heap is
#     placed in the first 32GB address space. The Java Heap base address is the
#     maximum limit for the native heap growth. Please use -XX:HeapBaseMinAddress
#     to set the Java Heap base and to place the Java Heap above 32GB virtual address.
# This output file may be truncated or incomplete.
#
#  Out of Memory Error (arena.cpp:191), pid=3348, tid=13072
#
# JRE version: OpenJDK Runtime Environment (17.0.11) (build 17.0.11+0--11852314)
# Java VM: OpenJDK 64-Bit Server VM (17.0.11+0--11852314, mixed mode, tiered, compressed oops, compressed class ptrs, g1 gc, windows-amd64)
# No core dump will be written. Minidumps are not enabled by default on client versions of Windows
#

---------------  S U M M A R Y ------------

Command Line: -XX:MaxMetaspaceSize=2G -XX:+HeapDumpOnOutOfMemoryError --add-opens=java.base/java.util=ALL-UNNAMED --add-opens=java.base/java.lang=ALL-UNNAMED --add-opens=java.base/java.lang.invoke=ALL-UNNAMED --add-opens=java.prefs/java.util.prefs=ALL-UNNAMED --add-opens=java.base/java.nio.charset=ALL-UNNAMED --add-opens=java.base/java.net=ALL-UNNAMED --add-opens=java.base/java.util.concurrent.atomic=ALL-UNNAMED -Xmx4G -Dfile.encoding=windows-1252 -Duser.country=BR -Duser.language=pt -Duser.variant org.gradle.launcher.daemon.bootstrap.GradleDaemon 7.6.3

Host: AMD Ryzen 5 1600 Six-Core Processor            , 12 cores, 15G,  Windows 10 , 64 bit Build 19041 (10.0.19041.4842)
Time: Wed Oct  2 23:30:12 2024 Hora oficial do Brasil elapsed time: 11.466376 seconds (0d 0h 0m 11s)

---------------  T H R E A D  ---------------

Current thread (0x0000022ad26ff9a0):  JavaThread "C2 CompilerThread2" daemon [_thread_in_native, id=13072, stack(0x0000005448b00000,0x0000005448c00000)]


Current CompileTask:
C2:  11466 9820       4       groovy.lang.MetaClassImpl$1MOPIter::methodNameAction (325 bytes)

Stack: [0x0000005448b00000,0x0000005448c00000]
Native frames: (J=compiled Java code, j=interpreted, Vv=VM code, C=native code)
V  [jvm.dll+0x687bb9]
V  [jvm.dll+0x84142a]
V  [jvm.dll+0x8430ae]
V  [jvm.dll+0x843713]
V  [jvm.dll+0x24a35f]
V  [jvm.dll+0xac544]
V  [jvm.dll+0xacb8c]
V  [jvm.dll+0x2b194f]
V  [jvm.dll+0x58eba7]
V  [jvm.dll+0x2247e2]
V  [jvm.dll+0x224bdf]
V  [jvm.dll+0x21dd00]
V  [jvm.dll+0x21b201]
V  [jvm.dll+0x1a63ed]
V  [jvm.dll+0x22b1ee]
V  [jvm.dll+0x229375]
V  [jvm.dll+0x7f5647]
V  [jvm.dll+0x7efa4a]
V  [jvm.dll+0x686a35]
C  [ucrtbase.dll+0x21bb2]
C  [KERNEL32.DLL+0x17374]
C  [ntdll.dll+0x4cc91]


---------------  P R O C E S S  ---------------

Threads class SMR info:
_java_thread_list=0x0000022ad495bc40, length=185, elements={
0x0000022aa9c6bf50, 0x0000022acf041600, 0x0000022acf042390, 0x0000022acf0537f0,
0x0000022acf0541c0, 0x0000022acf095410, 0x0000022acf095ce0, 0x0000022acf0c4c30,
0x0000022acf0c5940, 0x0000022acf0c8260, 0x0000022acf241c10, 0x0000022acf2420f0,
0x0000022ad0777280, 0x0000022ad04d39c0, 0x0000022ad08e8c30, 0x0000022ad0d18db0,
0x0000022ad0318150, 0x0000022ad1c576b0, 0x0000022ad0d0f0e0, 0x0000022ad0c10a20,
0x0000022ad0c132a0, 0x0000022ad0c10f30, 0x0000022ad0c12370, 0x0000022ad0c11440,
0x0000022ad0c12d90, 0x0000022ad0c137b0, 0x0000022ad26ff9a0, 0x0000022ad0c11950,
0x0000022ad0c11e60, 0x0000022ad0c12880, 0x0000022ad0c13cc0, 0x0000022ad220c7f0,
0x0000022ad220d720, 0x0000022ad220b8c0, 0x0000022ad220f070, 0x0000022ad220cd00,
0x0000022ad220fa90, 0x0000022ad220d210, 0x0000022ad220dc30, 0x0000022ad220a990,
0x0000022ad220c2e0, 0x0000022ad22109c0, 0x0000022ad2209550, 0x0000022ad2210ed0,
0x0000022ad220e140, 0x0000022ad220e650, 0x0000022ad220eb60, 0x0000022ad220ffa0,
0x0000022ad22104b0, 0x0000022ad4b42b30, 0x0000022ad4b3f890, 0x0000022ad4b3fda0,
0x0000022ad4b3d010, 0x0000022ad4b3ee70, 0x0000022ad4b411e0, 0x0000022ad4b43a60,
0x0000022ad4b416f0, 0x0000022ad4b44990, 0x0000022ad4b43040, 0x0000022ad4b44480,
0x0000022ad4b41c00, 0x0000022ad4b3d520, 0x0000022ad4b3f380, 0x0000022ad4b402b0,
0x0000022ad4b3da30, 0x0000022ad4b407c0, 0x0000022ad4b3df40, 0x0000022ad4b3e450,
0x0000022ad4b43550, 0x0000022ad4b3e960, 0x0000022ad4b40cd0, 0x0000022ad264a7a0,
0x0000022ad264a290, 0x0000022ad2649360, 0x0000022ad2646ae0, 0x0000022ad2647500,
0x0000022ad264c0f0, 0x0000022ad26465d0, 0x0000022ad2649870, 0x0000022ad2647a10,
0x0000022ad264acb0, 0x0000022ad264b1c0, 0x0000022ad2649d80, 0x0000022ad264b6d0,
0x0000022ad2648e50, 0x0000022ad2646ff0, 0x0000022ad2647f20, 0x0000022ad2648940,
0x0000022ad264d530, 0x0000022ad2648430, 0x0000022ad264bbe0, 0x0000022ad264cb10,
0x0000022ad264c600, 0x0000022ad264d020, 0x0000022ad26460c0, 0x0000022ad264da40,
0x0000022ad3e84840, 0x0000022ad3e86190, 0x0000022ad3e85770, 0x0000022ad3e866a0,
0x0000022ad3e85260, 0x0000022ad3e87ae0, 0x0000022ad3e84330, 0x0000022ad3e83400,
0x0000022ad3e88a10, 0x0000022ad3e83910, 0x0000022ad3e85c80, 0x0000022ad3e82ef0,
0x0000022ad3e8a360, 0x0000022ad3e86bb0, 0x0000022ad3e89e50, 0x0000022ad3e8a870,
0x0000022ad3e84d50, 0x0000022ad3e83e20, 0x0000022ad3e870c0, 0x0000022ad3e875d0,
0x0000022ad3e87ff0, 0x0000022ad3e88500, 0x0000022ad3e88f20, 0x0000022ad3e89430,
0x0000022ad3e89940, 0x0000022ad02b9dc0, 0x0000022ad02b42a0, 0x0000022ad02b3d90,
0x0000022ad02b8980, 0x0000022ad02b7f60, 0x0000022ad02b8e90, 0x0000022ad02b7030,
0x0000022ad02b8470, 0x0000022ad02b5bf0, 0x0000022ad02b51d0, 0x0000022ad02b7540,
0x0000022ad02b6100, 0x0000022ad02b93a0, 0x0000022ad02b4cc0, 0x0000022ad02b98b0,
0x0000022ad02ba2d0, 0x0000022ad02b6610, 0x0000022ad02ba7e0, 0x0000022ad02bacf0,
0x0000022ad02b7a50, 0x0000022ad02b56e0, 0x0000022ad02bb200, 0x0000022ad02b6b20,
0x0000022ad02bb710, 0x0000022ad02b47b0, 0x0000022ad46c2110, 0x0000022ad46c0cd0,
0x0000022ad46c2b30, 0x0000022ad46c02b0, 0x0000022ad46c2620, 0x0000022ad46be960,
0x0000022ad46bf380, 0x0000022ad46bcb00, 0x0000022ad46bc5f0, 0x0000022ad46bd520,
0x0000022ad46c3f70, 0x0000022ad46bf890, 0x0000022ad46c3040, 0x0000022ad46c11e0,
0x0000022ad46c16f0, 0x0000022ad46c1c00, 0x0000022ad46be450, 0x0000022ad46bda30,
0x0000022ad46bfda0, 0x0000022ad46c3a60, 0x0000022ad46c3550, 0x0000022ad46bdf40,
0x0000022ad46bd010, 0x0000022ad46bee70, 0x0000022ad46c07c0, 0x0000022ad5d7cb80,
0x0000022ad5d7b740, 0x0000022ad5d77570, 0x0000022ad5d77a80, 0x0000022ad5d798e0,
0x0000022ad5d77060, 0x0000022ad5d7e4d0, 0x0000022ad5d784a0, 0x0000022ad5d7d090,
0x0000022ad5d7dfc0, 0x0000022ad5d7d5a0, 0x0000022ad5d7bc50, 0x0000022ad5d7dab0,
0x0000022ad5d79df0
}

Java Threads: ( => current thread )
  0x0000022aa9c6bf50 JavaThread "main" [_thread_blocked, id=1576, stack(0x0000005445f00000,0x0000005446000000)]
  0x0000022acf041600 JavaThread "Reference Handler" daemon [_thread_blocked, id=5640, stack(0x0000005446600000,0x0000005446700000)]
  0x0000022acf042390 JavaThread "Finalizer" daemon [_thread_blocked, id=6884, stack(0x0000005446700000,0x0000005446800000)]
  0x0000022acf0537f0 JavaThread "Signal Dispatcher" daemon [_thread_blocked, id=7892, stack(0x0000005446800000,0x0000005446900000)]
  0x0000022acf0541c0 JavaThread "Attach Listener" daemon [_thread_blocked, id=15108, stack(0x0000005446900000,0x0000005446a00000)]
  0x0000022acf095410 JavaThread "Service Thread" daemon [_thread_blocked, id=5680, stack(0x0000005446a00000,0x0000005446b00000)]
  0x0000022acf095ce0 JavaThread "Monitor Deflation Thread" daemon [_thread_blocked, id=504, stack(0x0000005446b00000,0x0000005446c00000)]
  0x0000022acf0c4c30 JavaThread "C2 CompilerThread0" daemon [_thread_in_native, id=5580, stack(0x0000005446c00000,0x0000005446d00000)]
  0x0000022acf0c5940 JavaThread "C1 CompilerThread0" daemon [_thread_in_native, id=12536, stack(0x0000005446d00000,0x0000005446e00000)]
  0x0000022acf0c8260 JavaThread "Sweeper thread" daemon [_thread_blocked, id=6532, stack(0x0000005446e00000,0x0000005446f00000)]
  0x0000022acf241c10 JavaThread "Common-Cleaner" daemon [_thread_blocked, id=1788, stack(0x0000005446f00000,0x0000005447000000)]
  0x0000022acf2420f0 JavaThread "Notification Thread" daemon [_thread_blocked, id=15172, stack(0x0000005447000000,0x0000005447100000)]
  0x0000022ad0777280 JavaThread "C2 CompilerThread1" daemon [_thread_in_native, id=12368, stack(0x0000005447200000,0x0000005447300000)]
  0x0000022ad04d39c0 JavaThread "Daemon health stats" [_thread_blocked, id=9152, stack(0x0000005447300000,0x0000005447400000)]
  0x0000022ad08e8c30 JavaThread "Incoming local TCP Connector on port 58502" [_thread_in_native, id=14028, stack(0x0000005447900000,0x0000005447a00000)]
  0x0000022ad0d18db0 JavaThread "Daemon periodic checks" [_thread_blocked, id=11608, stack(0x0000005447a00000,0x0000005447b00000)]
  0x0000022ad0318150 JavaThread "Daemon" [_thread_blocked, id=14936, stack(0x0000005447b00000,0x0000005447c00000)]
  0x0000022ad1c576b0 JavaThread "Handler for socket connection from /127.0.0.1:58502 to /127.0.0.1:58503" [_thread_in_native, id=13816, stack(0x0000005447c00000,0x0000005447d00000)]
  0x0000022ad0d0f0e0 JavaThread "Cancel handler" [_thread_blocked, id=13928, stack(0x0000005447d00000,0x0000005447e00000)]
  0x0000022ad0c10a20 JavaThread "Daemon worker" [_thread_in_Java, id=5724, stack(0x0000005447e00000,0x0000005447f00000)]
  0x0000022ad0c132a0 JavaThread "Asynchronous log dispatcher for DefaultDaemonConnection: socket connection from /127.0.0.1:58502 to /127.0.0.1:58503" [_thread_blocked, id=1136, stack(0x0000005447f00000,0x0000005448000000)]
  0x0000022ad0c10f30 JavaThread "Stdin handler" [_thread_blocked, id=5616, stack(0x0000005448000000,0x0000005448100000)]
  0x0000022ad0c12370 JavaThread "Daemon client event forwarder" [_thread_blocked, id=8972, stack(0x0000005448100000,0x0000005448200000)]
  0x0000022ad0c11440 JavaThread "Cache worker for journal cache (C:\Users\DAVID\.gradle\caches\journal-1)" [_thread_blocked, id=14484, stack(0x0000005448200000,0x0000005448300000)]
  0x0000022ad0c12d90 JavaThread "File lock request listener" [_thread_in_native, id=32, stack(0x0000005448300000,0x0000005448400000)]
  0x0000022ad0c137b0 JavaThread "Cache worker for file hash cache (C:\Users\DAVID\.gradle\caches\7.6.3\fileHashes)" [_thread_blocked, id=11520, stack(0x0000005448a00000,0x0000005448b00000)]
=>0x0000022ad26ff9a0 JavaThread "C2 CompilerThread2" daemon [_thread_in_native, id=13072, stack(0x0000005448b00000,0x0000005448c00000)]
  0x0000022ad0c11950 JavaThread "File watcher server" daemon [_thread_in_native, id=10360, stack(0x0000005448c00000,0x0000005448d00000)]
  0x0000022ad0c11e60 JavaThread "File watcher consumer" daemon [_thread_blocked, id=12264, stack(0x0000005448d00000,0x0000005448e00000)]
  0x0000022ad0c12880 JavaThread "Cache worker for checksums cache (D:\DOCUMENTOS\PROJETO_FLUTTER\dmega\android\.gradle\7.6.3\checksums)" [_thread_blocked, id=3052, stack(0x0000005448e00000,0x0000005448f00000)]
  0x0000022ad0c13cc0 JavaThread "Cache worker for cache directory md-rule (C:\Users\DAVID\.gradle\caches\7.6.3\md-rule)" [_thread_blocked, id=1912, stack(0x0000005448f00000,0x0000005449000000)]
  0x0000022ad220c7f0 JavaThread "Cache worker for file content cache (C:\Users\DAVID\.gradle\caches\7.6.3\fileContent)" [_thread_blocked, id=15188, stack(0x0000005449000000,0x0000005449100000)]
  0x0000022ad220d720 JavaThread "Cache worker for file hash cache (D:\DOCUMENTOS\PROJETO_FLUTTER\dmega\android\.gradle\7.6.3\fileHashes)" [_thread_blocked, id=13116, stack(0x0000005449100000,0x0000005449200000)]
  0x0000022ad220b8c0 JavaThread "Cache worker for cache directory md-supplier (C:\Users\DAVID\.gradle\caches\7.6.3\md-supplier)" [_thread_blocked, id=5816, stack(0x0000005449200000,0x0000005449300000)]
  0x0000022ad220f070 JavaThread "Cache worker for execution history cache (C:\Users\DAVID\.gradle\caches\7.6.3\executionHistory)" [_thread_blocked, id=14232, stack(0x0000005449300000,0x0000005449400000)]
  0x0000022ad220cd00 JavaThread "jar transforms" [_thread_blocked, id=7120, stack(0x0000005449400000,0x0000005449500000)]
  0x0000022ad220fa90 JavaThread "Cache worker for kotlin-dsl (C:\Users\DAVID\.gradle\caches\7.6.3\kotlin-dsl)" [_thread_blocked, id=14012, stack(0x0000005449500000,0x0000005449600000)]
  0x0000022ad220d210 JavaThread "jar transforms Thread 2" [_thread_blocked, id=7480, stack(0x0000005449600000,0x0000005449700000)]
  0x0000022ad220dc30 JavaThread "Cache worker for dependencies-accessors (D:\DOCUMENTOS\PROJETO_FLUTTER\dmega\android\.gradle\7.6.3\dependencies-accessors)" [_thread_blocked, id=2072, stack(0x0000005449700000,0x0000005449800000)]
  0x0000022ad220a990 JavaThread "Cache worker for Build Output Cleanup Cache (C:\src\flutter\packages\flutter_tools\gradle\.gradle\buildOutputCleanup)" [_thread_blocked, id=12360, stack(0x0000005449800000,0x0000005449900000)]
  0x0000022ad220c2e0 JavaThread "jar transforms Thread 3" [_thread_blocked, id=12076, stack(0x0000005449900000,0x0000005449a00000)]
  0x0000022ad22109c0 JavaThread "Memory manager" [_thread_blocked, id=8580, stack(0x0000005449a00000,0x0000005449b00000)]
  0x0000022ad2209550 JavaThread "jar transforms Thread 4" [_thread_blocked, id=12052, stack(0x0000005449b00000,0x0000005449c00000)]
  0x0000022ad2210ed0 JavaThread "included builds" [_thread_blocked, id=9268, stack(0x0000005449c00000,0x0000005449d00000)]
  0x0000022ad220e140 JavaThread "Execution worker" [_thread_blocked, id=9284, stack(0x0000005449d00000,0x0000005449e00000)]
  0x0000022ad220e650 JavaThread "Execution worker Thread 2" [_thread_blocked, id=15000, stack(0x0000005449e00000,0x0000005449f00000)]
  0x0000022ad220eb60 JavaThread "Execution worker Thread 3" [_thread_blocked, id=10184, stack(0x0000005449f00000,0x000000544a000000)]
  0x0000022ad220ffa0 JavaThread "Execution worker Thread 4" [_thread_blocked, id=6920, stack(0x000000544a000000,0x000000544a100000)]
  0x0000022ad22104b0 JavaThread "Execution worker Thread 5" [_thread_blocked, id=12756, stack(0x000000544a100000,0x000000544a200000)]
  0x0000022ad4b42b30 JavaThread "Execution worker Thread 6" [_thread_blocked, id=2804, stack(0x000000544a200000,0x000000544a300000)]
  0x0000022ad4b3f890 JavaThread "Execution worker Thread 7" [_thread_blocked, id=11472, stack(0x000000544a300000,0x000000544a400000)]
  0x0000022ad4b3fda0 JavaThread "Execution worker Thread 8" [_thread_blocked, id=11268, stack(0x000000544a400000,0x000000544a500000)]
  0x0000022ad4b3d010 JavaThread "Execution worker Thread 9" [_thread_blocked, id=14216, stack(0x000000544a500000,0x000000544a600000)]
  0x0000022ad4b3ee70 JavaThread "Execution worker Thread 10" [_thread_blocked, id=5152, stack(0x000000544a600000,0x000000544a700000)]
  0x0000022ad4b411e0 JavaThread "Execution worker Thread 11" [_thread_blocked, id=14628, stack(0x000000544a700000,0x000000544a800000)]
  0x0000022ad4b43a60 JavaThread "Cache worker for execution history cache (C:\src\flutter\packages\flutter_tools\gradle\.gradle\7.6.3\executionHistory)" [_thread_blocked, id=14596, stack(0x000000544a800000,0x000000544a900000)]
  0x0000022ad4b416f0 JavaThread "Unconstrained build operations" [_thread_blocked, id=14732, stack(0x000000544a900000,0x000000544aa00000)]
  0x0000022ad4b44990 JavaThread "Unconstrained build operations Thread 2" [_thread_blocked, id=6464, stack(0x000000544aa00000,0x000000544ab00000)]
  0x0000022ad4b43040 JavaThread "Unconstrained build operations Thread 3" [_thread_blocked, id=9848, stack(0x000000544ab00000,0x000000544ac00000)]
  0x0000022ad4b44480 JavaThread "Unconstrained build operations Thread 4" [_thread_blocked, id=12700, stack(0x000000544ac00000,0x000000544ad00000)]
  0x0000022ad4b41c00 JavaThread "Unconstrained build operations Thread 5" [_thread_blocked, id=14904, stack(0x000000544ad00000,0x000000544ae00000)]
  0x0000022ad4b3d520 JavaThread "Unconstrained build operations Thread 6" [_thread_blocked, id=8252, stack(0x000000544ae00000,0x000000544af00000)]
  0x0000022ad4b3f380 JavaThread "Unconstrained build operations Thread 7" [_thread_blocked, id=9468, stack(0x000000544af00000,0x000000544b000000)]
  0x0000022ad4b402b0 JavaThread "Unconstrained build operations Thread 8" [_thread_blocked, id=300, stack(0x000000544b000000,0x000000544b100000)]
  0x0000022ad4b3da30 JavaThread "Unconstrained build operations Thread 9" [_thread_blocked, id=10212, stack(0x000000544b100000,0x000000544b200000)]
  0x0000022ad4b407c0 JavaThread "Unconstrained build operations Thread 10" [_thread_blocked, id=13856, stack(0x000000544b200000,0x000000544b300000)]
  0x0000022ad4b3df40 JavaThread "Unconstrained build operations Thread 11" [_thread_blocked, id=14040, stack(0x000000544b300000,0x000000544b400000)]
  0x0000022ad4b3e450 JavaThread "Unconstrained build operations Thread 12" [_thread_blocked, id=14220, stack(0x000000544b400000,0x000000544b500000)]
  0x0000022ad4b43550 JavaThread "Unconstrained build operations Thread 13" [_thread_blocked, id=10120, stack(0x000000544b500000,0x000000544b600000)]
  0x0000022ad4b3e960 JavaThread "Unconstrained build operations Thread 14" [_thread_blocked, id=4484, stack(0x000000544b600000,0x000000544b700000)]
  0x0000022ad4b40cd0 JavaThread "Unconstrained build operations Thread 15" [_thread_blocked, id=11624, stack(0x000000544b700000,0x000000544b800000)]
  0x0000022ad264a7a0 JavaThread "Unconstrained build operations Thread 16" [_thread_blocked, id=13460, stack(0x000000544b800000,0x000000544b900000)]
  0x0000022ad264a290 JavaThread "Unconstrained build operations Thread 17" [_thread_blocked, id=8572, stack(0x000000544b900000,0x000000544ba00000)]
  0x0000022ad2649360 JavaThread "Unconstrained build operations Thread 18" [_thread_blocked, id=14224, stack(0x000000544ba00000,0x000000544bb00000)]
  0x0000022ad2646ae0 JavaThread "Unconstrained build operations Thread 19" [_thread_blocked, id=13500, stack(0x000000544bb00000,0x000000544bc00000)]
  0x0000022ad2647500 JavaThread "Unconstrained build operations Thread 20" [_thread_blocked, id=3776, stack(0x000000544bc00000,0x000000544bd00000)]
  0x0000022ad264c0f0 JavaThread "Unconstrained build operations Thread 21" [_thread_blocked, id=14320, stack(0x000000544bd00000,0x000000544be00000)]
  0x0000022ad26465d0 JavaThread "Unconstrained build operations Thread 22" [_thread_blocked, id=13884, stack(0x000000544be00000,0x000000544bf00000)]
  0x0000022ad2649870 JavaThread "Unconstrained build operations Thread 23" [_thread_blocked, id=12396, stack(0x000000544bf00000,0x000000544c000000)]
  0x0000022ad2647a10 JavaThread "Unconstrained build operations Thread 24" [_thread_blocked, id=3928, stack(0x000000544c000000,0x000000544c100000)]
  0x0000022ad264acb0 JavaThread "Unconstrained build operations Thread 25" [_thread_blocked, id=14928, stack(0x000000544c100000,0x000000544c200000)]
  0x0000022ad264b1c0 JavaThread "Unconstrained build operations Thread 26" [_thread_blocked, id=14088, stack(0x000000544c200000,0x000000544c300000)]
  0x0000022ad2649d80 JavaThread "Unconstrained build operations Thread 27" [_thread_blocked, id=12556, stack(0x000000544c300000,0x000000544c400000)]
  0x0000022ad264b6d0 JavaThread "Unconstrained build operations Thread 28" [_thread_blocked, id=5432, stack(0x000000544c400000,0x000000544c500000)]
  0x0000022ad2648e50 JavaThread "Unconstrained build operations Thread 29" [_thread_in_Java, id=8924, stack(0x000000544c500000,0x000000544c600000)]
  0x0000022ad2646ff0 JavaThread "Unconstrained build operations Thread 30" [_thread_blocked, id=15060, stack(0x000000544c600000,0x000000544c700000)]
  0x0000022ad2647f20 JavaThread "Unconstrained build operations Thread 31" [_thread_blocked, id=9544, stack(0x000000544c700000,0x000000544c800000)]
  0x0000022ad2648940 JavaThread "Unconstrained build operations Thread 32" [_thread_blocked, id=8732, stack(0x000000544c800000,0x000000544c900000)]
  0x0000022ad264d530 JavaThread "Unconstrained build operations Thread 33" [_thread_blocked, id=6756, stack(0x000000544c900000,0x000000544ca00000)]
  0x0000022ad2648430 JavaThread "Unconstrained build operations Thread 34" [_thread_blocked, id=14808, stack(0x000000544ca00000,0x000000544cb00000)]
  0x0000022ad264bbe0 JavaThread "Unconstrained build operations Thread 35" [_thread_blocked, id=14020, stack(0x000000544cb00000,0x000000544cc00000)]
  0x0000022ad264cb10 JavaThread "Unconstrained build operations Thread 36" [_thread_blocked, id=5016, stack(0x000000544cc00000,0x000000544cd00000)]
  0x0000022ad264c600 JavaThread "Unconstrained build operations Thread 37" [_thread_blocked, id=7144, stack(0x000000544cd00000,0x000000544ce00000)]
  0x0000022ad264d020 JavaThread "Unconstrained build operations Thread 38" [_thread_blocked, id=9676, stack(0x000000544ce00000,0x000000544cf00000)]
  0x0000022ad26460c0 JavaThread "Unconstrained build operations Thread 39" [_thread_blocked, id=11252, stack(0x000000544cf00000,0x000000544d000000)]
  0x0000022ad264da40 JavaThread "Unconstrained build operations Thread 40" [_thread_blocked, id=8428, stack(0x000000544d000000,0x000000544d100000)]
  0x0000022ad3e84840 JavaThread "Unconstrained build operations Thread 41" [_thread_blocked, id=3208, stack(0x000000544d100000,0x000000544d200000)]
  0x0000022ad3e86190 JavaThread "Unconstrained build operations Thread 42" [_thread_blocked, id=14436, stack(0x000000544d200000,0x000000544d300000)]
  0x0000022ad3e85770 JavaThread "Unconstrained build operations Thread 43" [_thread_blocked, id=13600, stack(0x000000544d300000,0x000000544d400000)]
  0x0000022ad3e866a0 JavaThread "Unconstrained build operations Thread 44" [_thread_blocked, id=4808, stack(0x000000544d400000,0x000000544d500000)]
  0x0000022ad3e85260 JavaThread "Unconstrained build operations Thread 45" [_thread_blocked, id=11628, stack(0x000000544d500000,0x000000544d600000)]
  0x0000022ad3e87ae0 JavaThread "Unconstrained build operations Thread 46" [_thread_blocked, id=13964, stack(0x000000544d600000,0x000000544d700000)]
  0x0000022ad3e84330 JavaThread "Unconstrained build operations Thread 47" [_thread_blocked, id=2424, stack(0x000000544d700000,0x000000544d800000)]
  0x0000022ad3e83400 JavaThread "Unconstrained build operations Thread 48" [_thread_blocked, id=14432, stack(0x000000544d800000,0x000000544d900000)]
  0x0000022ad3e88a10 JavaThread "Unconstrained build operations Thread 49" [_thread_blocked, id=13380, stack(0x000000544d900000,0x000000544da00000)]
  0x0000022ad3e83910 JavaThread "Unconstrained build operations Thread 50" [_thread_blocked, id=4232, stack(0x000000544da00000,0x000000544db00000)]
  0x0000022ad3e85c80 JavaThread "Unconstrained build operations Thread 51" [_thread_blocked, id=5612, stack(0x000000544db00000,0x000000544dc00000)]
  0x0000022ad3e82ef0 JavaThread "Unconstrained build operations Thread 52" [_thread_blocked, id=10580, stack(0x000000544dc00000,0x000000544dd00000)]
  0x0000022ad3e8a360 JavaThread "Unconstrained build operations Thread 53" [_thread_blocked, id=14668, stack(0x000000544dd00000,0x000000544de00000)]
  0x0000022ad3e86bb0 JavaThread "Unconstrained build operations Thread 54" [_thread_blocked, id=9616, stack(0x000000544de00000,0x000000544df00000)]
  0x0000022ad3e89e50 JavaThread "Unconstrained build operations Thread 55" [_thread_blocked, id=13420, stack(0x000000544df00000,0x000000544e000000)]
  0x0000022ad3e8a870 JavaThread "Unconstrained build operations Thread 56" [_thread_blocked, id=7952, stack(0x000000544e000000,0x000000544e100000)]
  0x0000022ad3e84d50 JavaThread "Unconstrained build operations Thread 57" [_thread_blocked, id=3168, stack(0x000000544e100000,0x000000544e200000)]
  0x0000022ad3e83e20 JavaThread "Unconstrained build operations Thread 58" [_thread_blocked, id=11920, stack(0x000000544e200000,0x000000544e300000)]
  0x0000022ad3e870c0 JavaThread "Unconstrained build operations Thread 59" [_thread_blocked, id=10284, stack(0x000000544e300000,0x000000544e400000)]
  0x0000022ad3e875d0 JavaThread "Unconstrained build operations Thread 60" [_thread_blocked, id=5160, stack(0x000000544e400000,0x000000544e500000)]
  0x0000022ad3e87ff0 JavaThread "Unconstrained build operations Thread 61" [_thread_blocked, id=15100, stack(0x000000544e500000,0x000000544e600000)]
  0x0000022ad3e88500 JavaThread "Unconstrained build operations Thread 62" [_thread_blocked, id=9248, stack(0x000000544e600000,0x000000544e700000)]
  0x0000022ad3e88f20 JavaThread "Unconstrained build operations Thread 63" [_thread_blocked, id=9768, stack(0x000000544e700000,0x000000544e800000)]
  0x0000022ad3e89430 JavaThread "Unconstrained build operations Thread 64" [_thread_blocked, id=4576, stack(0x000000544e800000,0x000000544e900000)]
  0x0000022ad3e89940 JavaThread "Unconstrained build operations Thread 65" [_thread_blocked, id=8380, stack(0x000000544e900000,0x000000544ea00000)]
  0x0000022ad02b9dc0 JavaThread "Unconstrained build operations Thread 66" [_thread_blocked, id=14072, stack(0x000000544ea00000,0x000000544eb00000)]
  0x0000022ad02b42a0 JavaThread "Unconstrained build operations Thread 67" [_thread_blocked, id=2452, stack(0x000000544eb00000,0x000000544ec00000)]
  0x0000022ad02b3d90 JavaThread "Unconstrained build operations Thread 68" [_thread_blocked, id=9280, stack(0x000000544ec00000,0x000000544ed00000)]
  0x0000022ad02b8980 JavaThread "Unconstrained build operations Thread 69" [_thread_blocked, id=12608, stack(0x000000544ed00000,0x000000544ee00000)]
  0x0000022ad02b7f60 JavaThread "Unconstrained build operations Thread 70" [_thread_blocked, id=10588, stack(0x000000544ee00000,0x000000544ef00000)]
  0x0000022ad02b8e90 JavaThread "Unconstrained build operations Thread 71" [_thread_blocked, id=11428, stack(0x000000544ef00000,0x000000544f000000)]
  0x0000022ad02b7030 JavaThread "Unconstrained build operations Thread 72" [_thread_blocked, id=8060, stack(0x000000544f000000,0x000000544f100000)]
  0x0000022ad02b8470 JavaThread "Unconstrained build operations Thread 73" [_thread_blocked, id=3868, stack(0x000000544f100000,0x000000544f200000)]
  0x0000022ad02b5bf0 JavaThread "Unconstrained build operations Thread 74" [_thread_blocked, id=14176, stack(0x000000544f200000,0x000000544f300000)]
  0x0000022ad02b51d0 JavaThread "Unconstrained build operations Thread 75" [_thread_blocked, id=2972, stack(0x000000544f300000,0x000000544f400000)]
  0x0000022ad02b7540 JavaThread "Unconstrained build operations Thread 76" [_thread_blocked, id=14184, stack(0x000000544f400000,0x000000544f500000)]
  0x0000022ad02b6100 JavaThread "Unconstrained build operations Thread 77" [_thread_blocked, id=3228, stack(0x000000544f500000,0x000000544f600000)]
  0x0000022ad02b93a0 JavaThread "Unconstrained build operations Thread 78" [_thread_blocked, id=11376, stack(0x000000544f600000,0x000000544f700000)]
  0x0000022ad02b4cc0 JavaThread "Unconstrained build operations Thread 79" [_thread_blocked, id=8312, stack(0x000000544f700000,0x000000544f800000)]
  0x0000022ad02b98b0 JavaThread "Unconstrained build operations Thread 80" [_thread_blocked, id=15208, stack(0x000000544f800000,0x000000544f900000)]
  0x0000022ad02ba2d0 JavaThread "Unconstrained build operations Thread 81" [_thread_blocked, id=612, stack(0x000000544f900000,0x000000544fa00000)]
  0x0000022ad02b6610 JavaThread "Unconstrained build operations Thread 82" [_thread_blocked, id=4560, stack(0x000000544fa00000,0x000000544fb00000)]
  0x0000022ad02ba7e0 JavaThread "Unconstrained build operations Thread 83" [_thread_blocked, id=6620, stack(0x000000544fb00000,0x000000544fc00000)]
  0x0000022ad02bacf0 JavaThread "Unconstrained build operations Thread 84" [_thread_blocked, id=12896, stack(0x000000544fc00000,0x000000544fd00000)]
  0x0000022ad02b7a50 JavaThread "Unconstrained build operations Thread 85" [_thread_blocked, id=3940, stack(0x000000544fd00000,0x000000544fe00000)]
  0x0000022ad02b56e0 JavaThread "Unconstrained build operations Thread 86" [_thread_blocked, id=9000, stack(0x000000544fe00000,0x000000544ff00000)]
  0x0000022ad02bb200 JavaThread "Unconstrained build operations Thread 87" [_thread_blocked, id=1896, stack(0x000000544ff00000,0x0000005450000000)]
  0x0000022ad02b6b20 JavaThread "Unconstrained build operations Thread 88" [_thread_blocked, id=7128, stack(0x0000005450000000,0x0000005450100000)]
  0x0000022ad02bb710 JavaThread "Unconstrained build operations Thread 89" [_thread_blocked, id=15280, stack(0x0000005450100000,0x0000005450200000)]
  0x0000022ad02b47b0 JavaThread "Unconstrained build operations Thread 90" [_thread_blocked, id=13400, stack(0x0000005450200000,0x0000005450300000)]
  0x0000022ad46c2110 JavaThread "Unconstrained build operations Thread 91" [_thread_blocked, id=15356, stack(0x0000005450300000,0x0000005450400000)]
  0x0000022ad46c0cd0 JavaThread "Unconstrained build operations Thread 92" [_thread_blocked, id=11848, stack(0x0000005450400000,0x0000005450500000)]
  0x0000022ad46c2b30 JavaThread "Unconstrained build operations Thread 93" [_thread_blocked, id=13756, stack(0x0000005450500000,0x0000005450600000)]
  0x0000022ad46c02b0 JavaThread "Unconstrained build operations Thread 94" [_thread_blocked, id=11008, stack(0x0000005450600000,0x0000005450700000)]
  0x0000022ad46c2620 JavaThread "Unconstrained build operations Thread 95" [_thread_blocked, id=1800, stack(0x0000005450700000,0x0000005450800000)]
  0x0000022ad46be960 JavaThread "Unconstrained build operations Thread 96" [_thread_blocked, id=5476, stack(0x0000005450800000,0x0000005450900000)]
  0x0000022ad46bf380 JavaThread "Unconstrained build operations Thread 97" [_thread_blocked, id=3528, stack(0x0000005450900000,0x0000005450a00000)]
  0x0000022ad46bcb00 JavaThread "Unconstrained build operations Thread 98" [_thread_blocked, id=8360, stack(0x0000005450a00000,0x0000005450b00000)]
  0x0000022ad46bc5f0 JavaThread "Unconstrained build operations Thread 99" [_thread_blocked, id=14092, stack(0x0000005450b00000,0x0000005450c00000)]
  0x0000022ad46bd520 JavaThread "Unconstrained build operations Thread 100" [_thread_blocked, id=13080, stack(0x0000005450c00000,0x0000005450d00000)]
  0x0000022ad46c3f70 JavaThread "Unconstrained build operations Thread 101" [_thread_blocked, id=1704, stack(0x0000005450d00000,0x0000005450e00000)]
  0x0000022ad46bf890 JavaThread "Unconstrained build operations Thread 102" [_thread_blocked, id=8132, stack(0x0000005450e00000,0x0000005450f00000)]
  0x0000022ad46c3040 JavaThread "Unconstrained build operations Thread 103" [_thread_blocked, id=1444, stack(0x0000005450f00000,0x0000005451000000)]
  0x0000022ad46c11e0 JavaThread "Unconstrained build operations Thread 104" [_thread_blocked, id=14048, stack(0x0000005451000000,0x0000005451100000)]
  0x0000022ad46c16f0 JavaThread "Unconstrained build operations Thread 105" [_thread_blocked, id=12016, stack(0x0000005451100000,0x0000005451200000)]
  0x0000022ad46c1c00 JavaThread "Unconstrained build operations Thread 106" [_thread_blocked, id=6552, stack(0x0000005451200000,0x0000005451300000)]
  0x0000022ad46be450 JavaThread "Unconstrained build operations Thread 107" [_thread_blocked, id=520, stack(0x0000005451300000,0x0000005451400000)]
  0x0000022ad46bda30 JavaThread "Unconstrained build operations Thread 108" [_thread_blocked, id=6396, stack(0x0000005451400000,0x0000005451500000)]
  0x0000022ad46bfda0 JavaThread "Unconstrained build operations Thread 109" [_thread_blocked, id=2740, stack(0x0000005451500000,0x0000005451600000)]
  0x0000022ad46c3a60 JavaThread "Unconstrained build operations Thread 110" [_thread_blocked, id=5036, stack(0x0000005451600000,0x0000005451700000)]
  0x0000022ad46c3550 JavaThread "Unconstrained build operations Thread 111" [_thread_blocked, id=8508, stack(0x0000005451700000,0x0000005451800000)]
  0x0000022ad46bdf40 JavaThread "Unconstrained build operations Thread 112" [_thread_blocked, id=9836, stack(0x0000005451800000,0x0000005451900000)]
  0x0000022ad46bd010 JavaThread "Unconstrained build operations Thread 113" [_thread_blocked, id=6444, stack(0x0000005451900000,0x0000005451a00000)]
  0x0000022ad46bee70 JavaThread "Unconstrained build operations Thread 114" [_thread_blocked, id=6804, stack(0x0000005451a00000,0x0000005451b00000)]
  0x0000022ad46c07c0 JavaThread "Unconstrained build operations Thread 115" [_thread_blocked, id=2956, stack(0x0000005451b00000,0x0000005451c00000)]
  0x0000022ad5d7cb80 JavaThread "Unconstrained build operations Thread 116" [_thread_blocked, id=8920, stack(0x0000005451c00000,0x0000005451d00000)]
  0x0000022ad5d7b740 JavaThread "Unconstrained build operations Thread 117" [_thread_blocked, id=10964, stack(0x0000005451d00000,0x0000005451e00000)]
  0x0000022ad5d77570 JavaThread "Unconstrained build operations Thread 118" [_thread_blocked, id=2504, stack(0x0000005451e00000,0x0000005451f00000)]
  0x0000022ad5d77a80 JavaThread "Unconstrained build operations Thread 119" [_thread_blocked, id=6116, stack(0x0000005451f00000,0x0000005452000000)]
  0x0000022ad5d798e0 JavaThread "Unconstrained build operations Thread 120" [_thread_blocked, id=8044, stack(0x0000005452000000,0x0000005452100000)]
  0x0000022ad5d77060 JavaThread "jar transforms Thread 5" [_thread_blocked, id=3180, stack(0x0000005452100000,0x0000005452200000)]
  0x0000022ad5d7e4d0 JavaThread "jar transforms Thread 6" [_thread_blocked, id=5888, stack(0x0000005452200000,0x0000005452300000)]
  0x0000022ad5d784a0 JavaThread "jar transforms Thread 7" [_thread_blocked, id=7484, stack(0x0000005452300000,0x0000005452400000)]
  0x0000022ad5d7d090 JavaThread "jar transforms Thread 8" [_thread_blocked, id=10268, stack(0x0000005452400000,0x0000005452500000)]
  0x0000022ad5d7dfc0 JavaThread "jar transforms Thread 9" [_thread_blocked, id=1952, stack(0x0000005452500000,0x0000005452600000)]
  0x0000022ad5d7d5a0 JavaThread "jar transforms Thread 10" [_thread_blocked, id=8412, stack(0x0000005452600000,0x0000005452700000)]
  0x0000022ad5d7bc50 JavaThread "jar transforms Thread 11" [_thread_blocked, id=6760, stack(0x0000005452700000,0x0000005452800000)]
  0x0000022ad5d7dab0 JavaThread "jar transforms Thread 12" [_thread_blocked, id=14372, stack(0x0000005452800000,0x0000005452900000)]
  0x0000022ad5d79df0 JavaThread "Cache worker for Build Output Cleanup Cache (D:\DOCUMENTOS\PROJETO_FLUTTER\dmega\android\.gradle\buildOutputCleanup)" [_thread_blocked, id=13448, stack(0x0000005452900000,0x0000005452a00000)]

Other Threads:
  0x0000022acf06e9d0 VMThread "VM Thread" [stack: 0x0000005446500000,0x0000005446600000] [id=1832]
  0x0000022acac90b70 WatcherThread [stack: 0x0000005447100000,0x0000005447200000] [id=11836]
  0x0000022aabe4ea10 GCTaskThread "GC Thread#0" [stack: 0x0000005446000000,0x0000005446100000] [id=14472]
  0x0000022acfdd1da0 GCTaskThread "GC Thread#1" [stack: 0x0000005447400000,0x0000005447500000] [id=14068]
  0x0000022ad055a620 GCTaskThread "GC Thread#2" [stack: 0x0000005447500000,0x0000005447600000] [id=10024]
  0x0000022ad055a8e0 GCTaskThread "GC Thread#3" [stack: 0x0000005447600000,0x0000005447700000] [id=15064]
  0x0000022acf91b2c0 GCTaskThread "GC Thread#4" [stack: 0x0000005447700000,0x0000005447800000] [id=8504]
  0x0000022acf91b580 GCTaskThread "GC Thread#5" [stack: 0x0000005447800000,0x0000005447900000] [id=7588]
  0x0000022ad0de0fb0 GCTaskThread "GC Thread#6" [stack: 0x0000005448400000,0x0000005448500000] [id=10112]
  0x0000022ad0de0a30 GCTaskThread "GC Thread#7" [stack: 0x0000005448500000,0x0000005448600000] [id=8484]
  0x0000022ad0de25b0 GCTaskThread "GC Thread#8" [stack: 0x0000005448600000,0x0000005448700000] [id=2564]
  0x0000022ad0de1270 GCTaskThread "GC Thread#9" [stack: 0x0000005448700000,0x0000005448800000] [id=13812]
  0x0000022aabe5f870 ConcurrentGCThread "G1 Main Marker" [stack: 0x0000005446100000,0x0000005446200000] [id=6304]
  0x0000022aabe60940 ConcurrentGCThread "G1 Conc#0" [stack: 0x0000005446200000,0x0000005446300000] [id=10804]
  0x0000022ad0de2030 ConcurrentGCThread "G1 Conc#1" [stack: 0x0000005448800000,0x0000005448900000] [id=12780]
  0x0000022ad0de0cf0 ConcurrentGCThread "G1 Conc#2" [stack: 0x0000005448900000,0x0000005448a00000] [id=272]
  0x0000022aabe9e6e0 ConcurrentGCThread "G1 Refine#0" [stack: 0x0000005446300000,0x0000005446400000] [id=9316]
  0x0000022acab532d0 ConcurrentGCThread "G1 Service" [stack: 0x0000005446400000,0x0000005446500000] [id=15136]

Threads with active compile tasks:
C2 CompilerThread1    11512 9977   !   4       sun.nio.fs.WindowsPath::initOffsets (153 bytes)
C2 CompilerThread2    11512 9820       4       groovy.lang.MetaClassImpl$1MOPIter::methodNameAction (325 bytes)

VM state: not at safepoint (normal execution)

VM Mutex/Monitor currently owned by a thread: None

Heap address: 0x0000000700000000, size: 4096 MB, Compressed Oops mode: Zero based, Oop shift amount: 3

CDS archive(s) not mapped
Compressed class space mapped at: 0x0000000800000000-0x0000000840000000, reserved size: 1073741824
Narrow klass base: 0x0000000800000000, Narrow klass shift: 0, Narrow klass range: 0x40000000

GC Precious Log:
 CPUs: 12 total, 12 available
 Memory: 16308M
 Large Page Support: Disabled
 NUMA Support: Disabled
 Compressed Oops: Enabled (Zero based)
 Heap Region Size: 2M
 Heap Min Capacity: 8M
 Heap Initial Capacity: 256M
 Heap Max Capacity: 4G
 Pre-touch: Disabled
 Parallel Workers: 10
 Concurrent Workers: 3
 Concurrent Refinement Workers: 10
 Periodic GC: Disabled

Heap:
 garbage-first heap   total 151552K, used 118752K [0x0000000700000000, 0x0000000800000000)
  region size 2048K, 24 young (49152K), 4 survivors (8192K)
 Metaspace       used 91578K, committed 92288K, reserved 1179648K
  class space    used 12624K, committed 12928K, reserved 1048576K

Heap Regions: E=young(eden), S=young(survivor), O=old, HS=humongous(starts), HC=humongous(continues), CS=collection set, F=free, OA=open archive, CA=closed archive, TAMS=top-at-mark-start (previous, next)
|   0|0x0000000700000000, 0x0000000700200000, 0x0000000700200000|100%|HS|  |TAMS 0x0000000700200000, 0x0000000700000000| Complete 
|   1|0x0000000700200000, 0x0000000700400000, 0x0000000700400000|100%|HC|  |TAMS 0x0000000700400000, 0x0000000700200000| Complete 
|   2|0x0000000700400000, 0x0000000700600000, 0x0000000700600000|100%| O|  |TAMS 0x0000000700600000, 0x0000000700400000| Untracked 
|   3|0x0000000700600000, 0x0000000700800000, 0x0000000700800000|100%| O|  |TAMS 0x0000000700800000, 0x0000000700600000| Untracked 
|   4|0x0000000700800000, 0x00000007009dfe00, 0x0000000700a00000| 93%| O|  |TAMS 0x00000007009dfe00, 0x0000000700800000| Untracked 
|   5|0x0000000700a00000, 0x0000000700c00000, 0x0000000700c00000|100%| O|  |TAMS 0x0000000700c00000, 0x0000000700a00000| Untracked 
|   6|0x0000000700c00000, 0x0000000700e00000, 0x0000000700e00000|100%| O|  |TAMS 0x0000000700e00000, 0x0000000700c00000| Untracked 
|   7|0x0000000700e00000, 0x0000000701000000, 0x0000000701000000|100%| O|  |TAMS 0x0000000701000000, 0x0000000700e00000| Untracked 
|   8|0x0000000701000000, 0x0000000701200000, 0x0000000701200000|100%| O|  |TAMS 0x0000000701200000, 0x0000000701000000| Untracked 
|   9|0x0000000701200000, 0x0000000701400000, 0x0000000701400000|100%| O|  |TAMS 0x0000000701400000, 0x0000000701200000| Untracked 
|  10|0x0000000701400000, 0x0000000701600000, 0x0000000701600000|100%| O|  |TAMS 0x0000000701600000, 0x0000000701400000| Untracked 
|  11|0x0000000701600000, 0x0000000701800000, 0x0000000701800000|100%| O|  |TAMS 0x0000000701800000, 0x0000000701600000| Untracked 
|  12|0x0000000701800000, 0x0000000701a00000, 0x0000000701a00000|100%| O|  |TAMS 0x0000000701a00000, 0x0000000701800000| Untracked 
|  13|0x0000000701a00000, 0x0000000701c00000, 0x0000000701c00000|100%| O|  |TAMS 0x0000000701c00000, 0x0000000701a00000| Untracked 
|  14|0x0000000701c00000, 0x0000000701e00000, 0x0000000701e00000|100%| O|  |TAMS 0x0000000701e00000, 0x0000000701c00000| Untracked 
|  15|0x0000000701e00000, 0x0000000702000000, 0x0000000702000000|100%| O|  |TAMS 0x0000000702000000, 0x0000000701e00000| Untracked 
|  16|0x0000000702000000, 0x0000000702200000, 0x0000000702200000|100%| O|  |TAMS 0x0000000702200000, 0x0000000702000000| Untracked 
|  17|0x0000000702200000, 0x0000000702400000, 0x0000000702400000|100%| O|  |TAMS 0x0000000702400000, 0x0000000702200000| Untracked 
|  18|0x0000000702400000, 0x0000000702600000, 0x0000000702600000|100%| O|  |TAMS 0x0000000702600000, 0x0000000702400000| Untracked 
|  19|0x0000000702600000, 0x0000000702800000, 0x0000000702800000|100%| O|  |TAMS 0x0000000702800000, 0x0000000702600000| Untracked 
|  20|0x0000000702800000, 0x0000000702a00000, 0x0000000702a00000|100%|HS|  |TAMS 0x0000000702a00000, 0x0000000702800000| Complete 
|  21|0x0000000702a00000, 0x0000000702c00000, 0x0000000702c00000|100%|HC|  |TAMS 0x0000000702c00000, 0x0000000702a00000| Complete 
|  22|0x0000000702c00000, 0x0000000702e00000, 0x0000000702e00000|100%| O|  |TAMS 0x0000000702e00000, 0x0000000702c00000| Untracked 
|  23|0x0000000702e00000, 0x0000000703000000, 0x0000000703000000|100%| O|  |TAMS 0x0000000703000000, 0x0000000702e00000| Untracked 
|  24|0x0000000703000000, 0x0000000703200000, 0x0000000703200000|100%| O|  |TAMS 0x0000000703200000, 0x0000000703000000| Untracked 
|  25|0x0000000703200000, 0x0000000703400000, 0x0000000703400000|100%|HS|  |TAMS 0x0000000703400000, 0x0000000703200000| Complete 
|  26|0x0000000703400000, 0x0000000703600000, 0x0000000703600000|100%| O|  |TAMS 0x0000000703600000, 0x0000000703400000| Untracked 
|  27|0x0000000703600000, 0x0000000703800000, 0x0000000703800000|100%| O|  |TAMS 0x0000000703800000, 0x0000000703600000| Untracked 
|  28|0x0000000703800000, 0x0000000703a00000, 0x0000000703a00000|100%| O|  |TAMS 0x0000000703a00000, 0x0000000703800000| Untracked 
|  29|0x0000000703a00000, 0x0000000703c00000, 0x0000000703c00000|100%| O|  |TAMS 0x0000000703c00000, 0x0000000703a00000| Untracked 
|  30|0x0000000703c00000, 0x0000000703e00000, 0x0000000703e00000|100%| O|  |TAMS 0x0000000703e00000, 0x0000000703c00000| Untracked 
|  31|0x0000000703e00000, 0x0000000704000000, 0x0000000704000000|100%| O|  |TAMS 0x0000000704000000, 0x0000000703e00000| Untracked 
|  32|0x0000000704000000, 0x0000000704200000, 0x0000000704200000|100%| O|  |TAMS 0x0000000704200000, 0x0000000704000000| Untracked 
|  33|0x0000000704200000, 0x00000007043ffff8, 0x0000000704400000| 99%| O|  |TAMS 0x000000070430b600, 0x0000000704200000| Untracked 
|  34|0x0000000704400000, 0x0000000704600000, 0x0000000704600000|100%| O|  |TAMS 0x0000000704400000, 0x0000000704400000| Untracked 
|  35|0x0000000704600000, 0x000000070470ea00, 0x0000000704800000| 52%| O|  |TAMS 0x0000000704600000, 0x0000000704600000| Untracked 
|  36|0x0000000704800000, 0x0000000704800000, 0x0000000704a00000|  0%| F|  |TAMS 0x0000000704800000, 0x0000000704800000| Untracked 
|  37|0x0000000704a00000, 0x0000000704a00000, 0x0000000704c00000|  0%| F|  |TAMS 0x0000000704a00000, 0x0000000704a00000| Untracked 
|  38|0x0000000704c00000, 0x0000000704c00000, 0x0000000704e00000|  0%| F|  |TAMS 0x0000000704c00000, 0x0000000704c00000| Untracked 
|  39|0x0000000704e00000, 0x0000000704e00000, 0x0000000705000000|  0%| F|  |TAMS 0x0000000704e00000, 0x0000000704e00000| Untracked 
|  40|0x0000000705000000, 0x0000000705000000, 0x0000000705200000|  0%| F|  |TAMS 0x0000000705000000, 0x0000000705000000| Untracked 
|  41|0x0000000705200000, 0x0000000705200000, 0x0000000705400000|  0%| F|  |TAMS 0x0000000705200000, 0x0000000705200000| Untracked 
|  42|0x0000000705400000, 0x0000000705400000, 0x0000000705600000|  0%| F|  |TAMS 0x0000000705400000, 0x0000000705400000| Untracked 
|  43|0x0000000705600000, 0x0000000705600000, 0x0000000705800000|  0%| F|  |TAMS 0x0000000705600000, 0x0000000705600000| Untracked 
|  44|0x0000000705800000, 0x0000000705800000, 0x0000000705a00000|  0%| F|  |TAMS 0x0000000705800000, 0x0000000705800000| Untracked 
|  45|0x0000000705a00000, 0x0000000705a00000, 0x0000000705c00000|  0%| F|  |TAMS 0x0000000705a00000, 0x0000000705a00000| Untracked 
|  46|0x0000000705c00000, 0x0000000705c00000, 0x0000000705e00000|  0%| F|  |TAMS 0x0000000705c00000, 0x0000000705c00000| Untracked 
|  47|0x0000000705e00000, 0x0000000705e00000, 0x0000000706000000|  0%| F|  |TAMS 0x0000000705e00000, 0x0000000705e00000| Untracked 
|  48|0x0000000706000000, 0x0000000706000000, 0x0000000706200000|  0%| F|  |TAMS 0x0000000706000000, 0x0000000706000000| Untracked 
|  49|0x0000000706200000, 0x0000000706309bf0, 0x0000000706400000| 51%| S|CS|TAMS 0x0000000706200000, 0x0000000706200000| Complete 
|  50|0x0000000706400000, 0x0000000706600000, 0x0000000706600000|100%| S|CS|TAMS 0x0000000706400000, 0x0000000706400000| Complete 
|  51|0x0000000706600000, 0x0000000706800000, 0x0000000706800000|100%| S|CS|TAMS 0x0000000706600000, 0x0000000706600000| Complete 
|  52|0x0000000706800000, 0x0000000706a00000, 0x0000000706a00000|100%| S|CS|TAMS 0x0000000706800000, 0x0000000706800000| Complete 
|  53|0x0000000706a00000, 0x0000000706a00000, 0x0000000706c00000|  0%| F|  |TAMS 0x0000000706a00000, 0x0000000706a00000| Untracked 
|  54|0x0000000706c00000, 0x0000000706dedf90, 0x0000000706e00000| 96%| E|  |TAMS 0x0000000706c00000, 0x0000000706c00000| Complete 
|  55|0x0000000706e00000, 0x0000000707000000, 0x0000000707000000|100%| E|CS|TAMS 0x0000000706e00000, 0x0000000706e00000| Complete 
|  56|0x0000000707000000, 0x0000000707200000, 0x0000000707200000|100%| E|CS|TAMS 0x0000000707000000, 0x0000000707000000| Complete 
|  57|0x0000000707200000, 0x0000000707400000, 0x0000000707400000|100%| E|CS|TAMS 0x0000000707200000, 0x0000000707200000| Complete 
|  58|0x0000000707400000, 0x0000000707600000, 0x0000000707600000|100%| E|CS|TAMS 0x0000000707400000, 0x0000000707400000| Complete 
|  59|0x0000000707600000, 0x0000000707800000, 0x0000000707800000|100%| E|CS|TAMS 0x0000000707600000, 0x0000000707600000| Complete 
|  60|0x0000000707800000, 0x0000000707a00000, 0x0000000707a00000|100%| E|CS|TAMS 0x0000000707800000, 0x0000000707800000| Complete 
|  61|0x0000000707a00000, 0x0000000707c00000, 0x0000000707c00000|100%| E|CS|TAMS 0x0000000707a00000, 0x0000000707a00000| Complete 
|  62|0x0000000707c00000, 0x0000000707e00000, 0x0000000707e00000|100%| E|CS|TAMS 0x0000000707c00000, 0x0000000707c00000| Complete 
|  63|0x0000000707e00000, 0x0000000708000000, 0x0000000708000000|100%| E|CS|TAMS 0x0000000707e00000, 0x0000000707e00000| Complete 
|  64|0x0000000708000000, 0x0000000708200000, 0x0000000708200000|100%| E|CS|TAMS 0x0000000708000000, 0x0000000708000000| Complete 
|  65|0x0000000708200000, 0x0000000708400000, 0x0000000708400000|100%| E|CS|TAMS 0x0000000708200000, 0x0000000708200000| Complete 
|  66|0x0000000708400000, 0x0000000708600000, 0x0000000708600000|100%| E|CS|TAMS 0x0000000708400000, 0x0000000708400000| Complete 
|  67|0x0000000708600000, 0x0000000708800000, 0x0000000708800000|100%| E|CS|TAMS 0x0000000708600000, 0x0000000708600000| Complete 
|  98|0x000000070c400000, 0x000000070c600000, 0x000000070c600000|100%| E|CS|TAMS 0x000000070c400000, 0x000000070c400000| Complete 
|  99|0x000000070c600000, 0x000000070c800000, 0x000000070c800000|100%| E|CS|TAMS 0x000000070c600000, 0x000000070c600000| Complete 
| 100|0x000000070c800000, 0x000000070ca00000, 0x000000070ca00000|100%| E|CS|TAMS 0x000000070c800000, 0x000000070c800000| Complete 
| 101|0x000000070ca00000, 0x000000070cc00000, 0x000000070cc00000|100%| E|CS|TAMS 0x000000070ca00000, 0x000000070ca00000| Complete 
| 102|0x000000070cc00000, 0x000000070ce00000, 0x000000070ce00000|100%| E|CS|TAMS 0x000000070cc00000, 0x000000070cc00000| Complete 
| 127|0x000000070fe00000, 0x0000000710000000, 0x0000000710000000|100%| E|CS|TAMS 0x000000070fe00000, 0x000000070fe00000| Complete 

Card table byte_map: [0x0000022abf010000,0x0000022abf810000] _byte_map_base: 0x0000022abb810000

Marking Bits (Prev, Next): (CMBitMap*) 0x0000022aabe4ef80, (CMBitMap*) 0x0000022aabe4ef40
 Prev Bits: [0x0000022ac4010000, 0x0000022ac8010000)
 Next Bits: [0x0000022ac0010000, 0x0000022ac4010000)

Polling page: 0x0000022aa9b50000

Metaspace:

Usage:
  Non-class:     77.11 MB used.
      Class:     12.33 MB used.
       Both:     89.44 MB used.

Virtual space:
  Non-class space:      128.00 MB reserved,      77.50 MB ( 61%) committed,  2 nodes.
      Class space:        1.00 GB reserved,      12.62 MB (  1%) committed,  1 nodes.
             Both:        1.12 GB reserved,      90.12 MB (  8%) committed. 

Chunk freelists:
   Non-Class:  2.50 MB
       Class:  3.20 MB
        Both:  5.70 MB

MaxMetaspaceSize: 2.00 GB
CompressedClassSpaceSize: 1.00 GB
Initial GC threshold: 21.00 MB
Current GC threshold: 148.12 MB
CDS: off
MetaspaceReclaimPolicy: balanced
 - commit_granule_bytes: 65536.
 - commit_granule_words: 8192.
 - virtual_space_node_default_size: 8388608.
 - enlarge_chunks_in_place: 1.
 - new_chunks_are_fully_committed: 0.
 - uncommit_free_chunks: 1.
 - use_allocation_guard: 0.
 - handle_deallocations: 1.


Internal statistics:

num_allocs_failed_limit: 11.
num_arena_births: 862.
num_arena_deaths: 0.
num_vsnodes_births: 3.
num_vsnodes_deaths: 0.
num_space_committed: 1442.
num_space_uncommitted: 0.
num_chunks_returned_to_freelist: 11.
num_chunks_taken_from_freelist: 4183.
num_chunk_merges: 9.
num_chunk_splits: 2804.
num_chunks_enlarged: 1952.
num_inconsistent_stats: 0.

CodeHeap 'non-profiled nmethods': size=120000Kb used=5425Kb max_used=5765Kb free=114574Kb
 bounds [0x0000022ab6d90000, 0x0000022ab7360000, 0x0000022abe2c0000]
CodeHeap 'profiled nmethods': size=120000Kb used=16855Kb max_used=17419Kb free=103144Kb
 bounds [0x0000022aaf2c0000, 0x0000022ab03d0000, 0x0000022ab67f0000]
CodeHeap 'non-nmethods': size=5760Kb used=2400Kb max_used=2489Kb free=3359Kb
 bounds [0x0000022ab67f0000, 0x0000022ab6a80000, 0x0000022ab6d90000]
 total_blobs=9463 nmethods=8529 adapters=846
 compilation: enabled
              stopped_count=0, restarted_count=0
 full_count=0

Compilation events (20 events):
Event: 11.459 Thread 0x0000022acf0c5940 nmethod 9867 0x0000022aaf9bf090 code [0x0000022aaf9bf300, 0x0000022aaf9bff08]
Event: 11.459 Thread 0x0000022acf0c5940 9872       3       org.gradle.internal.component.external.model.AbstractVariantBackedConfigurationMetadata::getCapabilities (10 bytes)
Event: 11.459 Thread 0x0000022acf0c5940 nmethod 9872 0x0000022aaf74fe10 code [0x0000022aaf74ffc0, 0x0000022aaf7501a8]
Event: 11.459 Thread 0x0000022acf0c5940 9870       3       org.gradle.api.internal.artifacts.ivyservice.resolveengine.graph.builder.ComponentState::addConfiguration (12 bytes)
Event: 11.459 Thread 0x0000022acf0c5940 nmethod 9870 0x0000022aaf77ea10 code [0x0000022aaf77ebc0, 0x0000022aaf77eda8]
Event: 11.459 Thread 0x0000022acf0c5940 9871       3       org.gradle.internal.component.model.AbstractComponentGraphResolveState::<init> (15 bytes)
Event: 11.459 Thread 0x0000022acf0c5940 nmethod 9871 0x0000022aaf8dc090 code [0x0000022aaf8dc240, 0x0000022aaf8dc478]
Event: 11.459 Thread 0x0000022acf0c5940 9873       3       org.gradle.internal.component.external.model.AbstractVariantBackedConfigurationMetadata::getAttributes (15 bytes)
Event: 11.460 Thread 0x0000022acf0c5940 nmethod 9873 0x0000022aaf8dbb10 code [0x0000022aaf8dbcc0, 0x0000022aaf8dbf58]
Event: 11.460 Thread 0x0000022acf0c5940 9875       3       org.gradle.api.internal.artifacts.ivyservice.resolveengine.graph.builder.ModuleResolveState::getVersions (94 bytes)
Event: 11.460 Thread 0x0000022acf0c5940 nmethod 9875 0x0000022aaf9b0890 code [0x0000022aaf9b0b40, 0x0000022aaf9b1a78]
Event: 11.460 Thread 0x0000022acf0c5940 9878       3       org.gradle.api.internal.artifacts.ivyservice.ivyresolve.ErrorHandlingModuleComponentRepository$ErrorHandlingModuleComponentRepositoryAccess$$Lambda$774/0x0000000800828ee8::run (20 bytes)
Event: 11.461 Thread 0x0000022acf0c5940 nmethod 9878 0x0000022aaf8db410 code [0x0000022aaf8db5c0, 0x0000022aaf8db828]
Event: 11.461 Thread 0x0000022acf0c5940 9879       3       org.gradle.api.internal.artifacts.ivyservice.ivyresolve.ErrorHandlingModuleComponentRepository$ErrorHandlingModuleComponentRepositoryAccess::lambda$resolveComponentMetaData$5 (13 bytes)
Event: 11.461 Thread 0x0000022acf0c5940 nmethod 9879 0x0000022aafb5d890 code [0x0000022aafb5da40, 0x0000022aafb5dc28]
Event: 11.461 Thread 0x0000022acf0c5940 9880       3       org.gradle.api.internal.artifacts.ivyservice.ivyresolve.CachingModuleComponentRepository$LocateInCacheRepositoryAccess::resolveComponentMetaData (38 bytes)
Event: 11.461 Thread 0x0000022acf0c5940 nmethod 9880 0x0000022aafb5d010 code [0x0000022aafb5d200, 0x0000022aafb5d6a8]
Event: 11.461 Thread 0x0000022acf0c5940 9881       3       org.gradle.api.internal.artifacts.repositories.resolver.ExternalResourceResolver$LocalRepositoryAccess::resolveComponentMetaData (1 bytes)
Event: 11.461 Thread 0x0000022acf0c5940 nmethod 9881 0x0000022aaf73bb10 code [0x0000022aaf73bca0, 0x0000022aaf73bdb8]
Event: 11.461 Thread 0x0000022acf0c5940 9882       3       org.gradle.api.internal.artifacts.ivyservice.ivyresolve.CachingModuleComponentRepository$LocateInCacheRepositoryAccess::resolveComponentMetaDataFromCache (406 bytes)

GC Heap History (20 events):
Event: 7.528 GC heap before
{Heap before GC invocations=23 (full 0):
 garbage-first heap   total 100352K, used 73458K [0x0000000700000000, 0x0000000800000000)
  region size 2048K, 9 young (18432K), 1 survivors (2048K)
 Metaspace       used 67437K, committed 68032K, reserved 1114112K
  class space    used 9262K, committed 9536K, reserved 1048576K
}
Event: 7.530 GC heap after
{Heap after GC invocations=24 (full 0):
 garbage-first heap   total 100352K, used 58314K [0x0000000700000000, 0x0000000800000000)
  region size 2048K, 2 young (4096K), 2 survivors (4096K)
 Metaspace       used 67437K, committed 68032K, reserved 1114112K
  class space    used 9262K, committed 9536K, reserved 1048576K
}
Event: 7.728 GC heap before
{Heap before GC invocations=25 (full 0):
 garbage-first heap   total 102400K, used 72650K [0x0000000700000000, 0x0000000800000000)
  region size 2048K, 10 young (20480K), 2 survivors (4096K)
 Metaspace       used 69555K, committed 70144K, reserved 1114112K
  class space    used 9540K, committed 9792K, reserved 1048576K
}
Event: 7.730 GC heap after
{Heap after GC invocations=26 (full 0):
 garbage-first heap   total 102400K, used 59086K [0x0000000700000000, 0x0000000800000000)
  region size 2048K, 1 young (2048K), 1 survivors (2048K)
 Metaspace       used 69555K, committed 70144K, reserved 1114112K
  class space    used 9540K, committed 9792K, reserved 1048576K
}
Event: 7.754 GC heap before
{Heap before GC invocations=26 (full 0):
 garbage-first heap   total 102400K, used 61134K [0x0000000700000000, 0x0000000800000000)
  region size 2048K, 2 young (4096K), 1 survivors (2048K)
 Metaspace       used 69910K, committed 70528K, reserved 1114112K
  class space    used 9590K, committed 9856K, reserved 1048576K
}
Event: 7.756 GC heap after
{Heap after GC invocations=27 (full 0):
 garbage-first heap   total 151552K, used 58614K [0x0000000700000000, 0x0000000800000000)
  region size 2048K, 1 young (2048K), 1 survivors (2048K)
 Metaspace       used 69910K, committed 70528K, reserved 1114112K
  class space    used 9590K, committed 9856K, reserved 1048576K
}
Event: 8.307 GC heap before
{Heap before GC invocations=27 (full 0):
 garbage-first heap   total 151552K, used 99574K [0x0000000700000000, 0x0000000800000000)
  region size 2048K, 22 young (45056K), 1 survivors (2048K)
 Metaspace       used 74479K, committed 75136K, reserved 1114112K
  class space    used 10114K, committed 10432K, reserved 1048576K
}
Event: 8.313 GC heap after
{Heap after GC invocations=28 (full 0):
 garbage-first heap   total 151552K, used 62199K [0x0000000700000000, 0x0000000800000000)
  region size 2048K, 3 young (6144K), 3 survivors (6144K)
 Metaspace       used 74479K, committed 75136K, reserved 1114112K
  class space    used 10114K, committed 10432K, reserved 1048576K
}
Event: 8.804 GC heap before
{Heap before GC invocations=28 (full 0):
 garbage-first heap   total 151552K, used 103159K [0x0000000700000000, 0x0000000800000000)
  region size 2048K, 24 young (49152K), 3 survivors (6144K)
 Metaspace       used 78084K, committed 78656K, reserved 1179648K
  class space    used 10555K, committed 10816K, reserved 1048576K
}
Event: 8.808 GC heap after
{Heap after GC invocations=29 (full 0):
 garbage-first heap   total 151552K, used 65522K [0x0000000700000000, 0x0000000800000000)
  region size 2048K, 2 young (4096K), 2 survivors (4096K)
 Metaspace       used 78084K, committed 78656K, reserved 1179648K
  class space    used 10555K, committed 10816K, reserved 1048576K
}
Event: 9.230 GC heap before
{Heap before GC invocations=29 (full 0):
 garbage-first heap   total 151552K, used 110578K [0x0000000700000000, 0x0000000800000000)
  region size 2048K, 24 young (49152K), 2 survivors (4096K)
 Metaspace       used 80955K, committed 81600K, reserved 1179648K
  class space    used 10967K, committed 11264K, reserved 1048576K
}
Event: 9.234 GC heap after
{Heap after GC invocations=30 (full 0):
 garbage-first heap   total 151552K, used 68504K [0x0000000700000000, 0x0000000800000000)
  region size 2048K, 2 young (4096K), 2 survivors (4096K)
 Metaspace       used 80955K, committed 81600K, reserved 1179648K
  class space    used 10967K, committed 11264K, reserved 1048576K
}
Event: 9.576 GC heap before
{Heap before GC invocations=30 (full 0):
 garbage-first heap   total 151552K, used 113560K [0x0000000700000000, 0x0000000800000000)
  region size 2048K, 24 young (49152K), 2 survivors (4096K)
 Metaspace       used 82081K, committed 82752K, reserved 1179648K
  class space    used 11102K, committed 11392K, reserved 1048576K
}
Event: 9.580 GC heap after
{Heap after GC invocations=31 (full 0):
 garbage-first heap   total 151552K, used 71785K [0x0000000700000000, 0x0000000800000000)
  region size 2048K, 2 young (4096K), 2 survivors (4096K)
 Metaspace       used 82081K, committed 82752K, reserved 1179648K
  class space    used 11102K, committed 11392K, reserved 1048576K
}
Event: 9.845 GC heap before
{Heap before GC invocations=31 (full 0):
 garbage-first heap   total 151552K, used 114793K [0x0000000700000000, 0x0000000800000000)
  region size 2048K, 23 young (47104K), 2 survivors (4096K)
 Metaspace       used 83472K, committed 84096K, reserved 1179648K
  class space    used 11303K, committed 11584K, reserved 1048576K
}
Event: 9.848 GC heap after
{Heap after GC invocations=32 (full 0):
 garbage-first heap   total 151552K, used 72892K [0x0000000700000000, 0x0000000800000000)
  region size 2048K, 3 young (6144K), 3 survivors (6144K)
 Metaspace       used 83472K, committed 84096K, reserved 1179648K
  class space    used 11303K, committed 11584K, reserved 1048576K
}
Event: 10.286 GC heap before
{Heap before GC invocations=33 (full 0):
 garbage-first heap   total 151552K, used 117948K [0x0000000700000000, 0x0000000800000000)
  region size 2048K, 25 young (51200K), 3 survivors (6144K)
 Metaspace       used 86792K, committed 87488K, reserved 1179648K
  class space    used 11848K, committed 12160K, reserved 1048576K
}
Event: 10.290 GC heap after
{Heap after GC invocations=34 (full 0):
 garbage-first heap   total 151552K, used 76471K [0x0000000700000000, 0x0000000800000000)
  region size 2048K, 4 young (8192K), 4 survivors (8192K)
 Metaspace       used 86792K, committed 87488K, reserved 1179648K
  class space    used 11848K, committed 12160K, reserved 1048576K
}
Event: 10.812 GC heap before
{Heap before GC invocations=34 (full 0):
 garbage-first heap   total 151552K, used 119479K [0x0000000700000000, 0x0000000800000000)
  region size 2048K, 25 young (51200K), 4 survivors (8192K)
 Metaspace       used 90192K, committed 90880K, reserved 1179648K
  class space    used 12421K, committed 12736K, reserved 1048576K
}
Event: 10.819 GC heap after
{Heap after GC invocations=35 (full 0):
 garbage-first heap   total 151552K, used 79840K [0x0000000700000000, 0x0000000800000000)
  region size 2048K, 4 young (8192K), 4 survivors (8192K)
 Metaspace       used 90192K, committed 90880K, reserved 1179648K
  class space    used 12421K, committed 12736K, reserved 1048576K
}

Dll operation events (2 events):
Event: 0.005 Loaded shared library C:\Program Files\Android\Android Studio\jbr\bin\java.dll
Event: 0.382 Loaded shared library C:\Program Files\Android\Android Studio\jbr\bin\verify.dll

Deoptimization events (20 events):
Event: 11.209 Thread 0x0000022ad0c10a20 DEOPT PACKING pc=0x0000022ab02287ad sp=0x0000005447ef4190
Event: 11.210 Thread 0x0000022ad0c10a20 DEOPT UNPACKING pc=0x0000022ab6847143 sp=0x0000005447ef36b8 mode 0
Event: 11.229 Thread 0x0000022ad0c10a20 Uncommon trap: trap_request=0xffffff45 fr.pc=0x0000022ab7251be0 relative=0x0000000000000600
Event: 11.229 Thread 0x0000022ad0c10a20 Uncommon trap: reason=unstable_if action=reinterpret pc=0x0000022ab7251be0 method=java.lang.String.regionMatches(ZILjava/lang/String;II)Z @ 52 c2
Event: 11.229 Thread 0x0000022ad0c10a20 DEOPT PACKING pc=0x0000022ab7251be0 sp=0x0000005447ef3a80
Event: 11.229 Thread 0x0000022ad0c10a20 DEOPT UNPACKING pc=0x0000022ab68469a3 sp=0x0000005447ef39f8 mode 2
Event: 11.229 Thread 0x0000022ad0c10a20 Uncommon trap: trap_request=0xffffff45 fr.pc=0x0000022ab6fa84a4 relative=0x0000000000000464
Event: 11.229 Thread 0x0000022ad0c10a20 Uncommon trap: reason=unstable_if action=reinterpret pc=0x0000022ab6fa84a4 method=java.lang.StringLatin1.regionMatchesCI([BI[BII)Z @ 72 c2
Event: 11.229 Thread 0x0000022ad0c10a20 DEOPT PACKING pc=0x0000022ab6fa84a4 sp=0x0000005447ef39a0
Event: 11.229 Thread 0x0000022ad0c10a20 DEOPT UNPACKING pc=0x0000022ab68469a3 sp=0x0000005447ef3930 mode 2
Event: 11.234 Thread 0x0000022ad0c10a20 DEOPT PACKING pc=0x0000022ab02288ad sp=0x0000005447ef37b0
Event: 11.234 Thread 0x0000022ad0c10a20 DEOPT UNPACKING pc=0x0000022ab6847143 sp=0x0000005447ef2cd8 mode 0
Event: 11.254 Thread 0x0000022ad0c10a20 Uncommon trap: trap_request=0xffffff45 fr.pc=0x0000022ab7264630 relative=0x0000000000000f50
Event: 11.254 Thread 0x0000022ad0c10a20 Uncommon trap: reason=unstable_if action=reinterpret pc=0x0000022ab7264630 method=groovy.lang.MetaClassImpl.checkIfStdMethod(Lgroovy/lang/MetaMethod;)V @ 167 c2
Event: 11.254 Thread 0x0000022ad0c10a20 DEOPT PACKING pc=0x0000022ab7264630 sp=0x0000005447ef2a00
Event: 11.254 Thread 0x0000022ad0c10a20 DEOPT UNPACKING pc=0x0000022ab68469a3 sp=0x0000005447ef2970 mode 2
Event: 11.258 Thread 0x0000022ad0c10a20 Uncommon trap: trap_request=0xffffff45 fr.pc=0x0000022ab72661c8 relative=0x0000000000000c08
Event: 11.258 Thread 0x0000022ad0c10a20 Uncommon trap: reason=unstable_if action=reinterpret pc=0x0000022ab72661c8 method=groovy.lang.MetaClassImpl.checkIfStdMethod(Lgroovy/lang/MetaMethod;)V @ 167 c2
Event: 11.258 Thread 0x0000022ad0c10a20 DEOPT PACKING pc=0x0000022ab72661c8 sp=0x0000005447ef29a0
Event: 11.258 Thread 0x0000022ad0c10a20 DEOPT UNPACKING pc=0x0000022ab68469a3 sp=0x0000005447ef2978 mode 2

Classes unloaded (0 events):
No events

Classes redefined (0 events):
No events

Internal exceptions (20 events):
Event: 11.093 Thread 0x0000022ad0c10a20 Exception <a 'java/lang/ClassNotFoundException'{0x0000000707ca7580}: com/android/build/gradle/internal/res/LinkApplicationAndroidResourcesTaskCustomizer> (0x0000000707ca7580) 
thrown [s\src\hotspot\share\classfile\systemDictionary.cpp, line 256]
Event: 11.095 Thread 0x0000022ad0c10a20 Exception <a 'java/lang/ClassNotFoundException'{0x0000000707d0e5c8}: com/android/build/gradle/internal/res/LinkApplicationAndroidResourcesTask_DecoratedCustomizer> (0x0000000707d0e5c8) 
thrown [s\src\hotspot\share\classfile\systemDictionary.cpp, line 256]
Event: 11.115 Thread 0x0000022ad0c10a20 Exception <a 'java/lang/ClassNotFoundException'{0x0000000707a64790}: com/android/build/gradle/internal/tasks/CompressAssetsTask_DecoratedBeanInfo> (0x0000000707a64790) 
thrown [s\src\hotspot\share\classfile\systemDictionary.cpp, line 256]
Event: 11.116 Thread 0x0000022ad0c10a20 Exception <a 'java/lang/ClassNotFoundException'{0x0000000707a744b8}: com/android/build/gradle/internal/tasks/CompressAssetsTaskBeanInfo> (0x0000000707a744b8) 
thrown [s\src\hotspot\share\classfile\systemDictionary.cpp, line 256]
Event: 11.116 Thread 0x0000022ad0c10a20 Exception <a 'java/lang/ClassNotFoundException'{0x0000000707a841c0}: com/android/build/gradle/internal/tasks/CompressAssetsTaskCustomizer> (0x0000000707a841c0) 
thrown [s\src\hotspot\share\classfile\systemDictionary.cpp, line 256]
Event: 11.117 Thread 0x0000022ad0c10a20 Exception <a 'java/lang/ClassNotFoundException'{0x0000000707aa9d48}: com/android/build/gradle/internal/tasks/CompressAssetsTask_DecoratedCustomizer> (0x0000000707aa9d48) 
thrown [s\src\hotspot\share\classfile\systemDictionary.cpp, line 256]
Event: 11.135 Thread 0x0000022ad0c10a20 Exception <a 'java/lang/ClassNotFoundException'{0x0000000707b7d4a8}: com/android/build/gradle/internal/api/DefaultAndroidSourceSet_DecoratedBeanInfo> (0x0000000707b7d4a8) 
thrown [s\src\hotspot\share\classfile\systemDictionary.cpp, line 256]
Event: 11.135 Thread 0x0000022ad0c10a20 Exception <a 'java/lang/ClassNotFoundException'{0x0000000707b8d1f0}: com/android/build/gradle/internal/api/DefaultAndroidSourceSetBeanInfo> (0x0000000707b8d1f0) 
thrown [s\src\hotspot\share\classfile\systemDictionary.cpp, line 256]
Event: 11.136 Thread 0x0000022ad0c10a20 Exception <a 'java/lang/ClassNotFoundException'{0x0000000707b9d270}: com/android/build/gradle/internal/api/DefaultAndroidSourceSetCustomizer> (0x0000000707b9d270) 
thrown [s\src\hotspot\share\classfile\systemDictionary.cpp, line 256]
Event: 11.138 Thread 0x0000022ad0c10a20 Exception <a 'java/lang/ClassNotFoundException'{0x0000000707806fc8}: com/android/build/gradle/internal/api/DefaultAndroidSourceSet_DecoratedCustomizer> (0x0000000707806fc8) 
thrown [s\src\hotspot\share\classfile\systemDictionary.cpp, line 256]
Event: 11.143 Thread 0x0000022ad0c10a20 Exception <a 'java/lang/ClassNotFoundException'{0x000000070787f5f8}: com/android/build/gradle/internal/api/DefaultAndroidSourceDirectorySetBeanInfo> (0x000000070787f5f8) 
thrown [s\src\hotspot\share\classfile\systemDictionary.cpp, line 256]
Event: 11.149 Thread 0x0000022ad0c10a20 Exception <a 'java/lang/ClassNotFoundException'{0x000000070788f4a8}: com/android/build/gradle/internal/api/DefaultAndroidSourceDirectorySetCustomizer> (0x000000070788f4a8) 
thrown [s\src\hotspot\share\classfile\systemDictionary.cpp, line 256]
Event: 11.274 Thread 0x0000022ad0c10a20 Exception <a 'java/lang/ClassNotFoundException'{0x0000000707238d88}: java/lang/IntegerBeanInfo> (0x0000000707238d88) 
thrown [s\src\hotspot\share\classfile\systemDictionary.cpp, line 256]
Event: 11.274 Thread 0x0000022ad0c10a20 Exception <a 'java/lang/ClassNotFoundException'{0x0000000707242ce0}: java/lang/NumberBeanInfo> (0x0000000707242ce0) 
thrown [s\src\hotspot\share\classfile\systemDictionary.cpp, line 256]
Event: 11.275 Thread 0x0000022ad0c10a20 Exception <a 'java/lang/ClassNotFoundException'{0x000000070724cc30}: java/lang/NumberCustomizer> (0x000000070724cc30) 
thrown [s\src\hotspot\share\classfile\systemDictionary.cpp, line 256]
Event: 11.275 Thread 0x0000022ad0c10a20 Exception <a 'java/lang/ClassNotFoundException'{0x00000007072596a0}: java/lang/IntegerCustomizer> (0x00000007072596a0) 
thrown [s\src\hotspot\share\classfile\systemDictionary.cpp, line 256]
Event: 11.324 Thread 0x0000022ad0c10a20 Exception <a 'java/lang/ClassNotFoundException'{0x0000000707388fe0}: build_f0srlsa5vznkog7j8blhsloz4BeanInfo> (0x0000000707388fe0) 
thrown [s\src\hotspot\share\classfile\systemDictionary.cpp, line 256]
Event: 11.324 Thread 0x0000022ad0c10a20 Exception <a 'java/lang/ClassNotFoundException'{0x000000070738f830}: build_f0srlsa5vznkog7j8blhsloz4Customizer> (0x000000070738f830) 
thrown [s\src\hotspot\share\classfile\systemDictionary.cpp, line 256]
Event: 11.332 Thread 0x0000022ad0c10a20 Exception <a 'java/lang/ClassNotFoundException'{0x0000000707031550}: org/gradle/api/internal/initialization/DefaultScriptHandlerBeanInfo> (0x0000000707031550) 
thrown [s\src\hotspot\share\classfile\systemDictionary.cpp, line 256]
Event: 11.334 Thread 0x0000022ad0c10a20 Exception <a 'java/lang/ClassNotFoundException'{0x0000000707043910}: org/gradle/api/internal/initialization/DefaultScriptHandlerCustomizer> (0x0000000707043910) 
thrown [s\src\hotspot\share\classfile\systemDictionary.cpp, line 256]

VM Operations (20 events):
Event: 9.907 Executing VM operation: G1PauseCleanup
Event: 9.907 Executing VM operation: G1PauseCleanup done
Event: 9.978 Executing VM operation: HandshakeAllThreads
Event: 9.978 Executing VM operation: HandshakeAllThreads done
Event: 10.270 Executing VM operation: HandshakeAllThreads
Event: 10.270 Executing VM operation: HandshakeAllThreads done
Event: 10.286 Executing VM operation: G1CollectForAllocation
Event: 10.290 Executing VM operation: G1CollectForAllocation done
Event: 10.351 Executing VM operation: HandshakeAllThreads
Event: 10.351 Executing VM operation: HandshakeAllThreads done
Event: 10.444 Executing VM operation: HandshakeAllThreads
Event: 10.445 Executing VM operation: HandshakeAllThreads done
Event: 10.677 Executing VM operation: HandshakeAllThreads
Event: 10.678 Executing VM operation: HandshakeAllThreads done
Event: 10.811 Executing VM operation: G1CollectForAllocation
Event: 10.819 Executing VM operation: G1CollectForAllocation done
Event: 10.869 Executing VM operation: G1PauseRemark
Event: 10.872 Executing VM operation: G1PauseRemark done
Event: 10.890 Executing VM operation: G1PauseCleanup
Event: 10.891 Executing VM operation: G1PauseCleanup done

Events (20 events):
Event: 11.273 loading class java/lang/IntegerBeanInfo
Event: 11.273 loading class java/lang/IntegerBeanInfo done
Event: 11.273 loading class java/lang/IntegerBeanInfo
Event: 11.274 loading class java/lang/IntegerBeanInfo done
Event: 11.274 loading class java/lang/NumberBeanInfo
Event: 11.274 loading class java/lang/NumberBeanInfo done
Event: 11.274 loading class java/lang/NumberBeanInfo
Event: 11.274 loading class java/lang/NumberBeanInfo done
Event: 11.274 loading class java/lang/NumberCustomizer
Event: 11.274 loading class java/lang/NumberCustomizer done
Event: 11.274 loading class java/lang/NumberCustomizer
Event: 11.274 loading class java/lang/NumberCustomizer done
Event: 11.275 loading class java/lang/IntegerCustomizer
Event: 11.275 loading class java/lang/IntegerCustomizer done
Event: 11.275 loading class java/lang/IntegerCustomizer
Event: 11.275 loading class java/lang/IntegerCustomizer done
Event: 11.275 loading class jdk/internal/ValueBased
Event: 11.275 loading class jdk/internal/ValueBased done
Event: 11.277 loading class jdk/internal/reflect/UnsafeQualifiedStaticIntegerFieldAccessorImpl
Event: 11.277 loading class jdk/internal/reflect/UnsafeQualifiedStaticIntegerFieldAccessorImpl done


Dynamic libraries:
0x00007ff72f150000 - 0x00007ff72f15a000 	C:\Program Files\Android\Android Studio\jbr\bin\java.exe
0x00007ffcd23b0000 - 0x00007ffcd25a8000 	C:\WINDOWS\SYSTEM32\ntdll.dll
0x00007ffcd0b80000 - 0x00007ffcd0c41000 	C:\WINDOWS\System32\KERNEL32.DLL
0x00007ffccff80000 - 0x00007ffcd027d000 	C:\WINDOWS\System32\KERNELBASE.dll
0x00007ffccfe80000 - 0x00007ffccff80000 	C:\WINDOWS\System32\ucrtbase.dll
0x00007ffcb0580000 - 0x00007ffcb059b000 	C:\Program Files\Android\Android Studio\jbr\bin\VCRUNTIME140.dll
0x00007ffca95a0000 - 0x00007ffca95b7000 	C:\Program Files\Android\Android Studio\jbr\bin\jli.dll
0x00007ffcd0ff0000 - 0x00007ffcd118d000 	C:\WINDOWS\System32\USER32.dll
0x00007ffccfba0000 - 0x00007ffccfbc2000 	C:\WINDOWS\System32\win32u.dll
0x00007ffcaf920000 - 0x00007ffcafbba000 	C:\WINDOWS\WinSxS\amd64_microsoft.windows.common-controls_6595b64144ccf1df_6.0.19041.4355_none_60b8b9eb71f62e16\COMCTL32.dll
0x00007ffcd03e0000 - 0x00007ffcd040b000 	C:\WINDOWS\System32\GDI32.dll
0x00007ffcd12d0000 - 0x00007ffcd136e000 	C:\WINDOWS\System32\msvcrt.dll
0x00007ffccfbd0000 - 0x00007ffccfce7000 	C:\WINDOWS\System32\gdi32full.dll
0x00007ffcd02f0000 - 0x00007ffcd038d000 	C:\WINDOWS\System32\msvcp_win.dll
0x00007ffcd0d80000 - 0x00007ffcd0daf000 	C:\WINDOWS\System32\IMM32.DLL
0x00007ffcafde0000 - 0x00007ffcafdec000 	C:\Program Files\Android\Android Studio\jbr\bin\vcruntime140_1.dll
0x00007ffc53a50000 - 0x00007ffc53add000 	C:\Program Files\Android\Android Studio\jbr\bin\msvcp140.dll
0x00007ffc5d400000 - 0x00007ffc5e083000 	C:\Program Files\Android\Android Studio\jbr\bin\server\jvm.dll
0x00007ffcd1510000 - 0x00007ffcd15c0000 	C:\WINDOWS\System32\ADVAPI32.dll
0x00007ffcd0e10000 - 0x00007ffcd0eb0000 	C:\WINDOWS\System32\sechost.dll
0x00007ffcd0ec0000 - 0x00007ffcd0fe3000 	C:\WINDOWS\System32\RPCRT4.dll
0x00007ffccfe50000 - 0x00007ffccfe77000 	C:\WINDOWS\System32\bcrypt.dll
0x00007ffccf440000 - 0x00007ffccf48b000 	C:\WINDOWS\SYSTEM32\POWRPROF.dll
0x00007ffcc6260000 - 0x00007ffcc6287000 	C:\WINDOWS\SYSTEM32\WINMM.dll
0x00007ffcc8e50000 - 0x00007ffcc8e5a000 	C:\WINDOWS\SYSTEM32\VERSION.dll
0x00007ffcaa4e0000 - 0x00007ffcaa4e9000 	C:\WINDOWS\SYSTEM32\WSOCK32.dll
0x00007ffcd1250000 - 0x00007ffcd12bb000 	C:\WINDOWS\System32\WS2_32.dll
0x00007ffccf420000 - 0x00007ffccf432000 	C:\WINDOWS\SYSTEM32\UMPDC.dll
0x00007ffccd900000 - 0x00007ffccd912000 	C:\WINDOWS\SYSTEM32\kernel.appcore.dll
0x00007ffcaa4b0000 - 0x00007ffcaa4ba000 	C:\Program Files\Android\Android Studio\jbr\bin\jimage.dll
0x00007ffcc9740000 - 0x00007ffcc9924000 	C:\WINDOWS\SYSTEM32\DBGHELP.DLL
0x00007ffcbfa90000 - 0x00007ffcbfac4000 	C:\WINDOWS\SYSTEM32\dbgcore.DLL
0x00007ffccfa60000 - 0x00007ffccfae2000 	C:\WINDOWS\System32\bcryptPrimitives.dll
0x00007ffcaa480000 - 0x00007ffcaa4a5000 	C:\Program Files\Android\Android Studio\jbr\bin\java.dll
0x00007ffcaa460000 - 0x00007ffcaa478000 	C:\Program Files\Android\Android Studio\jbr\bin\zip.dll
0x00007ffcd0410000 - 0x00007ffcd0b7f000 	C:\WINDOWS\System32\SHELL32.dll
0x00007ffccdb00000 - 0x00007ffcce2a3000 	C:\WINDOWS\SYSTEM32\windows.storage.dll
0x00007ffcd2010000 - 0x00007ffcd2363000 	C:\WINDOWS\System32\combase.dll
0x00007ffccf490000 - 0x00007ffccf4be000 	C:\WINDOWS\SYSTEM32\Wldp.dll
0x00007ffcd1e60000 - 0x00007ffcd1f2d000 	C:\WINDOWS\System32\OLEAUT32.dll
0x00007ffcd11a0000 - 0x00007ffcd124d000 	C:\WINDOWS\System32\SHCORE.dll
0x00007ffcd0db0000 - 0x00007ffcd0e05000 	C:\WINDOWS\System32\shlwapi.dll
0x00007ffccf990000 - 0x00007ffccf9b4000 	C:\WINDOWS\SYSTEM32\profapi.dll
0x00007ffcaa440000 - 0x00007ffcaa459000 	C:\Program Files\Android\Android Studio\jbr\bin\net.dll
0x00007ffcc93a0000 - 0x00007ffcc94ad000 	C:\WINDOWS\SYSTEM32\WINHTTP.dll
0x00007ffccf120000 - 0x00007ffccf18a000 	C:\WINDOWS\system32\mswsock.dll
0x00007ffcaa420000 - 0x00007ffcaa436000 	C:\Program Files\Android\Android Studio\jbr\bin\nio.dll
0x00007ffca9f30000 - 0x00007ffca9f40000 	C:\Program Files\Android\Android Studio\jbr\bin\verify.dll
0x00007ffcc7c40000 - 0x00007ffcc7c67000 	C:\Users\DAVID\.gradle\native\c067742578af261105cb4f569cf0c3c89f3d7b1fecec35dd04571415982c5e48\windows-amd64\native-platform.dll
0x00007ffca1160000 - 0x00007ffca12a4000 	C:\Users\DAVID\.gradle\native\38dada09dfb8b06ba9b0570ebf7e218e3eb74d4ef43ca46872605cf95ebc2f47\windows-amd64\native-platform-file-events.dll
0x00007ffcaa0b0000 - 0x00007ffcaa0b9000 	C:\Program Files\Android\Android Studio\jbr\bin\management.dll
0x00007ffcaa0a0000 - 0x00007ffcaa0ab000 	C:\Program Files\Android\Android Studio\jbr\bin\management_ext.dll
0x00007ffcd1190000 - 0x00007ffcd1198000 	C:\WINDOWS\System32\PSAPI.DLL
0x00007ffccf380000 - 0x00007ffccf398000 	C:\WINDOWS\SYSTEM32\CRYPTSP.dll
0x00007ffccea40000 - 0x00007ffccea74000 	C:\WINDOWS\system32\rsaenh.dll
0x00007ffccf910000 - 0x00007ffccf93e000 	C:\WINDOWS\SYSTEM32\USERENV.dll
0x00007ffccf370000 - 0x00007ffccf37c000 	C:\WINDOWS\SYSTEM32\CRYPTBASE.dll
0x00007ffccee00000 - 0x00007ffccee3b000 	C:\WINDOWS\SYSTEM32\IPHLPAPI.DLL
0x00007ffcd0eb0000 - 0x00007ffcd0eb8000 	C:\WINDOWS\System32\NSI.dll
0x00007ffccb8d0000 - 0x00007ffccb8e7000 	C:\WINDOWS\SYSTEM32\dhcpcsvc6.DLL
0x00007ffccac20000 - 0x00007ffccac3d000 	C:\WINDOWS\SYSTEM32\dhcpcsvc.DLL
0x00007ffccee40000 - 0x00007ffccef0a000 	C:\WINDOWS\SYSTEM32\DNSAPI.dll
0x00007ffcaa2e0000 - 0x00007ffcaa2e9000 	C:\Program Files\Android\Android Studio\jbr\bin\extnet.dll
0x00007ffcaa2f0000 - 0x00007ffcaa2f7000 	C:\WINDOWS\system32\wshunix.dll

dbghelp: loaded successfully - version: 4.0.5 - missing functions: none
symbol engine: initialized successfully - sym options: 0x614 - pdb path: .;C:\Program Files\Android\Android Studio\jbr\bin;C:\WINDOWS\SYSTEM32;C:\WINDOWS\WinSxS\amd64_microsoft.windows.common-controls_6595b64144ccf1df_6.0.19041.4355_none_60b8b9eb71f62e16;C:\Program Files\Android\Android Studio\jbr\bin\server;C:\Users\DAVID\.gradle\native\c067742578af261105cb4f569cf0c3c89f3d7b1fecec35dd04571415982c5e48\windows-amd64;C:\Users\DAVID\.gradle\native\38dada09dfb8b06ba9b0570ebf7e218e3eb74d4ef43ca46872605cf95ebc2f47\windows-amd64

VM Arguments:
jvm_args: -XX:MaxMetaspaceSize=2G -XX:+HeapDumpOnOutOfMemoryError --add-opens=java.base/java.util=ALL-UNNAMED --add-opens=java.base/java.lang=ALL-UNNAMED --add-opens=java.base/java.lang.invoke=ALL-UNNAMED --add-opens=java.prefs/java.util.prefs=ALL-UNNAMED --add-opens=java.base/java.nio.charset=ALL-UNNAMED --add-opens=java.base/java.net=ALL-UNNAMED --add-opens=java.base/java.util.concurrent.atomic=ALL-UNNAMED -Xmx4G -Dfile.encoding=windows-1252 -Duser.country=BR -Duser.language=pt -Duser.variant 
java_command: org.gradle.launcher.daemon.bootstrap.GradleDaemon 7.6.3
java_class_path (initial): C:\Users\DAVID\.gradle\wrapper\dists\gradle-7.6.3-all\aocdy2d2z8kodnny3rsumj8i8\gradle-7.6.3\lib\gradle-launcher-7.6.3.jar
Launcher Type: SUN_STANDARD

[Global flags]
     intx CICompilerCount                          = 4                                         {product} {ergonomic}
     uint ConcGCThreads                            = 3                                         {product} {ergonomic}
     uint G1ConcRefinementThreads                  = 10                                        {product} {ergonomic}
   size_t G1HeapRegionSize                         = 2097152                                   {product} {ergonomic}
    uintx GCDrainStackTargetSize                   = 64                                        {product} {ergonomic}
     bool HeapDumpOnOutOfMemoryError               = true                                   {manageable} {command line}
   size_t InitialHeapSize                          = 268435456                                 {product} {ergonomic}
   size_t MarkStackSize                            = 4194304                                   {product} {ergonomic}
   size_t MaxHeapSize                              = 4294967296                                {product} {command line}
   size_t MaxMetaspaceSize                         = 2147483648                                {product} {command line}
   size_t MaxNewSize                               = 2575302656                                {product} {ergonomic}
   size_t MinHeapDeltaBytes                        = 2097152                                   {product} {ergonomic}
   size_t MinHeapSize                              = 8388608                                   {product} {ergonomic}
    uintx NonNMethodCodeHeapSize                   = 5839372                                {pd product} {ergonomic}
    uintx NonProfiledCodeHeapSize                  = 122909434                              {pd product} {ergonomic}
    uintx ProfiledCodeHeapSize                     = 122909434                              {pd product} {ergonomic}
    uintx ReservedCodeCacheSize                    = 251658240                              {pd product} {ergonomic}
     bool SegmentedCodeCache                       = true                                      {product} {ergonomic}
   size_t SoftMaxHeapSize                          = 4294967296                             {manageable} {ergonomic}
     bool UseCompressedClassPointers               = true                           {product lp64_product} {ergonomic}
     bool UseCompressedOops                        = true                           {product lp64_product} {ergonomic}
     bool UseG1GC                                  = true                                      {product} {ergonomic}
     bool UseLargePagesIndividualAllocation        = false                                  {pd product} {ergonomic}

Logging:
Log output configuration:
 #0: stdout all=warning uptime,level,tags
 #1: stderr all=off uptime,level,tags

Environment Variables:
JAVA_HOME=C:\Program Files\Android\Android Studio\jbr
CLASSPATH=D:\DOCUMENTOS\PROJETO_FLUTTER\dmega\android\\gradle\wrapper\gradle-wrapper.jar
PATH=C:\Program Files\Android\Android Studio\jbr\bin;C:\WINDOWS\system32;C:\WINDOWS;C:\WINDOWS\System32\Wbem;C:\WINDOWS\System32\WindowsPowerShell\v1.0\;C:\WINDOWS\System32\OpenSSH\;C:\Program Files\Git\cmd;C:\Users\DAVID\AppData\Local\Microsoft\WindowsApps;C:\Users\DAVID\AppData\Local\Programs\Microsoft VS Code\bin;C:\src\flutter\bin;;C:\src\flutter\bin\mingit\cmd;C:\src\flutter\bin\mingit\cmd
USERNAME=DAVID
OS=Windows_NT
PROCESSOR_IDENTIFIER=AMD64 Family 23 Model 8 Stepping 2, AuthenticAMD
TMP=C:\Users\DAVID\AppData\Local\Temp
TEMP=C:\Users\DAVID\AppData\Local\Temp



Periodic native trim disabled

JNI global refs:
JNI global refs: 25, weak refs: 0

JNI global refs memory usage: 843, weak refs: 209

Process memory usage:
Resident Set Size: 425456K (2% of 16699976K total physical memory with 2620212K free physical memory)

OOME stack traces (most recent first):
Classloader memory used:
Loader org.gradle.internal.classloader.VisitableURLClassLoader                         : 4818K
Loader bootstrap                                                                       : 2848K
Loader org.gradle.internal.classloader.VisitableURLClassLoader                         : 2335K
Loader org.gradle.initialization.MixInLegacyTypesClassLoader                           : 1266K
Loader jdk.internal.loader.ClassLoaders$PlatformClassLoader                            : 66887B
Loader jdk.internal.reflect.DelegatingClassLoader                                      : 40387B
Loader org.gradle.groovy.scripts.internal.DefaultScriptCompilationHandler$ScriptClassLoader: 26477B
Loader jdk.internal.loader.ClassLoaders$AppClassLoader                                 : 26016B
Loader org.codehaus.groovy.runtime.callsite.CallSiteClassLoader                        : 23972B
Loader sun.reflect.misc.MethodUtil                                                     : 373B

Classes loaded by more than one classloader:
Class Program                                                                         : loaded 6 times (x 70B)
Class com.google.common.collect.UsingToStringOrdering                                 : loaded 2 times (x 112B)
Class com.google.common.collect.Iterators$MergingIterator                             : loaded 2 times (x 79B)
Class org.objectweb.asm.ModuleVisitor                                                 : loaded 2 times (x 78B)
Class [Lcom.google.common.collect.AbstractMapEntry;                                   : loaded 2 times (x 67B)
Class com.google.common.collect.SingletonImmutableList                                : loaded 2 times (x 167B)
Class com.google.common.cache.CacheLoader$SupplierToCacheLoader                       : loaded 2 times (x 73B)
Class org.gradle.internal.classpath.ClassPath                                         : loaded 2 times (x 68B)
Class com.google.common.cache.RemovalListener                                         : loaded 2 times (x 68B)
Class org.gradle.api.internal.classpath.DefaultModuleRegistry                         : loaded 2 times (x 84B)
Class com.google.common.collect.ImmutableEnumSet                                      : loaded 2 times (x 146B)
Class com.google.common.collect.ListMultimap                                          : loaded 2 times (x 68B)
Class com.google.common.base.CharMatcher$JavaDigit                                    : loaded 2 times (x 109B)
Class com.google.common.base.CharMatcher$Digit                                        : loaded 2 times (x 110B)
Class com.google.common.collect.AbstractMultimap                                      : loaded 2 times (x 121B)
Class com.google.common.cache.CacheBuilder$OneWeigher                                 : loaded 2 times (x 80B)
Class org.gradle.api.Action                                                           : loaded 2 times (x 68B)
Class com.google.common.collect.ImmutableEntry                                        : loaded 2 times (x 80B)
Class com.google.common.collect.Lists$StringAsImmutableList                           : loaded 2 times (x 167B)
Class com.google.common.cache.LocalCache$StrongEntry                                  : loaded 2 times (x 106B)
Class org.objectweb.asm.FieldWriter                                                   : loaded 2 times (x 75B)
Class settings_duotokjbmbnzbfkkjgkxshmti                                              : loaded 2 times (x 177B)
Class com.google.common.base.CharMatcher                                              : loaded 2 times (x 109B)
Class com.google.common.base.CharMatcher$IsNot                                        : loaded 2 times (x 109B)
Class com.google.common.collect.SetMultimap                                           : loaded 2 times (x 68B)
Class com.google.common.base.Splitter                                                 : loaded 2 times (x 70B)
Class [Lcom.google.common.cache.Weigher;                                              : loaded 2 times (x 67B)
Class com.google.common.collect.Iterators$ArrayItr                                    : loaded 2 times (x 95B)
Class com.google.common.cache.LocalCache$Segment                                      : loaded 2 times (x 152B)
Class org.gradle.api.internal.DefaultClassPathProvider                                : loaded 2 times (x 74B)
Class org.gradle.internal.installation.GradleInstallation$1                           : loaded 2 times (x 73B)
Class com.google.common.cache.LocalCache$AbstractReferenceEntry                       : loaded 2 times (x 105B)
Class org.objectweb.asm.Type                                                          : loaded 2 times (x 70B)
Class com.google.common.util.concurrent.AbstractFuture$Failure                        : loaded 2 times (x 70B)
Class com.google.common.base.CharMatcher$BitSetMatcher                                : loaded 2 times (x 110B)
Class com.google.common.collect.ImmutableMap$IteratorBasedImmutableMap                : loaded 2 times (x 123B)
Class com.google.common.collect.ImmutableMap                                          : loaded 2 times (x 118B)
Class com.google.common.collect.AbstractMapBasedMultimap$Itr                          : loaded 2 times (x 81B)
Class com.google.common.base.Converter                                                : loaded 2 times (x 88B)
Class com.google.common.base.Equivalence                                              : loaded 2 times (x 80B)
Class com.google.common.cache.LocalCache$EntryFactory$1                               : loaded 2 times (x 81B)
Class com.google.common.primitives.Ints                                               : loaded 2 times (x 69B)
Class com.google.common.cache.LocalCache$EntryFactory$2                               : loaded 2 times (x 81B)
Class com.google.common.cache.LocalCache$EntryFactory$3                               : loaded 2 times (x 81B)
Class com.google.common.cache.LocalCache$EntryFactory$4                               : loaded 2 times (x 81B)
Class com.google.common.cache.LocalCache$EntryFactory$5                               : loaded 2 times (x 81B)
Class com.google.common.cache.LocalCache$EntryFactory$6                               : loaded 2 times (x 81B)
Class com.google.common.cache.LocalCache$EntryFactory$7                               : loaded 2 times (x 81B)
Class com.google.common.cache.LocalCache$EntryFactory$8                               : loaded 2 times (x 81B)
Class com.google.common.base.Predicate                                                : loaded 2 times (x 68B)
Class com.google.common.cache.LocalCache$StrongValueReference                         : loaded 2 times (x 88B)
Class org.gradle.internal.classloader.FilteringClassLoader                            : loaded 2 times (x 103B)
Class com.google.common.collect.RegularImmutableSet                                   : loaded 2 times (x 146B)
Class [Lcom.google.common.cache.LocalCache$Strength;                                  : loaded 2 times (x 67B)
Class org.gradle.internal.classpath.DefaultClassPath$ImmutableUniqueList$Builder      : loaded 2 times (x 73B)
Class com.google.common.collect.ExplicitOrdering                                      : loaded 2 times (x 113B)
Class com.google.common.collect.Maps$8                                                : loaded 2 times (x 80B)
Class com.google.common.base.PatternCompiler                                          : loaded 2 times (x 68B)
Class [Lcom.google.common.cache.CacheBuilder$NullListener;                            : loaded 2 times (x 67B)
Class com.google.common.base.CharMatcher$InRange                                      : loaded 2 times (x 109B)
Class com.google.common.collect.Maps$KeySet                                           : loaded 2 times (x 135B)
Class com.google.common.collect.Sets$SetView                                          : loaded 2 times (x 136B)
Class com.google.common.collect.BiMap                                                 : loaded 2 times (x 68B)
Class com.google.common.collect.Lists                                                 : loaded 2 times (x 69B)
Class org.objectweb.asm.AnnotationWriter                                              : loaded 2 times (x 76B)
Class com.google.common.math.IntMath$1                                                : loaded 2 times (x 69B)
Class org.gradle.internal.classloader.ClassLoaderVisitor                              : loaded 2 times (x 74B)
Class org.objectweb.asm.Label                                                         : loaded 2 times (x 71B)
Class com.google.common.cache.CacheBuilder$NullListener                               : loaded 2 times (x 80B)
Class com.google.common.math.MathPreconditions                                        : loaded 2 times (x 69B)
Class org.gradle.internal.service.DefaultServiceLocator                               : loaded 2 times (x 81B)
Class org.gradle.internal.service.UnknownServiceException                             : loaded 2 times (x 81B)
Class com.google.common.util.concurrent.AbstractFuture$SynchronizedHelper             : loaded 2 times (x 74B)
Class com.google.common.collect.ArrayListMultimap                                     : loaded 2 times (x 170B)
Class com.google.common.base.Strings                                                  : loaded 2 times (x 69B)
Class com.google.common.cache.CacheLoader$InvalidCacheLoadException                   : loaded 2 times (x 80B)
Class org.gradle.internal.classloader.DefaultClassLoaderFactory                       : loaded 2 times (x 80B)
Class com.google.common.collect.UnmodifiableIterator                                  : loaded 2 times (x 78B)
Class com.google.common.collect.Sets$2$1                                              : loaded 2 times (x 80B)
Class com.google.common.base.Stopwatch                                                : loaded 2 times (x 70B)
Class com.google.common.base.Platform$JdkPatternCompiler                              : loaded 2 times (x 73B)
Class com.google.common.cache.LocalCache$LoadingValueReference                        : loaded 2 times (x 94B)
Class com.google.common.base.CharMatcher$SingleWidth                                  : loaded 2 times (x 110B)
Class com.google.common.collect.Hashing                                               : loaded 2 times (x 69B)
Class com.google.common.collect.NullsFirstOrdering                                    : loaded 2 times (x 113B)
Class com.google.common.collect.NaturalOrdering                                       : loaded 2 times (x 113B)
Class com.google.common.base.JdkPattern                                               : loaded 2 times (x 73B)
Class com.google.common.collect.ByFunctionOrdering                                    : loaded 2 times (x 113B)
Class com.google.common.collect.Multimap                                              : loaded 2 times (x 68B)
Class com.google.common.base.FunctionalEquivalence                                    : loaded 2 times (x 81B)
Class org.objectweb.asm.AnnotationVisitor                                             : loaded 2 times (x 75B)
Class org.objectweb.asm.RecordComponentWriter                                         : loaded 2 times (x 76B)
Class com.google.common.cache.LocalCache$1                                            : loaded 2 times (x 87B)
Class com.google.common.cache.LocalCache$2                                            : loaded 2 times (x 140B)
Class org.gradle.internal.classloader.VisitableURLClassLoader$Spec                    : loaded 2 times (x 72B)
Class org.gradle.api.GradleException                                                  : loaded 2 times (x 80B)
Class com.google.common.base.CharMatcher$JavaLetterOrDigit                            : loaded 2 times (x 109B)
Class org.gradle.api.internal.classpath.ModuleRegistry                                : loaded 2 times (x 68B)
Class com.google.common.collect.CompoundOrdering                                      : loaded 2 times (x 113B)
Class com.google.common.cache.CacheBuilder                                            : loaded 2 times (x 70B)
Class org.objectweb.asm.ByteVector                                                    : loaded 2 times (x 76B)
Class com.google.common.collect.ImmutableCollection                                   : loaded 2 times (x 123B)
Class com.google.common.base.PairwiseEquivalence                                      : loaded 2 times (x 81B)
Class com.google.common.base.Ticker                                                   : loaded 2 times (x 70B)
Class org.gradle.api.internal.ClassPathProvider                                       : loaded 2 times (x 68B)
Class com.google.common.collect.RegularImmutableMap$Values                            : loaded 2 times (x 167B)
Class org.objectweb.asm.ModuleWriter                                                  : loaded 2 times (x 79B)
Class org.gradle.internal.classloader.ClasspathUtil$1                                 : loaded 2 times (x 74B)
Class com.google.common.collect.ImmutableEnumMap                                      : loaded 2 times (x 123B)
Class com.google.common.collect.ImmutableList$ReverseImmutableList                    : loaded 2 times (x 168B)
Class [Lorg.jetbrains.kotlin.utils.DescriptionAware;                                  : loaded 2 times (x 67B)
Class com.google.common.cache.AbstractCache$StatsCounter                              : loaded 2 times (x 68B)
Class org.objectweb.asm.FieldVisitor                                                  : loaded 2 times (x 74B)
Class org.objectweb.asm.Symbol                                                        : loaded 2 times (x 71B)
Class com.google.common.collect.Ordering                                              : loaded 2 times (x 112B)
Class com.google.common.cache.LocalCache$Strength$1                                   : loaded 2 times (x 79B)
Class com.google.common.cache.LocalCache$Strength$2                                   : loaded 2 times (x 79B)
Class com.google.common.cache.LocalCache$Strength$3                                   : loaded 2 times (x 79B)
Class org.gradle.internal.classloader.ClassLoaderFactory                              : loaded 2 times (x 68B)
Class com.google.common.collect.ObjectArrays                                          : loaded 2 times (x 69B)
Class com.google.common.util.concurrent.AbstractFuture$Waiter                         : loaded 2 times (x 70B)
Class com.google.common.util.concurrent.Uninterruptibles                              : loaded 2 times (x 69B)
Class com.google.common.collect.Iterators$10                                          : loaded 2 times (x 79B)
Class com.google.common.collect.Iterators$EmptyModifiableIterator                     : loaded 2 times (x 84B)
Class com.google.common.collect.ImmutableList                                         : loaded 2 times (x 166B)
Class org.gradle.api.internal.classpath.ManifestUtil                                  : loaded 2 times (x 69B)
Class org.gradle.api.specs.Spec                                                       : loaded 2 times (x 68B)
Class com.google.common.cache.CacheLoader$UnsupportedLoadingOperationException        : loaded 2 times (x 80B)
Class com.google.common.base.CharMatcher$Whitespace                                   : loaded 2 times (x 110B)
Class com.google.common.util.concurrent.ListenableFuture                              : loaded 2 times (x 68B)
Class com.google.common.collect.Iterators$1                                           : loaded 2 times (x 79B)
Class com.google.common.collect.Iterators$4                                           : loaded 2 times (x 80B)
Class com.google.common.collect.Iterators$5                                           : loaded 2 times (x 80B)
Class com.google.common.util.concurrent.AbstractFuture$UnsafeAtomicHelper             : loaded 2 times (x 74B)
Class com.google.common.base.Joiner                                                   : loaded 2 times (x 77B)
Class com.google.common.base.Equivalence$Equals                                       : loaded 2 times (x 80B)
Class com.google.common.base.Preconditions                                            : loaded 2 times (x 69B)
Class com.google.common.base.Function                                                 : loaded 2 times (x 68B)
Class com.google.common.collect.Iterators$9                                           : loaded 2 times (x 79B)
Class org.gradle.internal.IoActions                                                   : loaded 2 times (x 69B)
Class com.google.common.collect.AllEqualOrdering                                      : loaded 2 times (x 112B)
Class com.google.common.collect.ComparatorOrdering                                    : loaded 2 times (x 113B)
Class com.google.common.cache.ReferenceEntry                                          : loaded 2 times (x 68B)
Class com.google.common.collect.RegularImmutableMap$KeySet                            : loaded 2 times (x 148B)
Class com.google.common.collect.CollectPreconditions                                  : loaded 2 times (x 69B)
Class com.google.common.primitives.IntsMethodsForWeb                                  : loaded 2 times (x 69B)
Class com.google.common.collect.LexicographicalOrdering                               : loaded 2 times (x 113B)
Class com.google.common.collect.Maps                                                  : loaded 2 times (x 69B)
Class com.google.common.collect.RegularImmutableMap                                   : loaded 2 times (x 119B)
Class com.google.common.collect.AbstractIndexedListIterator                           : loaded 2 times (x 94B)
Class com.google.common.base.CharMatcher$None                                         : loaded 2 times (x 110B)
Class org.gradle.api.internal.classpath.EffectiveClassPath                            : loaded 2 times (x 88B)
Class com.google.common.collect.UnmodifiableListIterator                              : loaded 2 times (x 93B)
Class com.google.common.cache.CacheLoader$FunctionToCacheLoader                       : loaded 2 times (x 73B)
Class com.google.common.cache.CacheBuilder$1                                          : loaded 2 times (x 83B)
Class com.google.common.cache.CacheBuilder$2                                          : loaded 2 times (x 77B)
Class com.google.common.collect.ImmutableList$1                                       : loaded 2 times (x 95B)
Class com.google.common.base.Splitter$Strategy                                        : loaded 2 times (x 68B)
Class com.google.common.cache.CacheBuilder$3                                          : loaded 2 times (x 70B)
Class com.google.common.collect.ImmutableMapEntrySet$RegularEntrySet                  : loaded 2 times (x 149B)
Class [Lcom.google.common.cache.RemovalListener;                                      : loaded 2 times (x 67B)
Class [Lcom.google.common.collect.ImmutableMapEntry;                                  : loaded 2 times (x 67B)
Class org.gradle.internal.installation.CurrentGradleInstallation                      : loaded 2 times (x 71B)
Class org.gradle.internal.installation.CurrentGradleInstallationLocator               : loaded 2 times (x 69B)
Class [Lcom.google.common.cache.LocalCache$Segment;                                   : loaded 2 times (x 67B)
Class org.gradle.api.internal.classpath.Module                                        : loaded 2 times (x 68B)
Class com.google.common.base.Splitter$1$1                                             : loaded 2 times (x 84B)
Class com.google.common.collect.ImmutableSet$JdkBackedSetBuilderImpl                  : loaded 2 times (x 74B)
Class Dependency_version_checker_gradle                                               : loaded 2 times (x 128B)
Class [Lorg.jetbrains.kotlin.config.LanguageOrApiVersion;                             : loaded 2 times (x 67B)
Class com.google.common.collect.ImmutableSet$RegularSetBuilderImpl                    : loaded 2 times (x 75B)
Class [Lorg.objectweb.asm.AnnotationWriter;                                           : loaded 2 times (x 67B)
Class org.gradle.internal.service.CachingServiceLocator                               : loaded 2 times (x 80B)
Class [Lcom.google.common.collect.ImmutableEntry;                                     : loaded 2 times (x 67B)
Class com.google.common.collect.Sets$ImprovedAbstractSet                              : loaded 2 times (x 133B)
Class org.gradle.internal.classpath.DefaultClassPath                                  : loaded 2 times (x 88B)
Class org.gradle.api.Transformer                                                      : loaded 2 times (x 68B)
Class com.google.common.util.concurrent.AbstractFuture$SetFuture                      : loaded 2 times (x 73B)
Class build_c8uv2zr4rumwgjqhqkejb7pm5$_run_closure1                                   : loaded 2 times (x 134B)
Class com.google.common.base.Splitter$SplittingIterator                               : loaded 2 times (x 82B)
Class com.google.common.cache.LocalCache$LocalManualCache$1                           : loaded 2 times (x 73B)
Class org.objectweb.asm.SymbolTable$Entry                                             : loaded 2 times (x 72B)
Class [Lcom.google.common.cache.LocalCache$EntryFactory;                              : loaded 2 times (x 67B)
Class com.google.common.base.CharMatcher$Is                                           : loaded 2 times (x 109B)
Class com.google.common.base.Platform                                                 : loaded 2 times (x 69B)
Class com.google.common.collect.RegularImmutableAsList                                : loaded 2 times (x 176B)
Class com.google.common.collect.PeekingIterator                                       : loaded 2 times (x 68B)
Class com.google.common.collect.ImmutableMapEntrySet                                  : loaded 2 times (x 149B)
Class build_c8uv2zr4rumwgjqhqkejb7pm5                                                 : loaded 2 times (x 178B)
Class com.google.common.cache.CacheLoader                                             : loaded 2 times (x 72B)
Class com.google.common.collect.ImmutableBiMapFauxverideShim                          : loaded 2 times (x 118B)
Class org.objectweb.asm.MethodTooLargeException                                       : loaded 2 times (x 81B)
Class NativePluginLoader$getDependenciesMetadata$0                                    : loaded 2 times (x 150B)
Class com.google.common.cache.Cache                                                   : loaded 2 times (x 68B)
Class org.jetbrains.kotlin.config.ApiVersion                                          : loaded 2 times (x 83B)
Class org.gradle.internal.classloader.SystemClassLoaderSpec                           : loaded 2 times (x 69B)
Class com.google.common.util.concurrent.internal.InternalFutureFailureAccess          : loaded 2 times (x 70B)
Class com.google.common.base.Charsets                                                 : loaded 2 times (x 69B)
Class org.jetbrains.kotlin.utils.DescriptionAware                                     : loaded 2 times (x 68B)
Class com.google.common.primitives.Ints$IntConverter                                  : loaded 2 times (x 88B)
Class com.google.common.collect.SingletonImmutableSet                                 : loaded 2 times (x 146B)
Class [Lcom.google.common.base.AbstractIterator$State;                                : loaded 2 times (x 67B)
Class com.google.common.collect.ImmutableMap$Builder                                  : loaded 2 times (x 78B)
Class com.google.common.base.AbstractIterator                                         : loaded 2 times (x 78B)
Class org.objectweb.asm.ClassWriter                                                   : loaded 2 times (x 102B)
Class org.jetbrains.kotlin.config.LanguageVersion                                     : loaded 2 times (x 87B)
Class com.google.common.base.AbstractIterator$1                                       : loaded 2 times (x 69B)
Class [Lcom.google.common.cache.CacheBuilder$OneWeigher;                              : loaded 2 times (x 67B)
Class com.google.common.collect.Iterators                                             : loaded 2 times (x 69B)
Class com.google.common.base.CharMatcher$1                                            : loaded 2 times (x 111B)
Class com.google.common.base.CharMatcher$Ascii                                        : loaded 2 times (x 110B)
Class org.gradle.api.UncheckedIOException                                             : loaded 2 times (x 80B)
Class com.google.common.base.CharMatcher$And                                          : loaded 2 times (x 110B)
Class com.google.common.collect.IndexedImmutableSet                                   : loaded 2 times (x 148B)
Class native_plugin_loader_7dik9rqpj677pep4bin0xqtrk                                  : loaded 2 times (x 175B)
Class com.google.common.collect.IndexedImmutableSet$1                                 : loaded 2 times (x 172B)
Class com.google.common.collect.AbstractListMultimap                                  : loaded 2 times (x 170B)
Class com.google.common.base.CharMatcher$Any                                          : loaded 2 times (x 110B)
Class org.gradle.internal.installation.GradleInstallation                             : loaded 2 times (x 73B)
Class com.google.common.cache.LocalCache$Strength                                     : loaded 2 times (x 79B)
Class com.google.common.collect.AbstractMapBasedMultimap$KeySet                       : loaded 2 times (x 135B)
Class com.google.common.collect.ArrayListMultimapGwtSerializationDependencies         : loaded 2 times (x 170B)
Class com.google.common.base.CharMatcher$RangesMatcher                                : loaded 2 times (x 110B)
Class org.objectweb.asm.Handler                                                       : loaded 2 times (x 70B)
Class com.google.common.collect.ImmutableList$SubList                                 : loaded 2 times (x 168B)
Class com.google.common.cache.LocalCache$ValueReference                               : loaded 2 times (x 68B)
Class org.gradle.internal.classloader.ClasspathUtil                                   : loaded 2 times (x 69B)
Class org.objectweb.asm.CurrentFrame                                                  : loaded 2 times (x 71B)
Class com.google.common.util.concurrent.AbstractFuture                                : loaded 2 times (x 93B)
Class com.google.common.base.Splitter$1                                               : loaded 2 times (x 75B)
Class com.google.common.collect.ReverseOrdering                                       : loaded 2 times (x 113B)
Class com.google.common.base.Ticker$1                                                 : loaded 2 times (x 70B)
Class com.google.common.collect.Maps$BiMapConverter                                   : loaded 2 times (x 88B)
Class org.gradle.api.internal.DefaultClassPathRegistry                                : loaded 2 times (x 74B)
Class org.jetbrains.kotlin.config.LanguageOrApiVersion                                : loaded 2 times (x 68B)
Class com.google.common.util.concurrent.AbstractFuture$Cancellation                   : loaded 2 times (x 70B)
Class [Lorg.objectweb.asm.Symbol;                                                     : loaded 2 times (x 67B)
Class com.google.common.collect.Multimaps$Entries                                     : loaded 2 times (x 116B)
Class com.google.common.collect.ImmutableSet$SetBuilderImpl                           : loaded 2 times (x 74B)
Class org.gradle.api.internal.classpath.DefaultModuleRegistry$DefaultModule           : loaded 2 times (x 84B)
Class com.google.common.base.CharMatcher$JavaIsoControl                               : loaded 2 times (x 110B)
Class com.google.common.collect.ImmutableMap$1                                        : loaded 2 times (x 79B)
Class com.google.common.base.CharMatcher$Or                                           : loaded 2 times (x 110B)
Class com.google.common.base.Suppliers$SupplierOfInstance                             : loaded 2 times (x 77B)
Class org.objectweb.asm.RecordComponentVisitor                                        : loaded 2 times (x 75B)
Class com.google.common.collect.Iterables                                             : loaded 2 times (x 69B)
Class com.google.common.base.CharMatcher$JavaLowerCase                                : loaded 2 times (x 109B)
Class org.objectweb.asm.ClassTooLargeException                                        : loaded 2 times (x 81B)
Class org.jetbrains.kotlin.config.LanguageVersion$Companion                           : loaded 2 times (x 69B)
Class org.gradle.api.internal.classpath.UnknownModuleException                        : loaded 2 times (x 80B)
Class com.google.common.util.concurrent.AbstractFuture$Listener                       : loaded 2 times (x 70B)
Class org.objectweb.asm.Edge                                                          : loaded 2 times (x 70B)
Class com.google.common.collect.Maps$EntryTransformer                                 : loaded 2 times (x 68B)
Class com.google.common.collect.ImmutableCollection$Builder                           : loaded 2 times (x 74B)
Class native_plugin_loader_7dik9rqpj677pep4bin0xqtrk$_run_closure1                    : loaded 2 times (x 134B)
Class [Lorg.objectweb.asm.SymbolTable$Entry;                                          : loaded 2 times (x 67B)
Class com.google.common.base.CommonPattern                                            : loaded 2 times (x 72B)
Class com.google.common.base.Suppliers                                                : loaded 2 times (x 69B)
Class [Lcom.google.common.collect.Iterators$EmptyModifiableIterator;                  : loaded 2 times (x 67B)
Class org.objectweb.asm.ClassVisitor                                                  : loaded 2 times (x 85B)
Class com.google.common.cache.LoadingCache                                            : loaded 2 times (x 68B)
Class org.gradle.internal.service.ServiceLookupException                              : loaded 2 times (x 80B)
Class org.gradle.cache.GlobalCache                                                    : loaded 2 times (x 68B)
Class NativePluginLoader                                                              : loaded 2 times (x 91B)
Class com.google.common.base.CharMatcher$NegatedFastMatcher                           : loaded 2 times (x 111B)
Class [Lorg.gradle.api.internal.ClassPathProvider;                                    : loaded 2 times (x 67B)
Class com.google.common.util.concurrent.AbstractFuture$SafeAtomicHelper               : loaded 2 times (x 75B)
Class org.gradle.util.internal.GUtil                                                  : loaded 2 times (x 69B)
Class com.google.common.math.IntMath                                                  : loaded 2 times (x 69B)
Class com.google.common.collect.AbstractIterator                                      : loaded 2 times (x 80B)
Class org.gradle.internal.classloader.ClassLoaderSpec                                 : loaded 2 times (x 69B)
Class NativePluginLoader$_getPlugins_closure1                                         : loaded 2 times (x 134B)
Class org.objectweb.asm.Frame                                                         : loaded 2 times (x 71B)
Class com.google.common.cache.LocalCache$LocalManualCache                             : loaded 2 times (x 97B)
Class com.google.common.collect.AbstractMapEntry                                      : loaded 2 times (x 79B)
Class com.google.common.collect.ImmutableList$Builder                                 : loaded 2 times (x 75B)
Class com.google.common.base.CharMatcher$Negated                                      : loaded 2 times (x 111B)
Class com.google.common.cache.CacheLoader$1                                           : loaded 2 times (x 73B)
Class com.google.common.util.concurrent.AbstractFuture$TrustedFuture                  : loaded 2 times (x 95B)
Class com.google.common.collect.Sets                                                  : loaded 2 times (x 69B)
Class com.google.common.collect.ImmutableSet$Builder                                  : loaded 2 times (x 83B)
Class com.google.common.base.CharMatcher$ForPredicate                                 : loaded 2 times (x 110B)
Class com.google.common.collect.ImmutableMap$MapViewOfValuesAsSingletonSets           : loaded 2 times (x 123B)
Class com.google.common.base.MoreObjects                                              : loaded 2 times (x 69B)
Class com.google.common.collect.SortedMapDifference                                   : loaded 2 times (x 68B)
Class org.objectweb.asm.SymbolTable                                                   : loaded 2 times (x 70B)
Class [Lorg.objectweb.asm.AnnotationVisitor;                                          : loaded 2 times (x 67B)
Class com.google.common.cache.CacheStats                                              : loaded 2 times (x 69B)
Class org.objectweb.asm.Attribute                                                     : loaded 2 times (x 75B)
Class org.gradle.internal.classloader.VisitableURLClassLoader                         : loaded 2 times (x 115B)
Class com.google.common.cache.LocalCache$LocalLoadingCache                            : loaded 2 times (x 132B)
Class com.google.common.base.Supplier                                                 : loaded 2 times (x 68B)
Class com.google.common.util.concurrent.AbstractFuture$AtomicHelper                   : loaded 2 times (x 74B)
Class com.google.common.collect.ImmutableBiMap                                        : loaded 2 times (x 142B)
Class org.gradle.internal.Cast                                                        : loaded 2 times (x 69B)
Class Build_gradle                                                                    : loaded 2 times (x 128B)
Class org.gradle.api.internal.ClassPathRegistry                                       : loaded 2 times (x 68B)
Class com.google.common.cache.LocalCache$EntryFactory                                 : loaded 2 times (x 81B)
Class com.google.common.util.concurrent.UncheckedExecutionException                   : loaded 2 times (x 80B)
Class com.google.common.collect.ImmutableSet                                          : loaded 2 times (x 145B)
Class org.gradle.internal.classloader.ClassLoaderHierarchy                            : loaded 2 times (x 68B)
Class NativePluginLoader$getPlugins                                                   : loaded 2 times (x 150B)
Class [Lorg.objectweb.asm.Type;                                                       : loaded 2 times (x 67B)
Class com.google.common.base.AbstractIterator$State                                   : loaded 2 times (x 77B)
Class org.jetbrains.kotlin.config.LanguageVersionSettings                             : loaded 2 times (x 68B)
Class com.google.common.cache.Weigher                                                 : loaded 2 times (x 68B)
Class com.google.common.base.CharMatcher$NamedFastMatcher                             : loaded 2 times (x 110B)
Class org.gradle.internal.service.ServiceLocator                                      : loaded 2 times (x 68B)
Class com.google.common.util.concurrent.SettableFuture                                : loaded 2 times (x 95B)
Class com.google.common.collect.ImmutableMapEntry                                     : loaded 2 times (x 83B)
Class com.google.common.base.CharMatcher$Invisible                                    : loaded 2 times (x 110B)
Class com.google.common.base.Joiner$1                                                 : loaded 2 times (x 78B)
Class com.google.common.base.Joiner$2                                                 : loaded 2 times (x 77B)
Class com.google.common.base.CharMatcher$FastMatcher                                  : loaded 2 times (x 109B)
Class [Lorg.jetbrains.kotlin.config.LanguageVersion;                                  : loaded 2 times (x 67B)
Class org.gradle.internal.classpath.DefaultClassPath$ImmutableUniqueList              : loaded 2 times (x 159B)
Class com.google.common.base.CharMatcher$JavaLetter                                   : loaded 2 times (x 109B)
Class com.google.common.collect.MapDifference                                         : loaded 2 times (x 68B)
Class com.google.common.collect.Sets$1                                                : loaded 2 times (x 137B)
Class com.google.common.collect.Sets$2                                                : loaded 2 times (x 137B)
Class com.google.common.util.concurrent.AbstractFuture$Trusted                        : loaded 2 times (x 68B)
Class com.google.common.collect.Sets$3                                                : loaded 2 times (x 137B)
Class com.google.common.collect.Sets$4                                                : loaded 2 times (x 137B)
Class org.objectweb.asm.MethodWriter                                                  : loaded 2 times (x 103B)
Class com.google.common.collect.Platform                                              : loaded 2 times (x 69B)
Class com.google.common.collect.ImmutableAsList                                       : loaded 2 times (x 169B)
Class com.google.common.util.concurrent.ExecutionError                                : loaded 2 times (x 80B)
Class com.google.common.base.Equivalence$Identity                                     : loaded 2 times (x 80B)
Class com.google.common.base.CharMatcher$AnyOf                                        : loaded 2 times (x 110B)
Class com.google.common.base.CharMatcher$IsEither                                     : loaded 2 times (x 109B)
Class com.google.common.cache.LocalCache                                              : loaded 2 times (x 185B)
Class com.google.common.collect.RegularImmutableList                                  : loaded 2 times (x 172B)
Class com.google.common.util.concurrent.AbstractFuture$UnsafeAtomicHelper$1           : loaded 2 times (x 74B)
Class com.google.common.base.CharMatcher$JavaUpperCase                                : loaded 2 times (x 109B)
Class com.google.common.collect.Multiset                                              : loaded 2 times (x 68B)
Class com.google.common.collect.AbstractMultimap$Entries                              : loaded 2 times (x 118B)
Class org.objectweb.asm.MethodVisitor                                                 : loaded 2 times (x 102B)
Class com.google.common.collect.NullsLastOrdering                                     : loaded 2 times (x 113B)
Class com.google.common.collect.AbstractMapBasedMultimap$KeySet$1                     : loaded 2 times (x 80B)
Class com.google.common.collect.ImmutableMapEntry$NonTerminalImmutableMapEntry        : loaded 2 times (x 83B)
Class com.google.common.collect.AbstractMapBasedMultimap                              : loaded 2 times (x 137B)


---------------  S Y S T E M  ---------------

OS:
 Windows 10 , 64 bit Build 19041 (10.0.19041.4842)
OS uptime: 0 days 2:10 hours

CPU: total 12 (initial active 12) (12 cores per cpu, 2 threads per core) family 23 model 8 stepping 2 microcode 0x0, cx8, cmov, fxsr, ht, mmx, 3dnowpref, sse, sse2, sse3, ssse3, sse4a, sse4.1, sse4.2, popcnt, lzcnt, tsc, tscinvbit, avx, avx2, aes, clmul, bmi1, bmi2, adx, sha, fma, vzeroupper, clflush, clflushopt
Processor Information for all 12 processors :
  Max Mhz: 3200, Current Mhz: 3200, Mhz Limit: 3200

Memory: 4k page, system-wide physical 16308M (2558M free)
TotalPageFile size 18356M (AvailPageFile size 12M)
current process WorkingSet (physical memory assigned to process): 419M, peak: 431M
current process commit charge ("private bytes"): 464M, peak: 477M

vm_info: OpenJDK 64-Bit Server VM (17.0.11+0--11852314) for windows-amd64 JRE (17.0.11+0--11852314), built on May 16 2024 21:29:20 by "androidbuild" with MS VC++ 16.10 / 16.11 (VS2019)

END.
