#
# There is insufficient memory for the Java Runtime Environment to continue.
# Native memory allocation (malloc) failed to allocate 1566768 bytes. Error detail: Chunk::new
# Possible reasons:
#   The system is out of physical RAM or swap space
#   This process is running with CompressedOops enabled, and the Java Heap may be blocking the growth of the native heap
# Possible solutions:
#   Reduce memory load on the system
#   Increase physical memory or swap space
#   Check if swap backing store is full
#   Decrease Java heap size (-Xmx/-Xms)
#   Decrease number of Java threads
#   Decrease Java thread stack sizes (-Xss)
#   Set larger code cache with -XX:ReservedCodeCacheSize=
#   JVM is running with Zero Based Compressed Oops mode in which the Java heap is
#     placed in the first 32GB address space. The Java Heap base address is the
#     maximum limit for the native heap growth. Please use -XX:HeapBaseMinAddress
#     to set the Java Heap base and to place the Java Heap above 32GB virtual address.
# This output file may be truncated or incomplete.
#
#  Out of Memory Error (arena.cpp:191), pid=7860, tid=11956
#
# JRE version: OpenJDK Runtime Environment (17.0.11) (build 17.0.11+0--11852314)
# Java VM: OpenJDK 64-Bit Server VM (17.0.11+0--11852314, mixed mode, tiered, compressed oops, compressed class ptrs, g1 gc, windows-amd64)
# No core dump will be written. Minidumps are not enabled by default on client versions of Windows
#

---------------  S U M M A R Y ------------

Command Line: -XX:MaxMetaspaceSize=2G -XX:+HeapDumpOnOutOfMemoryError --add-opens=java.base/java.util=ALL-UNNAMED --add-opens=java.base/java.lang=ALL-UNNAMED --add-opens=java.base/java.lang.invoke=ALL-UNNAMED --add-opens=java.prefs/java.util.prefs=ALL-UNNAMED --add-opens=java.base/java.nio.charset=ALL-UNNAMED --add-opens=java.base/java.net=ALL-UNNAMED --add-opens=java.base/java.util.concurrent.atomic=ALL-UNNAMED -Xmx4G -Dfile.encoding=windows-1252 -Duser.country=BR -Duser.language=pt -Duser.variant org.gradle.launcher.daemon.bootstrap.GradleDaemon 7.6.3

Host: AMD Ryzen 5 1600 Six-Core Processor            , 12 cores, 15G,  Windows 10 , 64 bit Build 19041 (10.0.19041.4842)
Time: Sat Sep 21 14:41:57 2024 Hora oficial do Brasil elapsed time: 76.741327 seconds (0d 0h 1m 16s)

---------------  T H R E A D  ---------------

Current thread (0x00000284b4c79b00):  JavaThread "C2 CompilerThread2" daemon [_thread_in_native, id=11956, stack(0x0000009c8e000000,0x0000009c8e100000)]


Current CompileTask:
C2:  76741 27270 % !   4       com.android.ide.common.resources.DataMerger::mergeData @ 247 (611 bytes)

Stack: [0x0000009c8e000000,0x0000009c8e100000]
Native frames: (J=compiled Java code, j=interpreted, Vv=VM code, C=native code)
V  [jvm.dll+0x687bb9]
V  [jvm.dll+0x84142a]
V  [jvm.dll+0x8430ae]
V  [jvm.dll+0x843713]
V  [jvm.dll+0x24a35f]
V  [jvm.dll+0xac544]
V  [jvm.dll+0xacb8c]
V  [jvm.dll+0x369c37]
V  [jvm.dll+0x1be312]
V  [jvm.dll+0x21c029]
V  [jvm.dll+0x21b311]
V  [jvm.dll+0x1a63ed]
V  [jvm.dll+0x22b1ee]
V  [jvm.dll+0x229375]
V  [jvm.dll+0x7f5647]
V  [jvm.dll+0x7efa4a]
V  [jvm.dll+0x686a35]
C  [ucrtbase.dll+0x21bb2]
C  [KERNEL32.DLL+0x17374]
C  [ntdll.dll+0x4cc91]


---------------  P R O C E S S  ---------------

Threads class SMR info:
_java_thread_list=0x00000284b31309d0, length=233, elements={
0x000002848f2d2960, 0x00000284ae371620, 0x00000284ae372dd0, 0x00000284ae39f7d0,
0x00000284ae3a30c0, 0x00000284ae3a4740, 0x00000284ae3b9010, 0x00000284ae3ba950,
0x00000284ae3bb260, 0x00000284ae3c7820, 0x00000284ae53b420, 0x00000284ae52e470,
0x00000284b4c9f8f0, 0x00000284b4cdbf60, 0x00000284b477e030, 0x00000284b54ecaf0,
0x00000284b5518360, 0x00000284b4e98900, 0x00000284b4e979d0, 0x00000284b4e98e10,
0x00000284b4e97ee0, 0x00000284b4e99320, 0x00000284b4e96590, 0x00000284b4e96080,
0x00000284b4e983f0, 0x00000284b4e96aa0, 0x00000284b4e96fb0, 0x00000284b4e974c0,
0x00000284b76ccab0, 0x00000284b76c83d0, 0x00000284b76c6f90, 0x00000284b76c6a80,
0x00000284b76c79b0, 0x00000284b76cbb80, 0x00000284b76c6060, 0x00000284b76c8df0,
0x00000284b76cb160, 0x00000284b76ccfc0, 0x00000284b76c88e0, 0x00000284b76c74a0,
0x00000284b76ca230, 0x00000284b76c9810, 0x00000284b76c9d20, 0x00000284b76cc090,
0x00000284b76cd4d0, 0x00000284b76cd9e0, 0x00000284b76c6570, 0x00000284b8702b70,
0x00000284b8708690, 0x00000284b8708180, 0x00000284b8702150, 0x00000284b8707250,
0x00000284b8708ba0, 0x00000284b8706830, 0x00000284b8703080, 0x00000284b8704ee0,
0x00000284b8703590, 0x00000284b87044c0, 0x00000284b8703aa0, 0x00000284b8703fb0,
0x00000284b8706320, 0x00000284b87049d0, 0x00000284b8707c70, 0x00000284b87090b0,
0x00000284b8709ad0, 0x00000284b8705900, 0x00000284b87053f0, 0x00000284b8706d40,
0x00000284b8702660, 0x00000284b8705e10, 0x00000284b8707760, 0x00000284b6d59eb0,
0x00000284b6d60900, 0x00000284b6d5cc40, 0x00000284b6d5efb0, 0x00000284b6d61320,
0x00000284b6d5f4c0, 0x00000284b6d61830, 0x00000284b6d5c220, 0x00000284b6d5d150,
0x00000284b6d5eaa0, 0x00000284b6d5a3c0, 0x00000284b6d5db70, 0x00000284b6d5a8d0,
0x00000284b6d5e080, 0x00000284b6d5f9d0, 0x00000284b6d5ade0, 0x00000284b6d60e10,
0x00000284b6d5b2f0, 0x00000284b6d5b800, 0x00000284b6d5bd10, 0x00000284b6d5c730,
0x00000284b6d5d660, 0x00000284b6d5e590, 0x00000284b6d5fee0, 0x00000284b6d603f0,
0x00000284b52e84f0, 0x00000284b52e8a00, 0x00000284b52e33f0, 0x00000284b52e4320,
0x00000284b52e8f10, 0x00000284b52ea860, 0x00000284b52e9420, 0x00000284b52e6690,
0x00000284b52e6ba0, 0x00000284b52e3e10, 0x00000284b52ea350, 0x00000284b52ead70,
0x00000284b52e3900, 0x00000284b52e4830, 0x00000284b52e75c0, 0x00000284b52e9930,
0x00000284b52e4d40, 0x00000284b52e9e40, 0x00000284b52e7ad0, 0x00000284b52e5250,
0x00000284b52e5760, 0x00000284b52e5c70, 0x00000284b52e6180, 0x00000284b52e70b0,
0x00000284b52e7fe0, 0x00000284b7c468e0, 0x00000284b7c459b0, 0x00000284b7c44570,
0x00000284b7c44f90, 0x00000284b7c45ec0, 0x00000284b7c4a5a0, 0x00000284b7c47300,
0x00000284b7c4afc0, 0x00000284b7c46df0, 0x00000284b7c463d0, 0x00000284b7c454a0,
0x00000284b7c47810, 0x00000284b7c47d20, 0x00000284b7c4aab0, 0x00000284b7c48740,
0x00000284b7c4b4d0, 0x00000284b7c49160, 0x00000284b7c48c50, 0x00000284b7c48230,
0x00000284b7c49670, 0x00000284b7c49b80, 0x00000284b7c44060, 0x00000284b7c4a090,
0x00000284b7c4b9e0, 0x00000284b7c44a80, 0x00000284b3317ef0, 0x00000284b331b190,
0x00000284b331a770, 0x00000284b331a260, 0x00000284b3319840, 0x00000284b3318e20,
0x00000284b3319330, 0x00000284b33174d0, 0x00000284b331bbb0, 0x00000284b331cff0,
0x00000284b3319d50, 0x00000284b3316090, 0x00000284b331cae0, 0x00000284b331ac80,
0x00000284b33179e0, 0x00000284b3315b80, 0x00000284b3316ab0, 0x00000284b331b6a0,
0x00000284b3318400, 0x00000284b331c0c0, 0x00000284b33165a0, 0x00000284b331c5d0,
0x00000284b3318910, 0x00000284b331d500, 0x00000284b3316fc0, 0x00000284b75b7530,
0x00000284b75b2940, 0x00000284b75b4290, 0x00000284b75b47a0, 0x00000284b75b6600,
0x00000284b75b8970, 0x00000284b75b60f0, 0x00000284b75b3360, 0x00000284b75b3870,
0x00000284b75b4cb0, 0x00000284b75b3d80, 0x00000284b75b56d0, 0x00000284b4b75da0,
0x00000284b4b7c2e0, 0x00000284b4b78110, 0x00000284b4b79040, 0x00000284b4b79550,
0x00000284b4b7a990, 0x00000284b4b75890, 0x00000284b4b79a60, 0x00000284b4b7aea0,
0x00000284b4b76cd0, 0x00000284b4b771e0, 0x00000284b4b78620, 0x00000284b75ba2c0,
0x00000284b4e99830, 0x00000284b3bcb540, 0x00000284b3bca610, 0x00000284b3bcb030,
0x00000284b3bce2d0, 0x00000284b3bcc980, 0x00000284b3bce7e0, 0x00000284b3bcba50,
0x00000284b3bd1a80, 0x00000284b3bcab20, 0x00000284b3bd24a0, 0x00000284b3bd4300,
0x00000284b3bd5740, 0x00000284b3bd6670, 0x00000284b3bd33d0, 0x00000284b3bd38e0,
0x00000284b3bd3df0, 0x00000284b3bd0b50, 0x00000284b3bd4810, 0x00000284b3bd5230,
0x00000284b3bd5c50, 0x00000284b3bd7090, 0x00000284b3bd6b80, 0x00000284b3bcfc20,
0x00000284b3bd75a0, 0x00000284b3bd0130, 0x00000284b3bd7ab0, 0x00000284b3bd0640,
0x00000284b3bd7fc0, 0x00000284b3bd84d0, 0x00000284b3bd89e0, 0x00000284b3bd8ef0,
0x00000284b3bd9910, 0x00000284b4b7b8c0, 0x00000284b4c75b40, 0x00000284b4c79b00,
0x00000284be368050
}

Java Threads: ( => current thread )
  0x000002848f2d2960 JavaThread "main" [_thread_blocked, id=7080, stack(0x0000009c81400000,0x0000009c81500000)]
  0x00000284ae371620 JavaThread "Reference Handler" daemon [_thread_blocked, id=1232, stack(0x0000009c81b00000,0x0000009c81c00000)]
  0x00000284ae372dd0 JavaThread "Finalizer" daemon [_thread_blocked, id=7220, stack(0x0000009c81c00000,0x0000009c81d00000)]
  0x00000284ae39f7d0 JavaThread "Signal Dispatcher" daemon [_thread_blocked, id=5468, stack(0x0000009c81d00000,0x0000009c81e00000)]
  0x00000284ae3a30c0 JavaThread "Attach Listener" daemon [_thread_blocked, id=4284, stack(0x0000009c81e00000,0x0000009c81f00000)]
  0x00000284ae3a4740 JavaThread "Service Thread" daemon [_thread_blocked, id=11232, stack(0x0000009c81f00000,0x0000009c82000000)]
  0x00000284ae3b9010 JavaThread "Monitor Deflation Thread" daemon [_thread_blocked, id=12436, stack(0x0000009c82000000,0x0000009c82100000)]
  0x00000284ae3ba950 JavaThread "C2 CompilerThread0" daemon [_thread_in_native, id=6460, stack(0x0000009c82100000,0x0000009c82200000)]
  0x00000284ae3bb260 JavaThread "C1 CompilerThread0" daemon [_thread_blocked, id=5028, stack(0x0000009c82200000,0x0000009c82300000)]
  0x00000284ae3c7820 JavaThread "Sweeper thread" daemon [_thread_blocked, id=6088, stack(0x0000009c82300000,0x0000009c82400000)]
  0x00000284ae53b420 JavaThread "Common-Cleaner" daemon [_thread_blocked, id=4812, stack(0x0000009c82400000,0x0000009c82500000)]
  0x00000284ae52e470 JavaThread "Notification Thread" daemon [_thread_blocked, id=11060, stack(0x0000009c82500000,0x0000009c82600000)]
  0x00000284b4c9f8f0 JavaThread "Daemon health stats" [_thread_blocked, id=4416, stack(0x0000009c82e00000,0x0000009c82f00000)]
  0x00000284b4cdbf60 JavaThread "Incoming local TCP Connector on port 56239" [_thread_in_native, id=10516, stack(0x0000009c82f00000,0x0000009c83000000)]
  0x00000284b477e030 JavaThread "Daemon periodic checks" [_thread_blocked, id=8860, stack(0x0000009c83000000,0x0000009c83100000)]
  0x00000284b54ecaf0 JavaThread "Daemon" [_thread_blocked, id=7972, stack(0x0000009c83100000,0x0000009c83200000)]
  0x00000284b5518360 JavaThread "Handler for socket connection from /127.0.0.1:56239 to /127.0.0.1:56240" [_thread_in_native, id=10036, stack(0x0000009c83200000,0x0000009c83300000)]
  0x00000284b4e98900 JavaThread "Cancel handler" [_thread_blocked, id=8524, stack(0x0000009c83300000,0x0000009c83400000)]
  0x00000284b4e979d0 JavaThread "Daemon worker" [_thread_blocked, id=10576, stack(0x0000009c83400000,0x0000009c83500000)]
  0x00000284b4e98e10 JavaThread "Asynchronous log dispatcher for DefaultDaemonConnection: socket connection from /127.0.0.1:56239 to /127.0.0.1:56240" [_thread_blocked, id=7832, stack(0x0000009c83500000,0x0000009c83600000)]
  0x00000284b4e97ee0 JavaThread "Stdin handler" [_thread_blocked, id=11900, stack(0x0000009c83600000,0x0000009c83700000)]
  0x00000284b4e99320 JavaThread "Daemon client event forwarder" [_thread_blocked, id=1924, stack(0x0000009c83700000,0x0000009c83800000)]
  0x00000284b4e96590 JavaThread "Cache worker for journal cache (C:\Users\DAVID\.gradle\caches\journal-1)" [_thread_blocked, id=1512, stack(0x0000009c83800000,0x0000009c83900000)]
  0x00000284b4e96080 JavaThread "File lock request listener" [_thread_in_native, id=3592, stack(0x0000009c83900000,0x0000009c83a00000)]
  0x00000284b4e983f0 JavaThread "Cache worker for file hash cache (C:\Users\DAVID\.gradle\caches\7.6.3\fileHashes)" [_thread_blocked, id=1764, stack(0x0000009c84000000,0x0000009c84100000)]
  0x00000284b4e96aa0 JavaThread "File watcher server" daemon [_thread_in_native, id=10476, stack(0x0000009c84100000,0x0000009c84200000)]
  0x00000284b4e96fb0 JavaThread "File watcher consumer" daemon [_thread_blocked, id=11804, stack(0x0000009c84200000,0x0000009c84300000)]
  0x00000284b4e974c0 JavaThread "Cache worker for checksums cache (D:\DOCUMENTOS\PROJETO_FLUTTER\dmega\android\.gradle\7.6.3\checksums)" [_thread_blocked, id=3024, stack(0x0000009c84300000,0x0000009c84400000)]
  0x00000284b76ccab0 JavaThread "Cache worker for cache directory md-rule (C:\Users\DAVID\.gradle\caches\7.6.3\md-rule)" [_thread_blocked, id=4828, stack(0x0000009c84400000,0x0000009c84500000)]
  0x00000284b76c83d0 JavaThread "Cache worker for file content cache (C:\Users\DAVID\.gradle\caches\7.6.3\fileContent)" [_thread_blocked, id=5384, stack(0x0000009c84500000,0x0000009c84600000)]
  0x00000284b76c6f90 JavaThread "Cache worker for file hash cache (D:\DOCUMENTOS\PROJETO_FLUTTER\dmega\android\.gradle\7.6.3\fileHashes)" [_thread_blocked, id=10256, stack(0x0000009c84600000,0x0000009c84700000)]
  0x00000284b76c6a80 JavaThread "Cache worker for cache directory md-supplier (C:\Users\DAVID\.gradle\caches\7.6.3\md-supplier)" [_thread_blocked, id=10728, stack(0x0000009c84700000,0x0000009c84800000)]
  0x00000284b76c79b0 JavaThread "Cache worker for execution history cache (C:\Users\DAVID\.gradle\caches\7.6.3\executionHistory)" [_thread_blocked, id=8168, stack(0x0000009c84800000,0x0000009c84900000)]
  0x00000284b76cbb80 JavaThread "jar transforms" [_thread_blocked, id=5592, stack(0x0000009c84900000,0x0000009c84a00000)]
  0x00000284b76c6060 JavaThread "Cache worker for kotlin-dsl (C:\Users\DAVID\.gradle\caches\7.6.3\kotlin-dsl)" [_thread_blocked, id=7364, stack(0x0000009c84a00000,0x0000009c84b00000)]
  0x00000284b76c8df0 JavaThread "jar transforms Thread 2" [_thread_blocked, id=2404, stack(0x0000009c84b00000,0x0000009c84c00000)]
  0x00000284b76cb160 JavaThread "Cache worker for dependencies-accessors (D:\DOCUMENTOS\PROJETO_FLUTTER\dmega\android\.gradle\7.6.3\dependencies-accessors)" [_thread_blocked, id=3616, stack(0x0000009c84c00000,0x0000009c84d00000)]
  0x00000284b76ccfc0 JavaThread "Cache worker for Build Output Cleanup Cache (C:\src\flutter\packages\flutter_tools\gradle\.gradle\buildOutputCleanup)" [_thread_blocked, id=8636, stack(0x0000009c84d00000,0x0000009c84e00000)]
  0x00000284b76c88e0 JavaThread "jar transforms Thread 3" [_thread_blocked, id=4032, stack(0x0000009c84e00000,0x0000009c84f00000)]
  0x00000284b76c74a0 JavaThread "Memory manager" [_thread_blocked, id=8908, stack(0x0000009c84f00000,0x0000009c85000000)]
  0x00000284b76ca230 JavaThread "jar transforms Thread 4" [_thread_blocked, id=7108, stack(0x0000009c85000000,0x0000009c85100000)]
  0x00000284b76c9810 JavaThread "included builds" [_thread_blocked, id=8012, stack(0x0000009c85100000,0x0000009c85200000)]
  0x00000284b76c9d20 JavaThread "Execution worker" [_thread_blocked, id=12940, stack(0x0000009c85200000,0x0000009c85300000)]
  0x00000284b76cc090 JavaThread "Execution worker Thread 2" [_thread_blocked, id=11280, stack(0x0000009c85300000,0x0000009c85400000)]
  0x00000284b76cd4d0 JavaThread "Execution worker Thread 3" [_thread_blocked, id=3804, stack(0x0000009c85400000,0x0000009c85500000)]
  0x00000284b76cd9e0 JavaThread "Execution worker Thread 4" [_thread_blocked, id=10348, stack(0x0000009c85500000,0x0000009c85600000)]
  0x00000284b76c6570 JavaThread "Execution worker Thread 5" [_thread_blocked, id=1412, stack(0x0000009c85600000,0x0000009c85700000)]
  0x00000284b8702b70 JavaThread "Execution worker Thread 6" [_thread_blocked, id=7084, stack(0x0000009c85700000,0x0000009c85800000)]
  0x00000284b8708690 JavaThread "Execution worker Thread 7" [_thread_blocked, id=10124, stack(0x0000009c85800000,0x0000009c85900000)]
  0x00000284b8708180 JavaThread "Execution worker Thread 8" [_thread_blocked, id=6048, stack(0x0000009c85900000,0x0000009c85a00000)]
  0x00000284b8702150 JavaThread "Execution worker Thread 9" [_thread_blocked, id=2668, stack(0x0000009c85a00000,0x0000009c85b00000)]
  0x00000284b8707250 JavaThread "Execution worker Thread 10" [_thread_blocked, id=5128, stack(0x0000009c85b00000,0x0000009c85c00000)]
  0x00000284b8708ba0 JavaThread "Execution worker Thread 11" [_thread_in_native, id=2748, stack(0x0000009c85c00000,0x0000009c85d00000)]
  0x00000284b8706830 JavaThread "Cache worker for execution history cache (C:\src\flutter\packages\flutter_tools\gradle\.gradle\7.6.3\executionHistory)" [_thread_blocked, id=8172, stack(0x0000009c85d00000,0x0000009c85e00000)]
  0x00000284b8703080 JavaThread "Unconstrained build operations" [_thread_blocked, id=5092, stack(0x0000009c85e00000,0x0000009c85f00000)]
  0x00000284b8704ee0 JavaThread "Unconstrained build operations Thread 2" [_thread_blocked, id=2400, stack(0x0000009c85f00000,0x0000009c86000000)]
  0x00000284b8703590 JavaThread "Unconstrained build operations Thread 3" [_thread_blocked, id=5596, stack(0x0000009c86000000,0x0000009c86100000)]
  0x00000284b87044c0 JavaThread "Unconstrained build operations Thread 4" [_thread_blocked, id=12716, stack(0x0000009c86100000,0x0000009c86200000)]
  0x00000284b8703aa0 JavaThread "Unconstrained build operations Thread 5" [_thread_blocked, id=10200, stack(0x0000009c86200000,0x0000009c86300000)]
  0x00000284b8703fb0 JavaThread "Unconstrained build operations Thread 6" [_thread_blocked, id=8252, stack(0x0000009c86300000,0x0000009c86400000)]
  0x00000284b8706320 JavaThread "Unconstrained build operations Thread 7" [_thread_blocked, id=3740, stack(0x0000009c86400000,0x0000009c86500000)]
  0x00000284b87049d0 JavaThread "Unconstrained build operations Thread 8" [_thread_blocked, id=8716, stack(0x0000009c86500000,0x0000009c86600000)]
  0x00000284b8707c70 JavaThread "Unconstrained build operations Thread 9" [_thread_blocked, id=8932, stack(0x0000009c86600000,0x0000009c86700000)]
  0x00000284b87090b0 JavaThread "Unconstrained build operations Thread 10" [_thread_blocked, id=13288, stack(0x0000009c86700000,0x0000009c86800000)]
  0x00000284b8709ad0 JavaThread "Unconstrained build operations Thread 11" [_thread_blocked, id=7464, stack(0x0000009c86800000,0x0000009c86900000)]
  0x00000284b8705900 JavaThread "Unconstrained build operations Thread 12" [_thread_blocked, id=12284, stack(0x0000009c86900000,0x0000009c86a00000)]
  0x00000284b87053f0 JavaThread "Unconstrained build operations Thread 13" [_thread_blocked, id=8320, stack(0x0000009c86a00000,0x0000009c86b00000)]
  0x00000284b8706d40 JavaThread "Unconstrained build operations Thread 14" [_thread_blocked, id=5452, stack(0x0000009c86b00000,0x0000009c86c00000)]
  0x00000284b8702660 JavaThread "Unconstrained build operations Thread 15" [_thread_blocked, id=2540, stack(0x0000009c86c00000,0x0000009c86d00000)]
  0x00000284b8705e10 JavaThread "Unconstrained build operations Thread 16" [_thread_blocked, id=12944, stack(0x0000009c86d00000,0x0000009c86e00000)]
  0x00000284b8707760 JavaThread "Unconstrained build operations Thread 17" [_thread_blocked, id=9408, stack(0x0000009c86e00000,0x0000009c86f00000)]
  0x00000284b6d59eb0 JavaThread "Unconstrained build operations Thread 18" [_thread_blocked, id=6196, stack(0x0000009c86f00000,0x0000009c87000000)]
  0x00000284b6d60900 JavaThread "Unconstrained build operations Thread 19" [_thread_blocked, id=3820, stack(0x0000009c87000000,0x0000009c87100000)]
  0x00000284b6d5cc40 JavaThread "Unconstrained build operations Thread 20" [_thread_blocked, id=2148, stack(0x0000009c87100000,0x0000009c87200000)]
  0x00000284b6d5efb0 JavaThread "Unconstrained build operations Thread 21" [_thread_blocked, id=5680, stack(0x0000009c87200000,0x0000009c87300000)]
  0x00000284b6d61320 JavaThread "Unconstrained build operations Thread 22" [_thread_blocked, id=10416, stack(0x0000009c87300000,0x0000009c87400000)]
  0x00000284b6d5f4c0 JavaThread "Unconstrained build operations Thread 23" [_thread_blocked, id=10920, stack(0x0000009c87400000,0x0000009c87500000)]
  0x00000284b6d61830 JavaThread "Unconstrained build operations Thread 24" [_thread_blocked, id=2276, stack(0x0000009c87500000,0x0000009c87600000)]
  0x00000284b6d5c220 JavaThread "Unconstrained build operations Thread 25" [_thread_blocked, id=7892, stack(0x0000009c87600000,0x0000009c87700000)]
  0x00000284b6d5d150 JavaThread "Unconstrained build operations Thread 26" [_thread_blocked, id=4248, stack(0x0000009c87700000,0x0000009c87800000)]
  0x00000284b6d5eaa0 JavaThread "Unconstrained build operations Thread 27" [_thread_blocked, id=12264, stack(0x0000009c87800000,0x0000009c87900000)]
  0x00000284b6d5a3c0 JavaThread "Unconstrained build operations Thread 28" [_thread_blocked, id=4836, stack(0x0000009c87900000,0x0000009c87a00000)]
  0x00000284b6d5db70 JavaThread "Unconstrained build operations Thread 29" [_thread_blocked, id=10640, stack(0x0000009c87a00000,0x0000009c87b00000)]
  0x00000284b6d5a8d0 JavaThread "Unconstrained build operations Thread 30" [_thread_blocked, id=5732, stack(0x0000009c87b00000,0x0000009c87c00000)]
  0x00000284b6d5e080 JavaThread "Unconstrained build operations Thread 31" [_thread_blocked, id=5352, stack(0x0000009c87c00000,0x0000009c87d00000)]
  0x00000284b6d5f9d0 JavaThread "Unconstrained build operations Thread 32" [_thread_blocked, id=8264, stack(0x0000009c87d00000,0x0000009c87e00000)]
  0x00000284b6d5ade0 JavaThread "Unconstrained build operations Thread 33" [_thread_blocked, id=9716, stack(0x0000009c87e00000,0x0000009c87f00000)]
  0x00000284b6d60e10 JavaThread "Unconstrained build operations Thread 34" [_thread_blocked, id=5524, stack(0x0000009c87f00000,0x0000009c88000000)]
  0x00000284b6d5b2f0 JavaThread "Unconstrained build operations Thread 35" [_thread_blocked, id=8948, stack(0x0000009c88000000,0x0000009c88100000)]
  0x00000284b6d5b800 JavaThread "Unconstrained build operations Thread 36" [_thread_blocked, id=3016, stack(0x0000009c88100000,0x0000009c88200000)]
  0x00000284b6d5bd10 JavaThread "Unconstrained build operations Thread 37" [_thread_blocked, id=3980, stack(0x0000009c88200000,0x0000009c88300000)]
  0x00000284b6d5c730 JavaThread "Unconstrained build operations Thread 38" [_thread_blocked, id=1868, stack(0x0000009c88300000,0x0000009c88400000)]
  0x00000284b6d5d660 JavaThread "Unconstrained build operations Thread 39" [_thread_blocked, id=12916, stack(0x0000009c88400000,0x0000009c88500000)]
  0x00000284b6d5e590 JavaThread "Unconstrained build operations Thread 40" [_thread_blocked, id=10328, stack(0x0000009c88500000,0x0000009c88600000)]
  0x00000284b6d5fee0 JavaThread "Unconstrained build operations Thread 41" [_thread_blocked, id=2376, stack(0x0000009c88600000,0x0000009c88700000)]
  0x00000284b6d603f0 JavaThread "Unconstrained build operations Thread 42" [_thread_blocked, id=7060, stack(0x0000009c88700000,0x0000009c88800000)]
  0x00000284b52e84f0 JavaThread "Unconstrained build operations Thread 43" [_thread_blocked, id=6888, stack(0x0000009c88800000,0x0000009c88900000)]
  0x00000284b52e8a00 JavaThread "Unconstrained build operations Thread 44" [_thread_blocked, id=13164, stack(0x0000009c88900000,0x0000009c88a00000)]
  0x00000284b52e33f0 JavaThread "Unconstrained build operations Thread 45" [_thread_blocked, id=9704, stack(0x0000009c88a00000,0x0000009c88b00000)]
  0x00000284b52e4320 JavaThread "Unconstrained build operations Thread 46" [_thread_blocked, id=12624, stack(0x0000009c88b00000,0x0000009c88c00000)]
  0x00000284b52e8f10 JavaThread "Unconstrained build operations Thread 47" [_thread_blocked, id=10480, stack(0x0000009c88c00000,0x0000009c88d00000)]
  0x00000284b52ea860 JavaThread "Unconstrained build operations Thread 48" [_thread_blocked, id=7932, stack(0x0000009c88d00000,0x0000009c88e00000)]
  0x00000284b52e9420 JavaThread "Unconstrained build operations Thread 49" [_thread_blocked, id=11260, stack(0x0000009c88e00000,0x0000009c88f00000)]
  0x00000284b52e6690 JavaThread "Unconstrained build operations Thread 50" [_thread_blocked, id=11940, stack(0x0000009c88f00000,0x0000009c89000000)]
  0x00000284b52e6ba0 JavaThread "Unconstrained build operations Thread 51" [_thread_blocked, id=556, stack(0x0000009c89000000,0x0000009c89100000)]
  0x00000284b52e3e10 JavaThread "Unconstrained build operations Thread 52" [_thread_blocked, id=9656, stack(0x0000009c89100000,0x0000009c89200000)]
  0x00000284b52ea350 JavaThread "Unconstrained build operations Thread 53" [_thread_blocked, id=7980, stack(0x0000009c89200000,0x0000009c89300000)]
  0x00000284b52ead70 JavaThread "Unconstrained build operations Thread 54" [_thread_blocked, id=7492, stack(0x0000009c89300000,0x0000009c89400000)]
  0x00000284b52e3900 JavaThread "Unconstrained build operations Thread 55" [_thread_blocked, id=5072, stack(0x0000009c89400000,0x0000009c89500000)]
  0x00000284b52e4830 JavaThread "Unconstrained build operations Thread 56" [_thread_blocked, id=1296, stack(0x0000009c89500000,0x0000009c89600000)]
  0x00000284b52e75c0 JavaThread "Unconstrained build operations Thread 57" [_thread_blocked, id=6096, stack(0x0000009c89600000,0x0000009c89700000)]
  0x00000284b52e9930 JavaThread "Unconstrained build operations Thread 58" [_thread_blocked, id=4500, stack(0x0000009c89700000,0x0000009c89800000)]
  0x00000284b52e4d40 JavaThread "Unconstrained build operations Thread 59" [_thread_blocked, id=9352, stack(0x0000009c89800000,0x0000009c89900000)]
  0x00000284b52e9e40 JavaThread "Unconstrained build operations Thread 60" [_thread_blocked, id=6300, stack(0x0000009c89900000,0x0000009c89a00000)]
  0x00000284b52e7ad0 JavaThread "Unconstrained build operations Thread 61" [_thread_blocked, id=11600, stack(0x0000009c89a00000,0x0000009c89b00000)]
  0x00000284b52e5250 JavaThread "Unconstrained build operations Thread 62" [_thread_blocked, id=4984, stack(0x0000009c89b00000,0x0000009c89c00000)]
  0x00000284b52e5760 JavaThread "Unconstrained build operations Thread 63" [_thread_blocked, id=9732, stack(0x0000009c89c00000,0x0000009c89d00000)]
  0x00000284b52e5c70 JavaThread "Unconstrained build operations Thread 64" [_thread_blocked, id=7796, stack(0x0000009c89d00000,0x0000009c89e00000)]
  0x00000284b52e6180 JavaThread "Unconstrained build operations Thread 65" [_thread_blocked, id=1188, stack(0x0000009c89e00000,0x0000009c89f00000)]
  0x00000284b52e70b0 JavaThread "Unconstrained build operations Thread 66" [_thread_blocked, id=11984, stack(0x0000009c89f00000,0x0000009c8a000000)]
  0x00000284b52e7fe0 JavaThread "Unconstrained build operations Thread 67" [_thread_blocked, id=9068, stack(0x0000009c8a000000,0x0000009c8a100000)]
  0x00000284b7c468e0 JavaThread "Unconstrained build operations Thread 68" [_thread_blocked, id=3956, stack(0x0000009c8a100000,0x0000009c8a200000)]
  0x00000284b7c459b0 JavaThread "Unconstrained build operations Thread 69" [_thread_blocked, id=8064, stack(0x0000009c8a200000,0x0000009c8a300000)]
  0x00000284b7c44570 JavaThread "Unconstrained build operations Thread 70" [_thread_blocked, id=1720, stack(0x0000009c8a300000,0x0000009c8a400000)]
  0x00000284b7c44f90 JavaThread "Unconstrained build operations Thread 71" [_thread_blocked, id=10268, stack(0x0000009c8a400000,0x0000009c8a500000)]
  0x00000284b7c45ec0 JavaThread "Unconstrained build operations Thread 72" [_thread_blocked, id=5644, stack(0x0000009c8a500000,0x0000009c8a600000)]
  0x00000284b7c4a5a0 JavaThread "Unconstrained build operations Thread 73" [_thread_blocked, id=11684, stack(0x0000009c8a600000,0x0000009c8a700000)]
  0x00000284b7c47300 JavaThread "Unconstrained build operations Thread 74" [_thread_blocked, id=10736, stack(0x0000009c8a700000,0x0000009c8a800000)]
  0x00000284b7c4afc0 JavaThread "Unconstrained build operations Thread 75" [_thread_blocked, id=12044, stack(0x0000009c8a800000,0x0000009c8a900000)]
  0x00000284b7c46df0 JavaThread "Unconstrained build operations Thread 76" [_thread_blocked, id=12316, stack(0x0000009c8a900000,0x0000009c8aa00000)]
  0x00000284b7c463d0 JavaThread "Unconstrained build operations Thread 77" [_thread_blocked, id=13300, stack(0x0000009c8aa00000,0x0000009c8ab00000)]
  0x00000284b7c454a0 JavaThread "Unconstrained build operations Thread 78" [_thread_blocked, id=3324, stack(0x0000009c8ab00000,0x0000009c8ac00000)]
  0x00000284b7c47810 JavaThread "Unconstrained build operations Thread 79" [_thread_blocked, id=11376, stack(0x0000009c8ac00000,0x0000009c8ad00000)]
  0x00000284b7c47d20 JavaThread "Unconstrained build operations Thread 80" [_thread_blocked, id=2760, stack(0x0000009c8ad00000,0x0000009c8ae00000)]
  0x00000284b7c4aab0 JavaThread "Unconstrained build operations Thread 81" [_thread_blocked, id=3292, stack(0x0000009c8ae00000,0x0000009c8af00000)]
  0x00000284b7c48740 JavaThread "Unconstrained build operations Thread 82" [_thread_blocked, id=5292, stack(0x0000009c8af00000,0x0000009c8b000000)]
  0x00000284b7c4b4d0 JavaThread "Unconstrained build operations Thread 83" [_thread_blocked, id=292, stack(0x0000009c8b000000,0x0000009c8b100000)]
  0x00000284b7c49160 JavaThread "Unconstrained build operations Thread 84" [_thread_blocked, id=8612, stack(0x0000009c8b100000,0x0000009c8b200000)]
  0x00000284b7c48c50 JavaThread "Unconstrained build operations Thread 85" [_thread_blocked, id=13184, stack(0x0000009c8b200000,0x0000009c8b300000)]
  0x00000284b7c48230 JavaThread "Unconstrained build operations Thread 86" [_thread_blocked, id=12800, stack(0x0000009c8b300000,0x0000009c8b400000)]
  0x00000284b7c49670 JavaThread "Unconstrained build operations Thread 87" [_thread_blocked, id=13240, stack(0x0000009c8b400000,0x0000009c8b500000)]
  0x00000284b7c49b80 JavaThread "Unconstrained build operations Thread 88" [_thread_blocked, id=3456, stack(0x0000009c8b500000,0x0000009c8b600000)]
  0x00000284b7c44060 JavaThread "Unconstrained build operations Thread 89" [_thread_blocked, id=9952, stack(0x0000009c8b600000,0x0000009c8b700000)]
  0x00000284b7c4a090 JavaThread "Unconstrained build operations Thread 90" [_thread_blocked, id=8468, stack(0x0000009c8b700000,0x0000009c8b800000)]
  0x00000284b7c4b9e0 JavaThread "Unconstrained build operations Thread 91" [_thread_blocked, id=7744, stack(0x0000009c8b800000,0x0000009c8b900000)]
  0x00000284b7c44a80 JavaThread "Unconstrained build operations Thread 92" [_thread_blocked, id=6032, stack(0x0000009c8b900000,0x0000009c8ba00000)]
  0x00000284b3317ef0 JavaThread "Unconstrained build operations Thread 93" [_thread_blocked, id=12556, stack(0x0000009c8ba00000,0x0000009c8bb00000)]
  0x00000284b331b190 JavaThread "Unconstrained build operations Thread 94" [_thread_blocked, id=3048, stack(0x0000009c8bb00000,0x0000009c8bc00000)]
  0x00000284b331a770 JavaThread "Unconstrained build operations Thread 95" [_thread_blocked, id=744, stack(0x0000009c8bc00000,0x0000009c8bd00000)]
  0x00000284b331a260 JavaThread "Unconstrained build operations Thread 96" [_thread_blocked, id=1884, stack(0x0000009c8bd00000,0x0000009c8be00000)]
  0x00000284b3319840 JavaThread "Unconstrained build operations Thread 97" [_thread_blocked, id=8796, stack(0x0000009c8be00000,0x0000009c8bf00000)]
  0x00000284b3318e20 JavaThread "Unconstrained build operations Thread 98" [_thread_blocked, id=12248, stack(0x0000009c8bf00000,0x0000009c8c000000)]
  0x00000284b3319330 JavaThread "Unconstrained build operations Thread 99" [_thread_blocked, id=12548, stack(0x0000009c8c000000,0x0000009c8c100000)]
  0x00000284b33174d0 JavaThread "Unconstrained build operations Thread 100" [_thread_blocked, id=3132, stack(0x0000009c8c100000,0x0000009c8c200000)]
  0x00000284b331bbb0 JavaThread "Unconstrained build operations Thread 101" [_thread_blocked, id=3260, stack(0x0000009c8c200000,0x0000009c8c300000)]
  0x00000284b331cff0 JavaThread "Unconstrained build operations Thread 102" [_thread_blocked, id=7028, stack(0x0000009c8c300000,0x0000009c8c400000)]
  0x00000284b3319d50 JavaThread "Unconstrained build operations Thread 103" [_thread_blocked, id=7516, stack(0x0000009c8c400000,0x0000009c8c500000)]
  0x00000284b3316090 JavaThread "Unconstrained build operations Thread 104" [_thread_blocked, id=12496, stack(0x0000009c8c500000,0x0000009c8c600000)]
  0x00000284b331cae0 JavaThread "Unconstrained build operations Thread 105" [_thread_blocked, id=1420, stack(0x0000009c8c600000,0x0000009c8c700000)]
  0x00000284b331ac80 JavaThread "Unconstrained build operations Thread 106" [_thread_blocked, id=11856, stack(0x0000009c8c700000,0x0000009c8c800000)]
  0x00000284b33179e0 JavaThread "Unconstrained build operations Thread 107" [_thread_blocked, id=12388, stack(0x0000009c8c800000,0x0000009c8c900000)]
  0x00000284b3315b80 JavaThread "Unconstrained build operations Thread 108" [_thread_blocked, id=11368, stack(0x0000009c8c900000,0x0000009c8ca00000)]
  0x00000284b3316ab0 JavaThread "Unconstrained build operations Thread 109" [_thread_blocked, id=9484, stack(0x0000009c8ca00000,0x0000009c8cb00000)]
  0x00000284b331b6a0 JavaThread "Unconstrained build operations Thread 110" [_thread_blocked, id=5216, stack(0x0000009c8cb00000,0x0000009c8cc00000)]
  0x00000284b3318400 JavaThread "Unconstrained build operations Thread 111" [_thread_blocked, id=1020, stack(0x0000009c8cc00000,0x0000009c8cd00000)]
  0x00000284b331c0c0 JavaThread "Unconstrained build operations Thread 112" [_thread_blocked, id=3468, stack(0x0000009c8cd00000,0x0000009c8ce00000)]
  0x00000284b33165a0 JavaThread "Unconstrained build operations Thread 113" [_thread_blocked, id=9444, stack(0x0000009c8ce00000,0x0000009c8cf00000)]
  0x00000284b331c5d0 JavaThread "Unconstrained build operations Thread 114" [_thread_blocked, id=11588, stack(0x0000009c8cf00000,0x0000009c8d000000)]
  0x00000284b3318910 JavaThread "Unconstrained build operations Thread 115" [_thread_blocked, id=12688, stack(0x0000009c8d000000,0x0000009c8d100000)]
  0x00000284b331d500 JavaThread "Unconstrained build operations Thread 116" [_thread_blocked, id=9012, stack(0x0000009c8d100000,0x0000009c8d200000)]
  0x00000284b3316fc0 JavaThread "Unconstrained build operations Thread 117" [_thread_blocked, id=7876, stack(0x0000009c8d200000,0x0000009c8d300000)]
  0x00000284b75b7530 JavaThread "Unconstrained build operations Thread 118" [_thread_blocked, id=1676, stack(0x0000009c8d300000,0x0000009c8d400000)]
  0x00000284b75b2940 JavaThread "Unconstrained build operations Thread 119" [_thread_blocked, id=4144, stack(0x0000009c8d400000,0x0000009c8d500000)]
  0x00000284b75b4290 JavaThread "Unconstrained build operations Thread 120" [_thread_blocked, id=9324, stack(0x0000009c8d500000,0x0000009c8d600000)]
  0x00000284b75b47a0 JavaThread "jar transforms Thread 5" [_thread_blocked, id=7440, stack(0x0000009c8d600000,0x0000009c8d700000)]
  0x00000284b75b6600 JavaThread "jar transforms Thread 6" [_thread_blocked, id=11592, stack(0x0000009c8d700000,0x0000009c8d800000)]
  0x00000284b75b8970 JavaThread "jar transforms Thread 7" [_thread_blocked, id=12844, stack(0x0000009c8d800000,0x0000009c8d900000)]
  0x00000284b75b60f0 JavaThread "jar transforms Thread 8" [_thread_blocked, id=1540, stack(0x0000009c8d900000,0x0000009c8da00000)]
  0x00000284b75b3360 JavaThread "jar transforms Thread 9" [_thread_blocked, id=9432, stack(0x0000009c8da00000,0x0000009c8db00000)]
  0x00000284b75b3870 JavaThread "jar transforms Thread 10" [_thread_blocked, id=4476, stack(0x0000009c8db00000,0x0000009c8dc00000)]
  0x00000284b75b4cb0 JavaThread "jar transforms Thread 11" [_thread_blocked, id=8, stack(0x0000009c8dc00000,0x0000009c8dd00000)]
  0x00000284b75b3d80 JavaThread "jar transforms Thread 12" [_thread_blocked, id=10628, stack(0x0000009c8dd00000,0x0000009c8de00000)]
  0x00000284b75b56d0 JavaThread "Cache worker for Build Output Cleanup Cache (D:\DOCUMENTOS\PROJETO_FLUTTER\dmega\android\.gradle\buildOutputCleanup)" [_thread_blocked, id=10220, stack(0x0000009c8de00000,0x0000009c8df00000)]
  0x00000284b4b75da0 JavaThread "Cache worker for execution history cache (D:\DOCUMENTOS\PROJETO_FLUTTER\dmega\android\.gradle\7.6.3\executionHistory)" [_thread_blocked, id=12876, stack(0x0000009c8df00000,0x0000009c8e000000)]
  0x00000284b4b7c2e0 JavaThread "WorkerExecutor Queue Thread 2" [_thread_blocked, id=8516, stack(0x0000009c8e100000,0x0000009c8e200000)]
  0x00000284b4b78110 JavaThread "WorkerExecutor Queue Thread 4" [_thread_blocked, id=11024, stack(0x0000009c8e300000,0x0000009c8e400000)]
  0x00000284b4b79040 JavaThread "WorkerExecutor Queue Thread 5" [_thread_blocked, id=2252, stack(0x0000009c8e400000,0x0000009c8e500000)]
  0x00000284b4b79550 JavaThread "WorkerExecutor Queue Thread 6" [_thread_blocked, id=12272, stack(0x0000009c8e500000,0x0000009c8e600000)]
  0x00000284b4b7a990 JavaThread "WorkerExecutor Queue Thread 7" [_thread_blocked, id=12676, stack(0x0000009c8e600000,0x0000009c8e700000)]
  0x00000284b4b75890 JavaThread "WorkerExecutor Queue Thread 8" [_thread_blocked, id=11704, stack(0x0000009c8e700000,0x0000009c8e800000)]
  0x00000284b4b79a60 JavaThread "WorkerExecutor Queue Thread 11" [_thread_blocked, id=8304, stack(0x0000009c8ea00000,0x0000009c8eb00000)]
  0x00000284b4b7aea0 JavaThread "Cache worker for Java compile cache (C:\Users\DAVID\.gradle\caches\7.6.3\javaCompile)" [_thread_blocked, id=11968, stack(0x0000009c8ed00000,0x0000009c8ee00000)]
  0x00000284b4b76cd0 JavaThread "Build operations" [_thread_blocked, id=11424, stack(0x0000009c8ee00000,0x0000009c8ef00000)]
  0x00000284b4b771e0 JavaThread "Build operations Thread 2" [_thread_blocked, id=10524, stack(0x0000009c8ef00000,0x0000009c8f000000)]
  0x00000284b4b78620 JavaThread "Build operations Thread 3" [_thread_blocked, id=12528, stack(0x0000009c8f000000,0x0000009c8f100000)]
  0x00000284b75ba2c0 JavaThread "Build operations Thread 4" [_thread_blocked, id=6020, stack(0x0000009c8f100000,0x0000009c8f200000)]
  0x00000284b4e99830 JavaThread "Build operations Thread 5" [_thread_blocked, id=12160, stack(0x0000009c8f200000,0x0000009c8f300000)]
  0x00000284b3bcb540 JavaThread "Build operations Thread 6" [_thread_blocked, id=10572, stack(0x0000009c8f300000,0x0000009c8f400000)]
  0x00000284b3bca610 JavaThread "Build operations Thread 7" [_thread_blocked, id=5168, stack(0x0000009c8f400000,0x0000009c8f500000)]
  0x00000284b3bcb030 JavaThread "Build operations Thread 8" [_thread_blocked, id=7784, stack(0x0000009c8f500000,0x0000009c8f600000)]
  0x00000284b3bce2d0 JavaThread "Build operations Thread 9" [_thread_blocked, id=7644, stack(0x0000009c8f600000,0x0000009c8f700000)]
  0x00000284b3bcc980 JavaThread "Build operations Thread 10" [_thread_blocked, id=5672, stack(0x0000009c8f700000,0x0000009c8f800000)]
  0x00000284b3bce7e0 JavaThread "Build operations Thread 11" [_thread_blocked, id=6984, stack(0x0000009c8f800000,0x0000009c8f900000)]
  0x00000284b3bcba50 JavaThread "Build operations Thread 12" [_thread_blocked, id=5336, stack(0x0000009c8f900000,0x0000009c8fa00000)]
  0x00000284b3bd1a80 JavaThread "RMI Scheduler(0)" daemon [_thread_blocked, id=12376, stack(0x0000009c8fa00000,0x0000009c8fb00000)]
  0x00000284b3bcab20 JavaThread "Exec process" [_thread_blocked, id=10360, stack(0x0000009c8e800000,0x0000009c8e900000)]
  0x00000284b3bd24a0 JavaThread "Exec process Thread 2" [_thread_blocked, id=8256, stack(0x0000009c8fb00000,0x0000009c8fc00000)]
  0x00000284b3bd4300 JavaThread "Exec process Thread 3" [_thread_blocked, id=13116, stack(0x0000009c8fe00000,0x0000009c8ff00000)]
  0x00000284b3bd5740 JavaThread "WorkerExecutor Queue Thread 14" [_thread_blocked, id=11964, stack(0x0000009c90100000,0x0000009c90200000)]
  0x00000284b3bd6670 JavaThread "WorkerExecutor Queue Thread 15" [_thread_in_vm, id=8016, stack(0x0000009c81300000,0x0000009c81400000)]
  0x00000284b3bd33d0 JavaThread "WorkerExecutor Queue Thread 16" [_thread_blocked, id=2136, stack(0x0000009c81200000,0x0000009c81300000)]
  0x00000284b3bd38e0 JavaThread "pool-3-thread-1" [_thread_blocked, id=12256, stack(0x0000009c8e900000,0x0000009c8ea00000)]
  0x00000284b3bd3df0 JavaThread "stderr" [_thread_in_native, id=9876, stack(0x0000009c8eb00000,0x0000009c8ec00000)]
  0x00000284b3bd0b50 JavaThread "stdout" [_thread_in_native, id=1452, stack(0x0000009c90000000,0x0000009c90100000)]
  0x00000284b3bd4810 JavaThread "stderr" [_thread_in_native, id=2544, stack(0x0000009c90200000,0x0000009c90300000)]
  0x00000284b3bd5230 JavaThread "stdout" [_thread_in_native, id=9696, stack(0x0000009c90300000,0x0000009c90400000)]
  0x00000284b3bd5c50 JavaThread "stderr" [_thread_in_native, id=876, stack(0x0000009c90400000,0x0000009c90500000)]
  0x00000284b3bd7090 JavaThread "stdout" [_thread_in_native, id=10916, stack(0x0000009c90500000,0x0000009c90600000)]
  0x00000284b3bd6b80 JavaThread "stderr" [_thread_in_native, id=11676, stack(0x0000009c90600000,0x0000009c90700000)]
  0x00000284b3bcfc20 JavaThread "stdout" [_thread_in_native, id=13148, stack(0x0000009c90700000,0x0000009c90800000)]
  0x00000284b3bd75a0 JavaThread "stderr" [_thread_in_native, id=13232, stack(0x0000009c90800000,0x0000009c90900000)]
  0x00000284b3bd0130 JavaThread "stdout" [_thread_in_native, id=9540, stack(0x0000009c90900000,0x0000009c90a00000)]
  0x00000284b3bd7ab0 JavaThread "stderr" [_thread_in_native, id=12008, stack(0x0000009c90a00000,0x0000009c90b00000)]
  0x00000284b3bd0640 JavaThread "stdout" [_thread_in_native, id=7332, stack(0x0000009c90b00000,0x0000009c90c00000)]
  0x00000284b3bd7fc0 JavaThread "stderr" [_thread_in_native, id=4300, stack(0x0000009c90c00000,0x0000009c90d00000)]
  0x00000284b3bd84d0 JavaThread "stdout" [_thread_in_native, id=7232, stack(0x0000009c90d00000,0x0000009c90e00000)]
  0x00000284b3bd89e0 JavaThread "stderr" [_thread_in_native, id=13264, stack(0x0000009c90e00000,0x0000009c90f00000)]
  0x00000284b3bd8ef0 JavaThread "stdout" [_thread_in_native, id=9688, stack(0x0000009c90f00000,0x0000009c91000000)]
  0x00000284b3bd9910 JavaThread "WorkerExecutor Queue Thread 17" [_thread_blocked, id=7816, stack(0x0000009c91200000,0x0000009c91300000)]
  0x00000284b4b7b8c0 JavaThread "WorkerExecutor Queue Thread 18" [_thread_blocked, id=7836, stack(0x0000009c8fc00000,0x0000009c8fd00000)]
  0x00000284b4c75b40 JavaThread "C2 CompilerThread1" daemon [_thread_blocked, id=13272, stack(0x0000009c81100000,0x0000009c81200000)]
=>0x00000284b4c79b00 JavaThread "C2 CompilerThread2" daemon [_thread_in_native, id=11956, stack(0x0000009c8e000000,0x0000009c8e100000)]
  0x00000284be368050 JavaThread "WorkerExecutor Queue Thread 19" [_thread_blocked, id=4232, stack(0x0000009c8e200000,0x0000009c8e300000)]

Other Threads:
  0x00000284ae34e1e0 VMThread "VM Thread" [stack: 0x0000009c81a00000,0x0000009c81b00000] [id=11300]
  0x00000284ae4aa380 WatcherThread [stack: 0x0000009c82600000,0x0000009c82700000] [id=11108]
  0x000002848f33c0b0 GCTaskThread "GC Thread#0" [stack: 0x0000009c81500000,0x0000009c81600000] [id=1012]
  0x00000284b39b9ab0 GCTaskThread "GC Thread#1" [stack: 0x0000009c82900000,0x0000009c82a00000] [id=7484]
  0x00000284b39b9d70 GCTaskThread "GC Thread#2" [stack: 0x0000009c82a00000,0x0000009c82b00000] [id=10308]
  0x00000284b39ba030 GCTaskThread "GC Thread#3" [stack: 0x0000009c82b00000,0x0000009c82c00000] [id=12668]
  0x00000284b39ba2f0 GCTaskThread "GC Thread#4" [stack: 0x0000009c82c00000,0x0000009c82d00000] [id=7656]
  0x00000284b39ba5b0 GCTaskThread "GC Thread#5" [stack: 0x0000009c82d00000,0x0000009c82e00000] [id=10944]
  0x00000284b52e2590 GCTaskThread "GC Thread#6" [stack: 0x0000009c83a00000,0x0000009c83b00000] [id=2956]
  0x00000284b45a6040 GCTaskThread "GC Thread#7" [stack: 0x0000009c83b00000,0x0000009c83c00000] [id=10768]
  0x00000284b4632aa0 GCTaskThread "GC Thread#8" [stack: 0x0000009c83c00000,0x0000009c83d00000] [id=1508]
  0x00000284b53cd790 GCTaskThread "GC Thread#9" [stack: 0x0000009c83d00000,0x0000009c83e00000] [id=3612]
  0x000002848f34df20 ConcurrentGCThread "G1 Main Marker" [stack: 0x0000009c81600000,0x0000009c81700000] [id=7952]
  0x000002848f34eff0 ConcurrentGCThread "G1 Conc#0" [stack: 0x0000009c81700000,0x0000009c81800000] [id=8644]
  0x00000284b4b3d820 ConcurrentGCThread "G1 Conc#1" [stack: 0x0000009c83e00000,0x0000009c83f00000] [id=3812]
  0x00000284b4514e50 ConcurrentGCThread "G1 Conc#2" [stack: 0x0000009c83f00000,0x0000009c84000000] [id=10704]
  0x000002848f38e2f0 ConcurrentGCThread "G1 Refine#0" [stack: 0x0000009c81800000,0x0000009c81900000] [id=1776]
  0x000002848f38ec30 ConcurrentGCThread "G1 Service" [stack: 0x0000009c81900000,0x0000009c81a00000] [id=7724]

Threads with active compile tasks:
C2 CompilerThread0    76784 27382       4       com.android.utils.XmlUtils::append (645 bytes)
C2 CompilerThread2    76785 27270 % !   4       com.android.ide.common.resources.DataMerger::mergeData @ 247 (611 bytes)

VM state: not at safepoint (normal execution)

VM Mutex/Monitor currently owned by a thread: None

OutOfMemory and StackOverflow Exception counts:
OutOfMemoryError java_heap_errors=1
LinkageErrors=179

Heap address: 0x0000000700000000, size: 4096 MB, Compressed Oops mode: Zero based, Oop shift amount: 3

CDS archive(s) not mapped
Compressed class space mapped at: 0x0000000800000000-0x0000000840000000, reserved size: 1073741824
Narrow klass base: 0x0000000800000000, Narrow klass shift: 0, Narrow klass range: 0x40000000

GC Precious Log:
 CPUs: 12 total, 12 available
 Memory: 16308M
 Large Page Support: Disabled
 NUMA Support: Disabled
 Compressed Oops: Enabled (Zero based)
 Heap Region Size: 2M
 Heap Min Capacity: 8M
 Heap Initial Capacity: 256M
 Heap Max Capacity: 4G
 Pre-touch: Disabled
 Parallel Workers: 10
 Concurrent Workers: 3
 Concurrent Refinement Workers: 10
 Periodic GC: Disabled

Heap:
 garbage-first heap   total 1261568K, used 445587K [0x0000000700000000, 0x0000000800000000)
  region size 2048K, 109 young (223232K), 2 survivors (4096K)
 Metaspace       used 163790K, committed 165120K, reserved 1245184K
  class space    used 20940K, committed 21504K, reserved 1048576K

Heap Regions: E=young(eden), S=young(survivor), O=old, HS=humongous(starts), HC=humongous(continues), CS=collection set, F=free, OA=open archive, CA=closed archive, TAMS=top-at-mark-start (previous, next)
|   0|0x0000000700000000, 0x0000000700200000, 0x0000000700200000|100%|HS|  |TAMS 0x0000000700200000, 0x0000000700000000| Complete 
|   1|0x0000000700200000, 0x0000000700400000, 0x0000000700400000|100%|HC|  |TAMS 0x0000000700400000, 0x0000000700200000| Complete 
|   2|0x0000000700400000, 0x0000000700600000, 0x0000000700600000|100%| O|  |TAMS 0x0000000700600000, 0x0000000700400000| Untracked 
|   3|0x0000000700600000, 0x0000000700800000, 0x0000000700800000|100%| O|  |TAMS 0x0000000700800000, 0x0000000700600000| Untracked 
|   4|0x0000000700800000, 0x00000007009caa00, 0x0000000700a00000| 89%| O|  |TAMS 0x00000007009caa00, 0x0000000700800000| Untracked 
|   5|0x0000000700a00000, 0x0000000700c00000, 0x0000000700c00000|100%| O|  |TAMS 0x0000000700c00000, 0x0000000700a00000| Untracked 
|   6|0x0000000700c00000, 0x0000000700e00000, 0x0000000700e00000|100%| O|  |TAMS 0x0000000700e00000, 0x0000000700c00000| Untracked 
|   7|0x0000000700e00000, 0x0000000701000000, 0x0000000701000000|100%| O|  |TAMS 0x0000000701000000, 0x0000000700e00000| Untracked 
|   8|0x0000000701000000, 0x0000000701200000, 0x0000000701200000|100%| O|  |TAMS 0x0000000701200000, 0x0000000701000000| Untracked 
|   9|0x0000000701200000, 0x0000000701400000, 0x0000000701400000|100%| O|  |TAMS 0x0000000701400000, 0x0000000701200000| Untracked 
|  10|0x0000000701400000, 0x0000000701600000, 0x0000000701600000|100%| O|  |TAMS 0x0000000701600000, 0x0000000701400000| Untracked 
|  11|0x0000000701600000, 0x0000000701800000, 0x0000000701800000|100%| O|  |TAMS 0x0000000701800000, 0x0000000701600000| Untracked 
|  12|0x0000000701800000, 0x0000000701a00000, 0x0000000701a00000|100%| O|  |TAMS 0x0000000701a00000, 0x0000000701800000| Untracked 
|  13|0x0000000701a00000, 0x0000000701c00000, 0x0000000701c00000|100%| O|  |TAMS 0x0000000701c00000, 0x0000000701a00000| Untracked 
|  14|0x0000000701c00000, 0x0000000701e00000, 0x0000000701e00000|100%| O|  |TAMS 0x0000000701e00000, 0x0000000701c00000| Untracked 
|  15|0x0000000701e00000, 0x0000000702000000, 0x0000000702000000|100%| O|  |TAMS 0x0000000702000000, 0x0000000701e00000| Untracked 
|  16|0x0000000702000000, 0x0000000702200000, 0x0000000702200000|100%| O|  |TAMS 0x0000000702200000, 0x0000000702000000| Untracked 
|  17|0x0000000702200000, 0x0000000702400000, 0x0000000702400000|100%| O|  |TAMS 0x0000000702400000, 0x0000000702200000| Untracked 
|  18|0x0000000702400000, 0x0000000702600000, 0x0000000702600000|100%| O|  |TAMS 0x0000000702600000, 0x0000000702400000| Untracked 
|  19|0x0000000702600000, 0x0000000702800000, 0x0000000702800000|100%| O|  |TAMS 0x0000000702800000, 0x0000000702600000| Untracked 
|  20|0x0000000702800000, 0x0000000702a00000, 0x0000000702a00000|100%|HS|  |TAMS 0x0000000702a00000, 0x0000000702800000| Complete 
|  21|0x0000000702a00000, 0x0000000702c00000, 0x0000000702c00000|100%|HC|  |TAMS 0x0000000702c00000, 0x0000000702a00000| Complete 
|  22|0x0000000702c00000, 0x0000000702e00000, 0x0000000702e00000|100%| O|  |TAMS 0x0000000702e00000, 0x0000000702c00000| Untracked 
|  23|0x0000000702e00000, 0x0000000703000000, 0x0000000703000000|100%| O|  |TAMS 0x0000000703000000, 0x0000000702e00000| Untracked 
|  24|0x0000000703000000, 0x0000000703200000, 0x0000000703200000|100%| O|  |TAMS 0x0000000703200000, 0x0000000703000000| Untracked 
|  25|0x0000000703200000, 0x0000000703400000, 0x0000000703400000|100%|HS|  |TAMS 0x0000000703400000, 0x0000000703200000| Complete 
|  26|0x0000000703400000, 0x0000000703600000, 0x0000000703600000|100%| O|  |TAMS 0x0000000703600000, 0x0000000703400000| Untracked 
|  27|0x0000000703600000, 0x0000000703800000, 0x0000000703800000|100%| O|  |TAMS 0x0000000703800000, 0x0000000703600000| Untracked 
|  28|0x0000000703800000, 0x0000000703a00000, 0x0000000703a00000|100%| O|  |TAMS 0x0000000703a00000, 0x0000000703800000| Untracked 
|  29|0x0000000703a00000, 0x0000000703c00000, 0x0000000703c00000|100%| O|  |TAMS 0x0000000703c00000, 0x0000000703a00000| Untracked 
|  30|0x0000000703c00000, 0x0000000703e00000, 0x0000000703e00000|100%| O|  |TAMS 0x0000000703e00000, 0x0000000703c00000| Untracked 
|  31|0x0000000703e00000, 0x0000000704000000, 0x0000000704000000|100%| O|  |TAMS 0x0000000704000000, 0x0000000703e00000| Untracked 
|  32|0x0000000704000000, 0x0000000704200000, 0x0000000704200000|100%| O|  |TAMS 0x0000000704200000, 0x0000000704000000| Untracked 
|  33|0x0000000704200000, 0x0000000704400000, 0x0000000704400000|100%| O|  |TAMS 0x0000000704400000, 0x0000000704200000| Untracked 
|  34|0x0000000704400000, 0x0000000704600000, 0x0000000704600000|100%| O|  |TAMS 0x0000000704600000, 0x0000000704400000| Untracked 
|  35|0x0000000704600000, 0x0000000704800000, 0x0000000704800000|100%| O|  |TAMS 0x0000000704800000, 0x0000000704600000| Untracked 
|  36|0x0000000704800000, 0x0000000704a00000, 0x0000000704a00000|100%| O|  |TAMS 0x0000000704a00000, 0x0000000704800000| Untracked 
|  37|0x0000000704a00000, 0x0000000704c00000, 0x0000000704c00000|100%|HS|  |TAMS 0x0000000704c00000, 0x0000000704a00000| Complete 
|  38|0x0000000704c00000, 0x0000000704e00000, 0x0000000704e00000|100%|HC|  |TAMS 0x0000000704e00000, 0x0000000704c00000| Complete 
|  39|0x0000000704e00000, 0x0000000705000000, 0x0000000705000000|100%|HS|  |TAMS 0x0000000705000000, 0x0000000704e00000| Complete 
|  40|0x0000000705000000, 0x0000000705200000, 0x0000000705200000|100%| O|  |TAMS 0x0000000705200000, 0x0000000705000000| Untracked 
|  41|0x0000000705200000, 0x0000000705400000, 0x0000000705400000|100%| O|  |TAMS 0x0000000705400000, 0x0000000705200000| Untracked 
|  42|0x0000000705400000, 0x0000000705600000, 0x0000000705600000|100%| O|  |TAMS 0x0000000705600000, 0x0000000705400000| Untracked 
|  43|0x0000000705600000, 0x0000000705800000, 0x0000000705800000|100%| O|  |TAMS 0x0000000705800000, 0x0000000705600000| Untracked 
|  44|0x0000000705800000, 0x0000000705a00000, 0x0000000705a00000|100%| O|  |TAMS 0x0000000705a00000, 0x0000000705800000| Untracked 
|  45|0x0000000705a00000, 0x0000000705c00000, 0x0000000705c00000|100%| O|  |TAMS 0x0000000705c00000, 0x0000000705a00000| Untracked 
|  46|0x0000000705c00000, 0x0000000705e00000, 0x0000000705e00000|100%| O|  |TAMS 0x0000000705e00000, 0x0000000705c00000| Untracked 
|  47|0x0000000705e00000, 0x0000000706000000, 0x0000000706000000|100%| O|  |TAMS 0x0000000706000000, 0x0000000705e00000| Untracked 
|  48|0x0000000706000000, 0x0000000706200000, 0x0000000706200000|100%| O|  |TAMS 0x0000000706200000, 0x0000000706000000| Untracked 
|  49|0x0000000706200000, 0x0000000706400000, 0x0000000706400000|100%| O|  |TAMS 0x0000000706400000, 0x0000000706200000| Untracked 
|  50|0x0000000706400000, 0x0000000706600000, 0x0000000706600000|100%| O|  |TAMS 0x0000000706600000, 0x0000000706400000| Untracked 
|  51|0x0000000706600000, 0x0000000706800000, 0x0000000706800000|100%| O|  |TAMS 0x0000000706800000, 0x0000000706600000| Untracked 
|  52|0x0000000706800000, 0x0000000706a00000, 0x0000000706a00000|100%| O|  |TAMS 0x0000000706a00000, 0x0000000706800000| Untracked 
|  53|0x0000000706a00000, 0x0000000706c00000, 0x0000000706c00000|100%| O|  |TAMS 0x0000000706c00000, 0x0000000706a00000| Untracked 
|  54|0x0000000706c00000, 0x0000000706e00000, 0x0000000706e00000|100%| O|  |TAMS 0x0000000706e00000, 0x0000000706c00000| Untracked 
|  55|0x0000000706e00000, 0x0000000707000000, 0x0000000707000000|100%| O|  |TAMS 0x0000000707000000, 0x0000000706e00000| Untracked 
|  56|0x0000000707000000, 0x0000000707200000, 0x0000000707200000|100%| O|  |TAMS 0x0000000707200000, 0x0000000707000000| Untracked 
|  57|0x0000000707200000, 0x0000000707400000, 0x0000000707400000|100%| O|  |TAMS 0x0000000707400000, 0x0000000707200000| Untracked 
|  58|0x0000000707400000, 0x0000000707600000, 0x0000000707600000|100%| O|  |TAMS 0x0000000707600000, 0x0000000707400000| Untracked 
|  59|0x0000000707600000, 0x0000000707800000, 0x0000000707800000|100%| O|  |TAMS 0x0000000707800000, 0x0000000707600000| Untracked 
|  60|0x0000000707800000, 0x0000000707a00000, 0x0000000707a00000|100%| O|  |TAMS 0x0000000707a00000, 0x0000000707800000| Untracked 
|  61|0x0000000707a00000, 0x0000000707c00000, 0x0000000707c00000|100%| O|  |TAMS 0x0000000707c00000, 0x0000000707a00000| Untracked 
|  62|0x0000000707c00000, 0x0000000707e00000, 0x0000000707e00000|100%| O|  |TAMS 0x0000000707e00000, 0x0000000707c00000| Untracked 
|  63|0x0000000707e00000, 0x0000000708000000, 0x0000000708000000|100%| O|  |TAMS 0x0000000708000000, 0x0000000707e00000| Untracked 
|  64|0x0000000708000000, 0x0000000708200000, 0x0000000708200000|100%| O|  |TAMS 0x0000000708200000, 0x0000000708000000| Untracked 
|  65|0x0000000708200000, 0x0000000708400000, 0x0000000708400000|100%| O|  |TAMS 0x0000000708400000, 0x0000000708200000| Untracked 
|  66|0x0000000708400000, 0x0000000708600000, 0x0000000708600000|100%| O|  |TAMS 0x0000000708600000, 0x0000000708400000| Untracked 
|  67|0x0000000708600000, 0x0000000708800000, 0x0000000708800000|100%| O|  |TAMS 0x0000000708800000, 0x0000000708600000| Untracked 
|  68|0x0000000708800000, 0x0000000708a00000, 0x0000000708a00000|100%| O|  |TAMS 0x0000000708a00000, 0x0000000708800000| Untracked 
|  69|0x0000000708a00000, 0x0000000708a00000, 0x0000000708c00000|  0%| F|  |TAMS 0x0000000708a00000, 0x0000000708a00000| Untracked 
|  70|0x0000000708c00000, 0x0000000708e00000, 0x0000000708e00000|100%| O|  |TAMS 0x0000000708e00000, 0x0000000708c00000| Untracked 
|  71|0x0000000708e00000, 0x0000000709000000, 0x0000000709000000|100%| O|  |TAMS 0x0000000709000000, 0x0000000708e00000| Untracked 
|  72|0x0000000709000000, 0x0000000709200000, 0x0000000709200000|100%| O|  |TAMS 0x0000000709200000, 0x0000000709000000| Untracked 
|  73|0x0000000709200000, 0x0000000709400000, 0x0000000709400000|100%| O|  |TAMS 0x0000000709400000, 0x0000000709200000| Untracked 
|  74|0x0000000709400000, 0x0000000709600000, 0x0000000709600000|100%| O|  |TAMS 0x0000000709600000, 0x0000000709400000| Untracked 
|  75|0x0000000709600000, 0x0000000709800000, 0x0000000709800000|100%| O|  |TAMS 0x0000000709800000, 0x0000000709600000| Untracked 
|  76|0x0000000709800000, 0x0000000709a00000, 0x0000000709a00000|100%| O|  |TAMS 0x0000000709a00000, 0x0000000709800000| Untracked 
|  77|0x0000000709a00000, 0x0000000709c00000, 0x0000000709c00000|100%| O|  |TAMS 0x0000000709c00000, 0x0000000709a00000| Untracked 
|  78|0x0000000709c00000, 0x0000000709e00000, 0x0000000709e00000|100%| O|  |TAMS 0x0000000709e00000, 0x0000000709c00000| Untracked 
|  79|0x0000000709e00000, 0x000000070a000000, 0x000000070a000000|100%| O|  |TAMS 0x000000070a000000, 0x0000000709e00000| Untracked 
|  80|0x000000070a000000, 0x000000070a200000, 0x000000070a200000|100%| O|  |TAMS 0x000000070a200000, 0x000000070a000000| Untracked 
|  81|0x000000070a200000, 0x000000070a400000, 0x000000070a400000|100%| O|  |TAMS 0x000000070a200000, 0x000000070a200000| Untracked 
|  82|0x000000070a400000, 0x000000070a600000, 0x000000070a600000|100%| O|  |TAMS 0x000000070a600000, 0x000000070a400000| Untracked 
|  83|0x000000070a600000, 0x000000070a800000, 0x000000070a800000|100%| O|  |TAMS 0x000000070a800000, 0x000000070a600000| Untracked 
|  84|0x000000070a800000, 0x000000070aa00000, 0x000000070aa00000|100%| O|  |TAMS 0x000000070aa00000, 0x000000070a800000| Untracked 
|  85|0x000000070aa00000, 0x000000070ac00000, 0x000000070ac00000|100%| O|  |TAMS 0x000000070ac00000, 0x000000070aa00000| Untracked 
|  86|0x000000070ac00000, 0x000000070ae00000, 0x000000070ae00000|100%|HS|  |TAMS 0x000000070ac00000, 0x000000070ac00000| Complete 
|  87|0x000000070ae00000, 0x000000070b000000, 0x000000070b000000|100%| O|  |TAMS 0x000000070b000000, 0x000000070ae00000| Untracked 
|  88|0x000000070b000000, 0x000000070b200000, 0x000000070b200000|100%| O|  |TAMS 0x000000070b200000, 0x000000070b000000| Untracked 
|  89|0x000000070b200000, 0x000000070b400000, 0x000000070b400000|100%| O|  |TAMS 0x000000070b400000, 0x000000070b200000| Untracked 
|  90|0x000000070b400000, 0x000000070b600000, 0x000000070b600000|100%| O|  |TAMS 0x000000070b600000, 0x000000070b400000| Untracked 
|  91|0x000000070b600000, 0x000000070b800000, 0x000000070b800000|100%| O|  |TAMS 0x000000070b800000, 0x000000070b600000| Untracked 
|  92|0x000000070b800000, 0x000000070b800000, 0x000000070ba00000|  0%| F|  |TAMS 0x000000070b800000, 0x000000070b800000| Untracked 
|  93|0x000000070ba00000, 0x000000070bc00000, 0x000000070bc00000|100%| O|  |TAMS 0x000000070bc00000, 0x000000070ba00000| Untracked 
|  94|0x000000070bc00000, 0x000000070be00000, 0x000000070be00000|100%|HS|  |TAMS 0x000000070bc00000, 0x000000070bc00000| Complete 
|  95|0x000000070be00000, 0x000000070c000000, 0x000000070c000000|100%| O|  |TAMS 0x000000070c000000, 0x000000070be00000| Untracked 
|  96|0x000000070c000000, 0x000000070c200000, 0x000000070c200000|100%| O|  |TAMS 0x000000070c200000, 0x000000070c000000| Untracked 
|  97|0x000000070c200000, 0x000000070c400000, 0x000000070c400000|100%| O|  |TAMS 0x000000070c397200, 0x000000070c200000| Untracked 
|  98|0x000000070c400000, 0x000000070c600000, 0x000000070c600000|100%| O|  |TAMS 0x000000070c400000, 0x000000070c400000| Untracked 
|  99|0x000000070c600000, 0x000000070c800000, 0x000000070c800000|100%| O|  |TAMS 0x000000070c600000, 0x000000070c600000| Untracked 
| 100|0x000000070c800000, 0x000000070ca00000, 0x000000070ca00000|100%|HS|  |TAMS 0x000000070c800000, 0x000000070c800000| Complete 
| 101|0x000000070ca00000, 0x000000070cc00000, 0x000000070cc00000|100%|HC|  |TAMS 0x000000070ca00000, 0x000000070ca00000| Complete 
| 102|0x000000070cc00000, 0x000000070ce00000, 0x000000070ce00000|100%|HS|  |TAMS 0x000000070cc00000, 0x000000070cc00000| Complete 
| 103|0x000000070ce00000, 0x000000070d000000, 0x000000070d000000|100%|HC|  |TAMS 0x000000070ce00000, 0x000000070ce00000| Complete 
| 104|0x000000070d000000, 0x000000070d200000, 0x000000070d200000|100%| O|  |TAMS 0x000000070d000000, 0x000000070d000000| Untracked 
| 105|0x000000070d200000, 0x000000070d400000, 0x000000070d400000|100%| O|  |TAMS 0x000000070d200000, 0x000000070d200000| Untracked 
| 106|0x000000070d400000, 0x000000070d600000, 0x000000070d600000|100%| O|  |TAMS 0x000000070d600000, 0x000000070d400000| Untracked 
| 107|0x000000070d600000, 0x000000070d800000, 0x000000070d800000|100%| O|  |TAMS 0x000000070d600000, 0x000000070d600000| Untracked 
| 108|0x000000070d800000, 0x000000070da00000, 0x000000070da00000|100%| O|  |TAMS 0x000000070d800000, 0x000000070d800000| Untracked 
| 109|0x000000070da00000, 0x000000070dc00000, 0x000000070dc00000|100%| O|  |TAMS 0x000000070da00000, 0x000000070da00000| Untracked 
| 110|0x000000070dc00000, 0x000000070de00000, 0x000000070de00000|100%| O|  |TAMS 0x000000070dc00000, 0x000000070dc00000| Untracked 
| 111|0x000000070de00000, 0x000000070df9ea00, 0x000000070e000000| 80%| O|  |TAMS 0x000000070de00000, 0x000000070de00000| Untracked 
| 112|0x000000070e000000, 0x000000070e000000, 0x000000070e200000|  0%| F|  |TAMS 0x000000070e000000, 0x000000070e000000| Untracked 
| 113|0x000000070e200000, 0x000000070e200000, 0x000000070e400000|  0%| F|  |TAMS 0x000000070e200000, 0x000000070e200000| Untracked 
| 114|0x000000070e400000, 0x000000070e400000, 0x000000070e600000|  0%| F|  |TAMS 0x000000070e400000, 0x000000070e400000| Untracked 
| 115|0x000000070e600000, 0x000000070e600000, 0x000000070e800000|  0%| F|  |TAMS 0x000000070e600000, 0x000000070e600000| Untracked 
| 116|0x000000070e800000, 0x000000070e800000, 0x000000070ea00000|  0%| F|  |TAMS 0x000000070e800000, 0x000000070e800000| Untracked 
| 117|0x000000070ea00000, 0x000000070ea00000, 0x000000070ec00000|  0%| F|  |TAMS 0x000000070ea00000, 0x000000070ea00000| Untracked 
| 118|0x000000070ec00000, 0x000000070ec00000, 0x000000070ee00000|  0%| F|  |TAMS 0x000000070ec00000, 0x000000070ec00000| Untracked 
| 119|0x000000070ee00000, 0x000000070ee00000, 0x000000070f000000|  0%| F|  |TAMS 0x000000070ee00000, 0x000000070ee00000| Untracked 
| 120|0x000000070f000000, 0x000000070f000000, 0x000000070f200000|  0%| F|  |TAMS 0x000000070f000000, 0x000000070f000000| Untracked 
| 121|0x000000070f200000, 0x000000070f200000, 0x000000070f400000|  0%| F|  |TAMS 0x000000070f200000, 0x000000070f200000| Untracked 
| 122|0x000000070f400000, 0x000000070f400000, 0x000000070f600000|  0%| F|  |TAMS 0x000000070f400000, 0x000000070f400000| Untracked 
| 123|0x000000070f600000, 0x000000070f600000, 0x000000070f800000|  0%| F|  |TAMS 0x000000070f600000, 0x000000070f600000| Untracked 
| 124|0x000000070f800000, 0x000000070f800000, 0x000000070fa00000|  0%| F|  |TAMS 0x000000070f800000, 0x000000070f800000| Untracked 
| 125|0x000000070fa00000, 0x000000070fa00000, 0x000000070fc00000|  0%| F|  |TAMS 0x000000070fa00000, 0x000000070fa00000| Untracked 
| 126|0x000000070fc00000, 0x000000070fc00000, 0x000000070fe00000|  0%| F|  |TAMS 0x000000070fc00000, 0x000000070fc00000| Untracked 
| 127|0x000000070fe00000, 0x000000070fe00000, 0x0000000710000000|  0%| F|  |TAMS 0x000000070fe00000, 0x000000070fe00000| Untracked 
| 128|0x0000000710000000, 0x0000000710000000, 0x0000000710200000|  0%| F|  |TAMS 0x0000000710000000, 0x0000000710000000| Untracked 
| 129|0x0000000710200000, 0x0000000710200000, 0x0000000710400000|  0%| F|  |TAMS 0x0000000710200000, 0x0000000710200000| Untracked 
| 130|0x0000000710400000, 0x0000000710400000, 0x0000000710600000|  0%| F|  |TAMS 0x0000000710400000, 0x0000000710400000| Untracked 
| 131|0x0000000710600000, 0x0000000710600000, 0x0000000710800000|  0%| F|  |TAMS 0x0000000710600000, 0x0000000710600000| Untracked 
| 132|0x0000000710800000, 0x0000000710800000, 0x0000000710a00000|  0%| F|  |TAMS 0x0000000710800000, 0x0000000710800000| Untracked 
| 133|0x0000000710a00000, 0x0000000710a00000, 0x0000000710c00000|  0%| F|  |TAMS 0x0000000710a00000, 0x0000000710a00000| Untracked 
| 134|0x0000000710c00000, 0x0000000710c00000, 0x0000000710e00000|  0%| F|  |TAMS 0x0000000710c00000, 0x0000000710c00000| Untracked 
| 135|0x0000000710e00000, 0x0000000710e00000, 0x0000000711000000|  0%| F|  |TAMS 0x0000000710e00000, 0x0000000710e00000| Untracked 
| 136|0x0000000711000000, 0x0000000711000000, 0x0000000711200000|  0%| F|  |TAMS 0x0000000711000000, 0x0000000711000000| Untracked 
| 137|0x0000000711200000, 0x0000000711200000, 0x0000000711400000|  0%| F|  |TAMS 0x0000000711200000, 0x0000000711200000| Untracked 
| 138|0x0000000711400000, 0x0000000711400000, 0x0000000711600000|  0%| F|  |TAMS 0x0000000711400000, 0x0000000711400000| Untracked 
| 139|0x0000000711600000, 0x0000000711600000, 0x0000000711800000|  0%| F|  |TAMS 0x0000000711600000, 0x0000000711600000| Untracked 
| 140|0x0000000711800000, 0x0000000711800000, 0x0000000711a00000|  0%| F|  |TAMS 0x0000000711800000, 0x0000000711800000| Untracked 
| 141|0x0000000711a00000, 0x0000000711a00000, 0x0000000711c00000|  0%| F|  |TAMS 0x0000000711a00000, 0x0000000711a00000| Untracked 
| 142|0x0000000711c00000, 0x0000000711dbba00, 0x0000000711e00000| 86%| S|CS|TAMS 0x0000000711c00000, 0x0000000711c00000| Complete 
| 143|0x0000000711e00000, 0x0000000712000000, 0x0000000712000000|100%| S|CS|TAMS 0x0000000711e00000, 0x0000000711e00000| Complete 
| 144|0x0000000712000000, 0x0000000712000000, 0x0000000712200000|  0%| F|  |TAMS 0x0000000712000000, 0x0000000712000000| Untracked 
| 145|0x0000000712200000, 0x0000000712200000, 0x0000000712400000|  0%| F|  |TAMS 0x0000000712200000, 0x0000000712200000| Untracked 
| 146|0x0000000712400000, 0x0000000712400000, 0x0000000712600000|  0%| F|  |TAMS 0x0000000712400000, 0x0000000712400000| Untracked 
| 147|0x0000000712600000, 0x0000000712600000, 0x0000000712800000|  0%| F|  |TAMS 0x0000000712600000, 0x0000000712600000| Untracked 
| 148|0x0000000712800000, 0x0000000712800000, 0x0000000712a00000|  0%| F|  |TAMS 0x0000000712800000, 0x0000000712800000| Untracked 
| 149|0x0000000712a00000, 0x0000000712a00000, 0x0000000712c00000|  0%| F|  |TAMS 0x0000000712a00000, 0x0000000712a00000| Untracked 
| 150|0x0000000712c00000, 0x0000000712c00000, 0x0000000712e00000|  0%| F|  |TAMS 0x0000000712c00000, 0x0000000712c00000| Untracked 
| 151|0x0000000712e00000, 0x0000000712e00000, 0x0000000713000000|  0%| F|  |TAMS 0x0000000712e00000, 0x0000000712e00000| Untracked 
| 152|0x0000000713000000, 0x0000000713000000, 0x0000000713200000|  0%| F|  |TAMS 0x0000000713000000, 0x0000000713000000| Untracked 
| 153|0x0000000713200000, 0x0000000713200000, 0x0000000713400000|  0%| F|  |TAMS 0x0000000713200000, 0x0000000713200000| Untracked 
| 154|0x0000000713400000, 0x0000000713400000, 0x0000000713600000|  0%| F|  |TAMS 0x0000000713400000, 0x0000000713400000| Untracked 
| 155|0x0000000713600000, 0x0000000713600000, 0x0000000713800000|  0%| F|  |TAMS 0x0000000713600000, 0x0000000713600000| Untracked 
| 156|0x0000000713800000, 0x0000000713800000, 0x0000000713a00000|  0%| F|  |TAMS 0x0000000713800000, 0x0000000713800000| Untracked 
| 157|0x0000000713a00000, 0x0000000713a00000, 0x0000000713c00000|  0%| F|  |TAMS 0x0000000713a00000, 0x0000000713a00000| Untracked 
| 158|0x0000000713c00000, 0x0000000713c00000, 0x0000000713e00000|  0%| F|  |TAMS 0x0000000713c00000, 0x0000000713c00000| Untracked 
| 159|0x0000000713e00000, 0x0000000713e00000, 0x0000000714000000|  0%| F|  |TAMS 0x0000000713e00000, 0x0000000713e00000| Untracked 
| 160|0x0000000714000000, 0x0000000714000000, 0x0000000714200000|  0%| F|  |TAMS 0x0000000714000000, 0x0000000714000000| Untracked 
| 161|0x0000000714200000, 0x0000000714200000, 0x0000000714400000|  0%| F|  |TAMS 0x0000000714200000, 0x0000000714200000| Untracked 
| 162|0x0000000714400000, 0x0000000714400000, 0x0000000714600000|  0%| F|  |TAMS 0x0000000714400000, 0x0000000714400000| Untracked 
| 163|0x0000000714600000, 0x0000000714600000, 0x0000000714800000|  0%| F|  |TAMS 0x0000000714600000, 0x0000000714600000| Untracked 
| 164|0x0000000714800000, 0x0000000714800000, 0x0000000714a00000|  0%| F|  |TAMS 0x0000000714800000, 0x0000000714800000| Untracked 
| 165|0x0000000714a00000, 0x0000000714a00000, 0x0000000714c00000|  0%| F|  |TAMS 0x0000000714a00000, 0x0000000714a00000| Untracked 
| 166|0x0000000714c00000, 0x0000000714c00000, 0x0000000714e00000|  0%| F|  |TAMS 0x0000000714c00000, 0x0000000714c00000| Untracked 
| 167|0x0000000714e00000, 0x0000000714e00000, 0x0000000715000000|  0%| F|  |TAMS 0x0000000714e00000, 0x0000000714e00000| Untracked 
| 168|0x0000000715000000, 0x0000000715000000, 0x0000000715200000|  0%| F|  |TAMS 0x0000000715000000, 0x0000000715000000| Untracked 
| 169|0x0000000715200000, 0x0000000715200000, 0x0000000715400000|  0%| F|  |TAMS 0x0000000715200000, 0x0000000715200000| Untracked 
| 170|0x0000000715400000, 0x0000000715400000, 0x0000000715600000|  0%| F|  |TAMS 0x0000000715400000, 0x0000000715400000| Untracked 
| 171|0x0000000715600000, 0x0000000715600000, 0x0000000715800000|  0%| F|  |TAMS 0x0000000715600000, 0x0000000715600000| Untracked 
| 172|0x0000000715800000, 0x0000000715800000, 0x0000000715a00000|  0%| F|  |TAMS 0x0000000715800000, 0x0000000715800000| Untracked 
| 173|0x0000000715a00000, 0x0000000715a00000, 0x0000000715c00000|  0%| F|  |TAMS 0x0000000715a00000, 0x0000000715a00000| Untracked 
| 174|0x0000000715c00000, 0x0000000715c00000, 0x0000000715e00000|  0%| F|  |TAMS 0x0000000715c00000, 0x0000000715c00000| Untracked 
| 175|0x0000000715e00000, 0x0000000715e00000, 0x0000000716000000|  0%| F|  |TAMS 0x0000000715e00000, 0x0000000715e00000| Untracked 
| 176|0x0000000716000000, 0x0000000716000000, 0x0000000716200000|  0%| F|  |TAMS 0x0000000716000000, 0x0000000716000000| Untracked 
| 177|0x0000000716200000, 0x0000000716200000, 0x0000000716400000|  0%| F|  |TAMS 0x0000000716200000, 0x0000000716200000| Untracked 
| 178|0x0000000716400000, 0x0000000716400000, 0x0000000716600000|  0%| F|  |TAMS 0x0000000716400000, 0x0000000716400000| Untracked 
| 179|0x0000000716600000, 0x0000000716600000, 0x0000000716800000|  0%| F|  |TAMS 0x0000000716600000, 0x0000000716600000| Untracked 
| 180|0x0000000716800000, 0x0000000716800000, 0x0000000716a00000|  0%| F|  |TAMS 0x0000000716800000, 0x0000000716800000| Untracked 
| 181|0x0000000716a00000, 0x0000000716a00000, 0x0000000716c00000|  0%| F|  |TAMS 0x0000000716a00000, 0x0000000716a00000| Untracked 
| 182|0x0000000716c00000, 0x0000000716c00000, 0x0000000716e00000|  0%| F|  |TAMS 0x0000000716c00000, 0x0000000716c00000| Untracked 
| 183|0x0000000716e00000, 0x0000000716e00000, 0x0000000717000000|  0%| F|  |TAMS 0x0000000716e00000, 0x0000000716e00000| Untracked 
| 184|0x0000000717000000, 0x0000000717000000, 0x0000000717200000|  0%| F|  |TAMS 0x0000000717000000, 0x0000000717000000| Untracked 
| 185|0x0000000717200000, 0x0000000717200000, 0x0000000717400000|  0%| F|  |TAMS 0x0000000717200000, 0x0000000717200000| Untracked 
| 186|0x0000000717400000, 0x0000000717400000, 0x0000000717600000|  0%| F|  |TAMS 0x0000000717400000, 0x0000000717400000| Untracked 
| 187|0x0000000717600000, 0x0000000717600000, 0x0000000717800000|  0%| F|  |TAMS 0x0000000717600000, 0x0000000717600000| Untracked 
| 188|0x0000000717800000, 0x0000000717800000, 0x0000000717a00000|  0%| F|  |TAMS 0x0000000717800000, 0x0000000717800000| Untracked 
| 189|0x0000000717a00000, 0x0000000717a00000, 0x0000000717c00000|  0%| F|  |TAMS 0x0000000717a00000, 0x0000000717a00000| Untracked 
| 190|0x0000000717c00000, 0x0000000717c00000, 0x0000000717e00000|  0%| F|  |TAMS 0x0000000717c00000, 0x0000000717c00000| Untracked 
| 191|0x0000000717e00000, 0x0000000717e00000, 0x0000000718000000|  0%| F|  |TAMS 0x0000000717e00000, 0x0000000717e00000| Untracked 
| 192|0x0000000718000000, 0x0000000718000000, 0x0000000718200000|  0%| F|  |TAMS 0x0000000718000000, 0x0000000718000000| Untracked 
| 193|0x0000000718200000, 0x0000000718200000, 0x0000000718400000|  0%| F|  |TAMS 0x0000000718200000, 0x0000000718200000| Untracked 
| 194|0x0000000718400000, 0x0000000718400000, 0x0000000718600000|  0%| F|  |TAMS 0x0000000718400000, 0x0000000718400000| Untracked 
| 195|0x0000000718600000, 0x0000000718600000, 0x0000000718800000|  0%| F|  |TAMS 0x0000000718600000, 0x0000000718600000| Untracked 
| 196|0x0000000718800000, 0x0000000718800000, 0x0000000718a00000|  0%| F|  |TAMS 0x0000000718800000, 0x0000000718800000| Untracked 
| 197|0x0000000718a00000, 0x0000000718a00000, 0x0000000718c00000|  0%| F|  |TAMS 0x0000000718a00000, 0x0000000718a00000| Untracked 
| 198|0x0000000718c00000, 0x0000000718c00000, 0x0000000718e00000|  0%| F|  |TAMS 0x0000000718c00000, 0x0000000718c00000| Untracked 
| 199|0x0000000718e00000, 0x0000000718e00000, 0x0000000719000000|  0%| F|  |TAMS 0x0000000718e00000, 0x0000000718e00000| Untracked 
| 200|0x0000000719000000, 0x0000000719000000, 0x0000000719200000|  0%| F|  |TAMS 0x0000000719000000, 0x0000000719000000| Untracked 
| 201|0x0000000719200000, 0x0000000719200000, 0x0000000719400000|  0%| F|  |TAMS 0x0000000719200000, 0x0000000719200000| Untracked 
| 202|0x0000000719400000, 0x0000000719400000, 0x0000000719600000|  0%| F|  |TAMS 0x0000000719400000, 0x0000000719400000| Untracked 
| 203|0x0000000719600000, 0x0000000719600000, 0x0000000719800000|  0%| F|  |TAMS 0x0000000719600000, 0x0000000719600000| Untracked 
| 204|0x0000000719800000, 0x0000000719800000, 0x0000000719a00000|  0%| F|  |TAMS 0x0000000719800000, 0x0000000719800000| Untracked 
| 205|0x0000000719a00000, 0x0000000719a00000, 0x0000000719c00000|  0%| F|  |TAMS 0x0000000719a00000, 0x0000000719a00000| Untracked 
| 206|0x0000000719c00000, 0x0000000719c00000, 0x0000000719e00000|  0%| F|  |TAMS 0x0000000719c00000, 0x0000000719c00000| Untracked 
| 207|0x0000000719e00000, 0x0000000719e00000, 0x000000071a000000|  0%| F|  |TAMS 0x0000000719e00000, 0x0000000719e00000| Untracked 
| 208|0x000000071a000000, 0x000000071a000000, 0x000000071a200000|  0%| F|  |TAMS 0x000000071a000000, 0x000000071a000000| Untracked 
| 209|0x000000071a200000, 0x000000071a200000, 0x000000071a400000|  0%| F|  |TAMS 0x000000071a200000, 0x000000071a200000| Untracked 
| 210|0x000000071a400000, 0x000000071a400000, 0x000000071a600000|  0%| F|  |TAMS 0x000000071a400000, 0x000000071a400000| Untracked 
| 211|0x000000071a600000, 0x000000071a600000, 0x000000071a800000|  0%| F|  |TAMS 0x000000071a600000, 0x000000071a600000| Untracked 
| 212|0x000000071a800000, 0x000000071a800000, 0x000000071aa00000|  0%| F|  |TAMS 0x000000071a800000, 0x000000071a800000| Untracked 
| 213|0x000000071aa00000, 0x000000071aa00000, 0x000000071ac00000|  0%| F|  |TAMS 0x000000071aa00000, 0x000000071aa00000| Untracked 
| 214|0x000000071ac00000, 0x000000071ac00000, 0x000000071ae00000|  0%| F|  |TAMS 0x000000071ac00000, 0x000000071ac00000| Untracked 
| 215|0x000000071ae00000, 0x000000071ae00000, 0x000000071b000000|  0%| F|  |TAMS 0x000000071ae00000, 0x000000071ae00000| Untracked 
| 216|0x000000071b000000, 0x000000071b000000, 0x000000071b200000|  0%| F|  |TAMS 0x000000071b000000, 0x000000071b000000| Untracked 
| 217|0x000000071b200000, 0x000000071b200000, 0x000000071b400000|  0%| F|  |TAMS 0x000000071b200000, 0x000000071b200000| Untracked 
| 218|0x000000071b400000, 0x000000071b400000, 0x000000071b600000|  0%| F|  |TAMS 0x000000071b400000, 0x000000071b400000| Untracked 
| 219|0x000000071b600000, 0x000000071b600000, 0x000000071b800000|  0%| F|  |TAMS 0x000000071b600000, 0x000000071b600000| Untracked 
| 220|0x000000071b800000, 0x000000071b800000, 0x000000071ba00000|  0%| F|  |TAMS 0x000000071b800000, 0x000000071b800000| Untracked 
| 221|0x000000071ba00000, 0x000000071ba00000, 0x000000071bc00000|  0%| F|  |TAMS 0x000000071ba00000, 0x000000071ba00000| Untracked 
| 222|0x000000071bc00000, 0x000000071bc00000, 0x000000071be00000|  0%| F|  |TAMS 0x000000071bc00000, 0x000000071bc00000| Untracked 
| 223|0x000000071be00000, 0x000000071be00000, 0x000000071c000000|  0%| F|  |TAMS 0x000000071be00000, 0x000000071be00000| Untracked 
| 224|0x000000071c000000, 0x000000071c000000, 0x000000071c200000|  0%| F|  |TAMS 0x000000071c000000, 0x000000071c000000| Untracked 
| 225|0x000000071c200000, 0x000000071c200000, 0x000000071c400000|  0%| F|  |TAMS 0x000000071c200000, 0x000000071c200000| Untracked 
| 226|0x000000071c400000, 0x000000071c400000, 0x000000071c600000|  0%| F|  |TAMS 0x000000071c400000, 0x000000071c400000| Untracked 
| 227|0x000000071c600000, 0x000000071c600000, 0x000000071c800000|  0%| F|  |TAMS 0x000000071c600000, 0x000000071c600000| Untracked 
| 228|0x000000071c800000, 0x000000071c800000, 0x000000071ca00000|  0%| F|  |TAMS 0x000000071c800000, 0x000000071c800000| Untracked 
| 229|0x000000071ca00000, 0x000000071ca00000, 0x000000071cc00000|  0%| F|  |TAMS 0x000000071ca00000, 0x000000071ca00000| Untracked 
| 230|0x000000071cc00000, 0x000000071cc00000, 0x000000071ce00000|  0%| F|  |TAMS 0x000000071cc00000, 0x000000071cc00000| Untracked 
| 231|0x000000071ce00000, 0x000000071ce00000, 0x000000071d000000|  0%| F|  |TAMS 0x000000071ce00000, 0x000000071ce00000| Untracked 
| 232|0x000000071d000000, 0x000000071d000000, 0x000000071d200000|  0%| F|  |TAMS 0x000000071d000000, 0x000000071d000000| Untracked 
| 233|0x000000071d200000, 0x000000071d200000, 0x000000071d400000|  0%| F|  |TAMS 0x000000071d200000, 0x000000071d200000| Untracked 
| 234|0x000000071d400000, 0x000000071d400000, 0x000000071d600000|  0%| F|  |TAMS 0x000000071d400000, 0x000000071d400000| Untracked 
| 235|0x000000071d600000, 0x000000071d600000, 0x000000071d800000|  0%| F|  |TAMS 0x000000071d600000, 0x000000071d600000| Untracked 
| 236|0x000000071d800000, 0x000000071d800000, 0x000000071da00000|  0%| F|  |TAMS 0x000000071d800000, 0x000000071d800000| Untracked 
| 237|0x000000071da00000, 0x000000071da00000, 0x000000071dc00000|  0%| F|  |TAMS 0x000000071da00000, 0x000000071da00000| Untracked 
| 238|0x000000071dc00000, 0x000000071dc00000, 0x000000071de00000|  0%| F|  |TAMS 0x000000071dc00000, 0x000000071dc00000| Untracked 
| 239|0x000000071de00000, 0x000000071de00000, 0x000000071e000000|  0%| F|  |TAMS 0x000000071de00000, 0x000000071de00000| Untracked 
| 240|0x000000071e000000, 0x000000071e000000, 0x000000071e200000|  0%| F|  |TAMS 0x000000071e000000, 0x000000071e000000| Untracked 
| 241|0x000000071e200000, 0x000000071e200000, 0x000000071e400000|  0%| F|  |TAMS 0x000000071e200000, 0x000000071e200000| Untracked 
| 242|0x000000071e400000, 0x000000071e400000, 0x000000071e600000|  0%| F|  |TAMS 0x000000071e400000, 0x000000071e400000| Untracked 
| 243|0x000000071e600000, 0x000000071e600000, 0x000000071e800000|  0%| F|  |TAMS 0x000000071e600000, 0x000000071e600000| Untracked 
| 244|0x000000071e800000, 0x000000071e800000, 0x000000071ea00000|  0%| F|  |TAMS 0x000000071e800000, 0x000000071e800000| Untracked 
| 245|0x000000071ea00000, 0x000000071ea00000, 0x000000071ec00000|  0%| F|  |TAMS 0x000000071ea00000, 0x000000071ea00000| Untracked 
| 246|0x000000071ec00000, 0x000000071ec00000, 0x000000071ee00000|  0%| F|  |TAMS 0x000000071ec00000, 0x000000071ec00000| Untracked 
| 247|0x000000071ee00000, 0x000000071ee00000, 0x000000071f000000|  0%| F|  |TAMS 0x000000071ee00000, 0x000000071ee00000| Untracked 
| 248|0x000000071f000000, 0x000000071f000000, 0x000000071f200000|  0%| F|  |TAMS 0x000000071f000000, 0x000000071f000000| Untracked 
| 249|0x000000071f200000, 0x000000071f200000, 0x000000071f400000|  0%| F|  |TAMS 0x000000071f200000, 0x000000071f200000| Untracked 
| 250|0x000000071f400000, 0x000000071f400000, 0x000000071f600000|  0%| F|  |TAMS 0x000000071f400000, 0x000000071f400000| Untracked 
| 251|0x000000071f600000, 0x000000071f600000, 0x000000071f800000|  0%| F|  |TAMS 0x000000071f600000, 0x000000071f600000| Untracked 
| 252|0x000000071f800000, 0x000000071f800000, 0x000000071fa00000|  0%| F|  |TAMS 0x000000071f800000, 0x000000071f800000| Untracked 
| 253|0x000000071fa00000, 0x000000071fa00000, 0x000000071fc00000|  0%| F|  |TAMS 0x000000071fa00000, 0x000000071fa00000| Untracked 
| 254|0x000000071fc00000, 0x000000071fc00000, 0x000000071fe00000|  0%| F|  |TAMS 0x000000071fc00000, 0x000000071fc00000| Untracked 
| 255|0x000000071fe00000, 0x000000071fe00000, 0x0000000720000000|  0%| F|  |TAMS 0x000000071fe00000, 0x000000071fe00000| Untracked 
| 256|0x0000000720000000, 0x0000000720000000, 0x0000000720200000|  0%| F|  |TAMS 0x0000000720000000, 0x0000000720000000| Untracked 
| 257|0x0000000720200000, 0x0000000720200000, 0x0000000720400000|  0%| F|  |TAMS 0x0000000720200000, 0x0000000720200000| Untracked 
| 258|0x0000000720400000, 0x0000000720400000, 0x0000000720600000|  0%| F|  |TAMS 0x0000000720400000, 0x0000000720400000| Untracked 
| 259|0x0000000720600000, 0x0000000720600000, 0x0000000720800000|  0%| F|  |TAMS 0x0000000720600000, 0x0000000720600000| Untracked 
| 260|0x0000000720800000, 0x0000000720800000, 0x0000000720a00000|  0%| F|  |TAMS 0x0000000720800000, 0x0000000720800000| Untracked 
| 261|0x0000000720a00000, 0x0000000720a00000, 0x0000000720c00000|  0%| F|  |TAMS 0x0000000720a00000, 0x0000000720a00000| Untracked 
| 262|0x0000000720c00000, 0x0000000720c00000, 0x0000000720e00000|  0%| F|  |TAMS 0x0000000720c00000, 0x0000000720c00000| Untracked 
| 263|0x0000000720e00000, 0x0000000720e00000, 0x0000000721000000|  0%| F|  |TAMS 0x0000000720e00000, 0x0000000720e00000| Untracked 
| 264|0x0000000721000000, 0x0000000721000000, 0x0000000721200000|  0%| F|  |TAMS 0x0000000721000000, 0x0000000721000000| Untracked 
| 265|0x0000000721200000, 0x0000000721200000, 0x0000000721400000|  0%| F|  |TAMS 0x0000000721200000, 0x0000000721200000| Untracked 
| 266|0x0000000721400000, 0x0000000721400000, 0x0000000721600000|  0%| F|  |TAMS 0x0000000721400000, 0x0000000721400000| Untracked 
| 267|0x0000000721600000, 0x0000000721600000, 0x0000000721800000|  0%| F|  |TAMS 0x0000000721600000, 0x0000000721600000| Untracked 
| 268|0x0000000721800000, 0x0000000721800000, 0x0000000721a00000|  0%| F|  |TAMS 0x0000000721800000, 0x0000000721800000| Untracked 
| 269|0x0000000721a00000, 0x0000000721a00000, 0x0000000721c00000|  0%| F|  |TAMS 0x0000000721a00000, 0x0000000721a00000| Untracked 
| 270|0x0000000721c00000, 0x0000000721c00000, 0x0000000721e00000|  0%| F|  |TAMS 0x0000000721c00000, 0x0000000721c00000| Untracked 
| 271|0x0000000721e00000, 0x0000000721e00000, 0x0000000722000000|  0%| F|  |TAMS 0x0000000721e00000, 0x0000000721e00000| Untracked 
| 272|0x0000000722000000, 0x0000000722000000, 0x0000000722200000|  0%| F|  |TAMS 0x0000000722000000, 0x0000000722000000| Untracked 
| 273|0x0000000722200000, 0x0000000722200000, 0x0000000722400000|  0%| F|  |TAMS 0x0000000722200000, 0x0000000722200000| Untracked 
| 274|0x0000000722400000, 0x0000000722400000, 0x0000000722600000|  0%| F|  |TAMS 0x0000000722400000, 0x0000000722400000| Untracked 
| 275|0x0000000722600000, 0x0000000722600000, 0x0000000722800000|  0%| F|  |TAMS 0x0000000722600000, 0x0000000722600000| Untracked 
| 276|0x0000000722800000, 0x0000000722800000, 0x0000000722a00000|  0%| F|  |TAMS 0x0000000722800000, 0x0000000722800000| Untracked 
| 277|0x0000000722a00000, 0x0000000722a00000, 0x0000000722c00000|  0%| F|  |TAMS 0x0000000722a00000, 0x0000000722a00000| Untracked 
| 278|0x0000000722c00000, 0x0000000722c00000, 0x0000000722e00000|  0%| F|  |TAMS 0x0000000722c00000, 0x0000000722c00000| Untracked 
| 279|0x0000000722e00000, 0x0000000722e00000, 0x0000000723000000|  0%| F|  |TAMS 0x0000000722e00000, 0x0000000722e00000| Untracked 
| 280|0x0000000723000000, 0x0000000723000000, 0x0000000723200000|  0%| F|  |TAMS 0x0000000723000000, 0x0000000723000000| Untracked 
| 281|0x0000000723200000, 0x0000000723200000, 0x0000000723400000|  0%| F|  |TAMS 0x0000000723200000, 0x0000000723200000| Untracked 
| 282|0x0000000723400000, 0x0000000723400000, 0x0000000723600000|  0%| F|  |TAMS 0x0000000723400000, 0x0000000723400000| Untracked 
| 283|0x0000000723600000, 0x0000000723600000, 0x0000000723800000|  0%| F|  |TAMS 0x0000000723600000, 0x0000000723600000| Untracked 
| 284|0x0000000723800000, 0x0000000723800000, 0x0000000723a00000|  0%| F|  |TAMS 0x0000000723800000, 0x0000000723800000| Untracked 
| 285|0x0000000723a00000, 0x0000000723a00000, 0x0000000723c00000|  0%| F|  |TAMS 0x0000000723a00000, 0x0000000723a00000| Untracked 
| 286|0x0000000723c00000, 0x0000000723c00000, 0x0000000723e00000|  0%| F|  |TAMS 0x0000000723c00000, 0x0000000723c00000| Untracked 
| 287|0x0000000723e00000, 0x0000000723e00000, 0x0000000724000000|  0%| F|  |TAMS 0x0000000723e00000, 0x0000000723e00000| Untracked 
| 288|0x0000000724000000, 0x0000000724000000, 0x0000000724200000|  0%| F|  |TAMS 0x0000000724000000, 0x0000000724000000| Untracked 
| 289|0x0000000724200000, 0x0000000724200000, 0x0000000724400000|  0%| F|  |TAMS 0x0000000724200000, 0x0000000724200000| Untracked 
| 290|0x0000000724400000, 0x0000000724400000, 0x0000000724600000|  0%| F|  |TAMS 0x0000000724400000, 0x0000000724400000| Untracked 
| 291|0x0000000724600000, 0x0000000724600000, 0x0000000724800000|  0%| F|  |TAMS 0x0000000724600000, 0x0000000724600000| Untracked 
| 292|0x0000000724800000, 0x0000000724800000, 0x0000000724a00000|  0%| F|  |TAMS 0x0000000724800000, 0x0000000724800000| Untracked 
| 293|0x0000000724a00000, 0x0000000724a00000, 0x0000000724c00000|  0%| F|  |TAMS 0x0000000724a00000, 0x0000000724a00000| Untracked 
| 294|0x0000000724c00000, 0x0000000724c00000, 0x0000000724e00000|  0%| F|  |TAMS 0x0000000724c00000, 0x0000000724c00000| Untracked 
| 295|0x0000000724e00000, 0x0000000724e00000, 0x0000000725000000|  0%| F|  |TAMS 0x0000000724e00000, 0x0000000724e00000| Untracked 
| 296|0x0000000725000000, 0x0000000725000000, 0x0000000725200000|  0%| F|  |TAMS 0x0000000725000000, 0x0000000725000000| Untracked 
| 297|0x0000000725200000, 0x0000000725200000, 0x0000000725400000|  0%| F|  |TAMS 0x0000000725200000, 0x0000000725200000| Untracked 
| 298|0x0000000725400000, 0x0000000725400000, 0x0000000725600000|  0%| F|  |TAMS 0x0000000725400000, 0x0000000725400000| Untracked 
| 299|0x0000000725600000, 0x0000000725600000, 0x0000000725800000|  0%| F|  |TAMS 0x0000000725600000, 0x0000000725600000| Untracked 
| 300|0x0000000725800000, 0x0000000725800000, 0x0000000725a00000|  0%| F|  |TAMS 0x0000000725800000, 0x0000000725800000| Untracked 
| 301|0x0000000725a00000, 0x0000000725a00000, 0x0000000725c00000|  0%| F|  |TAMS 0x0000000725a00000, 0x0000000725a00000| Untracked 
| 302|0x0000000725c00000, 0x0000000725c00000, 0x0000000725e00000|  0%| F|  |TAMS 0x0000000725c00000, 0x0000000725c00000| Untracked 
| 303|0x0000000725e00000, 0x0000000725e00000, 0x0000000726000000|  0%| F|  |TAMS 0x0000000725e00000, 0x0000000725e00000| Untracked 
| 304|0x0000000726000000, 0x0000000726000000, 0x0000000726200000|  0%| F|  |TAMS 0x0000000726000000, 0x0000000726000000| Untracked 
| 305|0x0000000726200000, 0x0000000726200000, 0x0000000726400000|  0%| F|  |TAMS 0x0000000726200000, 0x0000000726200000| Untracked 
| 306|0x0000000726400000, 0x0000000726400000, 0x0000000726600000|  0%| F|  |TAMS 0x0000000726400000, 0x0000000726400000| Untracked 
| 307|0x0000000726600000, 0x0000000726600000, 0x0000000726800000|  0%| F|  |TAMS 0x0000000726600000, 0x0000000726600000| Untracked 
| 308|0x0000000726800000, 0x0000000726800000, 0x0000000726a00000|  0%| F|  |TAMS 0x0000000726800000, 0x0000000726800000| Untracked 
| 309|0x0000000726a00000, 0x0000000726a00000, 0x0000000726c00000|  0%| F|  |TAMS 0x0000000726a00000, 0x0000000726a00000| Untracked 
| 310|0x0000000726c00000, 0x0000000726c00000, 0x0000000726e00000|  0%| F|  |TAMS 0x0000000726c00000, 0x0000000726c00000| Untracked 
| 311|0x0000000726e00000, 0x0000000726e00000, 0x0000000727000000|  0%| F|  |TAMS 0x0000000726e00000, 0x0000000726e00000| Untracked 
| 312|0x0000000727000000, 0x0000000727000000, 0x0000000727200000|  0%| F|  |TAMS 0x0000000727000000, 0x0000000727000000| Untracked 
| 313|0x0000000727200000, 0x0000000727200000, 0x0000000727400000|  0%| F|  |TAMS 0x0000000727200000, 0x0000000727200000| Untracked 
| 314|0x0000000727400000, 0x0000000727400000, 0x0000000727600000|  0%| F|  |TAMS 0x0000000727400000, 0x0000000727400000| Untracked 
| 315|0x0000000727600000, 0x0000000727600000, 0x0000000727800000|  0%| F|  |TAMS 0x0000000727600000, 0x0000000727600000| Untracked 
| 316|0x0000000727800000, 0x0000000727800000, 0x0000000727a00000|  0%| F|  |TAMS 0x0000000727800000, 0x0000000727800000| Untracked 
| 317|0x0000000727a00000, 0x0000000727a00000, 0x0000000727c00000|  0%| F|  |TAMS 0x0000000727a00000, 0x0000000727a00000| Untracked 
| 318|0x0000000727c00000, 0x0000000727c00000, 0x0000000727e00000|  0%| F|  |TAMS 0x0000000727c00000, 0x0000000727c00000| Untracked 
| 319|0x0000000727e00000, 0x0000000727e00000, 0x0000000728000000|  0%| F|  |TAMS 0x0000000727e00000, 0x0000000727e00000| Untracked 
| 320|0x0000000728000000, 0x0000000728000000, 0x0000000728200000|  0%| F|  |TAMS 0x0000000728000000, 0x0000000728000000| Untracked 
| 321|0x0000000728200000, 0x0000000728200000, 0x0000000728400000|  0%| F|  |TAMS 0x0000000728200000, 0x0000000728200000| Untracked 
| 322|0x0000000728400000, 0x0000000728400000, 0x0000000728600000|  0%| F|  |TAMS 0x0000000728400000, 0x0000000728400000| Untracked 
| 323|0x0000000728600000, 0x0000000728600000, 0x0000000728800000|  0%| F|  |TAMS 0x0000000728600000, 0x0000000728600000| Untracked 
| 324|0x0000000728800000, 0x0000000728800000, 0x0000000728a00000|  0%| F|  |TAMS 0x0000000728800000, 0x0000000728800000| Untracked 
| 325|0x0000000728a00000, 0x0000000728a00000, 0x0000000728c00000|  0%| F|  |TAMS 0x0000000728a00000, 0x0000000728a00000| Untracked 
| 326|0x0000000728c00000, 0x0000000728c00000, 0x0000000728e00000|  0%| F|  |TAMS 0x0000000728c00000, 0x0000000728c00000| Untracked 
| 327|0x0000000728e00000, 0x0000000728e00000, 0x0000000729000000|  0%| F|  |TAMS 0x0000000728e00000, 0x0000000728e00000| Untracked 
| 328|0x0000000729000000, 0x0000000729000000, 0x0000000729200000|  0%| F|  |TAMS 0x0000000729000000, 0x0000000729000000| Untracked 
| 329|0x0000000729200000, 0x0000000729200000, 0x0000000729400000|  0%| F|  |TAMS 0x0000000729200000, 0x0000000729200000| Untracked 
| 330|0x0000000729400000, 0x0000000729400000, 0x0000000729600000|  0%| F|  |TAMS 0x0000000729400000, 0x0000000729400000| Untracked 
| 331|0x0000000729600000, 0x0000000729600000, 0x0000000729800000|  0%| F|  |TAMS 0x0000000729600000, 0x0000000729600000| Untracked 
| 332|0x0000000729800000, 0x0000000729800000, 0x0000000729a00000|  0%| F|  |TAMS 0x0000000729800000, 0x0000000729800000| Untracked 
| 333|0x0000000729a00000, 0x0000000729a00000, 0x0000000729c00000|  0%| F|  |TAMS 0x0000000729a00000, 0x0000000729a00000| Untracked 
| 334|0x0000000729c00000, 0x0000000729c00000, 0x0000000729e00000|  0%| F|  |TAMS 0x0000000729c00000, 0x0000000729c00000| Untracked 
| 335|0x0000000729e00000, 0x0000000729e00000, 0x000000072a000000|  0%| F|  |TAMS 0x0000000729e00000, 0x0000000729e00000| Untracked 
| 336|0x000000072a000000, 0x000000072a000000, 0x000000072a200000|  0%| F|  |TAMS 0x000000072a000000, 0x000000072a000000| Untracked 
| 337|0x000000072a200000, 0x000000072a200000, 0x000000072a400000|  0%| F|  |TAMS 0x000000072a200000, 0x000000072a200000| Untracked 
| 338|0x000000072a400000, 0x000000072a400000, 0x000000072a600000|  0%| F|  |TAMS 0x000000072a400000, 0x000000072a400000| Untracked 
| 339|0x000000072a600000, 0x000000072a600000, 0x000000072a800000|  0%| F|  |TAMS 0x000000072a600000, 0x000000072a600000| Untracked 
| 340|0x000000072a800000, 0x000000072a800000, 0x000000072aa00000|  0%| F|  |TAMS 0x000000072a800000, 0x000000072a800000| Untracked 
| 341|0x000000072aa00000, 0x000000072aa00000, 0x000000072ac00000|  0%| F|  |TAMS 0x000000072aa00000, 0x000000072aa00000| Untracked 
| 342|0x000000072ac00000, 0x000000072ac00000, 0x000000072ae00000|  0%| F|  |TAMS 0x000000072ac00000, 0x000000072ac00000| Untracked 
| 343|0x000000072ae00000, 0x000000072ae00000, 0x000000072b000000|  0%| F|  |TAMS 0x000000072ae00000, 0x000000072ae00000| Untracked 
| 344|0x000000072b000000, 0x000000072b000000, 0x000000072b200000|  0%| F|  |TAMS 0x000000072b000000, 0x000000072b000000| Untracked 
| 345|0x000000072b200000, 0x000000072b200000, 0x000000072b400000|  0%| F|  |TAMS 0x000000072b200000, 0x000000072b200000| Untracked 
| 346|0x000000072b400000, 0x000000072b400000, 0x000000072b600000|  0%| F|  |TAMS 0x000000072b400000, 0x000000072b400000| Untracked 
| 347|0x000000072b600000, 0x000000072b600000, 0x000000072b800000|  0%| F|  |TAMS 0x000000072b600000, 0x000000072b600000| Untracked 
| 348|0x000000072b800000, 0x000000072b800000, 0x000000072ba00000|  0%| F|  |TAMS 0x000000072b800000, 0x000000072b800000| Untracked 
| 349|0x000000072ba00000, 0x000000072ba00000, 0x000000072bc00000|  0%| F|  |TAMS 0x000000072ba00000, 0x000000072ba00000| Untracked 
| 350|0x000000072bc00000, 0x000000072bc00000, 0x000000072be00000|  0%| F|  |TAMS 0x000000072bc00000, 0x000000072bc00000| Untracked 
| 351|0x000000072be00000, 0x000000072be00000, 0x000000072c000000|  0%| F|  |TAMS 0x000000072be00000, 0x000000072be00000| Untracked 
| 352|0x000000072c000000, 0x000000072c000000, 0x000000072c200000|  0%| F|  |TAMS 0x000000072c000000, 0x000000072c000000| Untracked 
| 353|0x000000072c200000, 0x000000072c200000, 0x000000072c400000|  0%| F|  |TAMS 0x000000072c200000, 0x000000072c200000| Untracked 
| 354|0x000000072c400000, 0x000000072c400000, 0x000000072c600000|  0%| F|  |TAMS 0x000000072c400000, 0x000000072c400000| Untracked 
| 355|0x000000072c600000, 0x000000072c600000, 0x000000072c800000|  0%| F|  |TAMS 0x000000072c600000, 0x000000072c600000| Untracked 
| 356|0x000000072c800000, 0x000000072c800000, 0x000000072ca00000|  0%| F|  |TAMS 0x000000072c800000, 0x000000072c800000| Untracked 
| 357|0x000000072ca00000, 0x000000072ca00000, 0x000000072cc00000|  0%| F|  |TAMS 0x000000072ca00000, 0x000000072ca00000| Untracked 
| 358|0x000000072cc00000, 0x000000072cc00000, 0x000000072ce00000|  0%| F|  |TAMS 0x000000072cc00000, 0x000000072cc00000| Untracked 
| 359|0x000000072ce00000, 0x000000072ce00000, 0x000000072d000000|  0%| F|  |TAMS 0x000000072ce00000, 0x000000072ce00000| Untracked 
| 360|0x000000072d000000, 0x000000072d000000, 0x000000072d200000|  0%| F|  |TAMS 0x000000072d000000, 0x000000072d000000| Untracked 
| 361|0x000000072d200000, 0x000000072d200000, 0x000000072d400000|  0%| F|  |TAMS 0x000000072d200000, 0x000000072d200000| Untracked 
| 362|0x000000072d400000, 0x000000072d400000, 0x000000072d600000|  0%| F|  |TAMS 0x000000072d400000, 0x000000072d400000| Untracked 
| 363|0x000000072d600000, 0x000000072d600000, 0x000000072d800000|  0%| F|  |TAMS 0x000000072d600000, 0x000000072d600000| Untracked 
| 364|0x000000072d800000, 0x000000072d800000, 0x000000072da00000|  0%| F|  |TAMS 0x000000072d800000, 0x000000072d800000| Untracked 
| 365|0x000000072da00000, 0x000000072da00000, 0x000000072dc00000|  0%| F|  |TAMS 0x000000072da00000, 0x000000072da00000| Untracked 
| 366|0x000000072dc00000, 0x000000072dc00000, 0x000000072de00000|  0%| F|  |TAMS 0x000000072dc00000, 0x000000072dc00000| Untracked 
| 367|0x000000072de00000, 0x000000072de00000, 0x000000072e000000|  0%| F|  |TAMS 0x000000072de00000, 0x000000072de00000| Untracked 
| 368|0x000000072e000000, 0x000000072e000000, 0x000000072e200000|  0%| F|  |TAMS 0x000000072e000000, 0x000000072e000000| Untracked 
| 369|0x000000072e200000, 0x000000072e200000, 0x000000072e400000|  0%| F|  |TAMS 0x000000072e200000, 0x000000072e200000| Untracked 
| 370|0x000000072e400000, 0x000000072e400000, 0x000000072e600000|  0%| F|  |TAMS 0x000000072e400000, 0x000000072e400000| Untracked 
| 371|0x000000072e600000, 0x000000072e600000, 0x000000072e800000|  0%| F|  |TAMS 0x000000072e600000, 0x000000072e600000| Untracked 
| 372|0x000000072e800000, 0x000000072e800000, 0x000000072ea00000|  0%| F|  |TAMS 0x000000072e800000, 0x000000072e800000| Untracked 
| 373|0x000000072ea00000, 0x000000072ea00000, 0x000000072ec00000|  0%| F|  |TAMS 0x000000072ea00000, 0x000000072ea00000| Untracked 
| 374|0x000000072ec00000, 0x000000072ec00000, 0x000000072ee00000|  0%| F|  |TAMS 0x000000072ec00000, 0x000000072ec00000| Untracked 
| 375|0x000000072ee00000, 0x000000072ee00000, 0x000000072f000000|  0%| F|  |TAMS 0x000000072ee00000, 0x000000072ee00000| Untracked 
| 376|0x000000072f000000, 0x000000072f000000, 0x000000072f200000|  0%| F|  |TAMS 0x000000072f000000, 0x000000072f000000| Untracked 
| 377|0x000000072f200000, 0x000000072f200000, 0x000000072f400000|  0%| F|  |TAMS 0x000000072f200000, 0x000000072f200000| Untracked 
| 378|0x000000072f400000, 0x000000072f400000, 0x000000072f600000|  0%| F|  |TAMS 0x000000072f400000, 0x000000072f400000| Untracked 
| 379|0x000000072f600000, 0x000000072f600000, 0x000000072f800000|  0%| F|  |TAMS 0x000000072f600000, 0x000000072f600000| Untracked 
| 380|0x000000072f800000, 0x000000072f800000, 0x000000072fa00000|  0%| F|  |TAMS 0x000000072f800000, 0x000000072f800000| Untracked 
| 381|0x000000072fa00000, 0x000000072fa00000, 0x000000072fc00000|  0%| F|  |TAMS 0x000000072fa00000, 0x000000072fa00000| Untracked 
| 382|0x000000072fc00000, 0x000000072fc00000, 0x000000072fe00000|  0%| F|  |TAMS 0x000000072fc00000, 0x000000072fc00000| Untracked 
| 383|0x000000072fe00000, 0x000000072fe00000, 0x0000000730000000|  0%| F|  |TAMS 0x000000072fe00000, 0x000000072fe00000| Untracked 
| 384|0x0000000730000000, 0x0000000730000000, 0x0000000730200000|  0%| F|  |TAMS 0x0000000730000000, 0x0000000730000000| Untracked 
| 385|0x0000000730200000, 0x0000000730200000, 0x0000000730400000|  0%| F|  |TAMS 0x0000000730200000, 0x0000000730200000| Untracked 
| 386|0x0000000730400000, 0x0000000730400000, 0x0000000730600000|  0%| F|  |TAMS 0x0000000730400000, 0x0000000730400000| Untracked 
| 387|0x0000000730600000, 0x0000000730600000, 0x0000000730800000|  0%| F|  |TAMS 0x0000000730600000, 0x0000000730600000| Untracked 
| 388|0x0000000730800000, 0x0000000730800000, 0x0000000730a00000|  0%| F|  |TAMS 0x0000000730800000, 0x0000000730800000| Untracked 
| 389|0x0000000730a00000, 0x0000000730a00000, 0x0000000730c00000|  0%| F|  |TAMS 0x0000000730a00000, 0x0000000730a00000| Untracked 
| 390|0x0000000730c00000, 0x0000000730c00000, 0x0000000730e00000|  0%| F|  |TAMS 0x0000000730c00000, 0x0000000730c00000| Untracked 
| 391|0x0000000730e00000, 0x0000000730e00000, 0x0000000731000000|  0%| F|  |TAMS 0x0000000730e00000, 0x0000000730e00000| Untracked 
| 392|0x0000000731000000, 0x0000000731000000, 0x0000000731200000|  0%| F|  |TAMS 0x0000000731000000, 0x0000000731000000| Untracked 
| 393|0x0000000731200000, 0x0000000731200000, 0x0000000731400000|  0%| F|  |TAMS 0x0000000731200000, 0x0000000731200000| Untracked 
| 394|0x0000000731400000, 0x0000000731400000, 0x0000000731600000|  0%| F|  |TAMS 0x0000000731400000, 0x0000000731400000| Untracked 
| 395|0x0000000731600000, 0x0000000731600000, 0x0000000731800000|  0%| F|  |TAMS 0x0000000731600000, 0x0000000731600000| Untracked 
| 396|0x0000000731800000, 0x0000000731800000, 0x0000000731a00000|  0%| F|  |TAMS 0x0000000731800000, 0x0000000731800000| Untracked 
| 397|0x0000000731a00000, 0x0000000731a00000, 0x0000000731c00000|  0%| F|  |TAMS 0x0000000731a00000, 0x0000000731a00000| Untracked 
| 398|0x0000000731c00000, 0x0000000731c00000, 0x0000000731e00000|  0%| F|  |TAMS 0x0000000731c00000, 0x0000000731c00000| Untracked 
| 399|0x0000000731e00000, 0x0000000731e00000, 0x0000000732000000|  0%| F|  |TAMS 0x0000000731e00000, 0x0000000731e00000| Untracked 
| 400|0x0000000732000000, 0x0000000732000000, 0x0000000732200000|  0%| F|  |TAMS 0x0000000732000000, 0x0000000732000000| Untracked 
| 401|0x0000000732200000, 0x0000000732200000, 0x0000000732400000|  0%| F|  |TAMS 0x0000000732200000, 0x0000000732200000| Untracked 
| 402|0x0000000732400000, 0x0000000732400000, 0x0000000732600000|  0%| F|  |TAMS 0x0000000732400000, 0x0000000732400000| Untracked 
| 403|0x0000000732600000, 0x0000000732600000, 0x0000000732800000|  0%| F|  |TAMS 0x0000000732600000, 0x0000000732600000| Untracked 
| 404|0x0000000732800000, 0x0000000732800000, 0x0000000732a00000|  0%| F|  |TAMS 0x0000000732800000, 0x0000000732800000| Untracked 
| 405|0x0000000732a00000, 0x0000000732a00000, 0x0000000732c00000|  0%| F|  |TAMS 0x0000000732a00000, 0x0000000732a00000| Untracked 
| 406|0x0000000732c00000, 0x0000000732c00000, 0x0000000732e00000|  0%| F|  |TAMS 0x0000000732c00000, 0x0000000732c00000| Untracked 
| 407|0x0000000732e00000, 0x0000000732e00000, 0x0000000733000000|  0%| F|  |TAMS 0x0000000732e00000, 0x0000000732e00000| Untracked 
| 408|0x0000000733000000, 0x0000000733000000, 0x0000000733200000|  0%| F|  |TAMS 0x0000000733000000, 0x0000000733000000| Untracked 
| 409|0x0000000733200000, 0x0000000733200000, 0x0000000733400000|  0%| F|  |TAMS 0x0000000733200000, 0x0000000733200000| Untracked 
| 410|0x0000000733400000, 0x0000000733400000, 0x0000000733600000|  0%| F|  |TAMS 0x0000000733400000, 0x0000000733400000| Untracked 
| 411|0x0000000733600000, 0x0000000733600000, 0x0000000733800000|  0%| F|  |TAMS 0x0000000733600000, 0x0000000733600000| Untracked 
| 412|0x0000000733800000, 0x0000000733800000, 0x0000000733a00000|  0%| F|  |TAMS 0x0000000733800000, 0x0000000733800000| Untracked 
| 413|0x0000000733a00000, 0x0000000733a00000, 0x0000000733c00000|  0%| F|  |TAMS 0x0000000733a00000, 0x0000000733a00000| Untracked 
| 414|0x0000000733c00000, 0x0000000733c00000, 0x0000000733e00000|  0%| F|  |TAMS 0x0000000733c00000, 0x0000000733c00000| Untracked 
| 415|0x0000000733e00000, 0x0000000733e00000, 0x0000000734000000|  0%| F|  |TAMS 0x0000000733e00000, 0x0000000733e00000| Untracked 
| 416|0x0000000734000000, 0x0000000734000000, 0x0000000734200000|  0%| F|  |TAMS 0x0000000734000000, 0x0000000734000000| Untracked 
| 417|0x0000000734200000, 0x0000000734200000, 0x0000000734400000|  0%| F|  |TAMS 0x0000000734200000, 0x0000000734200000| Untracked 
| 418|0x0000000734400000, 0x0000000734400000, 0x0000000734600000|  0%| F|  |TAMS 0x0000000734400000, 0x0000000734400000| Untracked 
| 419|0x0000000734600000, 0x0000000734600000, 0x0000000734800000|  0%| F|  |TAMS 0x0000000734600000, 0x0000000734600000| Untracked 
| 420|0x0000000734800000, 0x0000000734800000, 0x0000000734a00000|  0%| F|  |TAMS 0x0000000734800000, 0x0000000734800000| Untracked 
| 421|0x0000000734a00000, 0x0000000734a00000, 0x0000000734c00000|  0%| F|  |TAMS 0x0000000734a00000, 0x0000000734a00000| Untracked 
| 422|0x0000000734c00000, 0x0000000734c00000, 0x0000000734e00000|  0%| F|  |TAMS 0x0000000734c00000, 0x0000000734c00000| Untracked 
| 423|0x0000000734e00000, 0x0000000734e00000, 0x0000000735000000|  0%| F|  |TAMS 0x0000000734e00000, 0x0000000734e00000| Untracked 
| 424|0x0000000735000000, 0x0000000735000000, 0x0000000735200000|  0%| F|  |TAMS 0x0000000735000000, 0x0000000735000000| Untracked 
| 425|0x0000000735200000, 0x0000000735200000, 0x0000000735400000|  0%| F|  |TAMS 0x0000000735200000, 0x0000000735200000| Untracked 
| 426|0x0000000735400000, 0x0000000735400000, 0x0000000735600000|  0%| F|  |TAMS 0x0000000735400000, 0x0000000735400000| Untracked 
| 427|0x0000000735600000, 0x0000000735600000, 0x0000000735800000|  0%| F|  |TAMS 0x0000000735600000, 0x0000000735600000| Untracked 
| 428|0x0000000735800000, 0x0000000735800000, 0x0000000735a00000|  0%| F|  |TAMS 0x0000000735800000, 0x0000000735800000| Untracked 
| 429|0x0000000735a00000, 0x0000000735a00000, 0x0000000735c00000|  0%| F|  |TAMS 0x0000000735a00000, 0x0000000735a00000| Untracked 
| 430|0x0000000735c00000, 0x0000000735c00000, 0x0000000735e00000|  0%| F|  |TAMS 0x0000000735c00000, 0x0000000735c00000| Untracked 
| 431|0x0000000735e00000, 0x0000000735e00000, 0x0000000736000000|  0%| F|  |TAMS 0x0000000735e00000, 0x0000000735e00000| Untracked 
| 432|0x0000000736000000, 0x0000000736000000, 0x0000000736200000|  0%| F|  |TAMS 0x0000000736000000, 0x0000000736000000| Untracked 
| 433|0x0000000736200000, 0x0000000736200000, 0x0000000736400000|  0%| F|  |TAMS 0x0000000736200000, 0x0000000736200000| Untracked 
| 434|0x0000000736400000, 0x0000000736400000, 0x0000000736600000|  0%| F|  |TAMS 0x0000000736400000, 0x0000000736400000| Untracked 
| 435|0x0000000736600000, 0x0000000736600000, 0x0000000736800000|  0%| F|  |TAMS 0x0000000736600000, 0x0000000736600000| Untracked 
| 436|0x0000000736800000, 0x0000000736800000, 0x0000000736a00000|  0%| F|  |TAMS 0x0000000736800000, 0x0000000736800000| Untracked 
| 437|0x0000000736a00000, 0x0000000736a00000, 0x0000000736c00000|  0%| F|  |TAMS 0x0000000736a00000, 0x0000000736a00000| Untracked 
| 438|0x0000000736c00000, 0x0000000736c00000, 0x0000000736e00000|  0%| F|  |TAMS 0x0000000736c00000, 0x0000000736c00000| Untracked 
| 439|0x0000000736e00000, 0x0000000736e00000, 0x0000000737000000|  0%| F|  |TAMS 0x0000000736e00000, 0x0000000736e00000| Untracked 
| 440|0x0000000737000000, 0x0000000737000000, 0x0000000737200000|  0%| F|  |TAMS 0x0000000737000000, 0x0000000737000000| Untracked 
| 441|0x0000000737200000, 0x0000000737200000, 0x0000000737400000|  0%| F|  |TAMS 0x0000000737200000, 0x0000000737200000| Untracked 
| 442|0x0000000737400000, 0x0000000737400000, 0x0000000737600000|  0%| F|  |TAMS 0x0000000737400000, 0x0000000737400000| Untracked 
| 443|0x0000000737600000, 0x0000000737600000, 0x0000000737800000|  0%| F|  |TAMS 0x0000000737600000, 0x0000000737600000| Untracked 
| 444|0x0000000737800000, 0x0000000737800000, 0x0000000737a00000|  0%| F|  |TAMS 0x0000000737800000, 0x0000000737800000| Untracked 
| 445|0x0000000737a00000, 0x0000000737a00000, 0x0000000737c00000|  0%| F|  |TAMS 0x0000000737a00000, 0x0000000737a00000| Untracked 
| 446|0x0000000737c00000, 0x0000000737c00000, 0x0000000737e00000|  0%| F|  |TAMS 0x0000000737c00000, 0x0000000737c00000| Untracked 
| 447|0x0000000737e00000, 0x0000000737e00000, 0x0000000738000000|  0%| F|  |TAMS 0x0000000737e00000, 0x0000000737e00000| Untracked 
| 448|0x0000000738000000, 0x0000000738000000, 0x0000000738200000|  0%| F|  |TAMS 0x0000000738000000, 0x0000000738000000| Untracked 
| 449|0x0000000738200000, 0x0000000738200000, 0x0000000738400000|  0%| F|  |TAMS 0x0000000738200000, 0x0000000738200000| Untracked 
| 450|0x0000000738400000, 0x0000000738400000, 0x0000000738600000|  0%| F|  |TAMS 0x0000000738400000, 0x0000000738400000| Untracked 
| 451|0x0000000738600000, 0x0000000738600000, 0x0000000738800000|  0%| F|  |TAMS 0x0000000738600000, 0x0000000738600000| Untracked 
| 452|0x0000000738800000, 0x0000000738800000, 0x0000000738a00000|  0%| F|  |TAMS 0x0000000738800000, 0x0000000738800000| Untracked 
| 453|0x0000000738a00000, 0x0000000738a00000, 0x0000000738c00000|  0%| F|  |TAMS 0x0000000738a00000, 0x0000000738a00000| Untracked 
| 454|0x0000000738c00000, 0x0000000738c00000, 0x0000000738e00000|  0%| F|  |TAMS 0x0000000738c00000, 0x0000000738c00000| Untracked 
| 455|0x0000000738e00000, 0x0000000738e00000, 0x0000000739000000|  0%| F|  |TAMS 0x0000000738e00000, 0x0000000738e00000| Untracked 
| 456|0x0000000739000000, 0x0000000739000000, 0x0000000739200000|  0%| F|  |TAMS 0x0000000739000000, 0x0000000739000000| Untracked 
| 457|0x0000000739200000, 0x0000000739200000, 0x0000000739400000|  0%| F|  |TAMS 0x0000000739200000, 0x0000000739200000| Untracked 
| 458|0x0000000739400000, 0x0000000739400000, 0x0000000739600000|  0%| F|  |TAMS 0x0000000739400000, 0x0000000739400000| Untracked 
| 459|0x0000000739600000, 0x0000000739600000, 0x0000000739800000|  0%| F|  |TAMS 0x0000000739600000, 0x0000000739600000| Untracked 
| 460|0x0000000739800000, 0x0000000739800000, 0x0000000739a00000|  0%| F|  |TAMS 0x0000000739800000, 0x0000000739800000| Untracked 
| 461|0x0000000739a00000, 0x0000000739a00000, 0x0000000739c00000|  0%| F|  |TAMS 0x0000000739a00000, 0x0000000739a00000| Untracked 
| 462|0x0000000739c00000, 0x0000000739c00000, 0x0000000739e00000|  0%| F|  |TAMS 0x0000000739c00000, 0x0000000739c00000| Untracked 
| 463|0x0000000739e00000, 0x0000000739e00000, 0x000000073a000000|  0%| F|  |TAMS 0x0000000739e00000, 0x0000000739e00000| Untracked 
| 464|0x000000073a000000, 0x000000073a000000, 0x000000073a200000|  0%| F|  |TAMS 0x000000073a000000, 0x000000073a000000| Untracked 
| 465|0x000000073a200000, 0x000000073a200000, 0x000000073a400000|  0%| F|  |TAMS 0x000000073a200000, 0x000000073a200000| Untracked 
| 466|0x000000073a400000, 0x000000073a400000, 0x000000073a600000|  0%| F|  |TAMS 0x000000073a400000, 0x000000073a400000| Untracked 
| 467|0x000000073a600000, 0x000000073a600000, 0x000000073a800000|  0%| F|  |TAMS 0x000000073a600000, 0x000000073a600000| Untracked 
| 468|0x000000073a800000, 0x000000073a800000, 0x000000073aa00000|  0%| F|  |TAMS 0x000000073a800000, 0x000000073a800000| Untracked 
| 469|0x000000073aa00000, 0x000000073aa00000, 0x000000073ac00000|  0%| F|  |TAMS 0x000000073aa00000, 0x000000073aa00000| Untracked 
| 470|0x000000073ac00000, 0x000000073ac00000, 0x000000073ae00000|  0%| F|  |TAMS 0x000000073ac00000, 0x000000073ac00000| Untracked 
| 471|0x000000073ae00000, 0x000000073ae00000, 0x000000073b000000|  0%| F|  |TAMS 0x000000073ae00000, 0x000000073ae00000| Untracked 
| 472|0x000000073b000000, 0x000000073b000000, 0x000000073b200000|  0%| F|  |TAMS 0x000000073b000000, 0x000000073b000000| Untracked 
| 473|0x000000073b200000, 0x000000073b200000, 0x000000073b400000|  0%| F|  |TAMS 0x000000073b200000, 0x000000073b200000| Untracked 
| 474|0x000000073b400000, 0x000000073b400000, 0x000000073b600000|  0%| F|  |TAMS 0x000000073b400000, 0x000000073b400000| Untracked 
| 475|0x000000073b600000, 0x000000073b600000, 0x000000073b800000|  0%| F|  |TAMS 0x000000073b600000, 0x000000073b600000| Untracked 
| 476|0x000000073b800000, 0x000000073b800000, 0x000000073ba00000|  0%| F|  |TAMS 0x000000073b800000, 0x000000073b800000| Untracked 
| 477|0x000000073ba00000, 0x000000073ba00000, 0x000000073bc00000|  0%| F|  |TAMS 0x000000073ba00000, 0x000000073ba00000| Untracked 
| 478|0x000000073bc00000, 0x000000073bc00000, 0x000000073be00000|  0%| F|  |TAMS 0x000000073bc00000, 0x000000073bc00000| Untracked 
| 479|0x000000073be00000, 0x000000073be00000, 0x000000073c000000|  0%| F|  |TAMS 0x000000073be00000, 0x000000073be00000| Untracked 
| 480|0x000000073c000000, 0x000000073c000000, 0x000000073c200000|  0%| F|  |TAMS 0x000000073c000000, 0x000000073c000000| Untracked 
| 481|0x000000073c200000, 0x000000073c200000, 0x000000073c400000|  0%| F|  |TAMS 0x000000073c200000, 0x000000073c200000| Untracked 
| 482|0x000000073c400000, 0x000000073c400000, 0x000000073c600000|  0%| F|  |TAMS 0x000000073c400000, 0x000000073c400000| Untracked 
| 483|0x000000073c600000, 0x000000073c600000, 0x000000073c800000|  0%| F|  |TAMS 0x000000073c600000, 0x000000073c600000| Untracked 
| 484|0x000000073c800000, 0x000000073c800000, 0x000000073ca00000|  0%| F|  |TAMS 0x000000073c800000, 0x000000073c800000| Untracked 
| 485|0x000000073ca00000, 0x000000073ca00000, 0x000000073cc00000|  0%| F|  |TAMS 0x000000073ca00000, 0x000000073ca00000| Untracked 
| 486|0x000000073cc00000, 0x000000073cc00000, 0x000000073ce00000|  0%| F|  |TAMS 0x000000073cc00000, 0x000000073cc00000| Untracked 
| 487|0x000000073ce00000, 0x000000073ce00000, 0x000000073d000000|  0%| F|  |TAMS 0x000000073ce00000, 0x000000073ce00000| Untracked 
| 488|0x000000073d000000, 0x000000073d000000, 0x000000073d200000|  0%| F|  |TAMS 0x000000073d000000, 0x000000073d000000| Untracked 
| 489|0x000000073d200000, 0x000000073d200000, 0x000000073d400000|  0%| F|  |TAMS 0x000000073d200000, 0x000000073d200000| Untracked 
| 490|0x000000073d400000, 0x000000073d400000, 0x000000073d600000|  0%| F|  |TAMS 0x000000073d400000, 0x000000073d400000| Untracked 
| 491|0x000000073d600000, 0x000000073d600000, 0x000000073d800000|  0%| F|  |TAMS 0x000000073d600000, 0x000000073d600000| Untracked 
| 492|0x000000073d800000, 0x000000073d800000, 0x000000073da00000|  0%| F|  |TAMS 0x000000073d800000, 0x000000073d800000| Untracked 
| 493|0x000000073da00000, 0x000000073da00000, 0x000000073dc00000|  0%| F|  |TAMS 0x000000073da00000, 0x000000073da00000| Untracked 
| 494|0x000000073dc00000, 0x000000073dc00000, 0x000000073de00000|  0%| F|  |TAMS 0x000000073dc00000, 0x000000073dc00000| Untracked 
| 495|0x000000073de00000, 0x000000073de00000, 0x000000073e000000|  0%| F|  |TAMS 0x000000073de00000, 0x000000073de00000| Untracked 
| 496|0x000000073e000000, 0x000000073e000000, 0x000000073e200000|  0%| F|  |TAMS 0x000000073e000000, 0x000000073e000000| Untracked 
| 497|0x000000073e200000, 0x000000073e200000, 0x000000073e400000|  0%| F|  |TAMS 0x000000073e200000, 0x000000073e200000| Untracked 
| 498|0x000000073e400000, 0x000000073e400000, 0x000000073e600000|  0%| F|  |TAMS 0x000000073e400000, 0x000000073e400000| Untracked 
| 499|0x000000073e600000, 0x000000073e600000, 0x000000073e800000|  0%| F|  |TAMS 0x000000073e600000, 0x000000073e600000| Untracked 
| 500|0x000000073e800000, 0x000000073e800000, 0x000000073ea00000|  0%| F|  |TAMS 0x000000073e800000, 0x000000073e800000| Untracked 
| 501|0x000000073ea00000, 0x000000073ea00000, 0x000000073ec00000|  0%| F|  |TAMS 0x000000073ea00000, 0x000000073ea00000| Untracked 
| 502|0x000000073ec00000, 0x000000073ec00000, 0x000000073ee00000|  0%| F|  |TAMS 0x000000073ec00000, 0x000000073ec00000| Untracked 
| 503|0x000000073ee00000, 0x000000073ee00000, 0x000000073f000000|  0%| F|  |TAMS 0x000000073ee00000, 0x000000073ee00000| Untracked 
| 504|0x000000073f000000, 0x000000073f000000, 0x000000073f200000|  0%| F|  |TAMS 0x000000073f000000, 0x000000073f000000| Untracked 
| 505|0x000000073f200000, 0x000000073f200000, 0x000000073f400000|  0%| F|  |TAMS 0x000000073f200000, 0x000000073f200000| Untracked 
| 506|0x000000073f400000, 0x000000073f400000, 0x000000073f600000|  0%| F|  |TAMS 0x000000073f400000, 0x000000073f400000| Untracked 
| 507|0x000000073f600000, 0x000000073f600000, 0x000000073f800000|  0%| F|  |TAMS 0x000000073f600000, 0x000000073f600000| Untracked 
| 508|0x000000073f800000, 0x000000073f8a3850, 0x000000073fa00000| 31%| E|  |TAMS 0x000000073f800000, 0x000000073f800000| Complete 
| 509|0x000000073fa00000, 0x000000073fc00000, 0x000000073fc00000|100%| E|CS|TAMS 0x000000073fa00000, 0x000000073fa00000| Complete 
| 510|0x000000073fc00000, 0x000000073fe00000, 0x000000073fe00000|100%| E|CS|TAMS 0x000000073fc00000, 0x000000073fc00000| Complete 
| 511|0x000000073fe00000, 0x0000000740000000, 0x0000000740000000|100%| E|CS|TAMS 0x000000073fe00000, 0x000000073fe00000| Complete 
| 512|0x0000000740000000, 0x0000000740200000, 0x0000000740200000|100%| E|CS|TAMS 0x0000000740000000, 0x0000000740000000| Complete 
| 513|0x0000000740200000, 0x0000000740400000, 0x0000000740400000|100%| E|CS|TAMS 0x0000000740200000, 0x0000000740200000| Complete 
| 514|0x0000000740400000, 0x0000000740600000, 0x0000000740600000|100%| E|CS|TAMS 0x0000000740400000, 0x0000000740400000| Complete 
| 515|0x0000000740600000, 0x0000000740800000, 0x0000000740800000|100%| E|CS|TAMS 0x0000000740600000, 0x0000000740600000| Complete 
| 516|0x0000000740800000, 0x0000000740a00000, 0x0000000740a00000|100%| E|CS|TAMS 0x0000000740800000, 0x0000000740800000| Complete 
| 517|0x0000000740a00000, 0x0000000740c00000, 0x0000000740c00000|100%| E|CS|TAMS 0x0000000740a00000, 0x0000000740a00000| Complete 
| 518|0x0000000740c00000, 0x0000000740e00000, 0x0000000740e00000|100%| E|CS|TAMS 0x0000000740c00000, 0x0000000740c00000| Complete 
| 519|0x0000000740e00000, 0x0000000741000000, 0x0000000741000000|100%| E|CS|TAMS 0x0000000740e00000, 0x0000000740e00000| Complete 
| 520|0x0000000741000000, 0x0000000741200000, 0x0000000741200000|100%| E|CS|TAMS 0x0000000741000000, 0x0000000741000000| Complete 
| 521|0x0000000741200000, 0x0000000741400000, 0x0000000741400000|100%| E|CS|TAMS 0x0000000741200000, 0x0000000741200000| Complete 
| 522|0x0000000741400000, 0x0000000741600000, 0x0000000741600000|100%| E|CS|TAMS 0x0000000741400000, 0x0000000741400000| Complete 
| 523|0x0000000741600000, 0x0000000741800000, 0x0000000741800000|100%| E|CS|TAMS 0x0000000741600000, 0x0000000741600000| Complete 
| 524|0x0000000741800000, 0x0000000741a00000, 0x0000000741a00000|100%| E|CS|TAMS 0x0000000741800000, 0x0000000741800000| Complete 
| 525|0x0000000741a00000, 0x0000000741c00000, 0x0000000741c00000|100%| E|CS|TAMS 0x0000000741a00000, 0x0000000741a00000| Complete 
| 526|0x0000000741c00000, 0x0000000741e00000, 0x0000000741e00000|100%| E|CS|TAMS 0x0000000741c00000, 0x0000000741c00000| Complete 
| 527|0x0000000741e00000, 0x0000000742000000, 0x0000000742000000|100%| E|CS|TAMS 0x0000000741e00000, 0x0000000741e00000| Complete 
| 528|0x0000000742000000, 0x0000000742200000, 0x0000000742200000|100%| E|CS|TAMS 0x0000000742000000, 0x0000000742000000| Complete 
| 529|0x0000000742200000, 0x0000000742400000, 0x0000000742400000|100%| E|CS|TAMS 0x0000000742200000, 0x0000000742200000| Complete 
| 530|0x0000000742400000, 0x0000000742600000, 0x0000000742600000|100%| E|CS|TAMS 0x0000000742400000, 0x0000000742400000| Complete 
| 531|0x0000000742600000, 0x0000000742800000, 0x0000000742800000|100%| E|CS|TAMS 0x0000000742600000, 0x0000000742600000| Complete 
| 532|0x0000000742800000, 0x0000000742a00000, 0x0000000742a00000|100%| E|CS|TAMS 0x0000000742800000, 0x0000000742800000| Complete 
| 533|0x0000000742a00000, 0x0000000742c00000, 0x0000000742c00000|100%| E|CS|TAMS 0x0000000742a00000, 0x0000000742a00000| Complete 
| 534|0x0000000742c00000, 0x0000000742e00000, 0x0000000742e00000|100%| E|CS|TAMS 0x0000000742c00000, 0x0000000742c00000| Complete 
| 535|0x0000000742e00000, 0x0000000743000000, 0x0000000743000000|100%| E|CS|TAMS 0x0000000742e00000, 0x0000000742e00000| Complete 
| 536|0x0000000743000000, 0x0000000743200000, 0x0000000743200000|100%| E|CS|TAMS 0x0000000743000000, 0x0000000743000000| Complete 
| 537|0x0000000743200000, 0x0000000743400000, 0x0000000743400000|100%| E|CS|TAMS 0x0000000743200000, 0x0000000743200000| Complete 
| 538|0x0000000743400000, 0x0000000743600000, 0x0000000743600000|100%| E|CS|TAMS 0x0000000743400000, 0x0000000743400000| Complete 
| 539|0x0000000743600000, 0x0000000743800000, 0x0000000743800000|100%| E|CS|TAMS 0x0000000743600000, 0x0000000743600000| Complete 
| 540|0x0000000743800000, 0x0000000743a00000, 0x0000000743a00000|100%| E|CS|TAMS 0x0000000743800000, 0x0000000743800000| Complete 
| 541|0x0000000743a00000, 0x0000000743c00000, 0x0000000743c00000|100%| E|CS|TAMS 0x0000000743a00000, 0x0000000743a00000| Complete 
| 542|0x0000000743c00000, 0x0000000743e00000, 0x0000000743e00000|100%| E|CS|TAMS 0x0000000743c00000, 0x0000000743c00000| Complete 
| 543|0x0000000743e00000, 0x0000000744000000, 0x0000000744000000|100%| E|CS|TAMS 0x0000000743e00000, 0x0000000743e00000| Complete 
| 544|0x0000000744000000, 0x0000000744200000, 0x0000000744200000|100%| E|CS|TAMS 0x0000000744000000, 0x0000000744000000| Complete 
| 545|0x0000000744200000, 0x0000000744400000, 0x0000000744400000|100%| E|CS|TAMS 0x0000000744200000, 0x0000000744200000| Complete 
| 546|0x0000000744400000, 0x0000000744600000, 0x0000000744600000|100%| E|CS|TAMS 0x0000000744400000, 0x0000000744400000| Complete 
| 547|0x0000000744600000, 0x0000000744800000, 0x0000000744800000|100%| E|CS|TAMS 0x0000000744600000, 0x0000000744600000| Complete 
| 548|0x0000000744800000, 0x0000000744a00000, 0x0000000744a00000|100%| E|CS|TAMS 0x0000000744800000, 0x0000000744800000| Complete 
| 549|0x0000000744a00000, 0x0000000744c00000, 0x0000000744c00000|100%| E|CS|TAMS 0x0000000744a00000, 0x0000000744a00000| Complete 
| 550|0x0000000744c00000, 0x0000000744e00000, 0x0000000744e00000|100%| E|CS|TAMS 0x0000000744c00000, 0x0000000744c00000| Complete 
| 551|0x0000000744e00000, 0x0000000745000000, 0x0000000745000000|100%| E|CS|TAMS 0x0000000744e00000, 0x0000000744e00000| Complete 
| 552|0x0000000745000000, 0x0000000745200000, 0x0000000745200000|100%| E|CS|TAMS 0x0000000745000000, 0x0000000745000000| Complete 
| 553|0x0000000745200000, 0x0000000745400000, 0x0000000745400000|100%| E|CS|TAMS 0x0000000745200000, 0x0000000745200000| Complete 
| 554|0x0000000745400000, 0x0000000745600000, 0x0000000745600000|100%| E|CS|TAMS 0x0000000745400000, 0x0000000745400000| Complete 
| 555|0x0000000745600000, 0x0000000745800000, 0x0000000745800000|100%| E|CS|TAMS 0x0000000745600000, 0x0000000745600000| Complete 
| 556|0x0000000745800000, 0x0000000745a00000, 0x0000000745a00000|100%| E|CS|TAMS 0x0000000745800000, 0x0000000745800000| Complete 
| 557|0x0000000745a00000, 0x0000000745c00000, 0x0000000745c00000|100%| E|CS|TAMS 0x0000000745a00000, 0x0000000745a00000| Complete 
| 558|0x0000000745c00000, 0x0000000745e00000, 0x0000000745e00000|100%| E|CS|TAMS 0x0000000745c00000, 0x0000000745c00000| Complete 
| 559|0x0000000745e00000, 0x0000000746000000, 0x0000000746000000|100%| E|CS|TAMS 0x0000000745e00000, 0x0000000745e00000| Complete 
| 560|0x0000000746000000, 0x0000000746200000, 0x0000000746200000|100%| E|CS|TAMS 0x0000000746000000, 0x0000000746000000| Complete 
| 561|0x0000000746200000, 0x0000000746400000, 0x0000000746400000|100%| E|CS|TAMS 0x0000000746200000, 0x0000000746200000| Complete 
| 562|0x0000000746400000, 0x0000000746600000, 0x0000000746600000|100%| E|CS|TAMS 0x0000000746400000, 0x0000000746400000| Complete 
| 563|0x0000000746600000, 0x0000000746800000, 0x0000000746800000|100%| E|CS|TAMS 0x0000000746600000, 0x0000000746600000| Complete 
| 564|0x0000000746800000, 0x0000000746a00000, 0x0000000746a00000|100%| E|CS|TAMS 0x0000000746800000, 0x0000000746800000| Complete 
| 565|0x0000000746a00000, 0x0000000746c00000, 0x0000000746c00000|100%| E|CS|TAMS 0x0000000746a00000, 0x0000000746a00000| Complete 
| 566|0x0000000746c00000, 0x0000000746e00000, 0x0000000746e00000|100%| E|CS|TAMS 0x0000000746c00000, 0x0000000746c00000| Complete 
| 567|0x0000000746e00000, 0x0000000747000000, 0x0000000747000000|100%| E|CS|TAMS 0x0000000746e00000, 0x0000000746e00000| Complete 
| 568|0x0000000747000000, 0x0000000747200000, 0x0000000747200000|100%| E|CS|TAMS 0x0000000747000000, 0x0000000747000000| Complete 
| 569|0x0000000747200000, 0x0000000747400000, 0x0000000747400000|100%| E|CS|TAMS 0x0000000747200000, 0x0000000747200000| Complete 
| 570|0x0000000747400000, 0x0000000747600000, 0x0000000747600000|100%| E|CS|TAMS 0x0000000747400000, 0x0000000747400000| Complete 
| 571|0x0000000747600000, 0x0000000747800000, 0x0000000747800000|100%| E|CS|TAMS 0x0000000747600000, 0x0000000747600000| Complete 
| 572|0x0000000747800000, 0x0000000747a00000, 0x0000000747a00000|100%| E|CS|TAMS 0x0000000747800000, 0x0000000747800000| Complete 
| 573|0x0000000747a00000, 0x0000000747c00000, 0x0000000747c00000|100%| E|CS|TAMS 0x0000000747a00000, 0x0000000747a00000| Complete 
| 574|0x0000000747c00000, 0x0000000747e00000, 0x0000000747e00000|100%| E|CS|TAMS 0x0000000747c00000, 0x0000000747c00000| Complete 
| 575|0x0000000747e00000, 0x0000000748000000, 0x0000000748000000|100%| E|CS|TAMS 0x0000000747e00000, 0x0000000747e00000| Complete 
| 576|0x0000000748000000, 0x0000000748200000, 0x0000000748200000|100%| E|CS|TAMS 0x0000000748000000, 0x0000000748000000| Complete 
| 577|0x0000000748200000, 0x0000000748400000, 0x0000000748400000|100%| E|CS|TAMS 0x0000000748200000, 0x0000000748200000| Complete 
| 578|0x0000000748400000, 0x0000000748600000, 0x0000000748600000|100%| E|CS|TAMS 0x0000000748400000, 0x0000000748400000| Complete 
| 579|0x0000000748600000, 0x0000000748800000, 0x0000000748800000|100%| E|CS|TAMS 0x0000000748600000, 0x0000000748600000| Complete 
| 580|0x0000000748800000, 0x0000000748a00000, 0x0000000748a00000|100%| E|CS|TAMS 0x0000000748800000, 0x0000000748800000| Complete 
| 581|0x0000000748a00000, 0x0000000748c00000, 0x0000000748c00000|100%| E|CS|TAMS 0x0000000748a00000, 0x0000000748a00000| Complete 
| 582|0x0000000748c00000, 0x0000000748e00000, 0x0000000748e00000|100%| E|CS|TAMS 0x0000000748c00000, 0x0000000748c00000| Complete 
| 583|0x0000000748e00000, 0x0000000749000000, 0x0000000749000000|100%| E|CS|TAMS 0x0000000748e00000, 0x0000000748e00000| Complete 
| 584|0x0000000749000000, 0x0000000749200000, 0x0000000749200000|100%| E|CS|TAMS 0x0000000749000000, 0x0000000749000000| Complete 
| 585|0x0000000749200000, 0x0000000749400000, 0x0000000749400000|100%| E|CS|TAMS 0x0000000749200000, 0x0000000749200000| Complete 
| 586|0x0000000749400000, 0x0000000749600000, 0x0000000749600000|100%| E|CS|TAMS 0x0000000749400000, 0x0000000749400000| Complete 
| 587|0x0000000749600000, 0x0000000749800000, 0x0000000749800000|100%| E|CS|TAMS 0x0000000749600000, 0x0000000749600000| Complete 
| 588|0x0000000749800000, 0x0000000749a00000, 0x0000000749a00000|100%| E|CS|TAMS 0x0000000749800000, 0x0000000749800000| Complete 
| 589|0x0000000749a00000, 0x0000000749c00000, 0x0000000749c00000|100%| E|CS|TAMS 0x0000000749a00000, 0x0000000749a00000| Complete 
| 590|0x0000000749c00000, 0x0000000749e00000, 0x0000000749e00000|100%| E|CS|TAMS 0x0000000749c00000, 0x0000000749c00000| Complete 
| 591|0x0000000749e00000, 0x000000074a000000, 0x000000074a000000|100%| E|CS|TAMS 0x0000000749e00000, 0x0000000749e00000| Complete 
| 592|0x000000074a000000, 0x000000074a200000, 0x000000074a200000|100%| E|CS|TAMS 0x000000074a000000, 0x000000074a000000| Complete 
| 593|0x000000074a200000, 0x000000074a400000, 0x000000074a400000|100%| E|CS|TAMS 0x000000074a200000, 0x000000074a200000| Complete 
| 594|0x000000074a400000, 0x000000074a600000, 0x000000074a600000|100%| E|CS|TAMS 0x000000074a400000, 0x000000074a400000| Complete 
| 595|0x000000074a600000, 0x000000074a800000, 0x000000074a800000|100%| E|CS|TAMS 0x000000074a600000, 0x000000074a600000| Complete 
| 596|0x000000074a800000, 0x000000074aa00000, 0x000000074aa00000|100%| E|CS|TAMS 0x000000074a800000, 0x000000074a800000| Complete 
| 597|0x000000074aa00000, 0x000000074ac00000, 0x000000074ac00000|100%| E|CS|TAMS 0x000000074aa00000, 0x000000074aa00000| Complete 
| 598|0x000000074ac00000, 0x000000074ae00000, 0x000000074ae00000|100%| E|CS|TAMS 0x000000074ac00000, 0x000000074ac00000| Complete 
| 599|0x000000074ae00000, 0x000000074b000000, 0x000000074b000000|100%| E|CS|TAMS 0x000000074ae00000, 0x000000074ae00000| Complete 
| 600|0x000000074b000000, 0x000000074b200000, 0x000000074b200000|100%| E|CS|TAMS 0x000000074b000000, 0x000000074b000000| Complete 
| 601|0x000000074b200000, 0x000000074b400000, 0x000000074b400000|100%| E|CS|TAMS 0x000000074b200000, 0x000000074b200000| Complete 
| 602|0x000000074b400000, 0x000000074b600000, 0x000000074b600000|100%| E|CS|TAMS 0x000000074b400000, 0x000000074b400000| Complete 
| 603|0x000000074b600000, 0x000000074b800000, 0x000000074b800000|100%| E|CS|TAMS 0x000000074b600000, 0x000000074b600000| Complete 
| 604|0x000000074b800000, 0x000000074ba00000, 0x000000074ba00000|100%| E|CS|TAMS 0x000000074b800000, 0x000000074b800000| Complete 
| 605|0x000000074ba00000, 0x000000074bc00000, 0x000000074bc00000|100%| E|CS|TAMS 0x000000074ba00000, 0x000000074ba00000| Complete 
| 606|0x000000074bc00000, 0x000000074be00000, 0x000000074be00000|100%| E|CS|TAMS 0x000000074bc00000, 0x000000074bc00000| Complete 
| 607|0x000000074be00000, 0x000000074c000000, 0x000000074c000000|100%| E|CS|TAMS 0x000000074be00000, 0x000000074be00000| Complete 
| 608|0x000000074c000000, 0x000000074c200000, 0x000000074c200000|100%| E|CS|TAMS 0x000000074c000000, 0x000000074c000000| Complete 
| 609|0x000000074c200000, 0x000000074c400000, 0x000000074c400000|100%| E|CS|TAMS 0x000000074c200000, 0x000000074c200000| Complete 
| 610|0x000000074c400000, 0x000000074c600000, 0x000000074c600000|100%| E|CS|TAMS 0x000000074c400000, 0x000000074c400000| Complete 
| 611|0x000000074c600000, 0x000000074c800000, 0x000000074c800000|100%| E|CS|TAMS 0x000000074c600000, 0x000000074c600000| Complete 
| 612|0x000000074c800000, 0x000000074ca00000, 0x000000074ca00000|100%| E|CS|TAMS 0x000000074c800000, 0x000000074c800000| Complete 
| 613|0x000000074ca00000, 0x000000074cc00000, 0x000000074cc00000|100%| E|CS|TAMS 0x000000074ca00000, 0x000000074ca00000| Complete 
| 614|0x000000074cc00000, 0x000000074ce00000, 0x000000074ce00000|100%| E|CS|TAMS 0x000000074cc00000, 0x000000074cc00000| Complete 
| 615|0x000000074ce00000, 0x000000074d000000, 0x000000074d000000|100%| E|CS|TAMS 0x000000074ce00000, 0x000000074ce00000| Complete 

Card table byte_map: [0x00000284a2510000,0x00000284a2d10000] _byte_map_base: 0x000002849ed10000

Marking Bits (Prev, Next): (CMBitMap*) 0x000002848f33d630, (CMBitMap*) 0x000002848f33d5f0
 Prev Bits: [0x00000284a7510000, 0x00000284ab510000)
 Next Bits: [0x00000284a3510000, 0x00000284a7510000)

Polling page: 0x000002848d1f0000

Metaspace:

Usage:
  Non-class:    139.88 MB used.
      Class:     20.49 MB used.
       Both:    160.37 MB used.

Virtual space:
  Non-class space:      192.00 MB reserved,     140.62 MB ( 73%) committed,  3 nodes.
      Class space:        1.00 GB reserved,      21.06 MB (  2%) committed,  1 nodes.
             Both:        1.19 GB reserved,     161.69 MB ( 13%) committed. 

Chunk freelists:
   Non-Class:  2.47 MB
       Class:  10.84 MB
        Both:  13.31 MB

MaxMetaspaceSize: 2.00 GB
CompressedClassSpaceSize: 1.00 GB
Initial GC threshold: 21.00 MB
Current GC threshold: 244.38 MB
CDS: off
MetaspaceReclaimPolicy: balanced
 - commit_granule_bytes: 65536.
 - commit_granule_words: 8192.
 - virtual_space_node_default_size: 8388608.
 - enlarge_chunks_in_place: 1.
 - new_chunks_are_fully_committed: 0.
 - uncommit_free_chunks: 1.
 - use_allocation_guard: 0.
 - handle_deallocations: 1.


Internal statistics:

num_allocs_failed_limit: 9.
num_arena_births: 1944.
num_arena_deaths: 6.
num_vsnodes_births: 4.
num_vsnodes_deaths: 0.
num_space_committed: 2586.
num_space_uncommitted: 0.
num_chunks_returned_to_freelist: 18.
num_chunks_taken_from_freelist: 8493.
num_chunk_merges: 10.
num_chunk_splits: 5525.
num_chunks_enlarged: 3583.
num_inconsistent_stats: 0.

CodeHeap 'non-profiled nmethods': size=120000Kb used=16102Kb max_used=16384Kb free=103898Kb
 bounds [0x000002849a280000, 0x000002849b290000, 0x00000284a17b0000]
CodeHeap 'profiled nmethods': size=120000Kb used=46921Kb max_used=46921Kb free=73078Kb
 bounds [0x00000284927b0000, 0x0000028495590000, 0x0000028499ce0000]
CodeHeap 'non-nmethods': size=5760Kb used=2553Kb max_used=2630Kb free=3206Kb
 bounds [0x0000028499ce0000, 0x0000028499f80000, 0x000002849a280000]
 total_blobs=23412 nmethods=22298 adapters=1024
 compilation: enabled
              stopped_count=0, restarted_count=0
 full_count=0

Compilation events (20 events):
Event: 76.671 Thread 0x00000284ae3bb260 nmethod 27400 0x0000028495577190 code [0x0000028495577340, 0x0000028495577568]
Event: 76.671 Thread 0x00000284ae3bb260 27401       3       com.android.build.gradle.internal.tasks.MergeJavaResourcesDelegate$run$mergeTransformAlgorithm$1::apply (92 bytes)
Event: 76.671 Thread 0x00000284ae3bb260 nmethod 27401 0x0000028495577610 code [0x0000028495577880, 0x00000284955781e8]
Event: 76.671 Thread 0x00000284ae3bb260 27402   !   3       com.android.builder.merge.MergeOutputWriters$2::create (43 bytes)
Event: 76.672 Thread 0x00000284ae3bb260 nmethod 27402 0x0000028495578590 code [0x00000284955787a0, 0x0000028495578df8]
Event: 76.672 Thread 0x00000284ae3bb260 27403       3       com.android.tools.build.apkzlib.zip.ZFile::add (17 bytes)
Event: 76.672 Thread 0x00000284ae3bb260 nmethod 27403 0x0000028495579110 code [0x00000284955792c0, 0x00000284955794f8]
Event: 76.672 Thread 0x00000284ae3bb260 27404       3       com.android.tools.build.apkzlib.bytestorage.ChunkBasedByteStorage::fromStream (60 bytes)
Event: 76.673 Thread 0x00000284ae3bb260 nmethod 27404 0x0000028495579610 code [0x00000284955798e0, 0x000002849557aa78]
Event: 76.673 Thread 0x00000284ae3bb260 27405       3       com.android.tools.build.apkzlib.bytestorage.LimitedInputStream::<init> (20 bytes)
Event: 76.673 Thread 0x00000284ae3bb260 nmethod 27405 0x000002849557b090 code [0x000002849557b240, 0x000002849557b478]
Event: 76.684 Thread 0x00000284ae3bb260 27415       3       com.google.common.collect.HashBiMap::delete (216 bytes)
Event: 76.685 Thread 0x00000284ae3bb260 nmethod 27415 0x000002849557b590 code [0x000002849557b7a0, 0x000002849557c218]
Event: 76.704 Thread 0x00000284b4c75b40 27416  s    4       com.android.tools.build.apkzlib.bytestorage.LruTracker::track (65 bytes)
Event: 76.709 Thread 0x00000284ae3bb260 27418       3       sun.util.calendar.BaseCalendar$Date::<init> (32 bytes)
Event: 76.709 Thread 0x00000284ae3bb260 nmethod 27418 0x000002849557c590 code [0x000002849557c740, 0x000002849557c998]
Event: 76.714 Thread 0x00000284ae3bb260 27420       3       com.google.common.io.MultiInputStream::advance (36 bytes)
Event: 76.714 Thread 0x00000284ae3bb260 nmethod 27420 0x000002849557ca90 code [0x000002849557cc80, 0x000002849557d398]
Event: 76.731 Thread 0x00000284b4c75b40 nmethod 27416 0x000002849aa10c90 code [0x000002849aa10ea0, 0x000002849aa11de8]
Event: 76.731 Thread 0x00000284b4c75b40 27417       4       com.google.common.collect.HashBiMap::put (8 bytes)

GC Heap History (20 events):
Event: 64.058 GC heap before
{Heap before GC invocations=62 (full 0):
 garbage-first heap   total 307200K, used 217679K [0x0000000700000000, 0x0000000800000000)
  region size 2048K, 4 young (8192K), 3 survivors (6144K)
 Metaspace       used 141670K, committed 142848K, reserved 1179648K
  class space    used 18618K, committed 19136K, reserved 1048576K
}
Event: 64.061 GC heap after
{Heap after GC invocations=63 (full 0):
 garbage-first heap   total 307200K, used 208034K [0x0000000700000000, 0x0000000800000000)
  region size 2048K, 3 young (6144K), 3 survivors (6144K)
 Metaspace       used 141670K, committed 142848K, reserved 1179648K
  class space    used 18618K, committed 19136K, reserved 1048576K
}
Event: 64.105 GC heap before
{Heap before GC invocations=63 (full 0):
 garbage-first heap   total 307200K, used 220322K [0x0000000700000000, 0x0000000800000000)
  region size 2048K, 4 young (8192K), 3 survivors (6144K)
 Metaspace       used 141670K, committed 142848K, reserved 1179648K
  class space    used 18618K, committed 19136K, reserved 1048576K
}
Event: 64.109 GC heap after
{Heap after GC invocations=64 (full 0):
 garbage-first heap   total 307200K, used 213735K [0x0000000700000000, 0x0000000800000000)
  region size 2048K, 2 young (4096K), 2 survivors (4096K)
 Metaspace       used 141670K, committed 142848K, reserved 1179648K
  class space    used 18618K, committed 19136K, reserved 1048576K
}
Event: 64.123 GC heap before
{Heap before GC invocations=64 (full 0):
 garbage-first heap   total 307200K, used 223975K [0x0000000700000000, 0x0000000800000000)
  region size 2048K, 3 young (6144K), 2 survivors (4096K)
 Metaspace       used 141670K, committed 142848K, reserved 1179648K
  class space    used 18618K, committed 19136K, reserved 1048576K
}
Event: 64.127 GC heap after
{Heap after GC invocations=65 (full 0):
 garbage-first heap   total 307200K, used 217677K [0x0000000700000000, 0x0000000800000000)
  region size 2048K, 2 young (4096K), 2 survivors (4096K)
 Metaspace       used 141670K, committed 142848K, reserved 1179648K
  class space    used 18618K, committed 19136K, reserved 1048576K
}
Event: 66.719 GC heap before
{Heap before GC invocations=66 (full 0):
 garbage-first heap   total 446464K, used 432717K [0x0000000700000000, 0x0000000800000000)
  region size 2048K, 16 young (32768K), 2 survivors (4096K)
 Metaspace       used 141797K, committed 143040K, reserved 1179648K
  class space    used 18631K, committed 19200K, reserved 1048576K
}
Event: 66.722 GC heap after
{Heap after GC invocations=67 (full 0):
 garbage-first heap   total 446464K, used 201926K [0x0000000700000000, 0x0000000800000000)
  region size 2048K, 2 young (4096K), 2 survivors (4096K)
 Metaspace       used 141797K, committed 143040K, reserved 1179648K
  class space    used 18631K, committed 19200K, reserved 1048576K
}
Event: 67.199 GC heap before
{Heap before GC invocations=67 (full 0):
 garbage-first heap   total 446464K, used 216262K [0x0000000700000000, 0x0000000800000000)
  region size 2048K, 10 young (20480K), 2 survivors (4096K)
 Metaspace       used 142344K, committed 143616K, reserved 1179648K
  class space    used 18692K, committed 19264K, reserved 1048576K
}
Event: 67.203 GC heap after
{Heap after GC invocations=68 (full 0):
 garbage-first heap   total 446464K, used 200024K [0x0000000700000000, 0x0000000800000000)
  region size 2048K, 1 young (2048K), 1 survivors (2048K)
 Metaspace       used 142344K, committed 143616K, reserved 1179648K
  class space    used 18692K, committed 19264K, reserved 1048576K
}
Event: 74.164 GC heap before
{Heap before GC invocations=68 (full 0):
 garbage-first heap   total 446464K, used 408920K [0x0000000700000000, 0x0000000800000000)
  region size 2048K, 84 young (172032K), 1 survivors (2048K)
 Metaspace       used 145646K, committed 146944K, reserved 1179648K
  class space    used 18994K, committed 19584K, reserved 1048576K
}
Event: 74.169 GC heap after
{Heap after GC invocations=69 (full 0):
 garbage-first heap   total 446464K, used 205550K [0x0000000700000000, 0x0000000800000000)
  region size 2048K, 3 young (6144K), 3 survivors (6144K)
 Metaspace       used 145646K, committed 146944K, reserved 1179648K
  class space    used 18994K, committed 19584K, reserved 1048576K
}
Event: 74.426 GC heap before
{Heap before GC invocations=69 (full 0):
 garbage-first heap   total 446464K, used 232174K [0x0000000700000000, 0x0000000800000000)
  region size 2048K, 18 young (36864K), 3 survivors (6144K)
 Metaspace       used 148334K, committed 149632K, reserved 1179648K
  class space    used 19383K, committed 19968K, reserved 1048576K
}
Event: 74.431 GC heap after
{Heap after GC invocations=70 (full 0):
 garbage-first heap   total 446464K, used 206105K [0x0000000700000000, 0x0000000800000000)
  region size 2048K, 4 young (8192K), 4 survivors (8192K)
 Metaspace       used 148334K, committed 149632K, reserved 1179648K
  class space    used 19383K, committed 19968K, reserved 1048576K
}
Event: 75.838 GC heap before
{Heap before GC invocations=71 (full 0):
 garbage-first heap   total 446464K, used 392473K [0x0000000700000000, 0x0000000800000000)
  region size 2048K, 88 young (180224K), 4 survivors (8192K)
 Metaspace       used 155333K, committed 156672K, reserved 1245184K
  class space    used 20044K, committed 20608K, reserved 1048576K
}
Event: 75.849 GC heap after
{Heap after GC invocations=72 (full 0):
 garbage-first heap   total 446464K, used 226292K [0x0000000700000000, 0x0000000800000000)
  region size 2048K, 9 young (18432K), 9 survivors (18432K)
 Metaspace       used 155333K, committed 156672K, reserved 1245184K
  class space    used 20044K, committed 20608K, reserved 1048576K
}
Event: 75.858 GC heap before
{Heap before GC invocations=72 (full 0):
 garbage-first heap   total 446464K, used 228340K [0x0000000700000000, 0x0000000800000000)
  region size 2048K, 10 young (20480K), 9 survivors (18432K)
 Metaspace       used 155450K, committed 156800K, reserved 1245184K
  class space    used 20059K, committed 20672K, reserved 1048576K
}
Event: 75.871 GC heap after
{Heap after GC invocations=73 (full 0):
 garbage-first heap   total 446464K, used 226725K [0x0000000700000000, 0x0000000800000000)
  region size 2048K, 1 young (2048K), 1 survivors (2048K)
 Metaspace       used 155450K, committed 156800K, reserved 1245184K
  class space    used 20059K, committed 20672K, reserved 1048576K
}
Event: 76.203 GC heap before
{Heap before GC invocations=73 (full 0):
 garbage-first heap   total 446464K, used 374181K [0x0000000700000000, 0x0000000800000000)
  region size 2048K, 74 young (151552K), 1 survivors (2048K)
 Metaspace       used 159055K, committed 160320K, reserved 1245184K
  class space    used 20434K, committed 20992K, reserved 1048576K
}
Event: 76.212 GC heap after
{Heap after GC invocations=74 (full 0):
 garbage-first heap   total 1261568K, used 228499K [0x0000000700000000, 0x0000000800000000)
  region size 2048K, 2 young (4096K), 2 survivors (4096K)
 Metaspace       used 159055K, committed 160320K, reserved 1245184K
  class space    used 20434K, committed 20992K, reserved 1048576K
}

Dll operation events (2 events):
Event: 0.005 Loaded shared library C:\Program Files\Android\Android Studio\jbr\bin\java.dll
Event: 0.344 Loaded shared library C:\Program Files\Android\Android Studio\jbr\bin\verify.dll

Deoptimization events (20 events):
Event: 76.288 Thread 0x00000284b3bd9910 DEOPT PACKING pc=0x00000284954e28b5 sp=0x0000009c912fd7b0
Event: 76.288 Thread 0x00000284b3bd9910 DEOPT UNPACKING pc=0x0000028499d37143 sp=0x0000009c912fcc70 mode 0
Event: 76.437 Thread 0x00000284b3bd9910 Uncommon trap: trap_request=0xffffffbe fr.pc=0x000002849a439f58 relative=0x0000000000000cb8
Event: 76.437 Thread 0x00000284b3bd9910 Uncommon trap: reason=profile_predicate action=maybe_recompile pc=0x000002849a439f58 method=java.util.regex.Pattern$SliceU.match(Ljava/util/regex/Matcher;ILjava/lang/CharSequence;)Z @ 18 c2
Event: 76.437 Thread 0x00000284b3bd9910 DEOPT PACKING pc=0x000002849a439f58 sp=0x0000009c912fda70
Event: 76.437 Thread 0x00000284b3bd9910 DEOPT UNPACKING pc=0x0000028499d369a3 sp=0x0000009c912fda08 mode 2
Event: 76.437 Thread 0x00000284b3bd9910 Uncommon trap: trap_request=0xffffffbe fr.pc=0x000002849a439f58 relative=0x0000000000000cb8
Event: 76.437 Thread 0x00000284b3bd9910 Uncommon trap: reason=profile_predicate action=maybe_recompile pc=0x000002849a439f58 method=java.util.regex.Pattern$SliceU.match(Ljava/util/regex/Matcher;ILjava/lang/CharSequence;)Z @ 18 c2
Event: 76.437 Thread 0x00000284b3bd9910 DEOPT PACKING pc=0x000002849a439f58 sp=0x0000009c912fda80
Event: 76.437 Thread 0x00000284b3bd9910 DEOPT UNPACKING pc=0x0000028499d369a3 sp=0x0000009c912fda18 mode 2
Event: 76.437 Thread 0x00000284b3bd9910 Uncommon trap: trap_request=0xffffffbe fr.pc=0x000002849a439f58 relative=0x0000000000000cb8
Event: 76.437 Thread 0x00000284b3bd9910 Uncommon trap: reason=profile_predicate action=maybe_recompile pc=0x000002849a439f58 method=java.util.regex.Pattern$SliceU.match(Ljava/util/regex/Matcher;ILjava/lang/CharSequence;)Z @ 18 c2
Event: 76.437 Thread 0x00000284b3bd9910 DEOPT PACKING pc=0x000002849a439f58 sp=0x0000009c912fda80
Event: 76.437 Thread 0x00000284b3bd9910 DEOPT UNPACKING pc=0x0000028499d369a3 sp=0x0000009c912fda18 mode 2
Event: 76.437 Thread 0x00000284b3bd9910 Uncommon trap: trap_request=0xffffffbe fr.pc=0x000002849a439f58 relative=0x0000000000000cb8
Event: 76.437 Thread 0x00000284b3bd9910 Uncommon trap: reason=profile_predicate action=maybe_recompile pc=0x000002849a439f58 method=java.util.regex.Pattern$SliceU.match(Ljava/util/regex/Matcher;ILjava/lang/CharSequence;)Z @ 18 c2
Event: 76.437 Thread 0x00000284b3bd9910 DEOPT PACKING pc=0x000002849a439f58 sp=0x0000009c912fda70
Event: 76.437 Thread 0x00000284b3bd9910 DEOPT UNPACKING pc=0x0000028499d369a3 sp=0x0000009c912fda08 mode 2
Event: 76.639 Thread 0x00000284b76cd4d0 DEOPT PACKING pc=0x0000028494d5d984 sp=0x0000009c854fd220
Event: 76.639 Thread 0x00000284b76cd4d0 DEOPT UNPACKING pc=0x0000028499d37143 sp=0x0000009c854fc740 mode 0

Classes unloaded (3 events):
Event: 64.267 Thread 0x00000284ae34e1e0 Unloading class 0x0000000800fb9800 'java/lang/invoke/LambdaForm$DMH+0x0000000800fb9800'
Event: 64.267 Thread 0x00000284ae34e1e0 Unloading class 0x0000000800fb9400 'java/lang/invoke/LambdaForm$DMH+0x0000000800fb9400'
Event: 64.267 Thread 0x00000284ae34e1e0 Unloading class 0x0000000800fb8c00 'java/lang/invoke/LambdaForm$DMH+0x0000000800fb8c00'

Classes redefined (0 events):
No events

Internal exceptions (20 events):
Event: 76.713 Thread 0x00000284b3bd6670 Exception <a 'sun/nio/fs/WindowsException'{0x0000000741b6eb28}> (0x0000000741b6eb28) 
thrown [s\src\hotspot\share\prims\jni.cpp, line 531]
Event: 76.713 Thread 0x00000284b3bd6670 Exception <a 'sun/nio/fs/WindowsException'{0x0000000741b6f400}> (0x0000000741b6f400) 
thrown [s\src\hotspot\share\prims\jni.cpp, line 531]
Event: 76.713 Thread 0x00000284b3bd6670 Exception <a 'sun/nio/fs/WindowsException'{0x0000000741b700a0}> (0x0000000741b700a0) 
thrown [s\src\hotspot\share\prims\jni.cpp, line 531]
Event: 76.713 Thread 0x00000284b3bd6670 Exception <a 'sun/nio/fs/WindowsException'{0x0000000741b70bb8}> (0x0000000741b70bb8) 
thrown [s\src\hotspot\share\prims\jni.cpp, line 531]
Event: 76.714 Thread 0x00000284b8708ba0 Exception <a 'sun/nio/fs/WindowsException'{0x0000000740d04d68}> (0x0000000740d04d68) 
thrown [s\src\hotspot\share\prims\jni.cpp, line 531]
Event: 76.715 Thread 0x00000284b8708ba0 Exception <a 'sun/nio/fs/WindowsException'{0x0000000740d06c60}> (0x0000000740d06c60) 
thrown [s\src\hotspot\share\prims\jni.cpp, line 531]
Event: 76.717 Thread 0x00000284b8708ba0 Exception <a 'sun/nio/fs/WindowsException'{0x0000000740d08bb8}> (0x0000000740d08bb8) 
thrown [s\src\hotspot\share\prims\jni.cpp, line 531]
Event: 76.719 Thread 0x00000284b8708ba0 Exception <a 'sun/nio/fs/WindowsException'{0x0000000740d0aef8}> (0x0000000740d0aef8) 
thrown [s\src\hotspot\share\prims\jni.cpp, line 531]
Event: 76.720 Thread 0x00000284b8708ba0 Exception <a 'sun/nio/fs/WindowsException'{0x0000000740d0cf20}> (0x0000000740d0cf20) 
thrown [s\src\hotspot\share\prims\jni.cpp, line 531]
Event: 76.722 Thread 0x00000284b8708ba0 Exception <a 'sun/nio/fs/WindowsException'{0x0000000740d0ede8}> (0x0000000740d0ede8) 
thrown [s\src\hotspot\share\prims\jni.cpp, line 531]
Event: 76.724 Thread 0x00000284b8708ba0 Exception <a 'sun/nio/fs/WindowsException'{0x0000000740d10dc8}> (0x0000000740d10dc8) 
thrown [s\src\hotspot\share\prims\jni.cpp, line 531]
Event: 76.726 Thread 0x00000284b8708ba0 Exception <a 'sun/nio/fs/WindowsException'{0x0000000740d12ca0}> (0x0000000740d12ca0) 
thrown [s\src\hotspot\share\prims\jni.cpp, line 531]
Event: 76.728 Thread 0x00000284b8708ba0 Exception <a 'sun/nio/fs/WindowsException'{0x0000000740d15090}> (0x0000000740d15090) 
thrown [s\src\hotspot\share\prims\jni.cpp, line 531]
Event: 76.729 Thread 0x00000284b8708ba0 Exception <a 'sun/nio/fs/WindowsException'{0x0000000740d16f30}> (0x0000000740d16f30) 
thrown [s\src\hotspot\share\prims\jni.cpp, line 531]
Event: 76.731 Thread 0x00000284b8708ba0 Exception <a 'sun/nio/fs/WindowsException'{0x0000000740d18de8}> (0x0000000740d18de8) 
thrown [s\src\hotspot\share\prims\jni.cpp, line 531]
Event: 76.732 Thread 0x00000284b8708ba0 Exception <a 'sun/nio/fs/WindowsException'{0x0000000740d1add0}> (0x0000000740d1add0) 
thrown [s\src\hotspot\share\prims\jni.cpp, line 531]
Event: 76.734 Thread 0x00000284b8708ba0 Exception <a 'sun/nio/fs/WindowsException'{0x0000000740d1d218}> (0x0000000740d1d218) 
thrown [s\src\hotspot\share\prims\jni.cpp, line 531]
Event: 76.736 Thread 0x00000284b8708ba0 Exception <a 'sun/nio/fs/WindowsException'{0x0000000740d1efc8}> (0x0000000740d1efc8) 
thrown [s\src\hotspot\share\prims\jni.cpp, line 531]
Event: 76.737 Thread 0x00000284b8708ba0 Exception <a 'sun/nio/fs/WindowsException'{0x0000000740d20df0}> (0x0000000740d20df0) 
thrown [s\src\hotspot\share\prims\jni.cpp, line 531]
Event: 76.739 Thread 0x00000284b8708ba0 Exception <a 'sun/nio/fs/WindowsException'{0x0000000740d22ce0}> (0x0000000740d22ce0) 
thrown [s\src\hotspot\share\prims\jni.cpp, line 531]

VM Operations (20 events):
Event: 75.838 Executing VM operation: G1CollectForAllocation
Event: 75.849 Executing VM operation: G1CollectForAllocation done
Event: 75.858 Executing VM operation: G1CollectForAllocation
Event: 75.871 Executing VM operation: G1CollectForAllocation done
Event: 75.875 Executing VM operation: HandshakeAllThreads
Event: 75.876 Executing VM operation: HandshakeAllThreads done
Event: 76.154 Executing VM operation: HandshakeAllThreads
Event: 76.154 Executing VM operation: HandshakeAllThreads done
Event: 76.203 Executing VM operation: G1CollectForAllocation
Event: 76.212 Executing VM operation: G1CollectForAllocation done
Event: 76.278 Executing VM operation: HandshakeAllThreads
Event: 76.278 Executing VM operation: HandshakeAllThreads done
Event: 76.302 Executing VM operation: HandshakeAllThreads
Event: 76.302 Executing VM operation: HandshakeAllThreads done
Event: 76.464 Executing VM operation: HandshakeAllThreads
Event: 76.465 Executing VM operation: HandshakeAllThreads done
Event: 76.468 Executing VM operation: HandshakeAllThreads
Event: 76.468 Executing VM operation: HandshakeAllThreads done
Event: 76.588 Executing VM operation: HandshakeAllThreads
Event: 76.589 Executing VM operation: HandshakeAllThreads done

Events (20 events):
Event: 74.998 Thread 0x00000284ae3c7820 flushing nmethod 0x00000284953f8710
Event: 75.363 loading class sun/nio/cs/US_ASCII$Decoder
Event: 75.363 loading class sun/nio/cs/US_ASCII$Decoder done
Event: 75.634 Thread 0x00000284be368050 Thread added: 0x00000284be368050
Event: 75.872 loading class java/time/format/DateTimeParseException
Event: 75.872 loading class java/time/format/DateTimeParseException done
Event: 75.974 loading class java/util/regex/Pattern$Bound
Event: 75.974 loading class java/util/regex/Pattern$Bound done
Event: 76.268 loading class java/util/function/IntUnaryOperator
Event: 76.268 loading class java/util/function/IntUnaryOperator done
Event: 76.294 loading class java/util/concurrent/atomic/AtomicLongFieldUpdater
Event: 76.294 loading class java/util/concurrent/atomic/AtomicLongFieldUpdater done
Event: 76.294 loading class java/util/concurrent/atomic/AtomicLongFieldUpdater$CASUpdater
Event: 76.294 loading class java/util/concurrent/atomic/AtomicLongFieldUpdater$CASUpdater done
Event: 76.294 loading class java/util/concurrent/atomic/AtomicLongFieldUpdater$CASUpdater$1
Event: 76.294 loading class java/util/concurrent/atomic/AtomicLongFieldUpdater$CASUpdater$1 done
Event: 76.381 loading class java/util/concurrent/RejectedExecutionException
Event: 76.381 loading class java/util/concurrent/RejectedExecutionException done
Event: 76.404 loading class java/util/EmptyStackException
Event: 76.404 loading class java/util/EmptyStackException done


Dynamic libraries:
0x00007ff78c980000 - 0x00007ff78c98a000 	C:\Program Files\Android\Android Studio\jbr\bin\java.exe
0x00007ffa36bb0000 - 0x00007ffa36da8000 	C:\WINDOWS\SYSTEM32\ntdll.dll
0x00007ffa35650000 - 0x00007ffa35711000 	C:\WINDOWS\System32\KERNEL32.DLL
0x00007ffa34320000 - 0x00007ffa3461d000 	C:\WINDOWS\System32\KERNELBASE.dll
0x00007ffa34620000 - 0x00007ffa34720000 	C:\WINDOWS\System32\ucrtbase.dll
0x00007ff9fc600000 - 0x00007ff9fc617000 	C:\Program Files\Android\Android Studio\jbr\bin\jli.dll
0x00007ffa18340000 - 0x00007ffa1835b000 	C:\Program Files\Android\Android Studio\jbr\bin\VCRUNTIME140.dll
0x00007ffa34ed0000 - 0x00007ffa3506d000 	C:\WINDOWS\System32\USER32.dll
0x00007ffa34a80000 - 0x00007ffa34aa2000 	C:\WINDOWS\System32\win32u.dll
0x00007ffa355b0000 - 0x00007ffa355db000 	C:\WINDOWS\System32\GDI32.dll
0x00007ffa1f150000 - 0x00007ffa1f3ea000 	C:\WINDOWS\WinSxS\amd64_microsoft.windows.common-controls_6595b64144ccf1df_6.0.19041.4355_none_60b8b9eb71f62e16\COMCTL32.dll
0x00007ffa34750000 - 0x00007ffa34867000 	C:\WINDOWS\System32\gdi32full.dll
0x00007ffa35720000 - 0x00007ffa357be000 	C:\WINDOWS\System32\msvcrt.dll
0x00007ffa34ab0000 - 0x00007ffa34b4d000 	C:\WINDOWS\System32\msvcp_win.dll
0x00007ffa36880000 - 0x00007ffa368af000 	C:\WINDOWS\System32\IMM32.DLL
0x00007ffa27050000 - 0x00007ffa2705c000 	C:\Program Files\Android\Android Studio\jbr\bin\vcruntime140_1.dll
0x00007ff9dc9d0000 - 0x00007ff9dca5d000 	C:\Program Files\Android\Android Studio\jbr\bin\msvcp140.dll
0x00007ff9dba90000 - 0x00007ff9dc713000 	C:\Program Files\Android\Android Studio\jbr\bin\server\jvm.dll
0x00007ffa35080000 - 0x00007ffa35130000 	C:\WINDOWS\System32\ADVAPI32.dll
0x00007ffa35aa0000 - 0x00007ffa35b40000 	C:\WINDOWS\System32\sechost.dll
0x00007ffa34d20000 - 0x00007ffa34e43000 	C:\WINDOWS\System32\RPCRT4.dll
0x00007ffa34720000 - 0x00007ffa34747000 	C:\WINDOWS\System32\bcrypt.dll
0x00007ffa33ce0000 - 0x00007ffa33d2b000 	C:\WINDOWS\SYSTEM32\POWRPROF.dll
0x00007ffa23d10000 - 0x00007ffa23d19000 	C:\WINDOWS\SYSTEM32\WSOCK32.dll
0x00007ffa2a850000 - 0x00007ffa2a877000 	C:\WINDOWS\SYSTEM32\WINMM.dll
0x00007ffa2db30000 - 0x00007ffa2db3a000 	C:\WINDOWS\SYSTEM32\VERSION.dll
0x00007ffa355e0000 - 0x00007ffa3564b000 	C:\WINDOWS\System32\WS2_32.dll
0x00007ffa33cc0000 - 0x00007ffa33cd2000 	C:\WINDOWS\SYSTEM32\UMPDC.dll
0x00007ffa32100000 - 0x00007ffa32112000 	C:\WINDOWS\SYSTEM32\kernel.appcore.dll
0x00007ffa23ce0000 - 0x00007ffa23cea000 	C:\Program Files\Android\Android Studio\jbr\bin\jimage.dll
0x00007ffa2e4e0000 - 0x00007ffa2e6c4000 	C:\WINDOWS\SYSTEM32\DBGHELP.DLL
0x00007ffa24930000 - 0x00007ffa24964000 	C:\WINDOWS\SYSTEM32\dbgcore.DLL
0x00007ffa34b50000 - 0x00007ffa34bd2000 	C:\WINDOWS\System32\bcryptPrimitives.dll
0x00007ffa23cb0000 - 0x00007ffa23cd5000 	C:\Program Files\Android\Android Studio\jbr\bin\java.dll
0x00007ffa23c90000 - 0x00007ffa23ca8000 	C:\Program Files\Android\Android Studio\jbr\bin\zip.dll
0x00007ffa36110000 - 0x00007ffa3687f000 	C:\WINDOWS\System32\SHELL32.dll
0x00007ffa32300000 - 0x00007ffa32aa3000 	C:\WINDOWS\SYSTEM32\windows.storage.dll
0x00007ffa35d50000 - 0x00007ffa360a3000 	C:\WINDOWS\System32\combase.dll
0x00007ffa33c20000 - 0x00007ffa33c4e000 	C:\WINDOWS\SYSTEM32\Wldp.dll
0x00007ffa36970000 - 0x00007ffa36a3d000 	C:\WINDOWS\System32\OLEAUT32.dll
0x00007ffa34be0000 - 0x00007ffa34c8d000 	C:\WINDOWS\System32\SHCORE.dll
0x00007ffa36910000 - 0x00007ffa36965000 	C:\WINDOWS\System32\shlwapi.dll
0x00007ffa34190000 - 0x00007ffa341b4000 	C:\WINDOWS\SYSTEM32\profapi.dll
0x00007ffa23c70000 - 0x00007ffa23c89000 	C:\Program Files\Android\Android Studio\jbr\bin\net.dll
0x00007ffa2df40000 - 0x00007ffa2e04d000 	C:\WINDOWS\SYSTEM32\WINHTTP.dll
0x00007ffa33920000 - 0x00007ffa3398a000 	C:\WINDOWS\system32\mswsock.dll
0x00007ffa23c50000 - 0x00007ffa23c66000 	C:\Program Files\Android\Android Studio\jbr\bin\nio.dll
0x00007ffa16090000 - 0x00007ffa160a0000 	C:\Program Files\Android\Android Studio\jbr\bin\verify.dll
0x00007ffa16900000 - 0x00007ffa16927000 	C:\Users\DAVID\.gradle\native\c067742578af261105cb4f569cf0c3c89f3d7b1fecec35dd04571415982c5e48\windows-amd64\native-platform.dll
0x00007ffa13180000 - 0x00007ffa132c4000 	C:\Users\DAVID\.gradle\native\38dada09dfb8b06ba9b0570ebf7e218e3eb74d4ef43ca46872605cf95ebc2f47\windows-amd64\native-platform-file-events.dll
0x00007ffa188b0000 - 0x00007ffa188b9000 	C:\Program Files\Android\Android Studio\jbr\bin\management.dll
0x00007ffa16480000 - 0x00007ffa1648b000 	C:\Program Files\Android\Android Studio\jbr\bin\management_ext.dll
0x00007ffa35070000 - 0x00007ffa35078000 	C:\WINDOWS\System32\PSAPI.DLL
0x00007ffa33b10000 - 0x00007ffa33b28000 	C:\WINDOWS\SYSTEM32\CRYPTSP.dll
0x00007ffa33240000 - 0x00007ffa33274000 	C:\WINDOWS\system32\rsaenh.dll
0x00007ffa34110000 - 0x00007ffa3413e000 	C:\WINDOWS\SYSTEM32\USERENV.dll
0x00007ffa33b30000 - 0x00007ffa33b3c000 	C:\WINDOWS\SYSTEM32\CRYPTBASE.dll
0x00007ffa33600000 - 0x00007ffa3363b000 	C:\WINDOWS\SYSTEM32\IPHLPAPI.DLL
0x00007ffa355a0000 - 0x00007ffa355a8000 	C:\WINDOWS\System32\NSI.dll
0x00007ffa30180000 - 0x00007ffa30197000 	C:\WINDOWS\SYSTEM32\dhcpcsvc6.DLL
0x00007ffa2fa80000 - 0x00007ffa2fa9d000 	C:\WINDOWS\SYSTEM32\dhcpcsvc.DLL
0x00007ffa33640000 - 0x00007ffa3370a000 	C:\WINDOWS\SYSTEM32\DNSAPI.dll
0x00007ffa18b60000 - 0x00007ffa18b69000 	C:\Program Files\Android\Android Studio\jbr\bin\extnet.dll
0x00007ffa1f720000 - 0x00007ffa1f727000 	C:\WINDOWS\system32\wshunix.dll
0x00007ffa2d850000 - 0x00007ffa2d85a000 	C:\Windows\System32\rasadhlp.dll
0x00007ffa2d540000 - 0x00007ffa2d5c0000 	C:\WINDOWS\System32\fwpuclnt.dll
0x00007ffa33490000 - 0x00007ffa334c3000 	C:\WINDOWS\SYSTEM32\ntmarta.dll
0x00007ffa23da0000 - 0x00007ffa23da7000 	C:\Program Files\Android\Android Studio\jbr\bin\rmi.dll
0x00007ffa23db0000 - 0x00007ffa23dce000 	C:\Users\DAVID\AppData\Local\Temp\native-platform10202703656876777269dir\native-platform.dll

dbghelp: loaded successfully - version: 4.0.5 - missing functions: none
symbol engine: initialized successfully - sym options: 0x614 - pdb path: .;C:\Program Files\Android\Android Studio\jbr\bin;C:\WINDOWS\SYSTEM32;C:\WINDOWS\WinSxS\amd64_microsoft.windows.common-controls_6595b64144ccf1df_6.0.19041.4355_none_60b8b9eb71f62e16;C:\Program Files\Android\Android Studio\jbr\bin\server;C:\Users\DAVID\.gradle\native\c067742578af261105cb4f569cf0c3c89f3d7b1fecec35dd04571415982c5e48\windows-amd64;C:\Users\DAVID\.gradle\native\38dada09dfb8b06ba9b0570ebf7e218e3eb74d4ef43ca46872605cf95ebc2f47\windows-amd64;C:\Users\DAVID\AppData\Local\Temp\native-platform10202703656876777269dir

VM Arguments:
jvm_args: -XX:MaxMetaspaceSize=2G -XX:+HeapDumpOnOutOfMemoryError --add-opens=java.base/java.util=ALL-UNNAMED --add-opens=java.base/java.lang=ALL-UNNAMED --add-opens=java.base/java.lang.invoke=ALL-UNNAMED --add-opens=java.prefs/java.util.prefs=ALL-UNNAMED --add-opens=java.base/java.nio.charset=ALL-UNNAMED --add-opens=java.base/java.net=ALL-UNNAMED --add-opens=java.base/java.util.concurrent.atomic=ALL-UNNAMED -Xmx4G -Dfile.encoding=windows-1252 -Duser.country=BR -Duser.language=pt -Duser.variant 
java_command: org.gradle.launcher.daemon.bootstrap.GradleDaemon 7.6.3
java_class_path (initial): C:\Users\DAVID\.gradle\wrapper\dists\gradle-7.6.3-all\aocdy2d2z8kodnny3rsumj8i8\gradle-7.6.3\lib\gradle-launcher-7.6.3.jar
Launcher Type: SUN_STANDARD

[Global flags]
     intx CICompilerCount                          = 4                                         {product} {ergonomic}
     uint ConcGCThreads                            = 3                                         {product} {ergonomic}
     uint G1ConcRefinementThreads                  = 10                                        {product} {ergonomic}
   size_t G1HeapRegionSize                         = 2097152                                   {product} {ergonomic}
    uintx GCDrainStackTargetSize                   = 64                                        {product} {ergonomic}
     bool HeapDumpOnOutOfMemoryError               = true                                   {manageable} {command line}
   size_t InitialHeapSize                          = 268435456                                 {product} {ergonomic}
   size_t MarkStackSize                            = 4194304                                   {product} {ergonomic}
   size_t MaxHeapSize                              = 4294967296                                {product} {command line}
   size_t MaxMetaspaceSize                         = 2147483648                                {product} {command line}
   size_t MaxNewSize                               = 2575302656                                {product} {ergonomic}
   size_t MinHeapDeltaBytes                        = 2097152                                   {product} {ergonomic}
   size_t MinHeapSize                              = 8388608                                   {product} {ergonomic}
    uintx NonNMethodCodeHeapSize                   = 5839372                                {pd product} {ergonomic}
    uintx NonProfiledCodeHeapSize                  = 122909434                              {pd product} {ergonomic}
    uintx ProfiledCodeHeapSize                     = 122909434                              {pd product} {ergonomic}
    uintx ReservedCodeCacheSize                    = 251658240                              {pd product} {ergonomic}
     bool SegmentedCodeCache                       = true                                      {product} {ergonomic}
   size_t SoftMaxHeapSize                          = 4294967296                             {manageable} {ergonomic}
     bool UseCompressedClassPointers               = true                           {product lp64_product} {ergonomic}
     bool UseCompressedOops                        = true                           {product lp64_product} {ergonomic}
     bool UseG1GC                                  = true                                      {product} {ergonomic}
     bool UseLargePagesIndividualAllocation        = false                                  {pd product} {ergonomic}

Logging:
Log output configuration:
 #0: stdout all=warning uptime,level,tags
 #1: stderr all=off uptime,level,tags

Environment Variables:
JAVA_HOME=C:\Program Files\Android\Android Studio\jbr
CLASSPATH=D:\DOCUMENTOS\PROJETO_FLUTTER\dmega\android\\gradle\wrapper\gradle-wrapper.jar
PATH=C:\Program Files\Android\Android Studio\jbr\bin;C:\src\flutter\bin\;C:\WINDOWS\system32;C:\WINDOWS;C:\WINDOWS\System32\Wbem;C:\WINDOWS\System32\WindowsPowerShell\v1.0\;C:\WINDOWS\System32\OpenSSH\;C:\Program Files\Git\cmd;C:\Users\DAVID\AppData\Local\Microsoft\WindowsApps;C:\Users\DAVID\AppData\Local\Programs\Microsoft VS Code\bin;C:\src\flutter\bin;;C:\src\flutter\bin\mingit\cmd
USERNAME=DAVID
LANG=pt_BR.UTF-8
OS=Windows_NT
PROCESSOR_IDENTIFIER=AMD64 Family 23 Model 8 Stepping 2, AuthenticAMD
TMP=C:\Users\DAVID\AppData\Local\Temp
TEMP=C:\Users\DAVID\AppData\Local\Temp



Periodic native trim disabled

JNI global refs:
JNI global refs: 30, weak refs: 4

JNI global refs memory usage: 843, weak refs: 841

Process memory usage:
Resident Set Size: 1205768K (7% of 16699980K total physical memory with 5336804K free physical memory)

OOME stack traces (most recent first):
Classloader memory used:
Loader org.gradle.internal.classloader.VisitableURLClassLoader                         : 5835K
Loader org.gradle.internal.classloader.VisitableURLClassLoader                         : 5442K
Loader bootstrap                                                                       : 4068K
Loader java.net.URLClassLoader                                                         : 1781K
Loader org.gradle.initialization.MixInLegacyTypesClassLoader                           : 1714K
Loader jdk.internal.loader.ClassLoaders$AppClassLoader                                 : 1244K
Loader jdk.internal.reflect.DelegatingClassLoader                                      : 202K
Loader jdk.internal.loader.ClassLoaders$PlatformClassLoader                            : 136K
Loader org.gradle.groovy.scripts.internal.DefaultScriptCompilationHandler$ScriptClassLoader: 84984B
Loader org.codehaus.groovy.runtime.callsite.CallSiteClassLoader                        : 31271B
Loader sun.reflect.misc.MethodUtil                                                     : 373B

Classes loaded by more than one classloader:
Class Program                                                                         : loaded 6 times (x 70B)
Class com.google.common.base.CharMatcher$JavaUpperCase                                : loaded 3 times (x 109B)
Class com.google.common.collect.RegularImmutableList                                  : loaded 3 times (x 172B)
Class com.google.common.base.CharMatcher$IsEither                                     : loaded 3 times (x 109B)
Class com.google.common.base.CharMatcher$AnyOf                                        : loaded 3 times (x 110B)
Class com.google.common.collect.ImmutableAsList                                       : loaded 3 times (x 169B)
Class com.google.common.collect.Platform                                              : loaded 3 times (x 69B)
Class com.google.common.collect.UsingToStringOrdering                                 : loaded 3 times (x 112B)
Class com.google.common.collect.Sets$4                                                : loaded 3 times (x 137B)
Class com.google.common.collect.Sets$3                                                : loaded 3 times (x 137B)
Class com.google.common.collect.Sets$2                                                : loaded 3 times (x 137B)
Class com.google.common.io.Closer$SuppressingSuppressor                               : loaded 3 times (x 72B)
Class com.google.common.collect.Sets$1                                                : loaded 3 times (x 137B)
Class com.google.common.collect.MapDifference                                         : loaded 3 times (x 68B)
Class com.google.common.base.CharMatcher$JavaLetter                                   : loaded 3 times (x 109B)
Class com.google.common.base.CharMatcher$FastMatcher                                  : loaded 3 times (x 109B)
Class com.google.common.base.CharMatcher$Invisible                                    : loaded 3 times (x 110B)
Class com.google.common.collect.ImmutableMapEntry                                     : loaded 3 times (x 83B)
Class [Lcom.google.common.collect.AbstractMapEntry;                                   : loaded 3 times (x 67B)
Class com.google.common.base.CharMatcher$NamedFastMatcher                             : loaded 3 times (x 110B)
Class com.google.common.collect.SingletonImmutableList                                : loaded 3 times (x 167B)
Class org.jetbrains.kotlin.config.LanguageVersionSettings                             : loaded 3 times (x 68B)
Class com.google.common.base.AbstractIterator$State                                   : loaded 3 times (x 77B)
Class com.google.common.io.Closer$Suppressor                                          : loaded 3 times (x 68B)
Class com.google.common.collect.ImmutableSet                                          : loaded 3 times (x 145B)
Class com.google.common.collect.ImmutableBiMap                                        : loaded 3 times (x 142B)
Class com.google.common.collect.SortedMapDifference                                   : loaded 3 times (x 68B)
Class com.google.common.collect.ImmutableMap$MapViewOfValuesAsSingletonSets           : loaded 3 times (x 123B)
Class com.google.common.base.CharMatcher$ForPredicate                                 : loaded 3 times (x 110B)
Class com.google.common.collect.Sets                                                  : loaded 3 times (x 69B)
Class com.google.common.base.CharMatcher$Negated                                      : loaded 3 times (x 111B)
Class com.google.common.collect.AbstractMapEntry                                      : loaded 3 times (x 79B)
Class com.google.common.math.IntMath                                                  : loaded 3 times (x 69B)
Class com.google.common.collect.ImmutableEnumSet                                      : loaded 3 times (x 146B)
Class com.google.common.base.CharMatcher$NegatedFastMatcher                           : loaded 3 times (x 111B)
Class com.google.common.base.CommonPattern                                            : loaded 3 times (x 72B)
Class com.google.common.base.CharMatcher$JavaDigit                                    : loaded 3 times (x 109B)
Class com.google.common.base.CharMatcher$Digit                                        : loaded 3 times (x 110B)
Class com.google.common.collect.ImmutableCollection$Builder                           : loaded 3 times (x 74B)
Class com.google.common.collect.Maps$EntryTransformer                                 : loaded 3 times (x 68B)
Class com.google.common.base.CharMatcher$JavaLowerCase                                : loaded 3 times (x 109B)
Class com.google.common.collect.Iterables                                             : loaded 3 times (x 69B)
Class com.google.common.base.CharMatcher$Or                                           : loaded 3 times (x 110B)
Class com.google.common.collect.ImmutableMap$1                                        : loaded 3 times (x 79B)
Class com.google.common.base.CharMatcher$JavaIsoControl                               : loaded 3 times (x 110B)
Class com.google.common.collect.ImmutableSet$SetBuilderImpl                           : loaded 3 times (x 74B)
Class com.google.common.collect.Maps$BiMapConverter                                   : loaded 3 times (x 88B)
Class com.google.common.collect.ReverseOrdering                                       : loaded 3 times (x 113B)
Class com.google.common.base.Splitter$1                                               : loaded 3 times (x 75B)
Class com.google.common.collect.ImmutableEntry                                        : loaded 3 times (x 80B)
Class com.google.common.collect.Lists$StringAsImmutableList                           : loaded 3 times (x 167B)
Class com.google.common.collect.ImmutableList$SubList                                 : loaded 3 times (x 168B)
Class com.google.common.base.CharMatcher$RangesMatcher                                : loaded 3 times (x 110B)
Class com.google.common.collect.ImmutableMapEntry$NonTerminalImmutableMapEntry        : loaded 3 times (x 83B)
Class com.google.common.base.CharMatcher$Any                                          : loaded 3 times (x 110B)
Class com.google.common.collect.IndexedImmutableSet$1                                 : loaded 3 times (x 172B)
Class com.google.common.collect.IndexedImmutableSet                                   : loaded 3 times (x 148B)
Class com.google.common.base.CharMatcher$And                                          : loaded 3 times (x 110B)
Class com.google.common.base.CharMatcher                                              : loaded 3 times (x 109B)
Class com.google.common.base.CharMatcher$Ascii                                        : loaded 3 times (x 110B)
Class com.google.common.base.CharMatcher$IsNot                                        : loaded 3 times (x 109B)
Class com.google.common.base.CharMatcher$1                                            : loaded 3 times (x 111B)
Class com.google.common.base.AbstractIterator$1                                       : loaded 3 times (x 69B)
Class com.google.common.base.AbstractIterator                                         : loaded 3 times (x 78B)
Class com.google.common.collect.ImmutableMap$Builder                                  : loaded 3 times (x 78B)
Class [Lcom.google.common.base.AbstractIterator$State;                                : loaded 3 times (x 67B)
Class com.google.common.base.Splitter                                                 : loaded 3 times (x 70B)
Class com.google.common.collect.SingletonImmutableSet                                 : loaded 3 times (x 146B)
Class com.google.common.primitives.Ints$IntConverter                                  : loaded 3 times (x 88B)
Class com.google.common.base.Charsets                                                 : loaded 3 times (x 69B)
Class com.google.common.collect.ImmutableBiMapFauxverideShim                          : loaded 3 times (x 118B)
Class com.google.common.collect.ImmutableMapEntrySet                                  : loaded 3 times (x 149B)
Class com.google.common.collect.RegularImmutableAsList                                : loaded 3 times (x 176B)
Class com.google.common.base.CharMatcher$Is                                           : loaded 3 times (x 109B)
Class com.google.common.collect.NullsLastOrdering                                     : loaded 3 times (x 113B)
Class com.google.common.base.Splitter$SplittingIterator                               : loaded 3 times (x 82B)
Class [Lcom.google.common.collect.ImmutableEntry;                                     : loaded 3 times (x 67B)
Class com.google.common.collect.ImmutableSet$RegularSetBuilderImpl                    : loaded 3 times (x 75B)
Class com.google.common.collect.ImmutableSet$JdkBackedSetBuilderImpl                  : loaded 3 times (x 74B)
Class com.google.common.base.CharMatcher$BitSetMatcher                                : loaded 3 times (x 110B)
Class com.google.common.collect.ImmutableMap$IteratorBasedImmutableMap                : loaded 3 times (x 123B)
Class com.google.common.base.Splitter$1$1                                             : loaded 3 times (x 84B)
Class com.google.common.collect.ImmutableMap                                          : loaded 3 times (x 118B)
Class [Lcom.google.common.collect.ImmutableMapEntry;                                  : loaded 3 times (x 67B)
Class com.google.common.collect.ImmutableMapEntrySet$RegularEntrySet                  : loaded 3 times (x 149B)
Class com.google.common.base.Splitter$Strategy                                        : loaded 3 times (x 68B)
Class com.google.common.collect.ImmutableList$1                                       : loaded 3 times (x 95B)
Class com.google.common.collect.UnmodifiableListIterator                              : loaded 3 times (x 93B)
Class com.google.common.base.Converter                                                : loaded 3 times (x 88B)
Class com.google.common.base.CharMatcher$None                                         : loaded 3 times (x 110B)
Class com.google.common.collect.AbstractIndexedListIterator                           : loaded 3 times (x 94B)
Class com.google.common.collect.RegularImmutableMap                                   : loaded 3 times (x 119B)
Class com.google.common.collect.Maps                                                  : loaded 3 times (x 69B)
Class com.google.common.collect.LexicographicalOrdering                               : loaded 3 times (x 113B)
Class com.google.common.primitives.IntsMethodsForWeb                                  : loaded 3 times (x 69B)
Class com.google.common.collect.CollectPreconditions                                  : loaded 3 times (x 69B)
Class com.google.common.collect.RegularImmutableMap$KeySet                            : loaded 3 times (x 148B)
Class com.google.common.primitives.Ints                                               : loaded 3 times (x 69B)
Class com.google.common.collect.ComparatorOrdering                                    : loaded 3 times (x 113B)
Class com.google.common.collect.AllEqualOrdering                                      : loaded 3 times (x 112B)
Class com.google.common.base.Function                                                 : loaded 3 times (x 68B)
Class com.google.common.base.Preconditions                                            : loaded 3 times (x 69B)
Class com.google.common.base.CharMatcher$Whitespace                                   : loaded 3 times (x 110B)
Class com.google.common.collect.ImmutableList                                         : loaded 3 times (x 166B)
Class com.google.common.collect.ObjectArrays                                          : loaded 3 times (x 69B)
Class com.google.common.collect.Ordering                                              : loaded 3 times (x 112B)
Class com.google.common.collect.ImmutableList$ReverseImmutableList                    : loaded 3 times (x 168B)
Class com.google.common.collect.ImmutableEnumMap                                      : loaded 3 times (x 123B)
Class com.google.common.collect.RegularImmutableMap$Values                            : loaded 3 times (x 167B)
Class com.google.common.collect.ImmutableCollection                                   : loaded 3 times (x 123B)
Class com.google.common.base.Predicate                                                : loaded 3 times (x 68B)
Class com.google.common.collect.CompoundOrdering                                      : loaded 3 times (x 113B)
Class com.google.common.base.CharMatcher$JavaLetterOrDigit                            : loaded 3 times (x 109B)
Class com.google.common.collect.Multimap                                              : loaded 3 times (x 68B)
Class com.google.common.collect.ByFunctionOrdering                                    : loaded 3 times (x 113B)
Class com.google.common.base.JdkPattern                                               : loaded 3 times (x 73B)
Class com.google.common.collect.NaturalOrdering                                       : loaded 3 times (x 113B)
Class com.google.common.collect.RegularImmutableSet                                   : loaded 3 times (x 146B)
Class com.google.common.collect.NullsFirstOrdering                                    : loaded 3 times (x 113B)
Class com.google.common.collect.Hashing                                               : loaded 3 times (x 69B)
Class com.google.common.base.CharMatcher$SingleWidth                                  : loaded 3 times (x 110B)
Class com.google.common.collect.UnmodifiableIterator                                  : loaded 3 times (x 78B)
Class com.google.common.io.Closer                                                     : loaded 3 times (x 76B)
Class com.google.common.math.MathPreconditions                                        : loaded 3 times (x 69B)
Class com.google.common.math.IntMath$1                                                : loaded 3 times (x 69B)
Class com.google.common.collect.ExplicitOrdering                                      : loaded 3 times (x 113B)
Class com.google.common.collect.Lists                                                 : loaded 3 times (x 69B)
Class com.google.common.collect.BiMap                                                 : loaded 3 times (x 68B)
Class com.google.common.collect.Maps$8                                                : loaded 3 times (x 80B)
Class com.google.common.collect.Sets$SetView                                          : loaded 3 times (x 136B)
Class com.google.common.base.CharMatcher$InRange                                      : loaded 3 times (x 109B)
Class [Lcom.google.common.cache.CacheBuilder$NullListener;                            : loaded 2 times (x 67B)
Class com.google.common.base.PatternCompiler                                          : loaded 2 times (x 68B)
Class com.google.common.io.CharStreams$NullWriter                                     : loaded 2 times (x 97B)
Class com.google.common.collect.HashMultimap                                          : loaded 2 times (x 172B)
Class com.google.common.collect.Maps$KeySet                                           : loaded 2 times (x 135B)
Class com.google.common.collect.ImmutableMultimap$EntryCollection                     : loaded 2 times (x 125B)
Class com.android.prefs.VariableValue                                                 : loaded 2 times (x 79B)
Class com.google.gson.JsonSyntaxException                                             : loaded 2 times (x 80B)
Class kotlin.UninitializedPropertyAccessException                                     : loaded 2 times (x 80B)
Class org.objectweb.asm.AnnotationWriter                                              : loaded 2 times (x 76B)
Class com.google.common.collect.AbstractRangeSet                                      : loaded 2 times (x 112B)
Class org.gradle.internal.classloader.ClassLoaderVisitor                              : loaded 2 times (x 74B)
Class [Lcom.google.common.collect.HashBiMap$BiEntry;                                  : loaded 2 times (x 67B)
Class org.objectweb.asm.Label                                                         : loaded 2 times (x 71B)
Class kotlin.jvm.internal.TypeIntrinsics                                              : loaded 2 times (x 69B)
Class com.google.common.cache.CacheBuilder$NullListener                               : loaded 2 times (x 80B)
Class com.android.tools.lint.model.DefaultLintModelDependency                         : loaded 2 times (x 84B)
Class com.google.common.collect.ImmutableMultimap                                     : loaded 2 times (x 145B)
Class org.gradle.internal.classpath.DefaultClassPath$ImmutableUniqueList$Builder      : loaded 2 times (x 73B)
Class com.android.tools.lint.model.DefaultLintModelArtifact                           : loaded 2 times (x 78B)
Class org.apache.commons.io.filefilter.IOFileFilter                                   : loaded 2 times (x 68B)
Class org.jetbrains.kotlin.cli.jvm.compiler.KotlinCoreEnvironment                     : loaded 2 times (x 70B)
Class org.jetbrains.kotlin.cli.common.CompilerSystemProperties                        : loaded 2 times (x 78B)
Class com.google.common.io.ByteStreams$1                                              : loaded 2 times (x 83B)
Class kotlin.text.StringsKt__RegexExtensionsKt                                        : loaded 2 times (x 69B)
Class org.gradle.internal.service.DefaultServiceLocator                               : loaded 2 times (x 81B)
Class kotlin.text.StringsKt__StringBuilderJVMKt                                       : loaded 2 times (x 69B)
Class org.gradle.internal.service.UnknownServiceException                             : loaded 2 times (x 81B)
Class kotlin.collections.SetsKt___SetsKt                                              : loaded 2 times (x 69B)
Class com.android.tools.lint.model.LintModelExternalLibrary                           : loaded 2 times (x 68B)
Class com.android.prefs.QueryResult                                                   : loaded 2 times (x 79B)
Class com.google.common.util.concurrent.AbstractFuture$SynchronizedHelper             : loaded 2 times (x 74B)
Class com.google.common.collect.ArrayListMultimap                                     : loaded 2 times (x 170B)
Class kotlin.text.StringsKt__StringsJVMKt                                             : loaded 2 times (x 69B)
Class kotlin.sequences.DropTakeSequence                                               : loaded 2 times (x 68B)
Class com.google.common.base.Strings                                                  : loaded 2 times (x 69B)
Class build_f0srlsa5vznkog7j8blhsloz4$_run_closure1$_closure3                         : loaded 2 times (x 134B)
Class com.google.common.collect.HashMultimapGwtSerializationDependencies              : loaded 2 times (x 172B)
Class [Lcom.google.common.cache.LocalCache$Strength;                                  : loaded 2 times (x 67B)
Class kotlin.collections.CollectionsKt___CollectionsKt$asSequence$$inlined$Sequence$1 : loaded 2 times (x 73B)
Class com.google.common.cache.LocalCache$Values                                       : loaded 2 times (x 116B)
Class com.google.common.cache.CacheLoader$InvalidCacheLoadException                   : loaded 2 times (x 80B)
Class org.gradle.internal.classloader.DefaultClassLoaderFactory                       : loaded 2 times (x 80B)
Class kotlin.reflect.KCallable                                                        : loaded 2 times (x 68B)
Class com.google.common.collect.Sets$2$1                                              : loaded 2 times (x 80B)
Class com.google.common.base.Stopwatch                                                : loaded 2 times (x 70B)
Class com.google.common.reflect.Types                                                 : loaded 2 times (x 69B)
Class com.google.common.base.Platform$JdkPatternCompiler                              : loaded 2 times (x 73B)
Class net.rubygrapefruit.platform.ProcessLauncher                                     : loaded 2 times (x 68B)
Class com.google.common.collect.Interners$InternerImpl                                : loaded 2 times (x 73B)
Class kotlin.collections.CollectionsKt__MutableCollectionsKt                          : loaded 2 times (x 69B)
Class com.google.common.cache.LocalCache$LoadingValueReference                        : loaded 2 times (x 94B)
Class org.apache.commons.io.output.ByteArrayOutputStream                              : loaded 2 times (x 90B)
Class com.android.utils.Pair                                                          : loaded 2 times (x 70B)
Class kotlin.jvm.internal.Lambda                                                      : loaded 2 times (x 73B)
Class com.google.common.io.ByteStreams$LimitedInputStream                             : loaded 2 times (x 90B)
Class com.google.common.reflect.Invokable$MethodInvokable                             : loaded 2 times (x 120B)
Class com.google.common.collect.MapMakerInternalMap$AbstractStrongKeyEntry            : loaded 2 times (x 80B)
Class com.google.common.collect.ImmutableRangeSet$ComplementRanges                    : loaded 2 times (x 167B)
Class org.objectweb.asm.Context                                                       : loaded 2 times (x 70B)
Class [Lcom.google.common.reflect.Types$ClassOwnership;                               : loaded 2 times (x 67B)
Class kotlin.collections.CollectionsKt__ReversedViewsKt                               : loaded 2 times (x 69B)
Class com.google.common.reflect.TypeResolver$TypeTable                                : loaded 2 times (x 71B)
Class net.rubygrapefruit.platform.internal.DefaultProcessLauncher                     : loaded 2 times (x 73B)
Class com.android.prefs.VariableType                                                  : loaded 2 times (x 77B)
Class com.google.common.collect.AbstractMapBasedMultimap$WrappedCollection            : loaded 2 times (x 122B)
Class com.android.manifmerger.ManifestMerger2$MergeFailureException                   : loaded 2 times (x 80B)
Class org.gradle.internal.classloader.FilteringClassLoader                            : loaded 2 times (x 103B)
Class com.google.common.base.Optional                                                 : loaded 2 times (x 78B)
Class com.android.tools.lint.model.LintModelLintOptions                               : loaded 2 times (x 68B)
Class com.google.common.base.FunctionalEquivalence                                    : loaded 2 times (x 81B)
Class org.jetbrains.kotlin.config.AnalysisFlag                                        : loaded 2 times (x 70B)
Class org.objectweb.asm.AnnotationVisitor                                             : loaded 2 times (x 75B)
Class org.objectweb.asm.RecordComponentWriter                                         : loaded 2 times (x 76B)
Class com.google.common.cache.LocalCache$1                                            : loaded 2 times (x 87B)
Class com.google.common.cache.LocalCache$2                                            : loaded 2 times (x 140B)
Class com.google.common.collect.RegularImmutableBiMap                                 : loaded 2 times (x 147B)
Class kotlin.sequences.SequencesKt__SequenceBuilderKt                                 : loaded 2 times (x 69B)
Class com.android.io.CancellableFileIo                                                : loaded 2 times (x 69B)
Class kotlin.text.StringsKt__StringNumberConversionsKt                                : loaded 2 times (x 69B)
Class org.gradle.internal.classloader.VisitableURLClassLoader$Spec                    : loaded 2 times (x 72B)
Class org.gradle.api.GradleException                                                  : loaded 2 times (x 80B)
Class com.google.common.cache.LocalCache$StrongValueReference                         : loaded 2 times (x 88B)
Class org.gradle.api.internal.classpath.ModuleRegistry                                : loaded 2 times (x 68B)
Class com.android.tools.lint.model.LintModelSerialization                             : loaded 2 times (x 73B)
Class kotlin.KotlinNothingValueException                                              : loaded 2 times (x 80B)
Class org.jetbrains.kotlin.cli.common.messages.MessageCollector                       : loaded 2 times (x 68B)
Class kotlin.text.StringsKt                                                           : loaded 2 times (x 69B)
Class com.android.tools.lint.model.DefaultLintModelDependencies                       : loaded 2 times (x 76B)
Class com.google.common.reflect.TypeToken$1                                           : loaded 2 times (x 123B)
Class com.google.common.cache.CacheBuilder                                            : loaded 2 times (x 70B)
Class kotlin.reflect.KDeclarationContainer                                            : loaded 2 times (x 68B)
Class com.google.common.reflect.TypeToken$2                                           : loaded 2 times (x 123B)
Class org.objectweb.asm.ByteVector                                                    : loaded 2 times (x 76B)
Class com.google.common.collect.ImmutableRangeSet                                     : loaded 2 times (x 113B)
Class kotlin.jvm.internal.markers.KMappedMarker                                       : loaded 2 times (x 68B)
Class com.google.common.base.PairwiseEquivalence                                      : loaded 2 times (x 81B)
Class com.google.common.base.Ticker                                                   : loaded 2 times (x 70B)
Class org.gradle.api.internal.ClassPathProvider                                       : loaded 2 times (x 68B)
Class com.google.common.cache.LocalCache$EntryFactory$8                               : loaded 2 times (x 81B)
Class com.google.common.base.Ascii                                                    : loaded 2 times (x 69B)
Class com.android.utils.ILogger                                                       : loaded 2 times (x 68B)
Class org.objectweb.asm.ModuleWriter                                                  : loaded 2 times (x 79B)
Class org.gradle.internal.classloader.ClasspathUtil$1                                 : loaded 2 times (x 74B)
Class com.google.common.io.ByteSource$AsCharSource                                    : loaded 2 times (x 84B)
Class com.google.common.cache.LocalCache$EntryFactory$7                               : loaded 2 times (x 81B)
Class kotlin.sequences.TransformingSequence                                           : loaded 2 times (x 73B)
Class com.google.common.reflect.TypeResolver$TypeVariableKey                          : loaded 2 times (x 70B)
Class net.rubygrapefruit.platform.internal.Platform$Posix                             : loaded 2 times (x 79B)
Class [Lorg.jetbrains.kotlin.utils.DescriptionAware;                                  : loaded 2 times (x 67B)
Class kotlin.collections.CollectionsKt__MutableCollectionsJVMKt                       : loaded 2 times (x 69B)
Class [Lorg.jetbrains.kotlin.config.ExplicitApiMode;                                  : loaded 2 times (x 67B)
Class kotlin.collections.EmptyList                                                    : loaded 2 times (x 134B)
Class com.google.common.cache.AbstractCache$StatsCounter                              : loaded 2 times (x 68B)
Class org.objectweb.asm.FieldVisitor                                                  : loaded 2 times (x 74B)
Class com.android.tools.lint.model.DefaultLintModelDependencyGraph                    : loaded 2 times (x 76B)
Class org.objectweb.asm.Symbol                                                        : loaded 2 times (x 71B)
Class it.unimi.dsi.fastutil.HashCommon                                                : loaded 2 times (x 69B)
Class com.google.common.cache.LocalCache$EntryFactory$6                               : loaded 2 times (x 81B)
Class com.google.common.reflect.TypeToken                                             : loaded 2 times (x 71B)
Class com.google.common.cache.LocalCache$Strength$1                                   : loaded 2 times (x 79B)
Class [Lcom.google.common.base.Predicate;                                             : loaded 2 times (x 67B)
Class com.google.common.collect.EmptyImmutableListMultimap                            : loaded 2 times (x 176B)
Class com.google.common.cache.LocalCache$Strength$2                                   : loaded 2 times (x 79B)
Class com.google.common.cache.LocalCache$Strength$3                                   : loaded 2 times (x 79B)
Class org.gradle.internal.classloader.ClassLoaderFactory                              : loaded 2 times (x 68B)
Class com.google.common.cache.LocalCache$EntryFactory$5                               : loaded 2 times (x 81B)
Class com.google.common.base.Absent                                                   : loaded 2 times (x 78B)
Class com.google.common.util.concurrent.AbstractFuture$Waiter                         : loaded 2 times (x 70B)
Class com.android.tools.lint.model.LintModelSerialization$LintModelSerializationAdapter: loaded 2 times (x 68B)
Class kotlin.jvm.internal.FunctionReference                                           : loaded 2 times (x 120B)
Class com.google.common.util.concurrent.Uninterruptibles                              : loaded 2 times (x 69B)
Class com.google.common.collect.Iterators$10                                          : loaded 2 times (x 79B)
Class com.android.ide.common.repository.GradleVersion                                 : loaded 2 times (x 92B)
Class com.android.tools.lint.model.LintModelMavenName                                 : loaded 2 times (x 68B)
Class com.google.common.cache.LocalCache$EntryFactory$4                               : loaded 2 times (x 81B)
Class com.google.common.collect.Iterators$EmptyModifiableIterator                     : loaded 2 times (x 84B)
Class org.gradle.api.internal.classpath.ManifestUtil                                  : loaded 2 times (x 69B)
Class org.gradle.api.specs.Spec                                                       : loaded 2 times (x 68B)
Class com.google.common.collect.RangeSet                                              : loaded 2 times (x 68B)
Class kotlin.jvm.internal.Intrinsics                                                  : loaded 2 times (x 69B)
Class com.google.common.cache.CacheLoader$UnsupportedLoadingOperationException        : loaded 2 times (x 80B)
Class com.google.common.cache.LocalCache$EntryFactory$3                               : loaded 2 times (x 81B)
Class com.google.common.util.concurrent.ListenableFuture                              : loaded 2 times (x 68B)
Class com.google.common.collect.MapMaker$Dummy                                        : loaded 2 times (x 77B)
Class kotlin.jvm.internal.ArrayIterator                                               : loaded 2 times (x 77B)
Class kotlin.text.StringsKt___StringsJvmKt                                            : loaded 2 times (x 69B)
Class com.google.common.collect.Iterators$1                                           : loaded 2 times (x 79B)
Class com.google.common.collect.BaseImmutableMultimap                                 : loaded 2 times (x 121B)
Class com.google.common.collect.Iterators$4                                           : loaded 2 times (x 80B)
Class com.google.common.collect.Iterators$5                                           : loaded 2 times (x 80B)
Class com.google.common.util.concurrent.AbstractFuture$UnsafeAtomicHelper             : loaded 2 times (x 74B)
Class com.google.common.cache.LocalCache$EntryFactory$2                               : loaded 2 times (x 81B)
Class com.google.common.base.Joiner                                                   : loaded 2 times (x 77B)
Class com.google.common.base.Equivalence$Equals                                       : loaded 2 times (x 80B)
Class kotlin.collections.ArraysKt__ArraysKt                                           : loaded 2 times (x 69B)
Class com.google.common.collect.Iterators$9                                           : loaded 2 times (x 79B)
Class com.android.support.AndroidxName                                                : loaded 2 times (x 78B)
Class [Lnet.rubygrapefruit.platform.internal.FunctionResult$Failure;                  : loaded 2 times (x 67B)
Class net.rubygrapefruit.platform.internal.Platform$Windows                           : loaded 2 times (x 77B)
Class org.gradle.internal.IoActions                                                   : loaded 2 times (x 69B)
Class com.google.common.collect.MapMakerInternalMap$StrongKeyDummyValueEntry$Helper   : loaded 2 times (x 77B)
Class com.google.gson.stream.JsonReader$1                                             : loaded 2 times (x 70B)
Class com.google.common.cache.LocalCache$EntryFactory$1                               : loaded 2 times (x 81B)
Class com.android.tools.lint.model.PathVariables$Companion                            : loaded 2 times (x 69B)
Class org.jetbrains.kotlin.config.LanguageFeature$State                               : loaded 2 times (x 80B)
Class com.android.sdklib.IAndroidTarget                                               : loaded 2 times (x 68B)
Class com.google.common.cache.ReferenceEntry                                          : loaded 2 times (x 68B)
Class com.google.common.base.Equivalence                                              : loaded 2 times (x 80B)
Class com.google.common.io.CharSource$ConcatenatedCharSource                          : loaded 2 times (x 84B)
Class [Lorg.jetbrains.kotlin.config.JvmDefaultMode;                                   : loaded 2 times (x 67B)
Class kotlin.collections.CollectionsKt__CollectionsKt                                 : loaded 2 times (x 69B)
Class kotlin.sequences.SequencesKt                                                    : loaded 2 times (x 69B)
Class com.google.common.collect.ImmutableSortedMap$Builder                            : loaded 2 times (x 86B)
Class com.google.common.collect.RangeGwtSerializationDependencies                     : loaded 2 times (x 69B)
Class kotlin.collections.EmptyIterator                                                : loaded 2 times (x 87B)
Class org.jetbrains.kotlin.config.JvmDefaultMode                                      : loaded 2 times (x 77B)
Class [Lcom.android.prefs.VariableValue;                                              : loaded 2 times (x 67B)
Class com.google.common.collect.ImmutableSortedSetFauxverideShim                      : loaded 2 times (x 145B)
Class kotlin.jvm.internal.FunctionReferenceImpl                                       : loaded 2 times (x 120B)
Class com.google.common.collect.ImmutableMultimap$Builder                             : loaded 2 times (x 81B)
Class com.android.support.AndroidxMigrationParserKt                                   : loaded 2 times (x 69B)
Class com.android.tools.lint.model.DefaultLintModelSourceProvider                     : loaded 2 times (x 80B)
Class com.google.common.collect.AbstractMapBasedMultimap$Itr                          : loaded 2 times (x 81B)
Class net.rubygrapefruit.platform.internal.NativeLibraryLocator                       : loaded 2 times (x 71B)
Class com.android.prefs.AbstractAndroidLocations$Companion                            : loaded 2 times (x 69B)
Class [Lorg.objectweb.asm.Attribute;                                                  : loaded 2 times (x 67B)
Class org.gradle.api.internal.classpath.EffectiveClassPath                            : loaded 2 times (x 88B)
Class org.jetbrains.kotlin.config.LanguageFeature                                     : loaded 2 times (x 77B)
Class com.google.common.io.Files                                                      : loaded 2 times (x 69B)
Class com.google.common.cache.CacheLoader$FunctionToCacheLoader                       : loaded 2 times (x 73B)
Class com.google.common.cache.CacheBuilder$1                                          : loaded 2 times (x 83B)
Class net.rubygrapefruit.platform.internal.WindowsProcessLauncher                     : loaded 2 times (x 74B)
Class kotlin.jvm.internal.CallableReference                                           : loaded 2 times (x 104B)
Class com.google.common.cache.CacheBuilder$2                                          : loaded 2 times (x 77B)
Class com.google.common.cache.CacheBuilder$3                                          : loaded 2 times (x 70B)
Class com.google.common.io.CharStreams                                                : loaded 2 times (x 69B)
Class com.android.utils.EnvironmentProvider                                           : loaded 2 times (x 68B)
Class com.google.common.io.Files$FileByteSource                                       : loaded 2 times (x 83B)
Class [Lcom.google.common.cache.RemovalListener;                                      : loaded 2 times (x 67B)
Class net.rubygrapefruit.platform.internal.Platform$Unsupported                       : loaded 2 times (x 77B)
Class com.google.common.collect.Interners                                             : loaded 2 times (x 69B)
Class org.jetbrains.kotlin.cli.common.messages.GradleStyleMessageRenderer             : loaded 2 times (x 76B)
Class kotlin.sequences.SequencesKt___SequencesKt$filterNotNull$1                      : loaded 2 times (x 76B)
Class com.google.common.collect.MapMakerInternalMap$Strength$1                        : loaded 2 times (x 78B)
Class org.gradle.internal.installation.CurrentGradleInstallation                      : loaded 2 times (x 71B)
Class com.google.common.collect.MapMakerInternalMap$Strength$2                        : loaded 2 times (x 78B)
Class org.gradle.internal.installation.CurrentGradleInstallationLocator               : loaded 2 times (x 69B)
Class kotlin.collections.CollectionsKt__IteratorsJVMKt                                : loaded 2 times (x 69B)
Class [Lcom.google.common.cache.LocalCache$Segment;                                   : loaded 2 times (x 67B)
Class org.gradle.api.internal.classpath.Module                                        : loaded 2 times (x 68B)
Class build_cj9ho4ep13kbcm4wricz0fa0v$_run_closure1$_closure3                         : loaded 2 times (x 134B)
Class com.android.tools.lint.model.LintModelSerialization$LintModelSerializationFileAdapter: loaded 2 times (x 85B)
Class com.google.common.io.ByteSource$ByteArrayByteSource                             : loaded 2 times (x 83B)
Class kotlin.sequences.FilteringSequence                                              : loaded 2 times (x 73B)
Class com.android.tools.lint.model.DefaultLintModelAndroidLibrary                     : loaded 2 times (x 98B)
Class com.google.common.collect.ImmutableSortedSet                                    : loaded 2 times (x 233B)
Class com.android.tools.lint.model.DefaultLintModelJavaLibrary                        : loaded 2 times (x 90B)
Class com.google.common.reflect.Reflection                                            : loaded 2 times (x 69B)
Class net.rubygrapefruit.platform.internal.NativeLibraryLoader                        : loaded 2 times (x 71B)
Class com.google.common.collect.MapMakerInternalMap$Segment                           : loaded 2 times (x 140B)
Class kotlin.sequences.SequencesKt__SequencesKt                                       : loaded 2 times (x 69B)
Class kotlin.sequences.SequencesKt__SequencesJVMKt                                    : loaded 2 times (x 69B)
Class com.google.common.util.concurrent.AbstractFuture$Failure                        : loaded 2 times (x 70B)
Class Dependency_version_checker_gradle                                               : loaded 2 times (x 128B)
Class com.google.common.reflect.Types$TypeVariableInvocationHandler                   : loaded 2 times (x 73B)
Class com.google.common.reflect.Types$ClassOwnership                                  : loaded 2 times (x 78B)
Class org.objectweb.asm.Type                                                          : loaded 2 times (x 70B)
Class [Lorg.jetbrains.kotlin.config.LanguageOrApiVersion;                             : loaded 2 times (x 67B)
Class build_4i8uzgpz8h55gyzt6rktcozhg                                                 : loaded 2 times (x 178B)
Class [Lorg.objectweb.asm.AnnotationWriter;                                           : loaded 2 times (x 67B)
Class org.gradle.internal.service.CachingServiceLocator                               : loaded 2 times (x 80B)
Class kotlin.NoWhenBranchMatchedException                                             : loaded 2 times (x 80B)
Class build_e628fz8mk86gkrh4gl29yuvly                                                 : loaded 2 times (x 178B)
Class com.android.tools.lint.model.LintModelModuleLibrary                             : loaded 2 times (x 68B)
Class com.google.common.cache.LocalCache$AbstractReferenceEntry                       : loaded 2 times (x 105B)
Class kotlin.text.StringsKt__StringBuilderKt                                          : loaded 2 times (x 69B)
Class net.rubygrapefruit.platform.internal.Platform$Linux64Bit                        : loaded 2 times (x 81B)
Class kotlin.sequences.FilteringSequence$iterator$1                                   : loaded 2 times (x 77B)
Class org.objectweb.asm.Handle                                                        : loaded 2 times (x 70B)
Class com.google.common.collect.Sets$ImprovedAbstractSet                              : loaded 2 times (x 133B)
Class com.android.SdkConstants                                                        : loaded 2 times (x 69B)
Class com.google.common.collect.AbstractMapBasedMultimap$AsMap                        : loaded 2 times (x 126B)
Class org.gradle.internal.classpath.DefaultClassPath                                  : loaded 2 times (x 88B)
Class com.google.common.collect.AbstractSetMultimap                                   : loaded 2 times (x 172B)
Class com.google.common.collect.MapMakerInternalMap$1                                 : loaded 2 times (x 81B)
Class kotlin.sequences.FlatteningSequence                                             : loaded 2 times (x 73B)
Class org.gradle.api.Transformer                                                      : loaded 2 times (x 68B)
Class com.android.tools.lint.model.DefaultLintModelAndroidArtifact                    : loaded 2 times (x 83B)
Class com.google.common.util.concurrent.AbstractFuture$SetFuture                      : loaded 2 times (x 73B)
Class kotlin.collections.CollectionsKt__CollectionsJVMKt                              : loaded 2 times (x 69B)
Class kotlin.sequences.SequencesKt___SequencesKt                                      : loaded 2 times (x 69B)
Class [Lcom.android.tools.lint.model.LintModelModuleType;                             : loaded 2 times (x 67B)
Class com.android.tools.lint.model.LintModelVariant                                   : loaded 2 times (x 68B)
Class build_c8uv2zr4rumwgjqhqkejb7pm5$_run_closure1                                   : loaded 2 times (x 134B)
Class com.google.common.collect.CollectCollectors                                     : loaded 2 times (x 69B)
Class com.android.tools.lint.model.LintModelBuildFeatures                             : loaded 2 times (x 68B)
Class kotlin.sequences.FlatteningSequence$iterator$1                                  : loaded 2 times (x 77B)
Class kotlin.collections.SetsKt__SetsJVMKt                                            : loaded 2 times (x 69B)
Class build_bdsyv133i9322sofoljra228k$_run_closure1                                   : loaded 2 times (x 134B)
Class com.google.common.collect.ImmutableSortedMap$1EntrySet                          : loaded 2 times (x 151B)
Class com.google.common.collect.TransformedIterator                                   : loaded 2 times (x 78B)
Class org.gradle.internal.installation.GradleInstallation$1                           : loaded 2 times (x 73B)
Class com.android.sdklib.AndroidVersion                                               : loaded 2 times (x 73B)
Class com.google.common.collect.ImmutableMultisetGwtSerializationDependencies         : loaded 2 times (x 123B)
Class com.google.common.reflect.TypeParameter                                         : loaded 2 times (x 70B)
Class com.google.common.collect.ImmutableListMultimap                                 : loaded 2 times (x 176B)
Class com.google.common.cache.LocalCache$LocalManualCache$1                           : loaded 2 times (x 73B)
Class com.android.tools.lint.model.LintModelArtifact                                  : loaded 2 times (x 68B)
Class org.jetbrains.kotlin.config.ExplicitApiMode                                     : loaded 2 times (x 77B)
Class org.gradle.api.internal.DefaultClassPathProvider                                : loaded 2 times (x 74B)
Class [Lcom.android.prefs.VariableType;                                               : loaded 2 times (x 67B)
Class kotlin.jvm.functions.Function0                                                  : loaded 2 times (x 68B)
Class com.google.common.collect.Lists$RandomAccessReverseList                         : loaded 2 times (x 160B)
Class kotlin.jvm.functions.Function1                                                  : loaded 2 times (x 68B)
Class kotlin.jvm.functions.Function2                                                  : loaded 2 times (x 68B)
Class [Lcom.google.common.collect.AbstractIterator$State;                             : loaded 2 times (x 67B)
Class org.objectweb.asm.SymbolTable$Entry                                             : loaded 2 times (x 72B)
Class [Lcom.google.common.cache.LocalCache$EntryFactory;                              : loaded 2 times (x 67B)
Class net.rubygrapefruit.platform.internal.jni.NativeLibraryFunctions                 : loaded 2 times (x 69B)
Class com.google.common.cache.LocalCache$Segment                                      : loaded 2 times (x 152B)
Class com.google.common.collect.MapMakerInternalMap$Strength                          : loaded 2 times (x 78B)
Class com.google.common.base.Platform                                                 : loaded 2 times (x 69B)
Class com.google.common.base.Suppliers$NonSerializableMemoizingSupplier               : loaded 2 times (x 77B)
Class com.google.common.collect.PeekingIterator                                       : loaded 2 times (x 68B)
Class com.android.prefs.PathLocator$WhenMappings                                      : loaded 2 times (x 69B)
Class com.google.common.collect.ImmutableSetMultimap                                  : loaded 2 times (x 180B)
Class kotlin._Assertions                                                              : loaded 2 times (x 69B)
Class kotlin.sequences.EmptySequence                                                  : loaded 2 times (x 76B)
Class com.android.tools.lint.model.LintModelLibrary                                   : loaded 2 times (x 68B)
Class build_cj9ho4ep13kbcm4wricz0fa0v                                                 : loaded 2 times (x 178B)
Class com.google.common.io.Resources$UrlByteSource                                    : loaded 2 times (x 83B)
Class com.google.common.collect.AbstractMapBasedMultimap$WrappedSet                   : loaded 2 times (x 140B)
Class kotlin.KotlinNullPointerException                                               : loaded 2 times (x 81B)
Class com.google.common.collect.Iterators$ArrayItr                                    : loaded 2 times (x 95B)
Class com.google.common.reflect.TypeResolver$TypeTable$1                              : loaded 2 times (x 71B)
Class kotlin.collections.CharIterator                                                 : loaded 2 times (x 80B)
Class build_c8uv2zr4rumwgjqhqkejb7pm5                                                 : loaded 2 times (x 178B)
Class com.google.common.cache.CacheLoader                                             : loaded 2 times (x 72B)
Class org.objectweb.asm.Opcodes                                                       : loaded 2 times (x 68B)
Class net.rubygrapefruit.platform.internal.WrapperProcessLauncher                     : loaded 2 times (x 74B)
Class kotlin.reflect.KAnnotatedElement                                                : loaded 2 times (x 68B)
Class org.objectweb.asm.MethodTooLargeException                                       : loaded 2 times (x 81B)
Class kotlin.text.CharsKt                                                             : loaded 2 times (x 69B)
Class NativePluginLoader$getDependenciesMetadata$0                                    : loaded 2 times (x 150B)
Class com.android.tools.lint.model.LintModelSerialization$TargetFile                  : loaded 2 times (x 77B)
Class kotlin.collections.CollectionsKt___CollectionsKt                                : loaded 2 times (x 69B)
Class com.google.common.cache.Cache                                                   : loaded 2 times (x 68B)
Class com.google.common.collect.Maps$EntrySet                                         : loaded 2 times (x 134B)
Class org.jetbrains.kotlin.config.ApiVersion                                          : loaded 2 times (x 83B)
Class com.android.tools.lint.model.LintModelDependency                                : loaded 2 times (x 68B)
Class org.gradle.internal.classloader.SystemClassLoaderSpec                           : loaded 2 times (x 69B)
Class com.google.common.io.LineBuffer                                                 : loaded 2 times (x 73B)
Class build_ahpfki6hvmx1p6v0f9w91gw5t$_run_closure1                                   : loaded 2 times (x 134B)
Class com.google.common.util.concurrent.internal.InternalFutureFailureAccess          : loaded 2 times (x 70B)
Class org.jetbrains.kotlin.cli.common.PropertiesKt                                    : loaded 2 times (x 69B)
Class [Lcom.android.tools.lint.model.LintModelNamespacingMode;                        : loaded 2 times (x 67B)
Class com.google.common.io.CharSource$StringCharSource                                : loaded 2 times (x 84B)
Class com.android.prefs.AndroidPathLocator                                            : loaded 2 times (x 71B)
Class build_f0srlsa5vznkog7j8blhsloz4                                                 : loaded 2 times (x 178B)
Class net.rubygrapefruit.platform.internal.Platform$FreeBSD64Bit                      : loaded 2 times (x 80B)
Class build_cj9ho4ep13kbcm4wricz0fa0v$_run_closure1                                   : loaded 2 times (x 134B)
Class org.jetbrains.kotlin.utils.DescriptionAware                                     : loaded 2 times (x 68B)
Class [Lcom.google.common.cache.Weigher;                                              : loaded 2 times (x 67B)
Class com.google.common.collect.SetMultimap                                           : loaded 2 times (x 68B)
Class com.google.common.collect.Interners$InternerBuilder                             : loaded 2 times (x 74B)
Class com.google.common.reflect.Types$TypeVariableImpl                                : loaded 2 times (x 70B)
Class net.rubygrapefruit.platform.internal.FunctionResult                             : loaded 2 times (x 75B)
Class com.google.common.io.LineReader$1                                               : loaded 2 times (x 73B)
Class org.jetbrains.kotlin.cli.common.messages.MessageRenderer                        : loaded 2 times (x 68B)
Class com.google.common.collect.Maps$IteratorBasedAbstractMap                         : loaded 2 times (x 123B)
Class net.rubygrapefruit.platform.internal.Platform$MacOs                             : loaded 2 times (x 80B)
Class org.jetbrains.kotlin.cli.common.CompilerSystemProperties$Companion              : loaded 2 times (x 69B)
Class org.objectweb.asm.ClassWriter                                                   : loaded 2 times (x 102B)
Class it.unimi.dsi.fastutil.ints.IntList                                              : loaded 2 times (x 68B)
Class kotlin.text.Charsets                                                            : loaded 2 times (x 69B)
Class com.google.common.collect.Range                                                 : loaded 2 times (x 85B)
Class org.jetbrains.kotlin.config.MavenComparableVersion$IntegerItem                  : loaded 2 times (x 78B)
Class org.apache.commons.io.IOUtils                                                   : loaded 2 times (x 69B)
Class org.jetbrains.kotlin.config.LanguageVersion                                     : loaded 2 times (x 87B)
Class kotlin.collections.SetsKt                                                       : loaded 2 times (x 69B)
Class kotlin.jvm.internal.FunctionBase                                                : loaded 2 times (x 68B)
Class org.jetbrains.kotlin.config.MavenComparableVersion$Item                         : loaded 2 times (x 68B)
Class kotlin.Function                                                                 : loaded 2 times (x 68B)
Class [Lcom.google.common.cache.CacheBuilder$OneWeigher;                              : loaded 2 times (x 67B)
Class net.rubygrapefruit.platform.NativeIntegrationLinkageException                   : loaded 2 times (x 80B)
Class com.google.common.collect.Iterators                                             : loaded 2 times (x 69B)
Class com.google.common.collect.RegularImmutableSortedSet                             : loaded 2 times (x 233B)
Class com.google.common.io.CharSource$AsByteSource                                    : loaded 2 times (x 83B)
Class com.google.common.cache.LocalCache$SoftValueReference                           : loaded 2 times (x 95B)
Class com.android.tools.lint.model.DefaultLintModelLibraryResolver                    : loaded 2 times (x 74B)
Class com.google.common.collect.ImmutableList$SerializedForm                          : loaded 2 times (x 71B)
Class org.gradle.api.UncheckedIOException                                             : loaded 2 times (x 80B)
Class settings_duotokjbmbnzbfkkjgkxshmti                                              : loaded 2 times (x 177B)
Class com.google.common.io.Files$FileByteSink                                         : loaded 2 times (x 75B)
Class [Lcom.google.common.io.FileWriteMode;                                           : loaded 2 times (x 67B)
Class kotlin.jvm.internal.CallableReference$NoReceiver                                : loaded 2 times (x 69B)
Class native_plugin_loader_7dik9rqpj677pep4bin0xqtrk                                  : loaded 2 times (x 175B)
Class com.google.common.base.ExtraObjectsMethodsForWeb                                : loaded 2 times (x 69B)
Class org.objectweb.asm.FieldWriter                                                   : loaded 2 times (x 75B)
Class com.google.gson.JsonParseException                                              : loaded 2 times (x 80B)
Class com.google.common.collect.MapMakerInternalMap$InternalEntryHelper               : loaded 2 times (x 68B)
Class com.google.common.collect.AbstractListMultimap                                  : loaded 2 times (x 170B)
Class com.google.common.cache.LocalCache$StrongEntry                                  : loaded 2 times (x 106B)
Class com.android.prefs.PathLocator                                                   : loaded 2 times (x 71B)
Class com.google.common.cache.LocalCache$Strength                                     : loaded 2 times (x 79B)
Class com.google.common.collect.AbstractMapBasedMultimap$KeySet                       : loaded 2 times (x 135B)
Class com.google.common.collect.SortedIterable                                        : loaded 2 times (x 68B)
Class com.google.common.collect.ArrayListMultimapGwtSerializationDependencies         : loaded 2 times (x 170B)
Class kotlin.Unit                                                                     : loaded 2 times (x 69B)
Class it.unimi.dsi.fastutil.Hash$Strategy                                             : loaded 2 times (x 68B)
Class kotlin.text.StringsKt__AppendableKt                                             : loaded 2 times (x 69B)
Class com.google.common.collect.AbstractMapBasedMultimap$RandomAccessWrappedList      : loaded 2 times (x 165B)
Class org.objectweb.asm.Handler                                                       : loaded 2 times (x 70B)
Class kotlin.collections.CollectionsKt                                                : loaded 2 times (x 69B)
Class com.google.common.collect.ImmutableSortedSet$Builder                            : loaded 2 times (x 84B)
Class kotlin.collections.ArraysKt___ArraysJvmKt                                       : loaded 2 times (x 69B)
Class com.google.common.io.ByteArrayDataOutput                                        : loaded 2 times (x 68B)
Class net.rubygrapefruit.platform.internal.Platform$Linux32Bit                        : loaded 2 times (x 81B)
Class kotlin.collections.CollectionsKt___CollectionsJvmKt                             : loaded 2 times (x 69B)
Class net.rubygrapefruit.platform.internal.Platform$MacOs64Bit                        : loaded 2 times (x 80B)
Class com.google.common.cache.LocalCache$ValueReference                               : loaded 2 times (x 68B)
Class com.android.tools.lint.model.DefaultLintModelLintOptions                        : loaded 2 times (x 101B)
Class org.objectweb.asm.ClassReader                                                   : loaded 2 times (x 90B)
Class com.google.common.io.Java8Compatibility                                         : loaded 2 times (x 69B)
Class org.gradle.internal.classloader.ClasspathUtil                                   : loaded 2 times (x 69B)
Class org.apache.commons.io.FileUtils                                                 : loaded 2 times (x 69B)
Class org.objectweb.asm.CurrentFrame                                                  : loaded 2 times (x 71B)
Class com.google.common.util.concurrent.AbstractFuture                                : loaded 2 times (x 93B)
Class com.google.common.reflect.TypeResolver                                          : loaded 2 times (x 70B)
Class com.android.support.AndroidxNameUtils                                           : loaded 2 times (x 69B)
Class kotlin.collections.CollectionsKt__IteratorsKt                                   : loaded 2 times (x 69B)
Class com.android.prefs.AndroidLocationsException                                     : loaded 2 times (x 80B)
Class com.android.prefs.Global                                                        : loaded 2 times (x 78B)
Class com.android.tools.lint.model.LintModelLibraryResolver                           : loaded 2 times (x 68B)
Class com.google.common.collect.TransformedListIterator                               : loaded 2 times (x 91B)
Class com.google.common.io.ByteSource$SlicedByteSource                                : loaded 2 times (x 83B)
Class com.google.common.cache.LocalCache$ValueIterator                                : loaded 2 times (x 84B)
Class com.google.common.base.Ticker$1                                                 : loaded 2 times (x 70B)
Class org.gradle.api.internal.DefaultClassPathRegistry                                : loaded 2 times (x 74B)
Class com.google.common.base.Splitter$5                                               : loaded 2 times (x 78B)
Class org.jetbrains.kotlin.config.LanguageOrApiVersion                                : loaded 2 times (x 68B)
Class com.android.tools.lint.model.LintModelModuleType                                : loaded 2 times (x 77B)
Class com.google.common.collect.AbstractIterator$State                                : loaded 2 times (x 77B)
Class com.google.common.collect.ImmutableSortedMap                                    : loaded 2 times (x 176B)
Class com.google.common.util.concurrent.AbstractFuture$Cancellation                   : loaded 2 times (x 70B)
Class [Lorg.objectweb.asm.Symbol;                                                     : loaded 2 times (x 67B)
Class com.google.common.collect.Multimaps$Entries                                     : loaded 2 times (x 116B)
Class com.google.common.collect.ImmutableSortedMap$1                                  : loaded 2 times (x 90B)
Class com.google.common.collect.Interner                                              : loaded 2 times (x 68B)
Class com.android.support.AndroidxNameUtils$1                                         : loaded 2 times (x 80B)
Class com.android.tools.lint.model.DefaultLintModelMavenName                          : loaded 2 times (x 82B)
Class org.gradle.api.internal.classpath.DefaultModuleRegistry$DefaultModule           : loaded 2 times (x 84B)
Class net.rubygrapefruit.platform.internal.Platform                                   : loaded 2 times (x 77B)
Class com.google.common.collect.ImmutableBiMap$Builder                                : loaded 2 times (x 78B)
Class com.google.common.io.LineReader                                                 : loaded 2 times (x 70B)
Class org.gradle.api.Action                                                           : loaded 2 times (x 68B)
Class org.jetbrains.kotlin.config.ApiVersion$Companion                                : loaded 2 times (x 69B)
Class com.android.utils.XmlUtils$SubTagIterator                                       : loaded 2 times (x 89B)
Class org.jetbrains.kotlin.config.JvmDefaultMode$Companion                            : loaded 2 times (x 69B)
Class com.google.common.cache.CacheBuilder$OneWeigher                                 : loaded 2 times (x 80B)
Class com.google.common.collect.ImmutableSortedAsList                                 : loaded 2 times (x 180B)
Class kotlin.text.StringsKt__StringsKt                                                : loaded 2 times (x 69B)
Class com.google.common.base.Suppliers$SupplierOfInstance                             : loaded 2 times (x 77B)
Class org.objectweb.asm.RecordComponentVisitor                                        : loaded 2 times (x 75B)
Class kotlin.text.Regex$Companion                                                     : loaded 2 times (x 69B)
Class com.google.common.reflect.Types$ClassOwnership$1                                : loaded 2 times (x 78B)
Class com.google.common.reflect.Invokable                                             : loaded 2 times (x 116B)
Class com.google.common.reflect.Types$ClassOwnership$2                                : loaded 2 times (x 78B)
Class com.google.common.reflect.Types$ClassOwnership$3                                : loaded 2 times (x 69B)
Class com.android.tools.lint.model.LintModelDependencies                              : loaded 2 times (x 68B)
Class build_e628fz8mk86gkrh4gl29yuvly$_run_closure1                                   : loaded 2 times (x 134B)
Class [Lorg.jetbrains.kotlin.cli.common.CompilerSystemProperties;                     : loaded 2 times (x 67B)
Class com.google.common.io.ByteSource$ConcatenatedByteSource                          : loaded 2 times (x 83B)
Class com.android.tools.lint.model.DefaultLintModelModule                             : loaded 2 times (x 91B)
Class com.google.common.cache.LocalCache$HashIterator                                 : loaded 2 times (x 84B)
Class org.jetbrains.kotlin.cli.common.CompilerSystemProperties$value$1                : loaded 2 times (x 123B)
Class com.google.common.collect.ImmutableSortedMap$1EntrySet$1                        : loaded 2 times (x 172B)
Class org.jetbrains.kotlin.cli.common.CompilerSystemProperties$value$2                : loaded 2 times (x 123B)
Class com.google.common.cache.LocalCache$WriteThroughEntry                            : loaded 2 times (x 77B)
Class org.objectweb.asm.ClassTooLargeException                                        : loaded 2 times (x 81B)
Class org.jetbrains.kotlin.config.LanguageVersion$Companion                           : loaded 2 times (x 69B)
Class com.android.prefs.AndroidLocationsProvider                                      : loaded 2 times (x 68B)
Class org.gradle.api.internal.classpath.UnknownModuleException                        : loaded 2 times (x 80B)
Class [Lcom.google.gson.stream.JsonToken;                                             : loaded 2 times (x 67B)
Class kotlin.collections.MapsKt__MapsJVMKt                                            : loaded 2 times (x 69B)
Class com.google.common.collect.FluentIterable                                        : loaded 2 times (x 79B)
Class com.google.common.util.concurrent.AbstractFuture$Listener                       : loaded 2 times (x 70B)
Class com.google.common.collect.Iterables$4                                           : loaded 2 times (x 79B)
Class org.objectweb.asm.Edge                                                          : loaded 2 times (x 70B)
Class kotlin.text.StringsKt__RegexExtensionsJVMKt                                     : loaded 2 times (x 69B)
Class com.google.common.collect.AbstractMultimap                                      : loaded 2 times (x 121B)
Class kotlin.jvm.internal.ArrayIteratorKt                                             : loaded 2 times (x 69B)
Class kotlin.collections.ArraysKt___ArraysKt                                          : loaded 2 times (x 69B)
Class [Lcom.android.prefs.LocationValue;                                              : loaded 2 times (x 67B)
Class native_plugin_loader_7dik9rqpj677pep4bin0xqtrk$_run_closure1                    : loaded 2 times (x 134B)
Class com.google.common.io.ByteArrayDataInput                                         : loaded 2 times (x 68B)
Class kotlin.text.StringsKt__StringNumberConversionsJVMKt                             : loaded 2 times (x 69B)
Class net.rubygrapefruit.platform.internal.Platform$Window64Bit                       : loaded 2 times (x 77B)
Class [Lorg.objectweb.asm.SymbolTable$Entry;                                          : loaded 2 times (x 67B)
Class com.google.common.reflect.Types$JavaVersion                                     : loaded 2 times (x 81B)
Class com.google.common.collect.SingletonImmutableBiMap                               : loaded 2 times (x 142B)
Class kotlin.text.CharsKt__CharJVMKt                                                  : loaded 2 times (x 69B)
Class com.google.common.collect.ListMultimap                                          : loaded 2 times (x 68B)
Class com.google.common.base.Suppliers$MemoizingSupplier                              : loaded 2 times (x 77B)
Class it.unimi.dsi.fastutil.Hash                                                      : loaded 2 times (x 68B)
Class com.google.common.base.Suppliers                                                : loaded 2 times (x 69B)
Class net.rubygrapefruit.platform.internal.Platform$FreeBSD32Bit                      : loaded 2 times (x 80B)
Class [Lcom.google.common.collect.Iterators$EmptyModifiableIterator;                  : loaded 2 times (x 67B)
Class kotlin.text.StringsKt__IndentKt                                                 : loaded 2 times (x 69B)
Class org.objectweb.asm.ClassVisitor                                                  : loaded 2 times (x 85B)
Class com.google.common.cache.LoadingCache                                            : loaded 2 times (x 68B)
Class org.gradle.internal.service.ServiceLookupException                              : loaded 2 times (x 80B)
Class kotlin.collections.MapsKt__MapWithDefaultKt                                     : loaded 2 times (x 69B)
Class com.google.common.collect.MapMakerInternalMap$StrongKeyDummyValueSegment        : loaded 2 times (x 140B)
Class com.android.tools.lint.model.DefaultLintModelVariant                            : loaded 2 times (x 98B)
Class com.android.prefs.LocationValue                                                 : loaded 2 times (x 68B)
Class org.gradle.cache.GlobalCache                                                    : loaded 2 times (x 68B)
Class build_4i8uzgpz8h55gyzt6rktcozhg$_run_closure1                                   : loaded 2 times (x 134B)
Class com.google.common.base.Present                                                  : loaded 2 times (x 79B)
Class com.google.common.collect.ReverseNaturalOrdering                                : loaded 2 times (x 112B)
Class kotlin.collections.EmptySet                                                     : loaded 2 times (x 120B)
Class com.android.ProgressManagerAdapter                                              : loaded 2 times (x 71B)
Class NativePluginLoader                                                              : loaded 2 times (x 91B)
Class it.unimi.dsi.fastutil.objects.ObjectIterator                                    : loaded 2 times (x 68B)
Class [Lcom.google.common.collect.MapMaker$Dummy;                                     : loaded 2 times (x 67B)
Class [Lorg.gradle.api.internal.ClassPathProvider;                                    : loaded 2 times (x 67B)
Class com.google.common.util.concurrent.AbstractFuture$SafeAtomicHelper               : loaded 2 times (x 75B)
Class com.google.common.collect.ImmutableMultimap$Values                              : loaded 2 times (x 124B)
Class kotlin.collections.MapsKt                                                       : loaded 2 times (x 69B)
Class net.rubygrapefruit.platform.internal.Platform$FreeBSD                           : loaded 2 times (x 80B)
Class org.gradle.util.internal.GUtil                                                  : loaded 2 times (x 69B)
Class net.rubygrapefruit.platform.internal.Platform$Unix                              : loaded 2 times (x 80B)
Class build_ahpfki6hvmx1p6v0f9w91gw5t                                                 : loaded 2 times (x 178B)
Class [Lcom.google.common.reflect.Types$JavaVersion;                                  : loaded 2 times (x 67B)
Class com.android.tools.lint.model.LintModelDependencyGraph                           : loaded 2 times (x 68B)
Class net.rubygrapefruit.platform.Process                                             : loaded 2 times (x 68B)
Class org.objectweb.asm.signature.SignatureReader                                     : loaded 2 times (x 72B)
Class com.google.common.collect.AbstractIterator                                      : loaded 2 times (x 80B)
Class org.gradle.internal.classloader.ClassLoaderSpec                                 : loaded 2 times (x 69B)
Class com.google.common.io.LineProcessor                                              : loaded 2 times (x 68B)
Class NativePluginLoader$_getPlugins_closure1                                         : loaded 2 times (x 134B)
Class com.google.common.io.CharSink                                                   : loaded 2 times (x 77B)
Class com.google.common.collect.FluentIterable$3                                      : loaded 2 times (x 79B)
Class org.objectweb.asm.Frame                                                         : loaded 2 times (x 71B)
Class com.google.common.cache.LocalCache$LocalManualCache                             : loaded 2 times (x 97B)
Class com.google.common.collect.FluentIterable$2                                      : loaded 2 times (x 79B)
Class com.google.common.collect.ImmutableList$Builder                                 : loaded 2 times (x 75B)
Class com.android.tools.lint.model.LintModelSerialization$LintModelSerializationAdapter$DefaultImpls: loaded 2 times (x 69B)
Class net.rubygrapefruit.platform.NativeIntegrationUnavailableException               : loaded 2 times (x 80B)
Class com.google.common.cache.CacheLoader$1                                           : loaded 2 times (x 73B)
Class net.rubygrapefruit.platform.NativeIntegration                                   : loaded 2 times (x 68B)
Class [Lcom.google.common.collect.MapMakerInternalMap$Strength;                       : loaded 2 times (x 67B)
Class com.google.common.util.concurrent.AbstractFuture$TrustedFuture                  : loaded 2 times (x 95B)
Class com.android.tools.lint.model.DefaultLintModelLibrary                            : loaded 2 times (x 83B)
Class com.google.common.collect.MapMakerInternalMap$InternalEntry                     : loaded 2 times (x 68B)
Class org.apache.commons.io.FileExistsException                                       : loaded 2 times (x 80B)
Class build_f0srlsa5vznkog7j8blhsloz4$_run_closure1                                   : loaded 2 times (x 134B)
Class com.google.common.collect.Maps$ViewCachingAbstractMap                           : loaded 2 times (x 123B)
Class com.google.common.collect.FluentIterable$1                                      : loaded 2 times (x 79B)
Class org.jetbrains.kotlin.config.ExplicitApiMode$Companion                           : loaded 2 times (x 69B)
Class kotlin.text.Regex                                                               : loaded 2 times (x 70B)
Class com.android.tools.lint.model.LintModelModuleLoader                              : loaded 2 times (x 68B)
Class com.google.common.collect.ImmutableSet$Builder                                  : loaded 2 times (x 83B)
Class org.gradle.api.internal.classpath.DefaultModuleRegistry                         : loaded 2 times (x 84B)
Class com.google.common.collect.MapMakerInternalMap                                   : loaded 2 times (x 159B)
Class it.unimi.dsi.fastutil.ints.IntCollection                                        : loaded 2 times (x 68B)
Class com.google.common.cache.RemovalListener                                         : loaded 2 times (x 68B)
Class org.apache.commons.io.output.StringBuilderWriter                                : loaded 2 times (x 98B)
Class net.rubygrapefruit.platform.internal.Platform$MacOs32Bit                        : loaded 2 times (x 80B)
Class com.google.common.collect.ImmutableMapKeySet                                    : loaded 2 times (x 148B)
Class com.google.common.io.FileWriteMode                                              : loaded 2 times (x 77B)
Class com.google.common.base.MoreObjects                                              : loaded 2 times (x 69B)
Class kotlin.collections.ArraysUtilJVM                                                : loaded 2 times (x 69B)
Class com.android.ide.common.repository.GradleVersion$VersionSegment                  : loaded 2 times (x 73B)
Class org.objectweb.asm.SymbolTable                                                   : loaded 2 times (x 70B)
Class com.android.tools.lint.model.PathVariables$Companion$PATH_COMPARATOR$1          : loaded 2 times (x 87B)
Class [Lorg.objectweb.asm.AnnotationVisitor;                                          : loaded 2 times (x 67B)
Class com.google.common.cache.CacheStats                                              : loaded 2 times (x 69B)
Class it.unimi.dsi.fastutil.ints.IntSet                                               : loaded 2 times (x 68B)
Class org.objectweb.asm.Attribute                                                     : loaded 2 times (x 75B)
Class org.gradle.internal.classloader.VisitableURLClassLoader                         : loaded 2 times (x 115B)
Class com.google.common.cache.LocalCache$LocalLoadingCache                            : loaded 2 times (x 132B)
Class com.google.common.io.CharSource$CharSequenceCharSource                          : loaded 2 times (x 84B)
Class com.google.common.base.Supplier                                                 : loaded 2 times (x 68B)
Class com.google.common.collect.HashBiMap$BiEntry                                     : loaded 2 times (x 81B)
Class org.gradle.internal.classpath.ClassPath                                         : loaded 2 times (x 68B)
Class com.android.utils.EnvironmentProvider$DirectEnvironmentProvider                 : loaded 2 times (x 78B)
Class com.google.common.collect.ImmutableMultimap$Keys                                : loaded 2 times (x 164B)
Class com.google.common.base.Objects                                                  : loaded 2 times (x 69B)
Class com.google.common.util.concurrent.AbstractFuture$AtomicHelper                   : loaded 2 times (x 74B)
Class org.gradle.internal.Cast                                                        : loaded 2 times (x 69B)
Class com.google.common.hash.PrimitiveSink                                            : loaded 2 times (x 68B)
Class com.google.common.io.CharSource$EmptyCharSource                                 : loaded 2 times (x 84B)
Class Build_gradle                                                                    : loaded 2 times (x 128B)
Class com.android.support.InvalidDataException                                        : loaded 2 times (x 80B)
Class org.gradle.api.internal.ClassPathRegistry                                       : loaded 2 times (x 68B)
Class com.google.common.cache.LocalCache$EntryFactory                                 : loaded 2 times (x 81B)
Class com.google.gson.stream.JsonReader                                               : loaded 2 times (x 94B)
Class com.google.common.cache.CacheLoader$SupplierToCacheLoader                       : loaded 2 times (x 73B)
Class com.google.common.util.concurrent.UncheckedExecutionException                   : loaded 2 times (x 80B)
Class com.google.gson.stream.MalformedJsonException                                   : loaded 2 times (x 80B)
Class com.android.tools.lint.model.PathVariables                                      : loaded 2 times (x 70B)
Class org.gradle.internal.classloader.ClassLoaderHierarchy                            : loaded 2 times (x 68B)
Class com.android.tools.lint.model.LintModelSerialization$LintModelSerializationFileAdapter$WhenMappings: loaded 2 times (x 69B)
Class kotlin.sequences.SequencesKt___SequencesJvmKt                                   : loaded 2 times (x 69B)
Class com.android.tools.lint.model.LintModelNamespacingMode                           : loaded 2 times (x 77B)
Class kotlin.collections.MapsKt__MapsKt                                               : loaded 2 times (x 69B)
Class kotlin.collections.ArraysKt                                                     : loaded 2 times (x 69B)
Class kotlin.text.CharsKt__CharKt                                                     : loaded 2 times (x 69B)
Class NativePluginLoader$getPlugins                                                   : loaded 2 times (x 150B)
Class org.jetbrains.kotlin.cli.jvm.compiler.KotlinCoreEnvironment$Companion           : loaded 2 times (x 69B)
Class com.google.common.collect.Lists$ReverseList                                     : loaded 2 times (x 160B)
Class [Lcom.android.tools.lint.model.LintModelSerialization$TargetFile;               : loaded 2 times (x 67B)
Class com.google.common.collect.ImmutableRangeSet$AsSet                               : loaded 2 times (x 233B)
Class kotlin.collections.MapsKt___MapsKt                                              : loaded 2 times (x 69B)
Class net.rubygrapefruit.platform.internal.LibraryDef                                 : loaded 2 times (x 70B)
Class com.google.common.collect.AbstractMapBasedMultimap$WrappedList                  : loaded 2 times (x 165B)
Class [Lorg.objectweb.asm.Type;                                                       : loaded 2 times (x 67B)
Class [Lcom.android.prefs.Global;                                                     : loaded 2 times (x 67B)
Class com.google.common.collect.MapMakerInternalMap$WeakValueReference                : loaded 2 times (x 68B)
Class kotlin.sequences.TransformingSequence$iterator$1                                : loaded 2 times (x 77B)
Class com.google.common.io.AppendableWriter                                           : loaded 2 times (x 98B)
Class com.google.common.collect.Lists$ReverseList$1                                   : loaded 2 times (x 97B)
Class com.android.tools.lint.model.LintModelSourceProvider                            : loaded 2 times (x 68B)
Class build_bdsyv133i9322sofoljra228k                                                 : loaded 2 times (x 178B)
Class com.google.common.cache.Weigher                                                 : loaded 2 times (x 68B)
Class com.google.common.collect.MapMakerInternalMap$StrongValueEntry                  : loaded 2 times (x 68B)
Class com.android.prefs.PathLocator$singlePathOf$values$2                             : loaded 2 times (x 76B)
Class org.apache.commons.io.output.NullOutputStream                                   : loaded 2 times (x 83B)
Class com.google.common.collect.AbstractMapBasedMultimap$AsMap$AsMapEntries           : loaded 2 times (x 136B)
Class kotlin.sequences.Sequence                                                       : loaded 2 times (x 68B)
Class org.gradle.internal.service.ServiceLocator                                      : loaded 2 times (x 68B)
Class net.rubygrapefruit.platform.internal.Platform$Linux                             : loaded 2 times (x 81B)
Class org.jetbrains.kotlin.config.MavenComparableVersion                              : loaded 2 times (x 76B)
Class com.google.common.collect.ImmutableRangeSet$1                                   : loaded 2 times (x 169B)
Class com.google.common.util.concurrent.SettableFuture                                : loaded 2 times (x 95B)
Class net.rubygrapefruit.platform.NativeException                                     : loaded 2 times (x 80B)
Class net.rubygrapefruit.platform.Native                                              : loaded 2 times (x 69B)
Class com.google.common.io.Files$2                                                    : loaded 2 times (x 74B)
Class com.android.prefs.PathLocator$singlePathOf$values$1                             : loaded 2 times (x 77B)
Class kotlin.sequences.SequencesKt___SequencesKt$flatMap$2                            : loaded 2 times (x 123B)
Class com.google.common.reflect.Types$ParameterizedTypeImpl                           : loaded 2 times (x 79B)
Class net.rubygrapefruit.platform.internal.Platform$Window32Bit                       : loaded 2 times (x 77B)
Class com.google.common.io.ByteStreams                                                : loaded 2 times (x 69B)
Class com.android.tools.lint.model.LintModelAndroidLibrary                            : loaded 2 times (x 68B)
Class org.objectweb.asm.signature.SignatureVisitor                                    : loaded 2 times (x 85B)
Class com.google.gson.internal.JsonReaderInternalAccess                               : loaded 2 times (x 70B)
Class kotlin.collections.CollectionsKt__IterablesKt                                   : loaded 2 times (x 69B)
Class kotlin.reflect.KFunction                                                        : loaded 2 times (x 68B)
Class com.google.common.base.Joiner$1                                                 : loaded 2 times (x 78B)
Class kotlin.jvm.KotlinReflectionNotSupportedError                                    : loaded 2 times (x 80B)
Class com.google.common.collect.MapMaker                                              : loaded 2 times (x 70B)
Class com.google.common.base.Joiner$2                                                 : loaded 2 times (x 77B)
Class com.google.common.collect.HashBiMap                                             : loaded 2 times (x 141B)
Class com.android.support.MigrationParserVisitor                                      : loaded 2 times (x 68B)
Class com.android.tools.lint.model.LintModelAndroidArtifact                           : loaded 2 times (x 68B)
Class com.google.common.io.ByteSource                                                 : loaded 2 times (x 82B)
Class com.google.common.collect.ImmutableMultiset                                     : loaded 2 times (x 161B)
Class com.google.common.reflect.Types$JavaVersion$1                                   : loaded 2 times (x 81B)
Class com.google.common.reflect.Types$JavaVersion$2                                   : loaded 2 times (x 81B)
Class [Lorg.jetbrains.kotlin.config.LanguageVersion;                                  : loaded 2 times (x 67B)
Class [Lorg.objectweb.asm.Label;                                                      : loaded 2 times (x 67B)
Class com.google.common.reflect.Types$JavaVersion$3                                   : loaded 2 times (x 81B)
Class org.gradle.internal.classpath.DefaultClassPath$ImmutableUniqueList              : loaded 2 times (x 159B)
Class com.google.common.reflect.Types$JavaVersion$4                                   : loaded 2 times (x 81B)
Class com.google.common.reflect.Types$JavaVersion$5                                   : loaded 2 times (x 69B)
Class it.unimi.dsi.fastutil.ints.IntIterable                                          : loaded 2 times (x 68B)
Class com.google.common.collect.ImmutableMultimap$1                                   : loaded 2 times (x 80B)
Class com.google.common.collect.ImmutableMultimap$2                                   : loaded 2 times (x 79B)
Class com.android.tools.lint.model.DefaultLintModelBuildFeatures                      : loaded 2 times (x 75B)
Class com.google.common.io.Resources                                                  : loaded 2 times (x 69B)
Class org.objectweb.asm.ModuleVisitor                                                 : loaded 2 times (x 78B)
Class com.google.common.io.ByteSource$EmptyByteSource                                 : loaded 2 times (x 83B)
Class com.google.common.reflect.TypeToken$SimpleTypeToken                             : loaded 2 times (x 71B)
Class net.rubygrapefruit.platform.internal.FunctionResult$Failure                     : loaded 2 times (x 77B)
Class kotlin.collections.ArraysKt__ArraysJVMKt                                        : loaded 2 times (x 69B)
Class com.google.common.util.concurrent.AbstractFuture$Trusted                        : loaded 2 times (x 68B)
Class com.google.common.collect.Iterators$MergingIterator                             : loaded 2 times (x 79B)
Class [Lcom.google.common.collect.MapMakerInternalMap$Segment;                        : loaded 2 times (x 67B)
Class com.google.common.graph.SuccessorsFunction                                      : loaded 2 times (x 68B)
Class com.android.tools.lint.model.LintModelModule                                    : loaded 2 times (x 68B)
Class kotlin.text.StringsKt___StringsKt                                               : loaded 2 times (x 69B)
Class com.google.common.reflect.Types$NativeTypeVariableEquals                        : loaded 2 times (x 69B)
Class kotlin.collections.ArraysKt___ArraysKt$asSequence$$inlined$Sequence$1           : loaded 2 times (x 73B)
Class com.google.common.io.ByteSink                                                   : loaded 2 times (x 74B)
Class com.google.common.collect.AbstractMapBasedMultimap$WrappedCollection$WrappedIterator: loaded 2 times (x 82B)
Class org.objectweb.asm.MethodWriter                                                  : loaded 2 times (x 103B)
Class com.android.tools.lint.model.LintModelJavaLibrary                               : loaded 2 times (x 68B)
Class com.android.utils.XmlUtils                                                      : loaded 2 times (x 69B)
Class com.google.common.util.concurrent.ExecutionError                                : loaded 2 times (x 80B)
Class com.google.common.io.ByteSink$AsCharSink                                        : loaded 2 times (x 78B)
Class com.google.common.base.Equivalence$Identity                                     : loaded 2 times (x 80B)
Class com.android.sdklib.AndroidVersion$AndroidVersionException                       : loaded 2 times (x 80B)
Class org.gradle.internal.installation.GradleInstallation                             : loaded 2 times (x 73B)
Class kotlin.collections.SetsKt__SetsKt                                               : loaded 2 times (x 69B)
Class com.google.common.collect.ImmutableSortedMapFauxverideShim                      : loaded 2 times (x 118B)
Class com.google.common.collect.AbstractIterator$1                                    : loaded 2 times (x 69B)
Class com.google.common.io.CharSource                                                 : loaded 2 times (x 83B)
Class com.google.common.cache.LocalCache                                              : loaded 2 times (x 185B)
Class com.google.common.collect.ImmutableRangeSet$Builder                             : loaded 2 times (x 75B)
Class kotlin.sequences.SequencesKt___SequencesJvmKt$filterIsInstance$1                : loaded 2 times (x 77B)
Class org.jetbrains.kotlin.config.MavenComparableVersion$ListItem                     : loaded 2 times (x 178B)
Class com.google.common.util.concurrent.AbstractFuture$UnsafeAtomicHelper$1           : loaded 2 times (x 74B)
Class com.google.common.reflect.TypeCapture                                           : loaded 2 times (x 69B)
Class com.google.common.collect.Multiset                                              : loaded 2 times (x 68B)
Class net.rubygrapefruit.platform.internal.jni.WindowsHandleFunctions                 : loaded 2 times (x 69B)
Class com.google.common.collect.AbstractMultimap$Entries                              : loaded 2 times (x 118B)
Class kotlin.collections.EmptyMap                                                     : loaded 2 times (x 107B)
Class com.google.common.reflect.Invokable$ConstructorInvokable                        : loaded 2 times (x 120B)
Class com.google.common.reflect.Types$ClassOwnership$1LocalClass                      : loaded 2 times (x 69B)
Class org.objectweb.asm.MethodVisitor                                                 : loaded 2 times (x 102B)
Class com.google.common.collect.AbstractMapBasedMultimap$KeySet$1                     : loaded 2 times (x 80B)
Class kotlin.io.CloseableKt                                                           : loaded 2 times (x 69B)
Class com.android.prefs.AbstractAndroidLocations                                      : loaded 2 times (x 80B)
Class com.google.common.collect.AbstractMapBasedMultimap                              : loaded 2 times (x 137B)
Class com.google.gson.stream.JsonToken                                                : loaded 2 times (x 77B)


---------------  S Y S T E M  ---------------

OS:
 Windows 10 , 64 bit Build 19041 (10.0.19041.4842)
OS uptime: 0 days 11:28 hours

CPU: total 12 (initial active 12) (12 cores per cpu, 2 threads per core) family 23 model 8 stepping 2 microcode 0x0, cx8, cmov, fxsr, ht, mmx, 3dnowpref, sse, sse2, sse3, ssse3, sse4a, sse4.1, sse4.2, popcnt, lzcnt, tsc, tscinvbit, avx, avx2, aes, clmul, bmi1, bmi2, adx, sha, fma, vzeroupper, clflush, clflushopt
Processor Information for all 12 processors :
  Max Mhz: 3200, Current Mhz: 3200, Mhz Limit: 3200

Memory: 4k page, system-wide physical 16308M (5203M free)
TotalPageFile size 18356M (AvailPageFile size 0M)
current process WorkingSet (physical memory assigned to process): 1182M, peak: 1182M
current process commit charge ("private bytes"): 1863M, peak: 1863M

vm_info: OpenJDK 64-Bit Server VM (17.0.11+0--11852314) for windows-amd64 JRE (17.0.11+0--11852314), built on May 16 2024 21:29:20 by "androidbuild" with MS VC++ 16.10 / 16.11 (VS2019)

END.
