#
# There is insufficient memory for the Java Runtime Environment to continue.
# Native memory allocation (mmap) failed to map 310378496 bytes. Error detail: G1 virtual space
# Possible reasons:
#   The system is out of physical RAM or swap space
#   This process is running with CompressedOops enabled, and the Java Heap may be blocking the growth of the native heap
# Possible solutions:
#   Reduce memory load on the system
#   Increase physical memory or swap space
#   Check if swap backing store is full
#   Decrease Java heap size (-Xmx/-Xms)
#   Decrease number of Java threads
#   Decrease Java thread stack sizes (-Xss)
#   Set larger code cache with -XX:ReservedCodeCacheSize=
#   JVM is running with Zero Based Compressed Oops mode in which the Java heap is
#     placed in the first 32GB address space. The Java Heap base address is the
#     maximum limit for the native heap growth. Please use -XX:HeapBaseMinAddress
#     to set the Java Heap base and to place the Java Heap above 32GB virtual address.
# This output file may be truncated or incomplete.
#
#  Out of Memory Error (os_windows.cpp:3825), pid=2860, tid=13240
#
# JRE version: OpenJDK Runtime Environment (17.0.11) (build 17.0.11+0--11852314)
# Java VM: OpenJDK 64-Bit Server VM (17.0.11+0--11852314, mixed mode, tiered, compressed oops, compressed class ptrs, g1 gc, windows-amd64)
# No core dump will be written. Minidumps are not enabled by default on client versions of Windows
#

---------------  S U M M A R Y ------------

Command Line: -XX:MaxMetaspaceSize=2G -XX:+HeapDumpOnOutOfMemoryError --add-opens=java.base/java.util=ALL-UNNAMED --add-opens=java.base/java.lang=ALL-UNNAMED --add-opens=java.base/java.lang.invoke=ALL-UNNAMED --add-opens=java.prefs/java.util.prefs=ALL-UNNAMED --add-opens=java.base/java.nio.charset=ALL-UNNAMED --add-opens=java.base/java.net=ALL-UNNAMED --add-opens=java.base/java.util.concurrent.atomic=ALL-UNNAMED -Xmx4G -Dfile.encoding=windows-1252 -Duser.country=BR -Duser.language=pt -Duser.variant org.gradle.launcher.daemon.bootstrap.GradleDaemon 7.6.3

Host: AMD Ryzen 5 1600 Six-Core Processor            , 12 cores, 15G,  Windows 10 , 64 bit Build 19041 (10.0.19041.4842)
Time: Sat Sep 21 14:40:06 2024 Hora oficial do Brasil elapsed time: 22.198808 seconds (0d 0h 0m 22s)

---------------  T H R E A D  ---------------

Current thread (0x000001c6ffb22d20):  VMThread "VM Thread" [stack: 0x0000004792200000,0x0000004792300000] [id=13240]

Stack: [0x0000004792200000,0x0000004792300000]
Native frames: (J=compiled Java code, j=interpreted, Vv=VM code, C=native code)
V  [jvm.dll+0x687bb9]
V  [jvm.dll+0x84142a]
V  [jvm.dll+0x8430ae]
V  [jvm.dll+0x843713]
V  [jvm.dll+0x24a35f]
V  [jvm.dll+0x684989]
V  [jvm.dll+0x67923a]
V  [jvm.dll+0x30af0b]
V  [jvm.dll+0x3123b6]
V  [jvm.dll+0x361dfe]
V  [jvm.dll+0x36202f]
V  [jvm.dll+0x2e0d38]
V  [jvm.dll+0x2df144]
V  [jvm.dll+0x2de74c]
V  [jvm.dll+0x32305b]
V  [jvm.dll+0x847e0b]
V  [jvm.dll+0x848b42]
V  [jvm.dll+0x84905d]
V  [jvm.dll+0x849434]
V  [jvm.dll+0x849500]
V  [jvm.dll+0x7efa4a]
V  [jvm.dll+0x686a35]
C  [ucrtbase.dll+0x21bb2]
C  [KERNEL32.DLL+0x17374]
C  [ntdll.dll+0x4cc91]

VM_Operation (0x000000479effdcd0): G1CollectForAllocation, mode: safepoint, requested by thread 0x000001c69b347800


---------------  P R O C E S S  ---------------

Threads class SMR info:
_java_thread_list=0x000001c6a3d563c0, length=198, elements={
0x000001c6f01f18a0, 0x000001c6911a1270, 0x000001c6ffb10b90, 0x000001c69119e290,
0x000001c69119ec60, 0x000001c69119f530, 0x000001c6911e51e0, 0x000001c691211010,
0x000001c691214e20, 0x000001c69121f750, 0x000001c6913818a0, 0x000001c69139c840,
0x000001c697f928e0, 0x000001c696fa9810, 0x000001c696f6a620, 0x000001c697c57000,
0x000001c69786ea70, 0x000001c696e0e6c0, 0x000001c697a63c70, 0x000001c697a66570,
0x000001c697c025f0, 0x000001c697c05da0, 0x000001c697c05380, 0x000001c697c03a30,
0x000001c697c05890, 0x000001c697c03010, 0x000001c697c04960, 0x000001c697c02b00,
0x000001c697c04e70, 0x000001c697c03520, 0x000001c697c03f40, 0x000001c6981d7230,
0x000001c6981d8160, 0x000001c6981d58e0, 0x000001c6981d8b80, 0x000001c6981d95a0,
0x000001c6981d9ab0, 0x000001c6981d6d20, 0x000001c6981d9090, 0x000001c6981d9fc0,
0x000001c6981da4d0, 0x000001c6981d3060, 0x000001c6981d4ec0, 0x000001c6981d6810,
0x000001c6981da9e0, 0x000001c6981d49b0, 0x000001c6981d3a80, 0x000001c6981d3f90,
0x000001c6981d44a0, 0x000001c6981d53d0, 0x000001c6981d5df0, 0x000001c6981d6300,
0x000001c69ab97540, 0x000001c69ab92e60, 0x000001c69ab95bf0, 0x000001c69ab96100,
0x000001c69ab93370, 0x000001c69ab96b20, 0x000001c69ab93880, 0x000001c69ab97a50,
0x000001c69ab93d90, 0x000001c69ab998b0, 0x000001c69ab942a0, 0x000001c69ab947b0,
0x000001c69ab951d0, 0x000001c69ab956e0, 0x000001c69ab96610, 0x000001c69ab98e90,
0x000001c69ab97030, 0x000001c69ab92950, 0x000001c69ab92440, 0x000001c69ab98980,
0x000001c69ab97f60, 0x000001c69ab993a0, 0x000001c69ab98470, 0x000001c69ab99dc0,
0x000001c697a488f0, 0x000001c697a43d00, 0x000001c697a49310, 0x000001c697a47ed0,
0x000001c697a49d30, 0x000001c697a46580, 0x000001c697a48e00, 0x000001c697a4a240,
0x000001c697a46a90, 0x000001c697a44720, 0x000001c697a46070, 0x000001c697a44210,
0x000001c697a483e0, 0x000001c697a4ac60, 0x000001c697a45650, 0x000001c697a4b680,
0x000001c697a4a750, 0x000001c697a44c30, 0x000001c697a479c0, 0x000001c697a46fa0,
0x000001c697a45140, 0x000001c697a474b0, 0x000001c697a49820, 0x000001c697a4b170,
0x000001c697a45b60, 0x000001c698927e50, 0x000001c698926a10, 0x000001c698926f20,
0x000001c69892c020, 0x000001c698927430, 0x000001c6989297a0, 0x000001c698929cb0,
0x000001c698927940, 0x000001c698928360, 0x000001c698928870, 0x000001c69892d970,
0x000001c69892bb10, 0x000001c698928d80, 0x000001c698929290, 0x000001c69892a6d0,
0x000001c69892a1c0, 0x000001c69892abe0, 0x000001c69892b0f0, 0x000001c69892c530,
0x000001c69892de80, 0x000001c69892e390, 0x000001c69892d460, 0x000001c69892b600,
0x000001c69892ca40, 0x000001c69892cf50, 0x000001c69a911aa0, 0x000001c69a910660,
0x000001c69a911fb0, 0x000001c69a910b70, 0x000001c69a90f220, 0x000001c69a90fc40,
0x000001c69a90f730, 0x000001c69a90ed10, 0x000001c69a910150, 0x000001c69a911080,
0x000001c69a911590, 0x000001c69a9124c0, 0x000001c69763a700, 0x000001c6976341c0,
0x000001c6976346d0, 0x000001c697636a40, 0x000001c69763ac10, 0x000001c697637460,
0x000001c697639ce0, 0x000001c6976388a0, 0x000001c69763b120, 0x000001c69763a1f0,
0x000001c697636f50, 0x000001c697636530, 0x000001c69763b630, 0x000001c697634be0,
0x000001c69763bb40, 0x000001c6976350f0, 0x000001c6976392c0, 0x000001c6976397d0,
0x000001c697637970, 0x000001c697638390, 0x000001c697637e80, 0x000001c697635b10,
0x000001c697635600, 0x000001c697636020, 0x000001c697638db0, 0x000001c69a25bd10,
0x000001c69a25eaa0, 0x000001c69a25d660, 0x000001c69a25db70, 0x000001c69a258a70,
0x000001c69a25c220, 0x000001c69a25c730, 0x000001c69a25efb0, 0x000001c69a25b800,
0x000001c69a25f4c0, 0x000001c69a258050, 0x000001c69a25cc40, 0x000001c69a25b2f0,
0x000001c69a258f80, 0x000001c69a25a3c0, 0x000001c69a25f9d0, 0x000001c69a25d150,
0x000001c69a25e080, 0x000001c69a25e590, 0x000001c69a258560, 0x000001c69c537e80,
0x000001c69c535b10, 0x000001c69c537970, 0x000001c69c536a40, 0x000001c69b347800,
0x000001c69b3463c0, 0x000001c698462410, 0x000001c69845c470, 0x000001c6a232e870,
0x000001c697c04450, 0x000001c6a12ad5d0, 0x000001c69840e5b0, 0x000001c69c19edd0,
0x000001c69840db90, 0x000001c6a8c80240
}

Java Threads: ( => current thread )
  0x000001c6f01f18a0 JavaThread "main" [_thread_blocked, id=6988, stack(0x0000004791c00000,0x0000004791d00000)]
  0x000001c6911a1270 JavaThread "Reference Handler" daemon [_thread_blocked, id=8716, stack(0x0000004792300000,0x0000004792400000)]
  0x000001c6ffb10b90 JavaThread "Finalizer" daemon [_thread_blocked, id=3740, stack(0x0000004792400000,0x0000004792500000)]
  0x000001c69119e290 JavaThread "Signal Dispatcher" daemon [_thread_blocked, id=8684, stack(0x0000004792500000,0x0000004792600000)]
  0x000001c69119ec60 JavaThread "Attach Listener" daemon [_thread_blocked, id=10412, stack(0x0000004792600000,0x0000004792700000)]
  0x000001c69119f530 JavaThread "Service Thread" daemon [_thread_blocked, id=13288, stack(0x0000004792700000,0x0000004792800000)]
  0x000001c6911e51e0 JavaThread "Monitor Deflation Thread" daemon [_thread_blocked, id=8180, stack(0x0000004792800000,0x0000004792900000)]
  0x000001c691211010 JavaThread "C2 CompilerThread0" daemon [_thread_blocked, id=2032, stack(0x0000004792900000,0x0000004792a00000)]
  0x000001c691214e20 JavaThread "C1 CompilerThread0" daemon [_thread_blocked, id=8000, stack(0x0000004792a00000,0x0000004792b00000)]
  0x000001c69121f750 JavaThread "Sweeper thread" daemon [_thread_blocked, id=10524, stack(0x0000004792b00000,0x0000004792c00000)]
  0x000001c6913818a0 JavaThread "Common-Cleaner" daemon [_thread_blocked, id=4852, stack(0x0000004792c00000,0x0000004792d00000)]
  0x000001c69139c840 JavaThread "Notification Thread" daemon [_thread_blocked, id=1044, stack(0x0000004792d00000,0x0000004792e00000)]
  0x000001c697f928e0 JavaThread "Daemon health stats" [_thread_blocked, id=12160, stack(0x0000004793600000,0x0000004793700000)]
  0x000001c696fa9810 JavaThread "Incoming local TCP Connector on port 56150" [_thread_in_native, id=6224, stack(0x0000004793700000,0x0000004793800000)]
  0x000001c696f6a620 JavaThread "Daemon periodic checks" [_thread_blocked, id=11968, stack(0x0000004793800000,0x0000004793900000)]
  0x000001c697c57000 JavaThread "Daemon" [_thread_blocked, id=8472, stack(0x0000004793900000,0x0000004793a00000)]
  0x000001c69786ea70 JavaThread "Handler for socket connection from /127.0.0.1:56150 to /127.0.0.1:56151" [_thread_in_native, id=4052, stack(0x0000004793a00000,0x0000004793b00000)]
  0x000001c696e0e6c0 JavaThread "Cancel handler" [_thread_blocked, id=5352, stack(0x0000004793b00000,0x0000004793c00000)]
  0x000001c697a63c70 JavaThread "Daemon worker" [_thread_blocked, id=10916, stack(0x0000004793c00000,0x0000004793d00000)]
  0x000001c697a66570 JavaThread "Asynchronous log dispatcher for DefaultDaemonConnection: socket connection from /127.0.0.1:56150 to /127.0.0.1:56151" [_thread_blocked, id=9716, stack(0x0000004793d00000,0x0000004793e00000)]
  0x000001c697c025f0 JavaThread "Stdin handler" [_thread_blocked, id=4992, stack(0x0000004793e00000,0x0000004793f00000)]
  0x000001c697c05da0 JavaThread "Daemon client event forwarder" [_thread_blocked, id=7544, stack(0x0000004793f00000,0x0000004794000000)]
  0x000001c697c05380 JavaThread "Cache worker for journal cache (C:\Users\DAVID\.gradle\caches\journal-1)" [_thread_blocked, id=9876, stack(0x0000004794000000,0x0000004794100000)]
  0x000001c697c03a30 JavaThread "File lock request listener" [_thread_in_native, id=11480, stack(0x0000004794100000,0x0000004794200000)]
  0x000001c697c05890 JavaThread "Cache worker for file hash cache (C:\Users\DAVID\.gradle\caches\7.6.3\fileHashes)" [_thread_blocked, id=11956, stack(0x0000004794800000,0x0000004794900000)]
  0x000001c697c03010 JavaThread "File watcher server" daemon [_thread_blocked, id=5672, stack(0x0000004794900000,0x0000004794a00000)]
  0x000001c697c04960 JavaThread "File watcher consumer" daemon [_thread_blocked, id=6860, stack(0x0000004794a00000,0x0000004794b00000)]
  0x000001c697c02b00 JavaThread "Cache worker for checksums cache (D:\DOCUMENTOS\PROJETO_FLUTTER\dmega\android\.gradle\7.6.3\checksums)" [_thread_blocked, id=6196, stack(0x0000004794b00000,0x0000004794c00000)]
  0x000001c697c04e70 JavaThread "Cache worker for cache directory md-rule (C:\Users\DAVID\.gradle\caches\7.6.3\md-rule)" [_thread_blocked, id=8320, stack(0x0000004794c00000,0x0000004794d00000)]
  0x000001c697c03520 JavaThread "Cache worker for file content cache (C:\Users\DAVID\.gradle\caches\7.6.3\fileContent)" [_thread_blocked, id=9408, stack(0x0000004794d00000,0x0000004794e00000)]
  0x000001c697c03f40 JavaThread "Cache worker for file hash cache (D:\DOCUMENTOS\PROJETO_FLUTTER\dmega\android\.gradle\7.6.3\fileHashes)" [_thread_blocked, id=5732, stack(0x0000004794e00000,0x0000004794f00000)]
  0x000001c6981d7230 JavaThread "Cache worker for cache directory md-supplier (C:\Users\DAVID\.gradle\caches\7.6.3\md-supplier)" [_thread_blocked, id=12264, stack(0x0000004794f00000,0x0000004795000000)]
  0x000001c6981d8160 JavaThread "Cache worker for execution history cache (C:\Users\DAVID\.gradle\caches\7.6.3\executionHistory)" [_thread_blocked, id=4836, stack(0x0000004795000000,0x0000004795100000)]
  0x000001c6981d58e0 JavaThread "jar transforms" [_thread_blocked, id=10640, stack(0x0000004795100000,0x0000004795200000)]
  0x000001c6981d8b80 JavaThread "Cache worker for kotlin-dsl (C:\Users\DAVID\.gradle\caches\7.6.3\kotlin-dsl)" [_thread_blocked, id=12284, stack(0x0000004795200000,0x0000004795300000)]
  0x000001c6981d95a0 JavaThread "jar transforms Thread 2" [_thread_blocked, id=2540, stack(0x0000004795300000,0x0000004795400000)]
  0x000001c6981d9ab0 JavaThread "Cache worker for dependencies-accessors (D:\DOCUMENTOS\PROJETO_FLUTTER\dmega\android\.gradle\7.6.3\dependencies-accessors)" [_thread_blocked, id=5452, stack(0x0000004795400000,0x0000004795500000)]
  0x000001c6981d6d20 JavaThread "Cache worker for Build Output Cleanup Cache (C:\src\flutter\packages\flutter_tools\gradle\.gradle\buildOutputCleanup)" [_thread_blocked, id=12944, stack(0x0000004795500000,0x0000004795600000)]
  0x000001c6981d9090 JavaThread "jar transforms Thread 3" [_thread_blocked, id=6984, stack(0x0000004795600000,0x0000004795700000)]
  0x000001c6981d9fc0 JavaThread "Memory manager" [_thread_blocked, id=1720, stack(0x0000004795700000,0x0000004795800000)]
  0x000001c6981da4d0 JavaThread "jar transforms Thread 4" [_thread_blocked, id=7464, stack(0x0000004795800000,0x0000004795900000)]
  0x000001c6981d3060 JavaThread "included builds" [_thread_blocked, id=8816, stack(0x0000004795900000,0x0000004795a00000)]
  0x000001c6981d4ec0 JavaThread "Execution worker" [_thread_blocked, id=12660, stack(0x0000004795a00000,0x0000004795b00000)]
  0x000001c6981d6810 JavaThread "Execution worker Thread 2" [_thread_blocked, id=6912, stack(0x0000004795b00000,0x0000004795c00000)]
  0x000001c6981da9e0 JavaThread "Execution worker Thread 3" [_thread_blocked, id=6200, stack(0x0000004795c00000,0x0000004795d00000)]
  0x000001c6981d49b0 JavaThread "Execution worker Thread 4" [_thread_blocked, id=908, stack(0x0000004795d00000,0x0000004795e00000)]
  0x000001c6981d3a80 JavaThread "Execution worker Thread 5" [_thread_blocked, id=11600, stack(0x0000004795e00000,0x0000004795f00000)]
  0x000001c6981d3f90 JavaThread "Execution worker Thread 6" [_thread_blocked, id=7492, stack(0x0000004795f00000,0x0000004796000000)]
  0x000001c6981d44a0 JavaThread "Execution worker Thread 7" [_thread_blocked, id=4984, stack(0x0000004796000000,0x0000004796100000)]
  0x000001c6981d53d0 JavaThread "Execution worker Thread 8" [_thread_blocked, id=10416, stack(0x0000004796100000,0x0000004796200000)]
  0x000001c6981d5df0 JavaThread "Execution worker Thread 9" [_thread_blocked, id=5680, stack(0x0000004796200000,0x0000004796300000)]
  0x000001c6981d6300 JavaThread "Execution worker Thread 10" [_thread_blocked, id=2148, stack(0x0000004796300000,0x0000004796400000)]
  0x000001c69ab97540 JavaThread "Execution worker Thread 11" [_thread_blocked, id=3820, stack(0x0000004796400000,0x0000004796500000)]
  0x000001c69ab92e60 JavaThread "Cache worker for execution history cache (C:\src\flutter\packages\flutter_tools\gradle\.gradle\7.6.3\executionHistory)" [_thread_blocked, id=3980, stack(0x0000004796500000,0x0000004796600000)]
  0x000001c69ab95bf0 JavaThread "Unconstrained build operations" [_thread_blocked, id=6300, stack(0x0000004796600000,0x0000004796700000)]
  0x000001c69ab96100 JavaThread "Unconstrained build operations Thread 2" [_thread_blocked, id=3016, stack(0x0000004796700000,0x0000004796800000)]
  0x000001c69ab93370 JavaThread "Unconstrained build operations Thread 3" [_thread_blocked, id=5524, stack(0x0000004796800000,0x0000004796900000)]
  0x000001c69ab96b20 JavaThread "Unconstrained build operations Thread 4" [_thread_blocked, id=7796, stack(0x0000004796900000,0x0000004796a00000)]
  0x000001c69ab93880 JavaThread "Unconstrained build operations Thread 5" [_thread_blocked, id=1188, stack(0x0000004796a00000,0x0000004796b00000)]
  0x000001c69ab97a50 JavaThread "Unconstrained build operations Thread 6" [_thread_blocked, id=4248, stack(0x0000004796b00000,0x0000004796c00000)]
  0x000001c69ab93d90 JavaThread "Unconstrained build operations Thread 7" [_thread_blocked, id=8948, stack(0x0000004796c00000,0x0000004796d00000)]
  0x000001c69ab998b0 JavaThread "Unconstrained build operations Thread 8" [_thread_blocked, id=9732, stack(0x0000004796d00000,0x0000004796e00000)]
  0x000001c69ab942a0 JavaThread "Unconstrained build operations Thread 9" [_thread_blocked, id=7892, stack(0x0000004796e00000,0x0000004796f00000)]
  0x000001c69ab947b0 JavaThread "Unconstrained build operations Thread 10" [_thread_blocked, id=2276, stack(0x0000004796f00000,0x0000004797000000)]
  0x000001c69ab951d0 JavaThread "Unconstrained build operations Thread 11" [_thread_blocked, id=10920, stack(0x0000004797000000,0x0000004797100000)]
  0x000001c69ab956e0 JavaThread "Unconstrained build operations Thread 12" [_thread_blocked, id=9160, stack(0x0000004797100000,0x0000004797200000)]
  0x000001c69ab96610 JavaThread "Unconstrained build operations Thread 13" [_thread_blocked, id=2376, stack(0x0000004797200000,0x0000004797300000)]
  0x000001c69ab98e90 JavaThread "Unconstrained build operations Thread 14" [_thread_blocked, id=1512, stack(0x0000004797300000,0x0000004797400000)]
  0x000001c69ab97030 JavaThread "Unconstrained build operations Thread 15" [_thread_blocked, id=13272, stack(0x0000004797400000,0x0000004797500000)]
  0x000001c69ab92950 JavaThread "Unconstrained build operations Thread 16" [_thread_blocked, id=13196, stack(0x0000004797500000,0x0000004797600000)]
  0x000001c69ab92440 JavaThread "Unconstrained build operations Thread 17" [_thread_blocked, id=8584, stack(0x0000004797600000,0x0000004797700000)]
  0x000001c69ab98980 JavaThread "Unconstrained build operations Thread 18" [_thread_blocked, id=2832, stack(0x0000004797700000,0x0000004797800000)]
  0x000001c69ab97f60 JavaThread "Unconstrained build operations Thread 19" [_thread_blocked, id=6412, stack(0x0000004797800000,0x0000004797900000)]
  0x000001c69ab993a0 JavaThread "Unconstrained build operations Thread 20" [_thread_blocked, id=11420, stack(0x0000004797900000,0x0000004797a00000)]
  0x000001c69ab98470 JavaThread "Unconstrained build operations Thread 21" [_thread_blocked, id=7928, stack(0x0000004797a00000,0x0000004797b00000)]
  0x000001c69ab99dc0 JavaThread "Unconstrained build operations Thread 22" [_thread_blocked, id=10496, stack(0x0000004797b00000,0x0000004797c00000)]
  0x000001c697a488f0 JavaThread "Unconstrained build operations Thread 23" [_thread_blocked, id=12968, stack(0x0000004797c00000,0x0000004797d00000)]
  0x000001c697a43d00 JavaThread "Unconstrained build operations Thread 24" [_thread_blocked, id=10356, stack(0x0000004797d00000,0x0000004797e00000)]
  0x000001c697a49310 JavaThread "Unconstrained build operations Thread 25" [_thread_blocked, id=9772, stack(0x0000004797e00000,0x0000004797f00000)]
  0x000001c697a47ed0 JavaThread "Unconstrained build operations Thread 26" [_thread_blocked, id=10044, stack(0x0000004797f00000,0x0000004798000000)]
  0x000001c697a49d30 JavaThread "Unconstrained build operations Thread 27" [_thread_blocked, id=7504, stack(0x0000004798000000,0x0000004798100000)]
  0x000001c697a46580 JavaThread "Unconstrained build operations Thread 28" [_thread_blocked, id=9596, stack(0x0000004798100000,0x0000004798200000)]
  0x000001c697a48e00 JavaThread "Unconstrained build operations Thread 29" [_thread_blocked, id=6980, stack(0x0000004798200000,0x0000004798300000)]
  0x000001c697a4a240 JavaThread "Unconstrained build operations Thread 30" [_thread_blocked, id=8944, stack(0x0000004798300000,0x0000004798400000)]
  0x000001c697a46a90 JavaThread "Unconstrained build operations Thread 31" [_thread_blocked, id=12232, stack(0x0000004798400000,0x0000004798500000)]
  0x000001c697a44720 JavaThread "Unconstrained build operations Thread 32" [_thread_blocked, id=11188, stack(0x0000004798500000,0x0000004798600000)]
  0x000001c697a46070 JavaThread "Unconstrained build operations Thread 33" [_thread_blocked, id=4452, stack(0x0000004798600000,0x0000004798700000)]
  0x000001c697a44210 JavaThread "Unconstrained build operations Thread 34" [_thread_blocked, id=3988, stack(0x0000004798700000,0x0000004798800000)]
  0x000001c697a483e0 JavaThread "Unconstrained build operations Thread 35" [_thread_blocked, id=10032, stack(0x0000004798800000,0x0000004798900000)]
  0x000001c697a4ac60 JavaThread "Unconstrained build operations Thread 36" [_thread_blocked, id=8136, stack(0x0000004798900000,0x0000004798a00000)]
  0x000001c697a45650 JavaThread "Unconstrained build operations Thread 37" [_thread_blocked, id=10452, stack(0x0000004798a00000,0x0000004798b00000)]
  0x000001c697a4b680 JavaThread "Unconstrained build operations Thread 38" [_thread_blocked, id=7188, stack(0x0000004798b00000,0x0000004798c00000)]
  0x000001c697a4a750 JavaThread "Unconstrained build operations Thread 39" [_thread_blocked, id=7232, stack(0x0000004798c00000,0x0000004798d00000)]
  0x000001c697a44c30 JavaThread "Unconstrained build operations Thread 40" [_thread_blocked, id=3092, stack(0x0000004798d00000,0x0000004798e00000)]
  0x000001c697a479c0 JavaThread "Unconstrained build operations Thread 41" [_thread_blocked, id=5600, stack(0x0000004798e00000,0x0000004798f00000)]
  0x000001c697a46fa0 JavaThread "Unconstrained build operations Thread 42" [_thread_blocked, id=4456, stack(0x0000004798f00000,0x0000004799000000)]
  0x000001c697a45140 JavaThread "Unconstrained build operations Thread 43" [_thread_blocked, id=7596, stack(0x0000004799000000,0x0000004799100000)]
  0x000001c697a474b0 JavaThread "Unconstrained build operations Thread 44" [_thread_blocked, id=11844, stack(0x0000004799100000,0x0000004799200000)]
  0x000001c697a49820 JavaThread "Unconstrained build operations Thread 45" [_thread_blocked, id=6868, stack(0x0000004799200000,0x0000004799300000)]
  0x000001c697a4b170 JavaThread "Unconstrained build operations Thread 46" [_thread_blocked, id=2368, stack(0x0000004799300000,0x0000004799400000)]
  0x000001c697a45b60 JavaThread "Unconstrained build operations Thread 47" [_thread_blocked, id=8652, stack(0x0000004799400000,0x0000004799500000)]
  0x000001c698927e50 JavaThread "Unconstrained build operations Thread 48" [_thread_blocked, id=7252, stack(0x0000004799500000,0x0000004799600000)]
  0x000001c698926a10 JavaThread "Unconstrained build operations Thread 49" [_thread_blocked, id=8512, stack(0x0000004799600000,0x0000004799700000)]
  0x000001c698926f20 JavaThread "Unconstrained build operations Thread 50" [_thread_blocked, id=12300, stack(0x0000004799700000,0x0000004799800000)]
  0x000001c69892c020 JavaThread "Unconstrained build operations Thread 51" [_thread_blocked, id=580, stack(0x0000004799800000,0x0000004799900000)]
  0x000001c698927430 JavaThread "Unconstrained build operations Thread 52" [_thread_blocked, id=9636, stack(0x0000004799900000,0x0000004799a00000)]
  0x000001c6989297a0 JavaThread "Unconstrained build operations Thread 53" [_thread_blocked, id=4756, stack(0x0000004799a00000,0x0000004799b00000)]
  0x000001c698929cb0 JavaThread "Unconstrained build operations Thread 54" [_thread_blocked, id=6236, stack(0x0000004799b00000,0x0000004799c00000)]
  0x000001c698927940 JavaThread "Unconstrained build operations Thread 55" [_thread_blocked, id=11884, stack(0x0000004799c00000,0x0000004799d00000)]
  0x000001c698928360 JavaThread "Unconstrained build operations Thread 56" [_thread_blocked, id=2696, stack(0x0000004799d00000,0x0000004799e00000)]
  0x000001c698928870 JavaThread "Unconstrained build operations Thread 57" [_thread_blocked, id=9356, stack(0x0000004799e00000,0x0000004799f00000)]
  0x000001c69892d970 JavaThread "Unconstrained build operations Thread 58" [_thread_blocked, id=6136, stack(0x0000004799f00000,0x000000479a000000)]
  0x000001c69892bb10 JavaThread "Unconstrained build operations Thread 59" [_thread_blocked, id=4168, stack(0x000000479a000000,0x000000479a100000)]
  0x000001c698928d80 JavaThread "Unconstrained build operations Thread 60" [_thread_blocked, id=12120, stack(0x000000479a100000,0x000000479a200000)]
  0x000001c698929290 JavaThread "Unconstrained build operations Thread 61" [_thread_blocked, id=4876, stack(0x000000479a200000,0x000000479a300000)]
  0x000001c69892a6d0 JavaThread "Unconstrained build operations Thread 62" [_thread_blocked, id=10320, stack(0x000000479a300000,0x000000479a400000)]
  0x000001c69892a1c0 JavaThread "Unconstrained build operations Thread 63" [_thread_blocked, id=10108, stack(0x000000479a400000,0x000000479a500000)]
  0x000001c69892abe0 JavaThread "Unconstrained build operations Thread 64" [_thread_blocked, id=7860, stack(0x000000479a500000,0x000000479a600000)]
  0x000001c69892b0f0 JavaThread "Unconstrained build operations Thread 65" [_thread_blocked, id=1856, stack(0x000000479a600000,0x000000479a700000)]
  0x000001c69892c530 JavaThread "Unconstrained build operations Thread 66" [_thread_blocked, id=7256, stack(0x000000479a700000,0x000000479a800000)]
  0x000001c69892de80 JavaThread "Unconstrained build operations Thread 67" [_thread_blocked, id=8092, stack(0x000000479a800000,0x000000479a900000)]
  0x000001c69892e390 JavaThread "Unconstrained build operations Thread 68" [_thread_blocked, id=1012, stack(0x000000479a900000,0x000000479aa00000)]
  0x000001c69892d460 JavaThread "Unconstrained build operations Thread 69" [_thread_blocked, id=12092, stack(0x000000479aa00000,0x000000479ab00000)]
  0x000001c69892b600 JavaThread "Unconstrained build operations Thread 70" [_thread_blocked, id=7080, stack(0x000000479ab00000,0x000000479ac00000)]
  0x000001c69892ca40 JavaThread "Unconstrained build operations Thread 71" [_thread_blocked, id=8696, stack(0x000000479ac00000,0x000000479ad00000)]
  0x000001c69892cf50 JavaThread "Unconstrained build operations Thread 72" [_thread_blocked, id=10236, stack(0x000000479ad00000,0x000000479ae00000)]
  0x000001c69a911aa0 JavaThread "Unconstrained build operations Thread 73" [_thread_blocked, id=7816, stack(0x000000479ae00000,0x000000479af00000)]
  0x000001c69a910660 JavaThread "Unconstrained build operations Thread 74" [_thread_blocked, id=9576, stack(0x000000479af00000,0x000000479b000000)]
  0x000001c69a911fb0 JavaThread "Unconstrained build operations Thread 75" [_thread_blocked, id=9256, stack(0x000000479b000000,0x000000479b100000)]
  0x000001c69a910b70 JavaThread "Unconstrained build operations Thread 76" [_thread_blocked, id=7960, stack(0x000000479b100000,0x000000479b200000)]
  0x000001c69a90f220 JavaThread "Unconstrained build operations Thread 77" [_thread_blocked, id=5916, stack(0x000000479b200000,0x000000479b300000)]
  0x000001c69a90fc40 JavaThread "Unconstrained build operations Thread 78" [_thread_blocked, id=12008, stack(0x000000479b300000,0x000000479b400000)]
  0x000001c69a90f730 JavaThread "Unconstrained build operations Thread 79" [_thread_blocked, id=1760, stack(0x000000479b400000,0x000000479b500000)]
  0x000001c69a90ed10 JavaThread "Unconstrained build operations Thread 80" [_thread_blocked, id=13232, stack(0x000000479b500000,0x000000479b600000)]
  0x000001c69a910150 JavaThread "Unconstrained build operations Thread 81" [_thread_blocked, id=10276, stack(0x000000479b600000,0x000000479b700000)]
  0x000001c69a911080 JavaThread "Unconstrained build operations Thread 82" [_thread_blocked, id=12804, stack(0x000000479b700000,0x000000479b800000)]
  0x000001c69a911590 JavaThread "Unconstrained build operations Thread 83" [_thread_blocked, id=11748, stack(0x000000479b800000,0x000000479b900000)]
  0x000001c69a9124c0 JavaThread "Unconstrained build operations Thread 84" [_thread_blocked, id=8864, stack(0x000000479b900000,0x000000479ba00000)]
  0x000001c69763a700 JavaThread "Unconstrained build operations Thread 85" [_thread_blocked, id=7036, stack(0x000000479ba00000,0x000000479bb00000)]
  0x000001c6976341c0 JavaThread "Unconstrained build operations Thread 86" [_thread_blocked, id=11684, stack(0x000000479bb00000,0x000000479bc00000)]
  0x000001c6976346d0 JavaThread "Unconstrained build operations Thread 87" [_thread_blocked, id=6660, stack(0x000000479bc00000,0x000000479bd00000)]
  0x000001c697636a40 JavaThread "Unconstrained build operations Thread 88" [_thread_blocked, id=12736, stack(0x000000479bd00000,0x000000479be00000)]
  0x000001c69763ac10 JavaThread "Unconstrained build operations Thread 89" [_thread_blocked, id=12316, stack(0x000000479be00000,0x000000479bf00000)]
  0x000001c697637460 JavaThread "Unconstrained build operations Thread 90" [_thread_blocked, id=12044, stack(0x000000479bf00000,0x000000479c000000)]
  0x000001c697639ce0 JavaThread "Unconstrained build operations Thread 91" [_thread_blocked, id=10736, stack(0x000000479c000000,0x000000479c100000)]
  0x000001c6976388a0 JavaThread "Unconstrained build operations Thread 92" [_thread_blocked, id=6916, stack(0x000000479c100000,0x000000479c200000)]
  0x000001c69763b120 JavaThread "Unconstrained build operations Thread 93" [_thread_blocked, id=10684, stack(0x000000479c200000,0x000000479c300000)]
  0x000001c69763a1f0 JavaThread "Unconstrained build operations Thread 94" [_thread_blocked, id=13116, stack(0x000000479c300000,0x000000479c400000)]
  0x000001c697636f50 JavaThread "Unconstrained build operations Thread 95" [_thread_blocked, id=2548, stack(0x000000479c400000,0x000000479c500000)]
  0x000001c697636530 JavaThread "Unconstrained build operations Thread 96" [_thread_blocked, id=2964, stack(0x000000479c500000,0x000000479c600000)]
  0x000001c69763b630 JavaThread "Unconstrained build operations Thread 97" [_thread_blocked, id=7836, stack(0x000000479c600000,0x000000479c700000)]
  0x000001c697634be0 JavaThread "Unconstrained build operations Thread 98" [_thread_blocked, id=8276, stack(0x000000479c700000,0x000000479c800000)]
  0x000001c69763bb40 JavaThread "Unconstrained build operations Thread 99" [_thread_blocked, id=9004, stack(0x000000479c800000,0x000000479c900000)]
  0x000001c6976350f0 JavaThread "Unconstrained build operations Thread 100" [_thread_blocked, id=9324, stack(0x000000479c900000,0x000000479ca00000)]
  0x000001c6976392c0 JavaThread "Unconstrained build operations Thread 101" [_thread_blocked, id=13300, stack(0x000000479ca00000,0x000000479cb00000)]
  0x000001c6976397d0 JavaThread "Unconstrained build operations Thread 102" [_thread_blocked, id=3132, stack(0x000000479cb00000,0x000000479cc00000)]
  0x000001c697637970 JavaThread "Unconstrained build operations Thread 103" [_thread_blocked, id=6088, stack(0x000000479cc00000,0x000000479cd00000)]
  0x000001c697638390 JavaThread "Unconstrained build operations Thread 104" [_thread_blocked, id=12688, stack(0x000000479cd00000,0x000000479ce00000)]
  0x000001c697637e80 JavaThread "Unconstrained build operations Thread 105" [_thread_blocked, id=7724, stack(0x000000479ce00000,0x000000479cf00000)]
  0x000001c697635b10 JavaThread "Unconstrained build operations Thread 106" [_thread_blocked, id=7952, stack(0x000000479cf00000,0x000000479d000000)]
  0x000001c697635600 JavaThread "Unconstrained build operations Thread 107" [_thread_blocked, id=1776, stack(0x000000479d000000,0x000000479d100000)]
  0x000001c697636020 JavaThread "Unconstrained build operations Thread 108" [_thread_blocked, id=8644, stack(0x000000479d100000,0x000000479d200000)]
  0x000001c697638db0 JavaThread "Unconstrained build operations Thread 109" [_thread_blocked, id=6460, stack(0x000000479d200000,0x000000479d300000)]
  0x000001c69a25bd10 JavaThread "Unconstrained build operations Thread 110" [_thread_blocked, id=4812, stack(0x000000479d300000,0x000000479d400000)]
  0x000001c69a25eaa0 JavaThread "Unconstrained build operations Thread 111" [_thread_blocked, id=12248, stack(0x000000479d400000,0x000000479d500000)]
  0x000001c69a25d660 JavaThread "Unconstrained build operations Thread 112" [_thread_blocked, id=1884, stack(0x000000479d500000,0x000000479d600000)]
  0x000001c69a25db70 JavaThread "Unconstrained build operations Thread 113" [_thread_blocked, id=11232, stack(0x000000479d600000,0x000000479d700000)]
  0x000001c69a258a70 JavaThread "Unconstrained build operations Thread 114" [_thread_blocked, id=4284, stack(0x000000479d700000,0x000000479d800000)]
  0x000001c69a25c220 JavaThread "Unconstrained build operations Thread 115" [_thread_blocked, id=5468, stack(0x000000479d800000,0x000000479d900000)]
  0x000001c69a25c730 JavaThread "Unconstrained build operations Thread 116" [_thread_blocked, id=5028, stack(0x000000479d900000,0x000000479da00000)]
  0x000001c69a25efb0 JavaThread "Unconstrained build operations Thread 117" [_thread_blocked, id=12436, stack(0x000000479da00000,0x000000479db00000)]
  0x000001c69a25b800 JavaThread "Unconstrained build operations Thread 118" [_thread_blocked, id=7220, stack(0x000000479db00000,0x000000479dc00000)]
  0x000001c69a25f4c0 JavaThread "Unconstrained build operations Thread 119" [_thread_blocked, id=1232, stack(0x000000479dc00000,0x000000479dd00000)]
  0x000001c69a258050 JavaThread "Unconstrained build operations Thread 120" [_thread_blocked, id=11300, stack(0x000000479dd00000,0x000000479de00000)]
  0x000001c69a25cc40 JavaThread "jar transforms Thread 5" [_thread_blocked, id=8796, stack(0x000000479de00000,0x000000479df00000)]
  0x000001c69a25b2f0 JavaThread "jar transforms Thread 6" [_thread_blocked, id=5292, stack(0x000000479df00000,0x000000479e000000)]
  0x000001c69a258f80 JavaThread "jar transforms Thread 7" [_thread_blocked, id=1020, stack(0x000000479e000000,0x000000479e100000)]
  0x000001c69a25a3c0 JavaThread "jar transforms Thread 8" [_thread_blocked, id=11108, stack(0x000000479e100000,0x000000479e200000)]
  0x000001c69a25f9d0 JavaThread "jar transforms Thread 9" [_thread_blocked, id=5216, stack(0x000000479e200000,0x000000479e300000)]
  0x000001c69a25d150 JavaThread "jar transforms Thread 10" [_thread_blocked, id=11060, stack(0x000000479e300000,0x000000479e400000)]
  0x000001c69a25e080 JavaThread "jar transforms Thread 11" [_thread_blocked, id=3292, stack(0x000000479e400000,0x000000479e500000)]
  0x000001c69a25e590 JavaThread "jar transforms Thread 12" [_thread_blocked, id=9444, stack(0x000000479e500000,0x000000479e600000)]
  0x000001c69a258560 JavaThread "Cache worker for Build Output Cleanup Cache (D:\DOCUMENTOS\PROJETO_FLUTTER\dmega\android\.gradle\buildOutputCleanup)" [_thread_blocked, id=11368, stack(0x000000479e600000,0x000000479e700000)]
  0x000001c69c537e80 JavaThread "Cache worker for execution history cache (D:\DOCUMENTOS\PROJETO_FLUTTER\dmega\android\.gradle\7.6.3\executionHistory)" [_thread_blocked, id=12548, stack(0x000000479eb00000,0x000000479ec00000)]
  0x000001c69c535b10 JavaThread "Exec process" [_thread_blocked, id=11376, stack(0x000000479ec00000,0x000000479ed00000)]
  0x000001c69c537970 JavaThread "Exec process Thread 2" [_thread_blocked, id=7472, stack(0x000000479ed00000,0x000000479ee00000)]
  0x000001c69c536a40 JavaThread "Exec process Thread 3" [_thread_blocked, id=7876, stack(0x000000479ee00000,0x000000479ef00000)]
  0x000001c69b347800 JavaThread "WorkerExecutor Queue" [_thread_blocked, id=8468, stack(0x000000479ef00000,0x000000479f000000)]
  0x000001c69b3463c0 JavaThread "WorkerExecutor Queue Thread 2" [_thread_in_native, id=4144, stack(0x000000479f000000,0x000000479f100000)]
  0x000001c698462410 JavaThread "C2 CompilerThread1" daemon [_thread_blocked, id=1676, stack(0x0000004792f00000,0x0000004793000000)]
  0x000001c69845c470 JavaThread "C2 CompilerThread2" daemon [_thread_blocked, id=9952, stack(0x0000004793000000,0x0000004793100000)]
  0x000001c6a232e870 JavaThread "WorkerExecutor Queue Thread 3" [_thread_blocked, id=11588, stack(0x000000479f100000,0x000000479f200000)]
  0x000001c697c04450 JavaThread "WorkerExecutor Queue Thread 4" [_thread_blocked, id=13184, stack(0x000000479f200000,0x000000479f300000)]
  0x000001c6a12ad5d0 JavaThread "RMI Scheduler(0)" daemon [_thread_blocked, id=9012, stack(0x000000479f300000,0x000000479f400000)]
  0x000001c69840e5b0 JavaThread "RMI GC Daemon" daemon [_thread_blocked, id=3468, stack(0x000000479f500000,0x000000479f600000)]
  0x000001c69c19edd0 JavaThread "RMI RenewClean-[127.0.0.1:17250,org.jetbrains.kotlin.daemon.common.LoopbackNetworkInterface$ClientLoopbackSocketFactory@780483e6]" daemon [_thread_blocked, id=7744, stack(0x000000479f700000,0x000000479f800000)]
  0x000001c69840db90 JavaThread "RMI RenewClean-[127.0.0.1:17250,org.jetbrains.kotlin.daemon.common.LoopbackNetworkInterface$ClientLoopbackSocketFactory@13cdb353]" daemon [_thread_blocked, id=1544, stack(0x000000479f800000,0x000000479f900000)]
  0x000001c6a8c80240 JavaThread "Thread-176" [_thread_in_native, id=3260, stack(0x000000479f400000,0x000000479f500000)]

Other Threads:
=>0x000001c6ffb22d20 VMThread "VM Thread" [stack: 0x0000004792200000,0x0000004792300000] [id=13240]
  0x000001c69139ed30 WatcherThread [stack: 0x0000004792e00000,0x0000004792f00000] [id=1372]
  0x000001c6f025d170 GCTaskThread "GC Thread#0" [stack: 0x0000004791d00000,0x0000004791e00000] [id=11696]
  0x000001c696302980 GCTaskThread "GC Thread#1" [stack: 0x0000004793100000,0x0000004793200000] [id=8144]
  0x000001c6962d2090 GCTaskThread "GC Thread#2" [stack: 0x0000004793200000,0x0000004793300000] [id=5912]
  0x000001c6962e6f80 GCTaskThread "GC Thread#3" [stack: 0x0000004793300000,0x0000004793400000] [id=11424]
  0x000001c6963e83e0 GCTaskThread "GC Thread#4" [stack: 0x0000004793400000,0x0000004793500000] [id=6008]
  0x000001c69608e3b0 GCTaskThread "GC Thread#5" [stack: 0x0000004793500000,0x0000004793600000] [id=4784]
  0x000001c6971148e0 GCTaskThread "GC Thread#6" [stack: 0x0000004794200000,0x0000004794300000] [id=9744]
  0x000001c697114ba0 GCTaskThread "GC Thread#7" [stack: 0x0000004794300000,0x0000004794400000] [id=9660]
  0x000001c696d34850 GCTaskThread "GC Thread#8" [stack: 0x0000004794400000,0x0000004794500000] [id=10572]
  0x000001c696d34b10 GCTaskThread "GC Thread#9" [stack: 0x0000004794500000,0x0000004794600000] [id=5168]
  0x000001c6f026dfd0 ConcurrentGCThread "G1 Main Marker" [stack: 0x0000004791e00000,0x0000004791f00000] [id=756]
  0x000001c6f02700b0 ConcurrentGCThread "G1 Conc#0" [stack: 0x0000004791f00000,0x0000004792000000] [id=288]
  0x000001c6972a2920 ConcurrentGCThread "G1 Conc#1" [stack: 0x0000004794600000,0x0000004794700000] [id=880]
  0x000001c696f94ec0 ConcurrentGCThread "G1 Conc#2" [stack: 0x0000004794700000,0x0000004794800000] [id=8264]
  0x000001c6f02ad9f0 ConcurrentGCThread "G1 Refine#0" [stack: 0x0000004792000000,0x0000004792100000] [id=8608]
  0x000001c6a12b61a0 ConcurrentGCThread "G1 Refine#1" [stack: 0x000000479e700000,0x000000479e800000] [id=3048]
  0x000001c6a12b7920 ConcurrentGCThread "G1 Refine#2" [stack: 0x000000479e800000,0x000000479e900000] [id=2760]
  0x000001c6a12b90a0 ConcurrentGCThread "G1 Refine#3" [stack: 0x000000479e900000,0x000000479ea00000] [id=3324]
  0x000001c6a12b8ac0 ConcurrentGCThread "G1 Refine#4" [stack: 0x000000479ea00000,0x000000479eb00000] [id=744]
  0x000001c6f02ae330 ConcurrentGCThread "G1 Service" [stack: 0x0000004792100000,0x0000004792200000] [id=8932]

Threads with active compile tasks:
C2 CompilerThread0    22229 17117       4       com.android.tools.r8.graph.u2::a (141 bytes)
C1 CompilerThread0    22229 17312       2       com.android.tools.r8.graph.I::o1 (12 bytes)
C2 CompilerThread1    22229 16807   !   4       com.google.common.collect.MapMakerInternalMap$Segment::put (298 bytes)
C2 CompilerThread2    22229 17237       4       com.android.tools.r8.internal.Pa::a (1069 bytes)

VM state: at safepoint (normal execution)

VM Mutex/Monitor currently owned by a thread:  ([mutex/lock_event])
[0x000001c6f01ec630] Threads_lock - owner thread: 0x000001c6ffb22d20
[0x000001c6f01ed8c0] Heap_lock - owner thread: 0x000001c69b347800
[0x000001c6f01edf80] MethodCompileQueue_lock - owner thread: 0x000001c691214e20

Heap address: 0x0000000700000000, size: 4096 MB, Compressed Oops mode: Zero based, Oop shift amount: 3

CDS archive(s) not mapped
Compressed class space mapped at: 0x0000000800000000-0x0000000840000000, reserved size: 1073741824
Narrow klass base: 0x0000000800000000, Narrow klass shift: 0, Narrow klass range: 0x40000000

GC Precious Log:
 CPUs: 12 total, 12 available
 Memory: 16308M
 Large Page Support: Disabled
 NUMA Support: Disabled
 Compressed Oops: Enabled (Zero based)
 Heap Region Size: 2M
 Heap Min Capacity: 8M
 Heap Initial Capacity: 256M
 Heap Max Capacity: 4G
 Pre-touch: Disabled
 Parallel Workers: 10
 Concurrent Workers: 3
 Concurrent Refinement Workers: 10
 Periodic GC: Disabled

Heap:
 garbage-first heap   total 509952K, used 315244K [0x0000000700000000, 0x0000000800000000)
  region size 2048K, 7 young (14336K), 7 survivors (14336K)
 Metaspace       used 118210K, committed 119424K, reserved 1179648K
  class space    used 16433K, committed 16960K, reserved 1048576K

Heap Regions: E=young(eden), S=young(survivor), O=old, HS=humongous(starts), HC=humongous(continues), CS=collection set, F=free, OA=open archive, CA=closed archive, TAMS=top-at-mark-start (previous, next)
|   0|0x0000000700000000, 0x0000000700200000, 0x0000000700200000|100%|HS|  |TAMS 0x0000000700200000, 0x0000000700000000| Complete 
|   1|0x0000000700200000, 0x0000000700400000, 0x0000000700400000|100%|HC|  |TAMS 0x0000000700400000, 0x0000000700200000| Complete 
|   2|0x0000000700400000, 0x0000000700600000, 0x0000000700600000|100%| O|  |TAMS 0x0000000700600000, 0x0000000700400000| Untracked 
|   3|0x0000000700600000, 0x0000000700800000, 0x0000000700800000|100%| O|  |TAMS 0x0000000700800000, 0x0000000700600000| Untracked 
|   4|0x0000000700800000, 0x0000000700a00000, 0x0000000700a00000|100%| O|  |TAMS 0x0000000700a00000, 0x0000000700800000| Untracked 
|   5|0x0000000700a00000, 0x0000000700c00000, 0x0000000700c00000|100%| O|  |TAMS 0x0000000700c00000, 0x0000000700a00000| Untracked 
|   6|0x0000000700c00000, 0x0000000700e00000, 0x0000000700e00000|100%| O|  |TAMS 0x0000000700e00000, 0x0000000700c00000| Untracked 
|   7|0x0000000700e00000, 0x0000000701000000, 0x0000000701000000|100%| O|  |TAMS 0x0000000701000000, 0x0000000700e00000| Untracked 
|   8|0x0000000701000000, 0x0000000701200000, 0x0000000701200000|100%| O|  |TAMS 0x0000000701200000, 0x0000000701000000| Untracked 
|   9|0x0000000701200000, 0x0000000701400000, 0x0000000701400000|100%| O|  |TAMS 0x0000000701400000, 0x0000000701200000| Untracked 
|  10|0x0000000701400000, 0x0000000701600000, 0x0000000701600000|100%| O|  |TAMS 0x0000000701600000, 0x0000000701400000| Untracked 
|  11|0x0000000701600000, 0x0000000701800000, 0x0000000701800000|100%| O|  |TAMS 0x0000000701800000, 0x0000000701600000| Untracked 
|  12|0x0000000701800000, 0x0000000701a00000, 0x0000000701a00000|100%| O|  |TAMS 0x0000000701a00000, 0x0000000701800000| Untracked 
|  13|0x0000000701a00000, 0x0000000701c00000, 0x0000000701c00000|100%| O|  |TAMS 0x0000000701c00000, 0x0000000701a00000| Untracked 
|  14|0x0000000701c00000, 0x0000000701e00000, 0x0000000701e00000|100%| O|  |TAMS 0x0000000701e00000, 0x0000000701c00000| Untracked 
|  15|0x0000000701e00000, 0x0000000702000000, 0x0000000702000000|100%| O|  |TAMS 0x0000000702000000, 0x0000000701e00000| Untracked 
|  16|0x0000000702000000, 0x0000000702200000, 0x0000000702200000|100%| O|  |TAMS 0x0000000702200000, 0x0000000702000000| Untracked 
|  17|0x0000000702200000, 0x0000000702400000, 0x0000000702400000|100%| O|  |TAMS 0x0000000702400000, 0x0000000702200000| Untracked 
|  18|0x0000000702400000, 0x0000000702600000, 0x0000000702600000|100%|HS|  |TAMS 0x0000000702600000, 0x0000000702400000| Complete 
|  19|0x0000000702600000, 0x0000000702800000, 0x0000000702800000|100%|HC|  |TAMS 0x0000000702800000, 0x0000000702600000| Complete 
|  20|0x0000000702800000, 0x0000000702a00000, 0x0000000702a00000|100%|HS|  |TAMS 0x0000000702a00000, 0x0000000702800000| Complete 
|  21|0x0000000702a00000, 0x0000000702c00000, 0x0000000702c00000|100%| O|  |TAMS 0x0000000702c00000, 0x0000000702a00000| Untracked 
|  22|0x0000000702c00000, 0x0000000702e00000, 0x0000000702e00000|100%| O|  |TAMS 0x0000000702e00000, 0x0000000702c00000| Untracked 
|  23|0x0000000702e00000, 0x0000000703000000, 0x0000000703000000|100%| O|  |TAMS 0x0000000703000000, 0x0000000702e00000| Untracked 
|  24|0x0000000703000000, 0x0000000703200000, 0x0000000703200000|100%| O|  |TAMS 0x0000000703200000, 0x0000000703000000| Untracked 
|  25|0x0000000703200000, 0x0000000703400000, 0x0000000703400000|100%| O|  |TAMS 0x0000000703400000, 0x0000000703200000| Untracked 
|  26|0x0000000703400000, 0x0000000703600000, 0x0000000703600000|100%| O|  |TAMS 0x0000000703600000, 0x0000000703400000| Untracked 
|  27|0x0000000703600000, 0x0000000703800000, 0x0000000703800000|100%| O|  |TAMS 0x0000000703800000, 0x0000000703600000| Untracked 
|  28|0x0000000703800000, 0x0000000703a00000, 0x0000000703a00000|100%| O|  |TAMS 0x0000000703a00000, 0x0000000703800000| Untracked 
|  29|0x0000000703a00000, 0x0000000703c00000, 0x0000000703c00000|100%| O|  |TAMS 0x0000000703c00000, 0x0000000703a00000| Untracked 
|  30|0x0000000703c00000, 0x0000000703e00000, 0x0000000703e00000|100%| O|  |TAMS 0x0000000703e00000, 0x0000000703c00000| Untracked 
|  31|0x0000000703e00000, 0x0000000704000000, 0x0000000704000000|100%| O|  |TAMS 0x0000000704000000, 0x0000000703e00000| Untracked 
|  32|0x0000000704000000, 0x0000000704200000, 0x0000000704200000|100%|HS|  |TAMS 0x0000000704200000, 0x0000000704000000| Complete 
|  33|0x0000000704200000, 0x0000000704400000, 0x0000000704400000|100%|HC|  |TAMS 0x0000000704400000, 0x0000000704200000| Complete 
|  34|0x0000000704400000, 0x0000000704600000, 0x0000000704600000|100%|HS|  |TAMS 0x0000000704600000, 0x0000000704400000| Complete 
|  35|0x0000000704600000, 0x0000000704800000, 0x0000000704800000|100%| O|  |TAMS 0x0000000704800000, 0x0000000704600000| Untracked 
|  36|0x0000000704800000, 0x0000000704a00000, 0x0000000704a00000|100%| O|  |TAMS 0x0000000704a00000, 0x0000000704800000| Untracked 
|  37|0x0000000704a00000, 0x0000000704c00000, 0x0000000704c00000|100%| O|  |TAMS 0x0000000704c00000, 0x0000000704a00000| Untracked 
|  38|0x0000000704c00000, 0x0000000704e00000, 0x0000000704e00000|100%| O|  |TAMS 0x0000000704e00000, 0x0000000704c00000| Untracked 
|  39|0x0000000704e00000, 0x0000000705000000, 0x0000000705000000|100%| O|  |TAMS 0x0000000705000000, 0x0000000704e00000| Untracked 
|  40|0x0000000705000000, 0x0000000705200000, 0x0000000705200000|100%| O|  |TAMS 0x0000000705200000, 0x0000000705000000| Untracked 
|  41|0x0000000705200000, 0x0000000705400000, 0x0000000705400000|100%| O|  |TAMS 0x0000000705400000, 0x0000000705200000| Untracked 
|  42|0x0000000705400000, 0x0000000705600000, 0x0000000705600000|100%| O|  |TAMS 0x0000000705600000, 0x0000000705400000| Untracked 
|  43|0x0000000705600000, 0x0000000705800000, 0x0000000705800000|100%| O|  |TAMS 0x0000000705800000, 0x0000000705600000| Untracked 
|  44|0x0000000705800000, 0x0000000705a00000, 0x0000000705a00000|100%| O|  |TAMS 0x0000000705a00000, 0x0000000705800000| Untracked 
|  45|0x0000000705a00000, 0x0000000705c00000, 0x0000000705c00000|100%| O|  |TAMS 0x0000000705c00000, 0x0000000705a00000| Untracked 
|  46|0x0000000705c00000, 0x0000000705e00000, 0x0000000705e00000|100%| O|  |TAMS 0x0000000705e00000, 0x0000000705c00000| Untracked 
|  47|0x0000000705e00000, 0x0000000706000000, 0x0000000706000000|100%| O|  |TAMS 0x0000000706000000, 0x0000000705e00000| Untracked 
|  48|0x0000000706000000, 0x0000000706200000, 0x0000000706200000|100%| O|  |TAMS 0x0000000706200000, 0x0000000706000000| Untracked 
|  49|0x0000000706200000, 0x0000000706400000, 0x0000000706400000|100%| O|  |TAMS 0x0000000706400000, 0x0000000706200000| Untracked 
|  50|0x0000000706400000, 0x0000000706600000, 0x0000000706600000|100%| O|  |TAMS 0x0000000706600000, 0x0000000706400000| Untracked 
|  51|0x0000000706600000, 0x0000000706800000, 0x0000000706800000|100%| O|  |TAMS 0x0000000706800000, 0x0000000706600000| Untracked 
|  52|0x0000000706800000, 0x0000000706a00000, 0x0000000706a00000|100%| O|  |TAMS 0x0000000706a00000, 0x0000000706800000| Untracked 
|  53|0x0000000706a00000, 0x0000000706c00000, 0x0000000706c00000|100%| O|  |TAMS 0x0000000706c00000, 0x0000000706a00000| Untracked 
|  54|0x0000000706c00000, 0x0000000706e00000, 0x0000000706e00000|100%| O|  |TAMS 0x0000000706e00000, 0x0000000706c00000| Untracked 
|  55|0x0000000706e00000, 0x0000000707000000, 0x0000000707000000|100%| O|  |TAMS 0x0000000707000000, 0x0000000706e00000| Untracked 
|  56|0x0000000707000000, 0x0000000707200000, 0x0000000707200000|100%| O|  |TAMS 0x0000000707200000, 0x0000000707000000| Untracked 
|  57|0x0000000707200000, 0x0000000707400000, 0x0000000707400000|100%| O|  |TAMS 0x0000000707400000, 0x0000000707200000| Untracked 
|  58|0x0000000707400000, 0x0000000707600000, 0x0000000707600000|100%| O|  |TAMS 0x0000000707600000, 0x0000000707400000| Untracked 
|  59|0x0000000707600000, 0x0000000707800000, 0x0000000707800000|100%| O|  |TAMS 0x0000000707800000, 0x0000000707600000| Untracked 
|  60|0x0000000707800000, 0x0000000707a00000, 0x0000000707a00000|100%| O|  |TAMS 0x0000000707a00000, 0x0000000707800000| Untracked 
|  61|0x0000000707a00000, 0x0000000707c00000, 0x0000000707c00000|100%| O|  |TAMS 0x0000000707c00000, 0x0000000707a00000| Untracked 
|  62|0x0000000707c00000, 0x0000000707e00000, 0x0000000707e00000|100%| O|  |TAMS 0x0000000707e00000, 0x0000000707c00000| Untracked 
|  63|0x0000000707e00000, 0x0000000708000000, 0x0000000708000000|100%| O|  |TAMS 0x0000000708000000, 0x0000000707e00000| Untracked 
|  64|0x0000000708000000, 0x0000000708200000, 0x0000000708200000|100%| O|  |TAMS 0x0000000708200000, 0x0000000708000000| Untracked 
|  65|0x0000000708200000, 0x0000000708400000, 0x0000000708400000|100%| O|  |TAMS 0x0000000708400000, 0x0000000708200000| Untracked 
|  66|0x0000000708400000, 0x0000000708600000, 0x0000000708600000|100%| O|  |TAMS 0x0000000708600000, 0x0000000708400000| Untracked 
|  67|0x0000000708600000, 0x0000000708800000, 0x0000000708800000|100%| O|  |TAMS 0x0000000708800000, 0x0000000708600000| Untracked 
|  68|0x0000000708800000, 0x0000000708a00000, 0x0000000708a00000|100%| O|  |TAMS 0x0000000708a00000, 0x0000000708800000| Untracked 
|  69|0x0000000708a00000, 0x0000000708c00000, 0x0000000708c00000|100%| O|  |TAMS 0x0000000708c00000, 0x0000000708a00000| Untracked 
|  70|0x0000000708c00000, 0x0000000708e00000, 0x0000000708e00000|100%| O|  |TAMS 0x0000000708e00000, 0x0000000708c00000| Untracked 
|  71|0x0000000708e00000, 0x0000000709000000, 0x0000000709000000|100%| O|  |TAMS 0x0000000709000000, 0x0000000708e00000| Untracked 
|  72|0x0000000709000000, 0x0000000709200000, 0x0000000709200000|100%| O|  |TAMS 0x0000000709200000, 0x0000000709000000| Untracked 
|  73|0x0000000709200000, 0x0000000709400000, 0x0000000709400000|100%| O|  |TAMS 0x0000000709400000, 0x0000000709200000| Untracked 
|  74|0x0000000709400000, 0x0000000709600000, 0x0000000709600000|100%| O|  |TAMS 0x0000000709400000, 0x0000000709400000| Untracked 
|  75|0x0000000709600000, 0x0000000709800000, 0x0000000709800000|100%|HS|  |TAMS 0x0000000709800000, 0x0000000709600000| Complete 
|  76|0x0000000709800000, 0x0000000709a00000, 0x0000000709a00000|100%|HC|  |TAMS 0x0000000709a00000, 0x0000000709800000| Complete 
|  77|0x0000000709a00000, 0x0000000709c00000, 0x0000000709c00000|100%|HC|  |TAMS 0x0000000709c00000, 0x0000000709a00000| Complete 
|  78|0x0000000709c00000, 0x0000000709e00000, 0x0000000709e00000|100%|HC|  |TAMS 0x0000000709e00000, 0x0000000709c00000| Complete 
|  79|0x0000000709e00000, 0x000000070a000000, 0x000000070a000000|100%|HC|  |TAMS 0x000000070a000000, 0x0000000709e00000| Complete 
|  80|0x000000070a000000, 0x000000070a200000, 0x000000070a200000|100%|HC|  |TAMS 0x000000070a200000, 0x000000070a000000| Complete 
|  81|0x000000070a200000, 0x000000070a400000, 0x000000070a400000|100%|HC|  |TAMS 0x000000070a400000, 0x000000070a200000| Complete 
|  82|0x000000070a400000, 0x000000070a600000, 0x000000070a600000|100%|HC|  |TAMS 0x000000070a600000, 0x000000070a400000| Complete 
|  83|0x000000070a600000, 0x000000070a800000, 0x000000070a800000|100%|HC|  |TAMS 0x000000070a800000, 0x000000070a600000| Complete 
|  84|0x000000070a800000, 0x000000070aa00000, 0x000000070aa00000|100%|HC|  |TAMS 0x000000070aa00000, 0x000000070a800000| Complete 
|  85|0x000000070aa00000, 0x000000070ac00000, 0x000000070ac00000|100%|HC|  |TAMS 0x000000070ac00000, 0x000000070aa00000| Complete 
|  86|0x000000070ac00000, 0x000000070ae00000, 0x000000070ae00000|100%|HC|  |TAMS 0x000000070ae00000, 0x000000070ac00000| Complete 
|  87|0x000000070ae00000, 0x000000070b000000, 0x000000070b000000|100%|HC|  |TAMS 0x000000070b000000, 0x000000070ae00000| Complete 
|  88|0x000000070b000000, 0x000000070b200000, 0x000000070b200000|100%|HC|  |TAMS 0x000000070b200000, 0x000000070b000000| Complete 
|  89|0x000000070b200000, 0x000000070b400000, 0x000000070b400000|100%|HC|  |TAMS 0x000000070b400000, 0x000000070b200000| Complete 
|  90|0x000000070b400000, 0x000000070b600000, 0x000000070b600000|100%|HC|  |TAMS 0x000000070b600000, 0x000000070b400000| Complete 
|  91|0x000000070b600000, 0x000000070b800000, 0x000000070b800000|100%|HC|  |TAMS 0x000000070b800000, 0x000000070b600000| Complete 
|  92|0x000000070b800000, 0x000000070ba00000, 0x000000070ba00000|100%|HC|  |TAMS 0x000000070ba00000, 0x000000070b800000| Complete 
|  93|0x000000070ba00000, 0x000000070bc00000, 0x000000070bc00000|100%|HC|  |TAMS 0x000000070bc00000, 0x000000070ba00000| Complete 
|  94|0x000000070bc00000, 0x000000070be00000, 0x000000070be00000|100%|HC|  |TAMS 0x000000070be00000, 0x000000070bc00000| Complete 
|  95|0x000000070be00000, 0x000000070c000000, 0x000000070c000000|100%| O|  |TAMS 0x000000070be00000, 0x000000070be00000| Untracked 
|  96|0x000000070c000000, 0x000000070c200000, 0x000000070c200000|100%| O|  |TAMS 0x000000070c000000, 0x000000070c000000| Untracked 
|  97|0x000000070c200000, 0x000000070c400000, 0x000000070c400000|100%| O|  |TAMS 0x000000070c200000, 0x000000070c200000| Untracked 
|  98|0x000000070c400000, 0x000000070c600000, 0x000000070c600000|100%|HS|  |TAMS 0x000000070c400000, 0x000000070c400000| Complete 
|  99|0x000000070c600000, 0x000000070c800000, 0x000000070c800000|100%| O|  |TAMS 0x000000070c600000, 0x000000070c600000| Untracked 
| 100|0x000000070c800000, 0x000000070ca00000, 0x000000070ca00000|100%| O|  |TAMS 0x000000070c800000, 0x000000070c800000| Untracked 
| 101|0x000000070ca00000, 0x000000070cc00000, 0x000000070cc00000|100%| O|  |TAMS 0x000000070ca00000, 0x000000070ca00000| Untracked 
| 102|0x000000070cc00000, 0x000000070ce00000, 0x000000070ce00000|100%| O|  |TAMS 0x000000070cc00000, 0x000000070cc00000| Untracked 
| 103|0x000000070ce00000, 0x000000070d000000, 0x000000070d000000|100%| O|  |TAMS 0x000000070ce00000, 0x000000070ce00000| Untracked 
| 104|0x000000070d000000, 0x000000070d200000, 0x000000070d200000|100%| O|  |TAMS 0x000000070d000000, 0x000000070d000000| Untracked 
| 105|0x000000070d200000, 0x000000070d400000, 0x000000070d400000|100%| O|  |TAMS 0x000000070d200000, 0x000000070d200000| Untracked 
| 106|0x000000070d400000, 0x000000070d600000, 0x000000070d600000|100%| O|  |TAMS 0x000000070d400000, 0x000000070d400000| Untracked 
| 107|0x000000070d600000, 0x000000070d800000, 0x000000070d800000|100%| O|  |TAMS 0x000000070d600000, 0x000000070d600000| Untracked 
| 108|0x000000070d800000, 0x000000070da00000, 0x000000070da00000|100%| O|  |TAMS 0x000000070d800000, 0x000000070d800000| Untracked 
| 109|0x000000070da00000, 0x000000070dc00000, 0x000000070dc00000|100%| O|  |TAMS 0x000000070da00000, 0x000000070da00000| Untracked 
| 110|0x000000070dc00000, 0x000000070de00000, 0x000000070de00000|100%| O|  |TAMS 0x000000070dc00000, 0x000000070dc00000| Untracked 
| 111|0x000000070de00000, 0x000000070e000000, 0x000000070e000000|100%| O|  |TAMS 0x000000070de00000, 0x000000070de00000| Untracked 
| 112|0x000000070e000000, 0x000000070e200000, 0x000000070e200000|100%| O|  |TAMS 0x000000070e000000, 0x000000070e000000| Untracked 
| 113|0x000000070e200000, 0x000000070e400000, 0x000000070e400000|100%| O|  |TAMS 0x000000070e200000, 0x000000070e200000| Untracked 
| 114|0x000000070e400000, 0x000000070e600000, 0x000000070e600000|100%| O|  |TAMS 0x000000070e400000, 0x000000070e400000| Untracked 
| 115|0x000000070e600000, 0x000000070e800000, 0x000000070e800000|100%| O|  |TAMS 0x000000070e600000, 0x000000070e600000| Untracked 
| 116|0x000000070e800000, 0x000000070ea00000, 0x000000070ea00000|100%|HS|  |TAMS 0x000000070e800000, 0x000000070e800000| Complete 
| 117|0x000000070ea00000, 0x000000070ec00000, 0x000000070ec00000|100%|HC|  |TAMS 0x000000070ea00000, 0x000000070ea00000| Complete 
| 118|0x000000070ec00000, 0x000000070ee00000, 0x000000070ee00000|100%|HC|  |TAMS 0x000000070ec00000, 0x000000070ec00000| Complete 
| 119|0x000000070ee00000, 0x000000070f000000, 0x000000070f000000|100%|HC|  |TAMS 0x000000070ee00000, 0x000000070ee00000| Complete 
| 120|0x000000070f000000, 0x000000070f200000, 0x000000070f200000|100%|HC|  |TAMS 0x000000070f000000, 0x000000070f000000| Complete 
| 121|0x000000070f200000, 0x000000070f400000, 0x000000070f400000|100%|HC|  |TAMS 0x000000070f200000, 0x000000070f200000| Complete 
| 122|0x000000070f400000, 0x000000070f600000, 0x000000070f600000|100%|HC|  |TAMS 0x000000070f400000, 0x000000070f400000| Complete 
| 123|0x000000070f600000, 0x000000070f800000, 0x000000070f800000|100%|HC|  |TAMS 0x000000070f600000, 0x000000070f600000| Complete 
| 124|0x000000070f800000, 0x000000070fa00000, 0x000000070fa00000|100%|HC|  |TAMS 0x000000070f800000, 0x000000070f800000| Complete 
| 125|0x000000070fa00000, 0x000000070fc00000, 0x000000070fc00000|100%|HC|  |TAMS 0x000000070fa00000, 0x000000070fa00000| Complete 
| 126|0x000000070fc00000, 0x000000070fe00000, 0x000000070fe00000|100%|HC|  |TAMS 0x000000070fc00000, 0x000000070fc00000| Complete 
| 127|0x000000070fe00000, 0x0000000710000000, 0x0000000710000000|100%|HC|  |TAMS 0x000000070fe00000, 0x000000070fe00000| Complete 
| 128|0x0000000710000000, 0x0000000710200000, 0x0000000710200000|100%|HC|  |TAMS 0x0000000710000000, 0x0000000710000000| Complete 
| 129|0x0000000710200000, 0x0000000710400000, 0x0000000710400000|100%|HC|  |TAMS 0x0000000710200000, 0x0000000710200000| Complete 
| 130|0x0000000710400000, 0x0000000710600000, 0x0000000710600000|100%|HC|  |TAMS 0x0000000710400000, 0x0000000710400000| Complete 
| 131|0x0000000710600000, 0x0000000710800000, 0x0000000710800000|100%|HC|  |TAMS 0x0000000710600000, 0x0000000710600000| Complete 
| 132|0x0000000710800000, 0x0000000710a00000, 0x0000000710a00000|100%|HC|  |TAMS 0x0000000710800000, 0x0000000710800000| Complete 
| 133|0x0000000710a00000, 0x0000000710c00000, 0x0000000710c00000|100%|HC|  |TAMS 0x0000000710a00000, 0x0000000710a00000| Complete 
| 134|0x0000000710c00000, 0x0000000710e00000, 0x0000000710e00000|100%|HC|  |TAMS 0x0000000710c00000, 0x0000000710c00000| Complete 
| 135|0x0000000710e00000, 0x0000000711000000, 0x0000000711000000|100%|HC|  |TAMS 0x0000000710e00000, 0x0000000710e00000| Complete 
| 136|0x0000000711000000, 0x0000000711200000, 0x0000000711200000|100%| O|  |TAMS 0x0000000711000000, 0x0000000711000000| Untracked 
| 137|0x0000000711200000, 0x0000000711400000, 0x0000000711400000|100%| O|  |TAMS 0x0000000711200000, 0x0000000711200000| Untracked 
| 138|0x0000000711400000, 0x0000000711600000, 0x0000000711600000|100%| O|  |TAMS 0x0000000711400000, 0x0000000711400000| Untracked 
| 139|0x0000000711600000, 0x0000000711800000, 0x0000000711800000|100%| O|  |TAMS 0x0000000711600000, 0x0000000711600000| Untracked 
| 140|0x0000000711800000, 0x0000000711a00000, 0x0000000711a00000|100%| O|  |TAMS 0x0000000711800000, 0x0000000711800000| Untracked 
| 141|0x0000000711a00000, 0x0000000711c00000, 0x0000000711c00000|100%| O|  |TAMS 0x0000000711a00000, 0x0000000711a00000| Untracked 
| 142|0x0000000711c00000, 0x0000000711e00000, 0x0000000711e00000|100%| O|  |TAMS 0x0000000711c00000, 0x0000000711c00000| Untracked 
| 143|0x0000000711e00000, 0x0000000712000000, 0x0000000712000000|100%| O|  |TAMS 0x0000000711e00000, 0x0000000711e00000| Untracked 
| 144|0x0000000712000000, 0x00000007121db000, 0x0000000712200000| 92%| O|  |TAMS 0x0000000712000000, 0x0000000712000000| Untracked 
| 145|0x0000000712200000, 0x0000000712200000, 0x0000000712400000|  0%| F|  |TAMS 0x0000000712200000, 0x0000000712200000| Untracked 
| 146|0x0000000712400000, 0x0000000712400000, 0x0000000712600000|  0%| F|  |TAMS 0x0000000712400000, 0x0000000712400000| Untracked 
| 147|0x0000000712600000, 0x0000000712600000, 0x0000000712800000|  0%| F|  |TAMS 0x0000000712600000, 0x0000000712600000| Untracked 
| 148|0x0000000712800000, 0x0000000712800000, 0x0000000712a00000|  0%| F|  |TAMS 0x0000000712800000, 0x0000000712800000| Untracked 
| 149|0x0000000712a00000, 0x0000000712a00000, 0x0000000712c00000|  0%| F|  |TAMS 0x0000000712a00000, 0x0000000712a00000| Untracked 
| 150|0x0000000712c00000, 0x0000000712c00000, 0x0000000712e00000|  0%| F|  |TAMS 0x0000000712c00000, 0x0000000712c00000| Untracked 
| 151|0x0000000712e00000, 0x0000000712e00000, 0x0000000713000000|  0%| F|  |TAMS 0x0000000712e00000, 0x0000000712e00000| Untracked 
| 152|0x0000000713000000, 0x0000000713000000, 0x0000000713200000|  0%| F|  |TAMS 0x0000000713000000, 0x0000000713000000| Untracked 
| 153|0x0000000713200000, 0x0000000713200000, 0x0000000713400000|  0%| F|  |TAMS 0x0000000713200000, 0x0000000713200000| Untracked 
| 154|0x0000000713400000, 0x0000000713400000, 0x0000000713600000|  0%| F|  |TAMS 0x0000000713400000, 0x0000000713400000| Untracked 
| 155|0x0000000713600000, 0x0000000713600000, 0x0000000713800000|  0%| F|  |TAMS 0x0000000713600000, 0x0000000713600000| Untracked 
| 156|0x0000000713800000, 0x0000000713800000, 0x0000000713a00000|  0%| F|  |TAMS 0x0000000713800000, 0x0000000713800000| Untracked 
| 157|0x0000000713a00000, 0x0000000713a00000, 0x0000000713c00000|  0%| F|  |TAMS 0x0000000713a00000, 0x0000000713a00000| Untracked 
| 158|0x0000000713c00000, 0x0000000713c00000, 0x0000000713e00000|  0%| F|  |TAMS 0x0000000713c00000, 0x0000000713c00000| Untracked 
| 159|0x0000000713e00000, 0x0000000713e00000, 0x0000000714000000|  0%| F|  |TAMS 0x0000000713e00000, 0x0000000713e00000| Untracked 
| 160|0x0000000714000000, 0x0000000714000000, 0x0000000714200000|  0%| F|  |TAMS 0x0000000714000000, 0x0000000714000000| Untracked 
| 161|0x0000000714200000, 0x0000000714200000, 0x0000000714400000|  0%| F|  |TAMS 0x0000000714200000, 0x0000000714200000| Untracked 
| 162|0x0000000714400000, 0x0000000714400000, 0x0000000714600000|  0%| F|  |TAMS 0x0000000714400000, 0x0000000714400000| Untracked 
| 163|0x0000000714600000, 0x0000000714600000, 0x0000000714800000|  0%| F|  |TAMS 0x0000000714600000, 0x0000000714600000| Untracked 
| 164|0x0000000714800000, 0x0000000714800000, 0x0000000714a00000|  0%| F|  |TAMS 0x0000000714800000, 0x0000000714800000| Untracked 
| 165|0x0000000714a00000, 0x0000000714a00000, 0x0000000714c00000|  0%| F|  |TAMS 0x0000000714a00000, 0x0000000714a00000| Untracked 
| 166|0x0000000714c00000, 0x0000000714c00000, 0x0000000714e00000|  0%| F|  |TAMS 0x0000000714c00000, 0x0000000714c00000| Untracked 
| 167|0x0000000714e00000, 0x0000000714e00000, 0x0000000715000000|  0%| F|  |TAMS 0x0000000714e00000, 0x0000000714e00000| Untracked 
| 168|0x0000000715000000, 0x0000000715000000, 0x0000000715200000|  0%| F|  |TAMS 0x0000000715000000, 0x0000000715000000| Untracked 
| 169|0x0000000715200000, 0x0000000715200000, 0x0000000715400000|  0%| F|  |TAMS 0x0000000715200000, 0x0000000715200000| Untracked 
| 170|0x0000000715400000, 0x0000000715400000, 0x0000000715600000|  0%| F|  |TAMS 0x0000000715400000, 0x0000000715400000| Untracked 
| 171|0x0000000715600000, 0x0000000715600000, 0x0000000715800000|  0%| F|  |TAMS 0x0000000715600000, 0x0000000715600000| Untracked 
| 172|0x0000000715800000, 0x0000000715800000, 0x0000000715a00000|  0%| F|  |TAMS 0x0000000715800000, 0x0000000715800000| Untracked 
| 173|0x0000000715a00000, 0x0000000715a00000, 0x0000000715c00000|  0%| F|  |TAMS 0x0000000715a00000, 0x0000000715a00000| Untracked 
| 174|0x0000000715c00000, 0x0000000715c00000, 0x0000000715e00000|  0%| F|  |TAMS 0x0000000715c00000, 0x0000000715c00000| Untracked 
| 175|0x0000000715e00000, 0x0000000715e00000, 0x0000000716000000|  0%| F|  |TAMS 0x0000000715e00000, 0x0000000715e00000| Untracked 
| 176|0x0000000716000000, 0x0000000716000000, 0x0000000716200000|  0%| F|  |TAMS 0x0000000716000000, 0x0000000716000000| Untracked 
| 177|0x0000000716200000, 0x0000000716200000, 0x0000000716400000|  0%| F|  |TAMS 0x0000000716200000, 0x0000000716200000| Untracked 
| 178|0x0000000716400000, 0x0000000716400000, 0x0000000716600000|  0%| F|  |TAMS 0x0000000716400000, 0x0000000716400000| Untracked 
| 179|0x0000000716600000, 0x0000000716600000, 0x0000000716800000|  0%| F|  |TAMS 0x0000000716600000, 0x0000000716600000| Untracked 
| 180|0x0000000716800000, 0x0000000716800000, 0x0000000716a00000|  0%| F|  |TAMS 0x0000000716800000, 0x0000000716800000| Untracked 
| 181|0x0000000716a00000, 0x0000000716a00000, 0x0000000716c00000|  0%| F|  |TAMS 0x0000000716a00000, 0x0000000716a00000| Untracked 
| 182|0x0000000716c00000, 0x0000000716c00000, 0x0000000716e00000|  0%| F|  |TAMS 0x0000000716c00000, 0x0000000716c00000| Untracked 
| 183|0x0000000716e00000, 0x0000000716e00000, 0x0000000717000000|  0%| F|  |TAMS 0x0000000716e00000, 0x0000000716e00000| Untracked 
| 184|0x0000000717000000, 0x0000000717200000, 0x0000000717200000|100%| S|CS|TAMS 0x0000000717000000, 0x0000000717000000| Complete 
| 185|0x0000000717200000, 0x0000000717400000, 0x0000000717400000|100%| S|CS|TAMS 0x0000000717200000, 0x0000000717200000| Complete 
| 186|0x0000000717400000, 0x0000000717600000, 0x0000000717600000|100%| S|CS|TAMS 0x0000000717400000, 0x0000000717400000| Complete 
| 187|0x0000000717600000, 0x0000000717800000, 0x0000000717800000|100%| S|CS|TAMS 0x0000000717600000, 0x0000000717600000| Complete 
| 188|0x0000000717800000, 0x0000000717a00000, 0x0000000717a00000|100%| S|CS|TAMS 0x0000000717800000, 0x0000000717800000| Complete 
| 189|0x0000000717a00000, 0x0000000717c00000, 0x0000000717c00000|100%| S|CS|TAMS 0x0000000717a00000, 0x0000000717a00000| Complete 
| 190|0x0000000717c00000, 0x0000000717e00000, 0x0000000717e00000|100%| S|CS|TAMS 0x0000000717c00000, 0x0000000717c00000| Complete 
| 191|0x0000000717e00000, 0x0000000717e00000, 0x0000000718000000|  0%| F|  |TAMS 0x0000000717e00000, 0x0000000717e00000| Untracked 
| 192|0x0000000718000000, 0x0000000718000000, 0x0000000718200000|  0%| F|  |TAMS 0x0000000718000000, 0x0000000718000000| Untracked 
| 193|0x0000000718200000, 0x0000000718200000, 0x0000000718400000|  0%| F|  |TAMS 0x0000000718200000, 0x0000000718200000| Untracked 
| 194|0x0000000718400000, 0x0000000718400000, 0x0000000718600000|  0%| F|  |TAMS 0x0000000718400000, 0x0000000718400000| Untracked 
| 195|0x0000000718600000, 0x0000000718600000, 0x0000000718800000|  0%| F|  |TAMS 0x0000000718600000, 0x0000000718600000| Untracked 
| 196|0x0000000718800000, 0x0000000718800000, 0x0000000718a00000|  0%| F|  |TAMS 0x0000000718800000, 0x0000000718800000| Untracked 
| 197|0x0000000718a00000, 0x0000000718a00000, 0x0000000718c00000|  0%| F|  |TAMS 0x0000000718a00000, 0x0000000718a00000| Untracked 
| 198|0x0000000718c00000, 0x0000000718c00000, 0x0000000718e00000|  0%| F|  |TAMS 0x0000000718c00000, 0x0000000718c00000| Untracked 
| 199|0x0000000718e00000, 0x0000000718e00000, 0x0000000719000000|  0%| F|  |TAMS 0x0000000718e00000, 0x0000000718e00000| Untracked 
| 200|0x0000000719000000, 0x0000000719000000, 0x0000000719200000|  0%| F|  |TAMS 0x0000000719000000, 0x0000000719000000| Untracked 
| 201|0x0000000719200000, 0x0000000719200000, 0x0000000719400000|  0%| F|  |TAMS 0x0000000719200000, 0x0000000719200000| Untracked 
| 202|0x0000000719400000, 0x0000000719400000, 0x0000000719600000|  0%| F|  |TAMS 0x0000000719400000, 0x0000000719400000| Untracked 
| 203|0x0000000719600000, 0x0000000719600000, 0x0000000719800000|  0%| F|  |TAMS 0x0000000719600000, 0x0000000719600000| Untracked 
| 204|0x0000000719800000, 0x0000000719800000, 0x0000000719a00000|  0%| F|  |TAMS 0x0000000719800000, 0x0000000719800000| Untracked 
| 205|0x0000000719a00000, 0x0000000719a00000, 0x0000000719c00000|  0%| F|  |TAMS 0x0000000719a00000, 0x0000000719a00000| Untracked 
| 206|0x0000000719c00000, 0x0000000719c00000, 0x0000000719e00000|  0%| F|  |TAMS 0x0000000719c00000, 0x0000000719c00000| Untracked 
| 207|0x0000000719e00000, 0x0000000719e00000, 0x000000071a000000|  0%| F|  |TAMS 0x0000000719e00000, 0x0000000719e00000| Untracked 
| 208|0x000000071a000000, 0x000000071a000000, 0x000000071a200000|  0%| F|  |TAMS 0x000000071a000000, 0x000000071a000000| Untracked 
| 209|0x000000071a200000, 0x000000071a200000, 0x000000071a400000|  0%| F|  |TAMS 0x000000071a200000, 0x000000071a200000| Untracked 
| 210|0x000000071a400000, 0x000000071a400000, 0x000000071a600000|  0%| F|  |TAMS 0x000000071a400000, 0x000000071a400000| Untracked 
| 211|0x000000071a600000, 0x000000071a600000, 0x000000071a800000|  0%| F|  |TAMS 0x000000071a600000, 0x000000071a600000| Untracked 
| 212|0x000000071a800000, 0x000000071a800000, 0x000000071aa00000|  0%| F|  |TAMS 0x000000071a800000, 0x000000071a800000| Untracked 
| 213|0x000000071aa00000, 0x000000071aa00000, 0x000000071ac00000|  0%| F|  |TAMS 0x000000071aa00000, 0x000000071aa00000| Untracked 
| 214|0x000000071ac00000, 0x000000071ac00000, 0x000000071ae00000|  0%| F|  |TAMS 0x000000071ac00000, 0x000000071ac00000| Untracked 
| 215|0x000000071ae00000, 0x000000071ae00000, 0x000000071b000000|  0%| F|  |TAMS 0x000000071ae00000, 0x000000071ae00000| Untracked 
| 216|0x000000071b000000, 0x000000071b000000, 0x000000071b200000|  0%| F|  |TAMS 0x000000071b000000, 0x000000071b000000| Untracked 
| 217|0x000000071b200000, 0x000000071b200000, 0x000000071b400000|  0%| F|  |TAMS 0x000000071b200000, 0x000000071b200000| Untracked 
| 218|0x000000071b400000, 0x000000071b400000, 0x000000071b600000|  0%| F|  |TAMS 0x000000071b400000, 0x000000071b400000| Untracked 
| 219|0x000000071b600000, 0x000000071b600000, 0x000000071b800000|  0%| F|  |TAMS 0x000000071b600000, 0x000000071b600000| Untracked 
| 220|0x000000071b800000, 0x000000071b800000, 0x000000071ba00000|  0%| F|  |TAMS 0x000000071b800000, 0x000000071b800000| Untracked 
| 221|0x000000071ba00000, 0x000000071ba00000, 0x000000071bc00000|  0%| F|  |TAMS 0x000000071ba00000, 0x000000071ba00000| Untracked 
| 222|0x000000071bc00000, 0x000000071bc00000, 0x000000071be00000|  0%| F|  |TAMS 0x000000071bc00000, 0x000000071bc00000| Untracked 
| 223|0x000000071be00000, 0x000000071be00000, 0x000000071c000000|  0%| F|  |TAMS 0x000000071be00000, 0x000000071be00000| Untracked 
| 224|0x000000071c000000, 0x000000071c000000, 0x000000071c200000|  0%| F|  |TAMS 0x000000071c000000, 0x000000071c000000| Untracked 
| 225|0x000000071c200000, 0x000000071c200000, 0x000000071c400000|  0%| F|  |TAMS 0x000000071c200000, 0x000000071c200000| Untracked 
| 226|0x000000071c400000, 0x000000071c400000, 0x000000071c600000|  0%| F|  |TAMS 0x000000071c400000, 0x000000071c400000| Untracked 
| 227|0x000000071c600000, 0x000000071c600000, 0x000000071c800000|  0%| F|  |TAMS 0x000000071c600000, 0x000000071c600000| Untracked 
| 228|0x000000071c800000, 0x000000071c800000, 0x000000071ca00000|  0%| F|  |TAMS 0x000000071c800000, 0x000000071c800000| Untracked 
| 229|0x000000071ca00000, 0x000000071ca00000, 0x000000071cc00000|  0%| F|  |TAMS 0x000000071ca00000, 0x000000071ca00000| Untracked 
| 230|0x000000071cc00000, 0x000000071cc00000, 0x000000071ce00000|  0%| F|  |TAMS 0x000000071cc00000, 0x000000071cc00000| Untracked 
| 231|0x000000071ce00000, 0x000000071ce00000, 0x000000071d000000|  0%| F|  |TAMS 0x000000071ce00000, 0x000000071ce00000| Untracked 
| 232|0x000000071d000000, 0x000000071d000000, 0x000000071d200000|  0%| F|  |TAMS 0x000000071d000000, 0x000000071d000000| Untracked 
| 233|0x000000071d200000, 0x000000071d200000, 0x000000071d400000|  0%| F|  |TAMS 0x000000071d200000, 0x000000071d200000| Untracked 
| 234|0x000000071d400000, 0x000000071d400000, 0x000000071d600000|  0%| F|  |TAMS 0x000000071d400000, 0x000000071d400000| Untracked 
| 235|0x000000071d600000, 0x000000071d600000, 0x000000071d800000|  0%| F|  |TAMS 0x000000071d600000, 0x000000071d600000| Untracked 
| 236|0x000000071d800000, 0x000000071d800000, 0x000000071da00000|  0%| F|  |TAMS 0x000000071d800000, 0x000000071d800000| Untracked 
| 237|0x000000071da00000, 0x000000071da00000, 0x000000071dc00000|  0%| F|  |TAMS 0x000000071da00000, 0x000000071da00000| Untracked 
| 238|0x000000071dc00000, 0x000000071dc00000, 0x000000071de00000|  0%| F|  |TAMS 0x000000071dc00000, 0x000000071dc00000| Untracked 
| 239|0x000000071de00000, 0x000000071de00000, 0x000000071e000000|  0%| F|  |TAMS 0x000000071de00000, 0x000000071de00000| Untracked 
| 240|0x000000071e000000, 0x000000071e000000, 0x000000071e200000|  0%| F|  |TAMS 0x000000071e000000, 0x000000071e000000| Untracked 
| 241|0x000000071e200000, 0x000000071e200000, 0x000000071e400000|  0%| F|  |TAMS 0x000000071e200000, 0x000000071e200000| Untracked 
| 242|0x000000071e400000, 0x000000071e400000, 0x000000071e600000|  0%| F|  |TAMS 0x000000071e400000, 0x000000071e400000| Untracked 
| 243|0x000000071e600000, 0x000000071e600000, 0x000000071e800000|  0%| F|  |TAMS 0x000000071e600000, 0x000000071e600000| Untracked 
| 244|0x000000071e800000, 0x000000071e800000, 0x000000071ea00000|  0%| F|  |TAMS 0x000000071e800000, 0x000000071e800000| Untracked 
| 245|0x000000071ea00000, 0x000000071ea00000, 0x000000071ec00000|  0%| F|  |TAMS 0x000000071ea00000, 0x000000071ea00000| Untracked 
| 246|0x000000071ec00000, 0x000000071ec00000, 0x000000071ee00000|  0%| F|  |TAMS 0x000000071ec00000, 0x000000071ec00000| Untracked 
|2046|0x00000007ffc00000, 0x00000007ffe00000, 0x00000007ffe00000|100%| O|  |TAMS 0x00000007ffe00000, 0x00000007ffc00000| Untracked 
|2047|0x00000007ffe00000, 0x0000000800000000, 0x0000000800000000|100%| O|  |TAMS 0x0000000800000000, 0x00000007ffe00000| Untracked 

Card table byte_map: [0x000001c6f6350000,0x000001c6f6b50000] _byte_map_base: 0x000001c6f2b50000

Marking Bits (Prev, Next): (CMBitMap*) 0x000001c6f025d6a0, (CMBitMap*) 0x000001c6f025d6e0
 Prev Bits: [0x000001c6f7350000, 0x000001c6fb350000)
 Next Bits: [0x000001c6fb350000, 0x000001c6ff350000)

Polling page: 0x000001c6f02b0000

Metaspace:

Usage:
  Non-class:     99.39 MB used.
      Class:     16.05 MB used.
       Both:    115.44 MB used.

Virtual space:
  Non-class space:      128.00 MB reserved,     100.06 MB ( 78%) committed,  2 nodes.
      Class space:        1.00 GB reserved,      16.56 MB (  2%) committed,  1 nodes.
             Both:        1.12 GB reserved,     116.62 MB ( 10%) committed. 

Chunk freelists:
   Non-Class:  11.92 MB
       Class:  15.36 MB
        Both:  27.28 MB

MaxMetaspaceSize: 2.00 GB
CompressedClassSpaceSize: 1.00 GB
Initial GC threshold: 21.00 MB
Current GC threshold: 181.88 MB
CDS: off
MetaspaceReclaimPolicy: balanced
 - commit_granule_bytes: 65536.
 - commit_granule_words: 8192.
 - virtual_space_node_default_size: 8388608.
 - enlarge_chunks_in_place: 1.
 - new_chunks_are_fully_committed: 0.
 - uncommit_free_chunks: 1.
 - use_allocation_guard: 0.
 - handle_deallocations: 1.


Internal statistics:

num_allocs_failed_limit: 11.
num_arena_births: 1524.
num_arena_deaths: 0.
num_vsnodes_births: 3.
num_vsnodes_deaths: 0.
num_space_committed: 1866.
num_space_uncommitted: 0.
num_chunks_returned_to_freelist: 11.
num_chunks_taken_from_freelist: 6313.
num_chunk_merges: 6.
num_chunk_splits: 4019.
num_chunks_enlarged: 2532.
num_inconsistent_stats: 0.

CodeHeap 'non-profiled nmethods': size=120000Kb used=8801Kb max_used=9809Kb free=111198Kb
 bounds [0x000001c687ad0000, 0x000001c688480000, 0x000001c68f000000]
CodeHeap 'profiled nmethods': size=120000Kb used=28530Kb max_used=28835Kb free=91470Kb
 bounds [0x000001c680000000, 0x000001c681c80000, 0x000001c687530000]
CodeHeap 'non-nmethods': size=5760Kb used=2481Kb max_used=2514Kb free=3278Kb
 bounds [0x000001c687530000, 0x000001c6877b0000, 0x000001c687ad0000]
 total_blobs=15350 nmethods=14356 adapters=904
 compilation: enabled
              stopped_count=0, restarted_count=0
 full_count=0

Compilation events (20 events):
Event: 22.124 Thread 0x000001c691214e20 nmethod 17282 0x000001c680c3d090 code [0x000001c680c3d220, 0x000001c680c3d338]
Event: 22.124 Thread 0x000001c691214e20 17275       2       com.android.tools.r8.internal.C8::a (161 bytes)
Event: 22.124 Thread 0x000001c691214e20 nmethod 17275 0x000001c680a2b210 code [0x000001c680a2b460, 0x000001c680a2bee8]
Event: 22.124 Thread 0x000001c691214e20 17283       2       com.android.tools.r8.internal.C8::<init> (10 bytes)
Event: 22.124 Thread 0x000001c691214e20 nmethod 17283 0x000001c681666c10 code [0x000001c681666da0, 0x000001c681666ef8]
Event: 22.124 Thread 0x000001c691214e20 17278       2       com.android.tools.r8.internal.m6::a (4 bytes)
Event: 22.124 Thread 0x000001c691214e20 nmethod 17278 0x000001c680f62110 code [0x000001c680f622a0, 0x000001c680f62398]
Event: 22.124 Thread 0x000001c691214e20 17299       2       com.android.tools.r8.graph.n0::S0 (9 bytes)
Event: 22.125 Thread 0x000001c691214e20 nmethod 17299 0x000001c681666610 code [0x000001c6816667a0, 0x000001c6816668b8]
Event: 22.125 Thread 0x000001c691214e20 17303       2       com.google.common.util.concurrent.AbstractFuture::getDoneValue (55 bytes)
Event: 22.125 Thread 0x000001c691214e20 nmethod 17303 0x000001c680f9b990 code [0x000001c680f9bb80, 0x000001c680f9bfc8]
Event: 22.125 Thread 0x000001c691214e20 17304       2       com.google.common.util.concurrent.AbstractFuture::get (167 bytes)
Event: 22.126 Thread 0x000001c691214e20 nmethod 17304 0x000001c6808d4610 code [0x000001c6808d4860, 0x000001c6808d4fb8]
Event: 22.126 Thread 0x000001c691214e20 17306       2       com.android.tools.r8.graph.d3::a (34 bytes)
Event: 22.126 Thread 0x000001c691214e20 nmethod 17306 0x000001c68018f190 code [0x000001c68018f320, 0x000001c68018f438]
Event: 22.126 Thread 0x000001c691214e20 17310       2       com.android.tools.r8.graph.I::p1 (13 bytes)
Event: 22.126 Thread 0x000001c691214e20 nmethod 17310 0x000001c68018ee10 code [0x000001c68018efa0, 0x000001c68018f0b8]
Event: 22.126 Thread 0x000001c691214e20 17311       2       com.android.tools.r8.graph.I::l1 (23 bytes)
Event: 22.126 Thread 0x000001c691214e20 nmethod 17311 0x000001c680493790 code [0x000001c680493920, 0x000001c680493aa8]
Event: 22.126 Thread 0x000001c691214e20 17312       2       com.android.tools.r8.graph.I::o1 (12 bytes)

GC Heap History (20 events):
Event: 9.650 GC heap after
{Heap after GC invocations=32 (full 0):
 garbage-first heap   total 272384K, used 111156K [0x0000000700000000, 0x0000000800000000)
  region size 2048K, 9 young (18432K), 9 survivors (18432K)
 Metaspace       used 93772K, committed 94528K, reserved 1179648K
  class space    used 12930K, committed 13248K, reserved 1048576K
}
Event: 10.297 GC heap before
{Heap before GC invocations=32 (full 0):
 garbage-first heap   total 272384K, used 201268K [0x0000000700000000, 0x0000000800000000)
  region size 2048K, 54 young (110592K), 9 survivors (18432K)
 Metaspace       used 95065K, committed 95872K, reserved 1179648K
  class space    used 13107K, committed 13440K, reserved 1048576K
}
Event: 10.310 GC heap after
{Heap after GC invocations=33 (full 0):
 garbage-first heap   total 272384K, used 136645K [0x0000000700000000, 0x0000000800000000)
  region size 2048K, 7 young (14336K), 7 survivors (14336K)
 Metaspace       used 95065K, committed 95872K, reserved 1179648K
  class space    used 13107K, committed 13440K, reserved 1048576K
}
Event: 11.023 GC heap before
{Heap before GC invocations=33 (full 0):
 garbage-first heap   total 272384K, used 206277K [0x0000000700000000, 0x0000000800000000)
  region size 2048K, 41 young (83968K), 7 survivors (14336K)
 Metaspace       used 101529K, committed 102400K, reserved 1179648K
  class space    used 14022K, committed 14400K, reserved 1048576K
}
Event: 11.033 GC heap after
{Heap after GC invocations=34 (full 0):
 garbage-first heap   total 272384K, used 147527K [0x0000000700000000, 0x0000000800000000)
  region size 2048K, 5 young (10240K), 5 survivors (10240K)
 Metaspace       used 101529K, committed 102400K, reserved 1179648K
  class space    used 14022K, committed 14400K, reserved 1048576K
}
Event: 11.482 GC heap before
{Heap before GC invocations=34 (full 0):
 garbage-first heap   total 272384K, used 211015K [0x0000000700000000, 0x0000000800000000)
  region size 2048K, 36 young (73728K), 5 survivors (10240K)
 Metaspace       used 103281K, committed 104256K, reserved 1179648K
  class space    used 14258K, committed 14656K, reserved 1048576K
}
Event: 11.491 GC heap after
{Heap after GC invocations=35 (full 0):
 garbage-first heap   total 327680K, used 157091K [0x0000000700000000, 0x0000000800000000)
  region size 2048K, 5 young (10240K), 5 survivors (10240K)
 Metaspace       used 103281K, committed 104256K, reserved 1179648K
  class space    used 14258K, committed 14656K, reserved 1048576K
}
Event: 19.041 GC heap before
{Heap before GC invocations=35 (full 0):
 garbage-first heap   total 327680K, used 247203K [0x0000000700000000, 0x0000000800000000)
  region size 2048K, 50 young (102400K), 5 survivors (10240K)
 Metaspace       used 104719K, committed 105664K, reserved 1179648K
  class space    used 14531K, committed 14912K, reserved 1048576K
}
Event: 19.050 GC heap after
{Heap after GC invocations=36 (full 0):
 garbage-first heap   total 327680K, used 163447K [0x0000000700000000, 0x0000000800000000)
  region size 2048K, 4 young (8192K), 4 survivors (8192K)
 Metaspace       used 104719K, committed 105664K, reserved 1179648K
  class space    used 14531K, committed 14912K, reserved 1048576K
}
Event: 20.624 GC heap before
{Heap before GC invocations=36 (full 0):
 garbage-first heap   total 327680K, used 251511K [0x0000000700000000, 0x0000000800000000)
  region size 2048K, 48 young (98304K), 4 survivors (8192K)
 Metaspace       used 106945K, committed 107968K, reserved 1179648K
  class space    used 14729K, committed 15168K, reserved 1048576K
}
Event: 20.632 GC heap after
{Heap after GC invocations=37 (full 0):
 garbage-first heap   total 327680K, used 169591K [0x0000000700000000, 0x0000000800000000)
  region size 2048K, 6 young (12288K), 6 survivors (12288K)
 Metaspace       used 106945K, committed 107968K, reserved 1179648K
  class space    used 14729K, committed 15168K, reserved 1048576K
}
Event: 21.328 GC heap before
{Heap before GC invocations=37 (full 0):
 garbage-first heap   total 327680K, used 292471K [0x0000000700000000, 0x0000000800000000)
  region size 2048K, 48 young (98304K), 6 survivors (12288K)
 Metaspace       used 109960K, committed 110976K, reserved 1179648K
  class space    used 15104K, committed 15552K, reserved 1048576K
}
Event: 21.339 GC heap after
{Heap after GC invocations=38 (full 0):
 garbage-first heap   total 327680K, used 218130K [0x0000000700000000, 0x0000000800000000)
  region size 2048K, 7 young (14336K), 7 survivors (14336K)
 Metaspace       used 109960K, committed 110976K, reserved 1179648K
  class space    used 15104K, committed 15552K, reserved 1048576K
}
Event: 21.475 GC heap before
{Heap before GC invocations=38 (full 0):
 garbage-first heap   total 509952K, used 300050K [0x0000000700000000, 0x0000000800000000)
  region size 2048K, 27 young (55296K), 7 survivors (14336K)
 Metaspace       used 110628K, committed 111744K, reserved 1179648K
  class space    used 15208K, committed 15744K, reserved 1048576K
}
Event: 21.485 GC heap after
{Heap after GC invocations=39 (full 0):
 garbage-first heap   total 509952K, used 268056K [0x0000000700000000, 0x0000000800000000)
  region size 2048K, 4 young (8192K), 4 survivors (8192K)
 Metaspace       used 110628K, committed 111744K, reserved 1179648K
  class space    used 15208K, committed 15744K, reserved 1048576K
}
Event: 21.809 GC heap before
{Heap before GC invocations=40 (full 0):
 garbage-first heap   total 509952K, used 403224K [0x0000000700000000, 0x0000000800000000)
  region size 2048K, 72 young (147456K), 4 survivors (8192K)
 Metaspace       used 114367K, committed 115456K, reserved 1179648K
  class space    used 15809K, committed 16320K, reserved 1048576K
}
Event: 21.822 GC heap after
{Heap after GC invocations=41 (full 0):
 garbage-first heap   total 509952K, used 297959K [0x0000000700000000, 0x0000000800000000)
  region size 2048K, 9 young (18432K), 9 survivors (18432K)
 Metaspace       used 114367K, committed 115456K, reserved 1179648K
  class space    used 15809K, committed 16320K, reserved 1048576K
}
Event: 21.864 GC heap before
{Heap before GC invocations=41 (full 0):
 garbage-first heap   total 509952K, used 304103K [0x0000000700000000, 0x0000000800000000)
  region size 2048K, 12 young (24576K), 9 survivors (18432K)
 Metaspace       used 114604K, committed 115776K, reserved 1179648K
  class space    used 15833K, committed 16320K, reserved 1048576K
}
Event: 21.871 GC heap after
{Heap after GC invocations=42 (full 0):
 garbage-first heap   total 509952K, used 295234K [0x0000000700000000, 0x0000000800000000)
  region size 2048K, 2 young (4096K), 2 survivors (4096K)
 Metaspace       used 114604K, committed 115776K, reserved 1179648K
  class space    used 15833K, committed 16320K, reserved 1048576K
}
Event: 22.129 GC heap before
{Heap before GC invocations=42 (full 0):
 garbage-first heap   total 509952K, used 405826K [0x0000000700000000, 0x0000000800000000)
  region size 2048K, 56 young (114688K), 2 survivors (4096K)
 Metaspace       used 118210K, committed 119424K, reserved 1179648K
  class space    used 16433K, committed 16960K, reserved 1048576K
}

Dll operation events (2 events):
Event: 0.007 Loaded shared library C:\Program Files\Android\Android Studio\jbr\bin\java.dll
Event: 0.341 Loaded shared library C:\Program Files\Android\Android Studio\jbr\bin\verify.dll

Deoptimization events (20 events):
Event: 22.046 Thread 0x000001c697a48e00 DEOPT PACKING pc=0x000001c680b446fe sp=0x00000047982fa050
Event: 22.046 Thread 0x000001c697a48e00 DEOPT UNPACKING pc=0x000001c687587143 sp=0x00000047982f94c0 mode 0
Event: 22.047 Thread 0x000001c697a48e00 DEOPT PACKING pc=0x000001c680b446fe sp=0x00000047982f9f40
Event: 22.047 Thread 0x000001c697a48e00 DEOPT UNPACKING pc=0x000001c687587143 sp=0x00000047982f93b0 mode 0
Event: 22.048 Thread 0x000001c697a48e00 DEOPT PACKING pc=0x000001c680b446fe sp=0x00000047982fa250
Event: 22.048 Thread 0x000001c697a48e00 DEOPT UNPACKING pc=0x000001c687587143 sp=0x00000047982f96c0 mode 0
Event: 22.048 Thread 0x000001c697a48e00 DEOPT PACKING pc=0x000001c680b446fe sp=0x00000047982fa010
Event: 22.048 Thread 0x000001c697a48e00 DEOPT UNPACKING pc=0x000001c687587143 sp=0x00000047982f9480 mode 0
Event: 22.049 Thread 0x000001c697a4ac60 DEOPT PACKING pc=0x000001c680b446fe sp=0x00000047989fa3d0
Event: 22.049 Thread 0x000001c697a4ac60 DEOPT UNPACKING pc=0x000001c687587143 sp=0x00000047989f9840 mode 0
Event: 22.050 Thread 0x000001c69a90ed10 DEOPT PACKING pc=0x000001c680b446fe sp=0x000000479b5fa700
Event: 22.050 Thread 0x000001c69a90ed10 DEOPT UNPACKING pc=0x000001c687587143 sp=0x000000479b5f9b70 mode 0
Event: 22.052 Thread 0x000001c697a4ac60 DEOPT PACKING pc=0x000001c680b446fe sp=0x00000047989fa3d0
Event: 22.052 Thread 0x000001c697a4ac60 DEOPT UNPACKING pc=0x000001c687587143 sp=0x00000047989f9840 mode 0
Event: 22.052 Thread 0x000001c69a90ed10 DEOPT PACKING pc=0x000001c680b446fe sp=0x000000479b5fa1c0
Event: 22.052 Thread 0x000001c69a90ed10 DEOPT UNPACKING pc=0x000001c687587143 sp=0x000000479b5f9630 mode 0
Event: 22.054 Thread 0x000001c69a911590 DEOPT PACKING pc=0x000001c680b446fe sp=0x000000479b8fa170
Event: 22.054 Thread 0x000001c69a911590 DEOPT UNPACKING pc=0x000001c687587143 sp=0x000000479b8f95e0 mode 0
Event: 22.075 Thread 0x000001c69ab98e90 DEOPT PACKING pc=0x000001c680668d7e sp=0x00000047973fa440
Event: 22.075 Thread 0x000001c69ab98e90 DEOPT UNPACKING pc=0x000001c687587143 sp=0x00000047973f9920 mode 0

Classes unloaded (0 events):
No events

Classes redefined (0 events):
No events

Internal exceptions (20 events):
Event: 21.780 Thread 0x000001c69ab95bf0 Exception <a 'java/lang/IncompatibleClassChangeError'{0x000000071657ac00}: Found class java.lang.Object, but interface was expected> (0x000000071657ac00) 
thrown [s\src\hotspot\share\interpreter\linkResolver.cpp, line 838]
Event: 21.780 Thread 0x000001c69a25f4c0 Exception <a 'java/lang/IncompatibleClassChangeError'{0x000000071683eca8}: Found class java.lang.Object, but interface was expected> (0x000000071683eca8) 
thrown [s\src\hotspot\share\interpreter\linkResolver.cpp, line 838]
Event: 21.780 Thread 0x000001c69ab993a0 Exception <a 'java/lang/IncompatibleClassChangeError'{0x0000000716570158}: Found class java.lang.Object, but interface was expected> (0x0000000716570158) 
thrown [s\src\hotspot\share\interpreter\linkResolver.cpp, line 838]
Event: 21.780 Thread 0x000001c697a4ac60 Exception <a 'java/lang/IncompatibleClassChangeError'{0x00000007166a9aa0}: Found class java.lang.Object, but interface was expected> (0x00000007166a9aa0) 
thrown [s\src\hotspot\share\interpreter\linkResolver.cpp, line 838]
Event: 21.780 Thread 0x000001c697a46fa0 Exception <a 'java/lang/IncompatibleClassChangeError'{0x00000007166c5208}: Found class java.lang.Object, but interface was expected> (0x00000007166c5208) 
thrown [s\src\hotspot\share\interpreter\linkResolver.cpp, line 838]
Event: 21.790 Thread 0x000001c697a4ac60 Exception <a 'java/lang/NoSuchMethodError'{0x00000007163a51f0}: 'java.lang.Object java.lang.invoke.DirectMethodHandle$Holder.newInvokeSpecial(java.lang.Object, java.lang.Object, int, java.lang.Object, java.lang.Object)'> (0x00000007163a51f0) 
thrown [s\src\hotspot\share\interpreter\linkResolver.cpp, line 771]
Event: 21.790 Thread 0x000001c69ab95bf0 Exception <a 'java/lang/NoSuchMethodError'{0x000000071600b078}: 'java.lang.Object java.lang.invoke.DirectMethodHandle$Holder.newInvokeSpecial(java.lang.Object, java.lang.Object, int, java.lang.Object, java.lang.Object)'> (0x000000071600b078) 
thrown [s\src\hotspot\share\interpreter\linkResolver.cpp, line 771]
Event: 21.790 Thread 0x000001c697a48e00 Exception <a 'java/lang/NoSuchMethodError'{0x00000007163f3e10}: 'java.lang.Object java.lang.invoke.DirectMethodHandle$Holder.newInvokeSpecial(java.lang.Object, java.lang.Object, int, java.lang.Object, java.lang.Object)'> (0x00000007163f3e10) 
thrown [s\src\hotspot\share\interpreter\linkResolver.cpp, line 771]
Event: 21.790 Thread 0x000001c69a911590 Exception <a 'java/lang/NoSuchMethodError'{0x0000000716003810}: 'java.lang.Object java.lang.invoke.DirectMethodHandle$Holder.newInvokeSpecial(java.lang.Object, java.lang.Object, int, java.lang.Object, java.lang.Object)'> (0x0000000716003810) 
thrown [s\src\hotspot\share\interpreter\linkResolver.cpp, line 771]
Event: 21.945 Thread 0x000001c69a911fb0 Exception <a 'java/lang/NoSuchMethodError'{0x000000071d213f38}: 'void java.lang.invoke.DirectMethodHandle$Holder.invokeStatic(java.lang.Object, java.lang.Object, java.lang.Object, int)'> (0x000000071d213f38) 
thrown [s\src\hotspot\share\interpreter\linkResolver.cpp, line 771]
Event: 21.945 Thread 0x000001c69ab95bf0 Exception <a 'java/lang/NoSuchMethodError'{0x000000071cdf9950}: 'void java.lang.invoke.DirectMethodHandle$Holder.invokeStatic(java.lang.Object, java.lang.Object, java.lang.Object, int)'> (0x000000071cdf9950) 
thrown [s\src\hotspot\share\interpreter\linkResolver.cpp, line 771]
Event: 21.945 Thread 0x000001c697a46fa0 Exception <a 'java/lang/NoSuchMethodError'{0x000000071ccb8ca0}: 'void java.lang.invoke.DirectMethodHandle$Holder.invokeStatic(java.lang.Object, java.lang.Object, java.lang.Object, int)'> (0x000000071ccb8ca0) 
thrown [s\src\hotspot\share\interpreter\linkResolver.cpp, line 771]
Event: 21.946 Thread 0x000001c697a46fa0 Exception <a 'java/lang/IncompatibleClassChangeError'{0x000000071ccbf2f8}: Found class java.lang.Object, but interface was expected> (0x000000071ccbf2f8) 
thrown [s\src\hotspot\share\interpreter\linkResolver.cpp, line 838]
Event: 21.946 Thread 0x000001c69ab95bf0 Exception <a 'java/lang/IncompatibleClassChangeError'{0x000000071cb21f80}: Found class java.lang.Object, but interface was expected> (0x000000071cb21f80) 
thrown [s\src\hotspot\share\interpreter\linkResolver.cpp, line 838]
Event: 21.946 Thread 0x000001c69a911fb0 Exception <a 'java/lang/IncompatibleClassChangeError'{0x000000071cb073a8}: Found class java.lang.Object, but interface was expected> (0x000000071cb073a8) 
thrown [s\src\hotspot\share\interpreter\linkResolver.cpp, line 838]
Event: 22.077 Thread 0x000001c69a911fb0 Exception <a 'java/lang/NoSuchMethodError'{0x000000071a122870}: 'java.lang.Object java.lang.invoke.DirectMethodHandle$Holder.invokeStatic(java.lang.Object, int, java.lang.Object, java.lang.Object)'> (0x000000071a122870) 
thrown [s\src\hotspot\share\interpreter\linkResolver.cpp, line 771]
Event: 22.077 Thread 0x000001c697a48e00 Exception <a 'java/lang/NoSuchMethodError'{0x0000000719f07060}: 'java.lang.Object java.lang.invoke.DirectMethodHandle$Holder.invokeStatic(java.lang.Object, int, java.lang.Object, java.lang.Object)'> (0x0000000719f07060) 
thrown [s\src\hotspot\share\interpreter\linkResolver.cpp, line 771]
Event: 22.078 Thread 0x000001c69ab95bf0 Exception <a 'java/lang/NoSuchMethodError'{0x0000000719cf1008}: 'java.lang.Object java.lang.invoke.DirectMethodHandle$Holder.invokeStatic(java.lang.Object, int, java.lang.Object, java.lang.Object)'> (0x0000000719cf1008) 
thrown [s\src\hotspot\share\interpreter\linkResolver.cpp, line 771]
Event: 22.078 Thread 0x000001c697a46fa0 Exception <a 'java/lang/NoSuchMethodError'{0x000000071a0d4c78}: 'java.lang.Object java.lang.invoke.DirectMethodHandle$Holder.invokeStatic(java.lang.Object, int, java.lang.Object, java.lang.Object)'> (0x000000071a0d4c78) 
thrown [s\src\hotspot\share\interpreter\linkResolver.cpp, line 771]
Event: 22.077 Thread 0x000001c69ab993a0 Exception <a 'java/lang/NoSuchMethodError'{0x0000000719cda088}: 'java.lang.Object java.lang.invoke.DirectMethodHandle$Holder.invokeStatic(java.lang.Object, int, java.lang.Object, java.lang.Object)'> (0x0000000719cda088) 
thrown [s\src\hotspot\share\interpreter\linkResolver.cpp, line 771]

VM Operations (20 events):
Event: 21.795 Executing VM operation: HandshakeAllThreads done
Event: 21.808 Executing VM operation: G1CollectForAllocation
Event: 21.808 Executing VM operation: G1CollectForAllocation done
Event: 21.809 Executing VM operation: G1CollectForAllocation
Event: 21.822 Executing VM operation: G1CollectForAllocation done
Event: 21.864 Executing VM operation: G1CollectForAllocation
Event: 21.864 Executing VM operation: G1CollectForAllocation done
Event: 21.864 Executing VM operation: G1CollectForAllocation
Event: 21.872 Executing VM operation: G1CollectForAllocation done
Event: 21.954 Executing VM operation: HandshakeAllThreads
Event: 21.955 Executing VM operation: HandshakeAllThreads done
Event: 22.096 Executing VM operation: HandshakeAllThreads
Event: 22.097 Executing VM operation: HandshakeAllThreads done
Event: 22.110 Executing VM operation: HandshakeAllThreads
Event: 22.111 Executing VM operation: HandshakeAllThreads done
Event: 22.127 Executing VM operation: G1CollectForAllocation
Event: 22.128 Executing VM operation: G1CollectForAllocation done
Event: 22.129 Executing VM operation: HandshakeAllThreads
Event: 22.129 Executing VM operation: HandshakeAllThreads done
Event: 22.129 Executing VM operation: G1CollectForAllocation

Events (20 events):
Event: 21.831 Thread 0x000001c69121f750 flushing nmethod 0x000001c6817b3e10
Event: 21.831 Thread 0x000001c69121f750 flushing nmethod 0x000001c6817bdb90
Event: 21.831 Thread 0x000001c69121f750 flushing nmethod 0x000001c6817f4b90
Event: 21.831 Thread 0x000001c69121f750 flushing nmethod 0x000001c6817f4f10
Event: 21.831 Thread 0x000001c69121f750 flushing nmethod 0x000001c681868d90
Event: 21.831 Thread 0x000001c69121f750 flushing nmethod 0x000001c68186af90
Event: 21.831 Thread 0x000001c69121f750 flushing nmethod 0x000001c68186f790
Event: 21.831 Thread 0x000001c69121f750 flushing nmethod 0x000001c681872e10
Event: 21.831 Thread 0x000001c69121f750 flushing nmethod 0x000001c68187b990
Event: 21.831 Thread 0x000001c69121f750 flushing nmethod 0x000001c68188b310
Event: 21.832 Thread 0x000001c69121f750 flushing nmethod 0x000001c6818fe490
Event: 21.832 Thread 0x000001c69121f750 flushing nmethod 0x000001c681953d10
Event: 21.832 Thread 0x000001c69121f750 flushing nmethod 0x000001c681954190
Event: 21.834 Thread 0x000001c69121f750 flushing nmethod 0x000001c681b28a90
Event: 21.834 Thread 0x000001c69121f750 flushing nmethod 0x000001c681ba9910
Event: 21.834 Thread 0x000001c69121f750 flushing nmethod 0x000001c681bab110
Event: 21.834 Thread 0x000001c69121f750 flushing nmethod 0x000001c681bab610
Event: 21.834 Thread 0x000001c69121f750 flushing nmethod 0x000001c681bad990
Event: 21.834 Thread 0x000001c69121f750 flushing nmethod 0x000001c681badd90
Event: 21.834 Thread 0x000001c69121f750 flushing nmethod 0x000001c681bb9710


Dynamic libraries:
0x00007ff78c980000 - 0x00007ff78c98a000 	C:\Program Files\Android\Android Studio\jbr\bin\java.exe
0x00007ffa36bb0000 - 0x00007ffa36da8000 	C:\WINDOWS\SYSTEM32\ntdll.dll
0x00007ffa35650000 - 0x00007ffa35711000 	C:\WINDOWS\System32\KERNEL32.DLL
0x00007ffa34320000 - 0x00007ffa3461d000 	C:\WINDOWS\System32\KERNELBASE.dll
0x00007ffa34620000 - 0x00007ffa34720000 	C:\WINDOWS\System32\ucrtbase.dll
0x00007ff9fc600000 - 0x00007ff9fc617000 	C:\Program Files\Android\Android Studio\jbr\bin\jli.dll
0x00007ffa18340000 - 0x00007ffa1835b000 	C:\Program Files\Android\Android Studio\jbr\bin\VCRUNTIME140.dll
0x00007ffa34ed0000 - 0x00007ffa3506d000 	C:\WINDOWS\System32\USER32.dll
0x00007ffa1f150000 - 0x00007ffa1f3ea000 	C:\WINDOWS\WinSxS\amd64_microsoft.windows.common-controls_6595b64144ccf1df_6.0.19041.4355_none_60b8b9eb71f62e16\COMCTL32.dll
0x00007ffa34a80000 - 0x00007ffa34aa2000 	C:\WINDOWS\System32\win32u.dll
0x00007ffa355b0000 - 0x00007ffa355db000 	C:\WINDOWS\System32\GDI32.dll
0x00007ffa35720000 - 0x00007ffa357be000 	C:\WINDOWS\System32\msvcrt.dll
0x00007ffa34750000 - 0x00007ffa34867000 	C:\WINDOWS\System32\gdi32full.dll
0x00007ffa34ab0000 - 0x00007ffa34b4d000 	C:\WINDOWS\System32\msvcp_win.dll
0x00007ffa36880000 - 0x00007ffa368af000 	C:\WINDOWS\System32\IMM32.DLL
0x00007ffa27050000 - 0x00007ffa2705c000 	C:\Program Files\Android\Android Studio\jbr\bin\vcruntime140_1.dll
0x00007ff9dc9d0000 - 0x00007ff9dca5d000 	C:\Program Files\Android\Android Studio\jbr\bin\msvcp140.dll
0x00007ff9dba90000 - 0x00007ff9dc713000 	C:\Program Files\Android\Android Studio\jbr\bin\server\jvm.dll
0x00007ffa35080000 - 0x00007ffa35130000 	C:\WINDOWS\System32\ADVAPI32.dll
0x00007ffa35aa0000 - 0x00007ffa35b40000 	C:\WINDOWS\System32\sechost.dll
0x00007ffa34d20000 - 0x00007ffa34e43000 	C:\WINDOWS\System32\RPCRT4.dll
0x00007ffa34720000 - 0x00007ffa34747000 	C:\WINDOWS\System32\bcrypt.dll
0x00007ffa33ce0000 - 0x00007ffa33d2b000 	C:\WINDOWS\SYSTEM32\POWRPROF.dll
0x00007ffa23d10000 - 0x00007ffa23d19000 	C:\WINDOWS\SYSTEM32\WSOCK32.dll
0x00007ffa355e0000 - 0x00007ffa3564b000 	C:\WINDOWS\System32\WS2_32.dll
0x00007ffa2db30000 - 0x00007ffa2db3a000 	C:\WINDOWS\SYSTEM32\VERSION.dll
0x00007ffa2a850000 - 0x00007ffa2a877000 	C:\WINDOWS\SYSTEM32\WINMM.dll
0x00007ffa33cc0000 - 0x00007ffa33cd2000 	C:\WINDOWS\SYSTEM32\UMPDC.dll
0x00007ffa32100000 - 0x00007ffa32112000 	C:\WINDOWS\SYSTEM32\kernel.appcore.dll
0x00007ffa23ce0000 - 0x00007ffa23cea000 	C:\Program Files\Android\Android Studio\jbr\bin\jimage.dll
0x00007ffa2e4e0000 - 0x00007ffa2e6c4000 	C:\WINDOWS\SYSTEM32\DBGHELP.DLL
0x00007ffa24930000 - 0x00007ffa24964000 	C:\WINDOWS\SYSTEM32\dbgcore.DLL
0x00007ffa34b50000 - 0x00007ffa34bd2000 	C:\WINDOWS\System32\bcryptPrimitives.dll
0x00007ffa23cb0000 - 0x00007ffa23cd5000 	C:\Program Files\Android\Android Studio\jbr\bin\java.dll
0x00007ffa23c90000 - 0x00007ffa23ca8000 	C:\Program Files\Android\Android Studio\jbr\bin\zip.dll
0x00007ffa36110000 - 0x00007ffa3687f000 	C:\WINDOWS\System32\SHELL32.dll
0x00007ffa32300000 - 0x00007ffa32aa3000 	C:\WINDOWS\SYSTEM32\windows.storage.dll
0x00007ffa35d50000 - 0x00007ffa360a3000 	C:\WINDOWS\System32\combase.dll
0x00007ffa33c20000 - 0x00007ffa33c4e000 	C:\WINDOWS\SYSTEM32\Wldp.dll
0x00007ffa36970000 - 0x00007ffa36a3d000 	C:\WINDOWS\System32\OLEAUT32.dll
0x00007ffa34be0000 - 0x00007ffa34c8d000 	C:\WINDOWS\System32\SHCORE.dll
0x00007ffa36910000 - 0x00007ffa36965000 	C:\WINDOWS\System32\shlwapi.dll
0x00007ffa34190000 - 0x00007ffa341b4000 	C:\WINDOWS\SYSTEM32\profapi.dll
0x00007ffa23c70000 - 0x00007ffa23c89000 	C:\Program Files\Android\Android Studio\jbr\bin\net.dll
0x00007ffa2df40000 - 0x00007ffa2e04d000 	C:\WINDOWS\SYSTEM32\WINHTTP.dll
0x00007ffa33920000 - 0x00007ffa3398a000 	C:\WINDOWS\system32\mswsock.dll
0x00007ffa23c50000 - 0x00007ffa23c66000 	C:\Program Files\Android\Android Studio\jbr\bin\nio.dll
0x00007ffa16090000 - 0x00007ffa160a0000 	C:\Program Files\Android\Android Studio\jbr\bin\verify.dll
0x00007ffa16900000 - 0x00007ffa16927000 	C:\Users\DAVID\.gradle\native\c067742578af261105cb4f569cf0c3c89f3d7b1fecec35dd04571415982c5e48\windows-amd64\native-platform.dll
0x00007ffa13180000 - 0x00007ffa132c4000 	C:\Users\DAVID\.gradle\native\38dada09dfb8b06ba9b0570ebf7e218e3eb74d4ef43ca46872605cf95ebc2f47\windows-amd64\native-platform-file-events.dll
0x00007ffa188b0000 - 0x00007ffa188b9000 	C:\Program Files\Android\Android Studio\jbr\bin\management.dll
0x00007ffa16480000 - 0x00007ffa1648b000 	C:\Program Files\Android\Android Studio\jbr\bin\management_ext.dll
0x00007ffa35070000 - 0x00007ffa35078000 	C:\WINDOWS\System32\PSAPI.DLL
0x00007ffa33b10000 - 0x00007ffa33b28000 	C:\WINDOWS\SYSTEM32\CRYPTSP.dll
0x00007ffa33240000 - 0x00007ffa33274000 	C:\WINDOWS\system32\rsaenh.dll
0x00007ffa34110000 - 0x00007ffa3413e000 	C:\WINDOWS\SYSTEM32\USERENV.dll
0x00007ffa33b30000 - 0x00007ffa33b3c000 	C:\WINDOWS\SYSTEM32\CRYPTBASE.dll
0x00007ffa33600000 - 0x00007ffa3363b000 	C:\WINDOWS\SYSTEM32\IPHLPAPI.DLL
0x00007ffa355a0000 - 0x00007ffa355a8000 	C:\WINDOWS\System32\NSI.dll
0x00007ffa30180000 - 0x00007ffa30197000 	C:\WINDOWS\SYSTEM32\dhcpcsvc6.DLL
0x00007ffa2fa80000 - 0x00007ffa2fa9d000 	C:\WINDOWS\SYSTEM32\dhcpcsvc.DLL
0x00007ffa33640000 - 0x00007ffa3370a000 	C:\WINDOWS\SYSTEM32\DNSAPI.dll
0x00007ffa18b60000 - 0x00007ffa18b69000 	C:\Program Files\Android\Android Studio\jbr\bin\extnet.dll
0x00007ffa1f720000 - 0x00007ffa1f727000 	C:\WINDOWS\system32\wshunix.dll
0x00007ffa23da0000 - 0x00007ffa23da7000 	C:\Program Files\Android\Android Studio\jbr\bin\rmi.dll
0x00007ffa23db0000 - 0x00007ffa23dce000 	C:\Users\DAVID\AppData\Local\Temp\native-platform12058514184940627835dir\native-platform.dll

dbghelp: loaded successfully - version: 4.0.5 - missing functions: none
symbol engine: initialized successfully - sym options: 0x614 - pdb path: .;C:\Program Files\Android\Android Studio\jbr\bin;C:\WINDOWS\SYSTEM32;C:\WINDOWS\WinSxS\amd64_microsoft.windows.common-controls_6595b64144ccf1df_6.0.19041.4355_none_60b8b9eb71f62e16;C:\Program Files\Android\Android Studio\jbr\bin\server;C:\Users\DAVID\.gradle\native\c067742578af261105cb4f569cf0c3c89f3d7b1fecec35dd04571415982c5e48\windows-amd64;C:\Users\DAVID\.gradle\native\38dada09dfb8b06ba9b0570ebf7e218e3eb74d4ef43ca46872605cf95ebc2f47\windows-amd64;C:\Users\DAVID\AppData\Local\Temp\native-platform12058514184940627835dir

VM Arguments:
jvm_args: -XX:MaxMetaspaceSize=2G -XX:+HeapDumpOnOutOfMemoryError --add-opens=java.base/java.util=ALL-UNNAMED --add-opens=java.base/java.lang=ALL-UNNAMED --add-opens=java.base/java.lang.invoke=ALL-UNNAMED --add-opens=java.prefs/java.util.prefs=ALL-UNNAMED --add-opens=java.base/java.nio.charset=ALL-UNNAMED --add-opens=java.base/java.net=ALL-UNNAMED --add-opens=java.base/java.util.concurrent.atomic=ALL-UNNAMED -Xmx4G -Dfile.encoding=windows-1252 -Duser.country=BR -Duser.language=pt -Duser.variant 
java_command: org.gradle.launcher.daemon.bootstrap.GradleDaemon 7.6.3
java_class_path (initial): C:\Users\DAVID\.gradle\wrapper\dists\gradle-7.6.3-all\aocdy2d2z8kodnny3rsumj8i8\gradle-7.6.3\lib\gradle-launcher-7.6.3.jar
Launcher Type: SUN_STANDARD

[Global flags]
     intx CICompilerCount                          = 4                                         {product} {ergonomic}
     uint ConcGCThreads                            = 3                                         {product} {ergonomic}
     uint G1ConcRefinementThreads                  = 10                                        {product} {ergonomic}
   size_t G1HeapRegionSize                         = 2097152                                   {product} {ergonomic}
    uintx GCDrainStackTargetSize                   = 64                                        {product} {ergonomic}
     bool HeapDumpOnOutOfMemoryError               = true                                   {manageable} {command line}
   size_t InitialHeapSize                          = 268435456                                 {product} {ergonomic}
   size_t MarkStackSize                            = 4194304                                   {product} {ergonomic}
   size_t MaxHeapSize                              = 4294967296                                {product} {command line}
   size_t MaxMetaspaceSize                         = 2147483648                                {product} {command line}
   size_t MaxNewSize                               = 2575302656                                {product} {ergonomic}
   size_t MinHeapDeltaBytes                        = 2097152                                   {product} {ergonomic}
   size_t MinHeapSize                              = 8388608                                   {product} {ergonomic}
    uintx NonNMethodCodeHeapSize                   = 5839372                                {pd product} {ergonomic}
    uintx NonProfiledCodeHeapSize                  = 122909434                              {pd product} {ergonomic}
    uintx ProfiledCodeHeapSize                     = 122909434                              {pd product} {ergonomic}
    uintx ReservedCodeCacheSize                    = 251658240                              {pd product} {ergonomic}
     bool SegmentedCodeCache                       = true                                      {product} {ergonomic}
   size_t SoftMaxHeapSize                          = 4294967296                             {manageable} {ergonomic}
     bool UseCompressedClassPointers               = true                           {product lp64_product} {ergonomic}
     bool UseCompressedOops                        = true                           {product lp64_product} {ergonomic}
     bool UseG1GC                                  = true                                      {product} {ergonomic}
     bool UseLargePagesIndividualAllocation        = false                                  {pd product} {ergonomic}

Logging:
Log output configuration:
 #0: stdout all=warning uptime,level,tags
 #1: stderr all=off uptime,level,tags

Environment Variables:
JAVA_HOME=C:\Program Files\Android\Android Studio\jbr
CLASSPATH=D:\DOCUMENTOS\PROJETO_FLUTTER\dmega\android\\gradle\wrapper\gradle-wrapper.jar
PATH=C:\Program Files\Android\Android Studio\jbr\bin;C:\WINDOWS\system32;C:\WINDOWS;C:\WINDOWS\System32\Wbem;C:\WINDOWS\System32\WindowsPowerShell\v1.0\;C:\WINDOWS\System32\OpenSSH\;C:\Program Files\Git\cmd;C:\Users\DAVID\AppData\Local\Microsoft\WindowsApps;C:\Users\DAVID\AppData\Local\Programs\Microsoft VS Code\bin;C:\src\flutter\bin;;C:\src\flutter\bin\mingit\cmd;C:\src\flutter\bin\mingit\cmd
USERNAME=DAVID
OS=Windows_NT
PROCESSOR_IDENTIFIER=AMD64 Family 23 Model 8 Stepping 2, AuthenticAMD
TMP=C:\Users\DAVID\AppData\Local\Temp
TEMP=C:\Users\DAVID\AppData\Local\Temp



Periodic native trim disabled

JNI global refs:
JNI global refs: 29, weak refs: 87

JNI global refs memory usage: 843, weak refs: 1473

Process memory usage:
Resident Set Size: 935648K (5% of 16699980K total physical memory with 5115372K free physical memory)

OOME stack traces (most recent first):
Classloader memory used:
Loader org.gradle.internal.classloader.VisitableURLClassLoader                         : 5237K
Loader org.gradle.internal.classloader.VisitableURLClassLoader                         : 4521K
Loader bootstrap                                                                       : 3217K
Loader org.gradle.initialization.MixInLegacyTypesClassLoader                           : 1461K
Loader jdk.internal.reflect.DelegatingClassLoader                                      : 133K
Loader org.gradle.groovy.scripts.internal.DefaultScriptCompilationHandler$ScriptClassLoader: 84947B
Loader jdk.internal.loader.ClassLoaders$PlatformClassLoader                            : 67014B
Loader org.codehaus.groovy.runtime.callsite.CallSiteClassLoader                        : 31155B
Loader jdk.internal.loader.ClassLoaders$AppClassLoader                                 : 26016B
Loader sun.reflect.misc.MethodUtil                                                     : 373B

Classes loaded by more than one classloader:
Class Program                                                                         : loaded 6 times (x 70B)
Class org.jetbrains.kotlin.config.MavenComparableVersion$ListItem                     : loaded 2 times (x 178B)
Class org.gradle.internal.installation.GradleInstallation                             : loaded 2 times (x 73B)
Class com.google.common.collect.UsingToStringOrdering                                 : loaded 2 times (x 112B)
Class com.google.common.collect.Iterators$MergingIterator                             : loaded 2 times (x 79B)
Class com.google.common.io.Closer$SuppressingSuppressor                               : loaded 2 times (x 72B)
Class net.rubygrapefruit.platform.internal.FunctionResult$Failure                     : loaded 2 times (x 77B)
Class org.objectweb.asm.ModuleVisitor                                                 : loaded 2 times (x 78B)
Class com.google.common.io.ByteSource                                                 : loaded 2 times (x 82B)
Class [Lcom.google.common.collect.AbstractMapEntry;                                   : loaded 2 times (x 67B)
Class build_bdsyv133i9322sofoljra228k                                                 : loaded 2 times (x 178B)
Class com.google.common.collect.ImmutableRangeSet$AsSet                               : loaded 2 times (x 233B)
Class com.google.common.collect.SingletonImmutableList                                : loaded 2 times (x 167B)
Class com.google.common.cache.CacheLoader$SupplierToCacheLoader                       : loaded 2 times (x 73B)
Class org.gradle.internal.classpath.ClassPath                                         : loaded 2 times (x 68B)
Class com.google.common.io.FileWriteMode                                              : loaded 2 times (x 77B)
Class com.google.common.cache.RemovalListener                                         : loaded 2 times (x 68B)
Class org.gradle.api.internal.classpath.DefaultModuleRegistry                         : loaded 2 times (x 84B)
Class build_ahpfki6hvmx1p6v0f9w91gw5t                                                 : loaded 2 times (x 178B)
Class com.google.common.collect.ImmutableEnumSet                                      : loaded 2 times (x 146B)
Class com.google.common.collect.ListMultimap                                          : loaded 2 times (x 68B)
Class com.google.common.base.CharMatcher$JavaDigit                                    : loaded 2 times (x 109B)
Class com.google.common.base.CharMatcher$Digit                                        : loaded 2 times (x 110B)
Class com.google.common.collect.AbstractMultimap                                      : loaded 2 times (x 121B)
Class com.google.common.cache.CacheBuilder$OneWeigher                                 : loaded 2 times (x 80B)
Class org.gradle.api.Action                                                           : loaded 2 times (x 68B)
Class com.google.common.io.ByteArrayDataOutput                                        : loaded 2 times (x 68B)
Class com.google.common.collect.ImmutableEntry                                        : loaded 2 times (x 80B)
Class com.google.common.collect.Lists$StringAsImmutableList                           : loaded 2 times (x 167B)
Class com.google.common.cache.LocalCache$StrongEntry                                  : loaded 2 times (x 106B)
Class org.objectweb.asm.FieldWriter                                                   : loaded 2 times (x 75B)
Class settings_duotokjbmbnzbfkkjgkxshmti                                              : loaded 2 times (x 177B)
Class com.google.common.base.CharMatcher                                              : loaded 2 times (x 109B)
Class com.google.common.base.CharMatcher$IsNot                                        : loaded 2 times (x 109B)
Class com.google.common.collect.RegularImmutableSortedSet                             : loaded 2 times (x 233B)
Class org.jetbrains.kotlin.config.MavenComparableVersion$IntegerItem                  : loaded 2 times (x 78B)
Class net.rubygrapefruit.platform.internal.FunctionResult                             : loaded 2 times (x 75B)
Class com.google.common.collect.SetMultimap                                           : loaded 2 times (x 68B)
Class com.google.common.base.Splitter                                                 : loaded 2 times (x 70B)
Class [Lcom.google.common.cache.Weigher;                                              : loaded 2 times (x 67B)
Class build_cj9ho4ep13kbcm4wricz0fa0v$_run_closure1                                   : loaded 2 times (x 134B)
Class net.rubygrapefruit.platform.internal.WrapperProcessLauncher                     : loaded 2 times (x 74B)
Class com.google.common.collect.Iterators$ArrayItr                                    : loaded 2 times (x 95B)
Class com.google.common.cache.LocalCache$Segment                                      : loaded 2 times (x 152B)
Class org.gradle.api.internal.DefaultClassPathProvider                                : loaded 2 times (x 74B)
Class org.gradle.internal.installation.GradleInstallation$1                           : loaded 2 times (x 73B)
Class com.google.common.cache.LocalCache$AbstractReferenceEntry                       : loaded 2 times (x 105B)
Class org.objectweb.asm.Type                                                          : loaded 2 times (x 70B)
Class com.google.common.util.concurrent.AbstractFuture$Failure                        : loaded 2 times (x 70B)
Class com.google.common.base.CharMatcher$BitSetMatcher                                : loaded 2 times (x 110B)
Class com.google.common.collect.ImmutableMap$IteratorBasedImmutableMap                : loaded 2 times (x 123B)
Class com.google.common.reflect.Reflection                                            : loaded 2 times (x 69B)
Class com.google.common.io.Files$FileByteSource                                       : loaded 2 times (x 83B)
Class com.google.common.collect.ImmutableMap                                          : loaded 2 times (x 118B)
Class net.rubygrapefruit.platform.internal.WindowsProcessLauncher                     : loaded 2 times (x 74B)
Class org.jetbrains.kotlin.config.LanguageFeature                                     : loaded 2 times (x 77B)
Class com.google.common.collect.AbstractMapBasedMultimap$Itr                          : loaded 2 times (x 81B)
Class com.google.common.base.Converter                                                : loaded 2 times (x 88B)
Class com.google.common.collect.ImmutableSortedSetFauxverideShim                      : loaded 2 times (x 145B)
Class org.jetbrains.kotlin.config.JvmDefaultMode                                      : loaded 2 times (x 77B)
Class [Lorg.jetbrains.kotlin.config.JvmDefaultMode;                                   : loaded 2 times (x 67B)
Class com.google.common.base.Equivalence                                              : loaded 2 times (x 80B)
Class com.google.common.cache.LocalCache$EntryFactory$1                               : loaded 2 times (x 81B)
Class com.google.common.primitives.Ints                                               : loaded 2 times (x 69B)
Class com.google.common.cache.LocalCache$EntryFactory$2                               : loaded 2 times (x 81B)
Class com.google.common.cache.LocalCache$EntryFactory$3                               : loaded 2 times (x 81B)
Class com.google.common.cache.LocalCache$EntryFactory$4                               : loaded 2 times (x 81B)
Class com.google.common.cache.LocalCache$EntryFactory$5                               : loaded 2 times (x 81B)
Class com.google.common.cache.LocalCache$EntryFactory$6                               : loaded 2 times (x 81B)
Class com.google.common.reflect.TypeResolver$TypeVariableKey                          : loaded 2 times (x 70B)
Class com.google.common.cache.LocalCache$EntryFactory$7                               : loaded 2 times (x 81B)
Class com.google.common.cache.LocalCache$EntryFactory$8                               : loaded 2 times (x 81B)
Class com.google.common.base.Predicate                                                : loaded 2 times (x 68B)
Class com.google.common.cache.LocalCache$StrongValueReference                         : loaded 2 times (x 88B)
Class org.gradle.internal.classloader.FilteringClassLoader                            : loaded 2 times (x 103B)
Class com.google.common.collect.AbstractMapBasedMultimap$WrappedCollection            : loaded 2 times (x 122B)
Class com.google.common.reflect.TypeResolver$TypeTable                                : loaded 2 times (x 71B)
Class com.google.common.reflect.Invokable$MethodInvokable                             : loaded 2 times (x 120B)
Class com.google.common.collect.RegularImmutableSet                                   : loaded 2 times (x 146B)
Class [Lcom.google.common.cache.LocalCache$Strength;                                  : loaded 2 times (x 67B)
Class org.gradle.internal.classpath.DefaultClassPath$ImmutableUniqueList$Builder      : loaded 2 times (x 73B)
Class com.google.common.collect.AbstractRangeSet                                      : loaded 2 times (x 112B)
Class com.google.common.collect.ExplicitOrdering                                      : loaded 2 times (x 113B)
Class com.google.common.collect.Maps$8                                                : loaded 2 times (x 80B)
Class com.google.common.base.PatternCompiler                                          : loaded 2 times (x 68B)
Class [Lcom.google.common.cache.CacheBuilder$NullListener;                            : loaded 2 times (x 67B)
Class com.google.common.base.CharMatcher$InRange                                      : loaded 2 times (x 109B)
Class com.google.common.collect.Maps$KeySet                                           : loaded 2 times (x 135B)
Class com.google.common.collect.Sets$SetView                                          : loaded 2 times (x 136B)
Class com.google.common.collect.BiMap                                                 : loaded 2 times (x 68B)
Class com.google.common.collect.Lists                                                 : loaded 2 times (x 69B)
Class org.objectweb.asm.AnnotationWriter                                              : loaded 2 times (x 76B)
Class com.google.common.math.IntMath$1                                                : loaded 2 times (x 69B)
Class org.gradle.internal.classloader.ClassLoaderVisitor                              : loaded 2 times (x 74B)
Class org.objectweb.asm.Label                                                         : loaded 2 times (x 71B)
Class com.google.common.cache.CacheBuilder$NullListener                               : loaded 2 times (x 80B)
Class com.google.common.math.MathPreconditions                                        : loaded 2 times (x 69B)
Class com.google.common.io.ByteStreams$1                                              : loaded 2 times (x 83B)
Class org.gradle.internal.service.DefaultServiceLocator                               : loaded 2 times (x 81B)
Class org.gradle.internal.service.UnknownServiceException                             : loaded 2 times (x 81B)
Class com.google.common.util.concurrent.AbstractFuture$SynchronizedHelper             : loaded 2 times (x 74B)
Class com.google.common.collect.ArrayListMultimap                                     : loaded 2 times (x 170B)
Class com.google.common.base.Strings                                                  : loaded 2 times (x 69B)
Class build_f0srlsa5vznkog7j8blhsloz4$_run_closure1$_closure3                         : loaded 2 times (x 134B)
Class com.google.common.io.Closer                                                     : loaded 2 times (x 76B)
Class com.google.common.cache.CacheLoader$InvalidCacheLoadException                   : loaded 2 times (x 80B)
Class org.gradle.internal.classloader.DefaultClassLoaderFactory                       : loaded 2 times (x 80B)
Class com.google.common.collect.UnmodifiableIterator                                  : loaded 2 times (x 78B)
Class com.google.common.collect.Sets$2$1                                              : loaded 2 times (x 80B)
Class com.google.common.base.Stopwatch                                                : loaded 2 times (x 70B)
Class com.google.common.reflect.Types                                                 : loaded 2 times (x 69B)
Class com.google.common.base.Platform$JdkPatternCompiler                              : loaded 2 times (x 73B)
Class net.rubygrapefruit.platform.ProcessLauncher                                     : loaded 2 times (x 68B)
Class com.google.common.cache.LocalCache$LoadingValueReference                        : loaded 2 times (x 94B)
Class com.google.common.base.CharMatcher$SingleWidth                                  : loaded 2 times (x 110B)
Class com.google.common.collect.Hashing                                               : loaded 2 times (x 69B)
Class com.google.common.io.ByteStreams$LimitedInputStream                             : loaded 2 times (x 90B)
Class com.google.common.collect.NullsFirstOrdering                                    : loaded 2 times (x 113B)
Class com.google.common.collect.ImmutableRangeSet$ComplementRanges                    : loaded 2 times (x 167B)
Class [Lcom.google.common.reflect.Types$ClassOwnership;                               : loaded 2 times (x 67B)
Class net.rubygrapefruit.platform.internal.DefaultProcessLauncher                     : loaded 2 times (x 73B)
Class com.google.common.collect.NaturalOrdering                                       : loaded 2 times (x 113B)
Class com.google.common.base.JdkPattern                                               : loaded 2 times (x 73B)
Class com.google.common.collect.ByFunctionOrdering                                    : loaded 2 times (x 113B)
Class com.google.common.collect.Multimap                                              : loaded 2 times (x 68B)
Class com.google.common.base.FunctionalEquivalence                                    : loaded 2 times (x 81B)
Class org.jetbrains.kotlin.config.AnalysisFlag                                        : loaded 2 times (x 70B)
Class org.objectweb.asm.AnnotationVisitor                                             : loaded 2 times (x 75B)
Class org.objectweb.asm.RecordComponentWriter                                         : loaded 2 times (x 76B)
Class com.google.common.cache.LocalCache$1                                            : loaded 2 times (x 87B)
Class com.google.common.cache.LocalCache$2                                            : loaded 2 times (x 140B)
Class com.google.common.collect.RegularImmutableBiMap                                 : loaded 2 times (x 147B)
Class org.gradle.internal.classloader.VisitableURLClassLoader$Spec                    : loaded 2 times (x 72B)
Class org.gradle.api.GradleException                                                  : loaded 2 times (x 80B)
Class com.google.common.base.CharMatcher$JavaLetterOrDigit                            : loaded 2 times (x 109B)
Class org.gradle.api.internal.classpath.ModuleRegistry                                : loaded 2 times (x 68B)
Class com.google.common.collect.CompoundOrdering                                      : loaded 2 times (x 113B)
Class com.google.common.reflect.TypeToken$1                                           : loaded 2 times (x 123B)
Class com.google.common.cache.CacheBuilder                                            : loaded 2 times (x 70B)
Class com.google.common.reflect.TypeToken$2                                           : loaded 2 times (x 123B)
Class org.objectweb.asm.ByteVector                                                    : loaded 2 times (x 76B)
Class com.google.common.collect.ImmutableCollection                                   : loaded 2 times (x 123B)
Class com.google.common.collect.ImmutableRangeSet                                     : loaded 2 times (x 113B)
Class com.google.common.base.PairwiseEquivalence                                      : loaded 2 times (x 81B)
Class com.google.common.base.Ticker                                                   : loaded 2 times (x 70B)
Class org.gradle.api.internal.ClassPathProvider                                       : loaded 2 times (x 68B)
Class com.google.common.collect.RegularImmutableMap$Values                            : loaded 2 times (x 167B)
Class org.objectweb.asm.ModuleWriter                                                  : loaded 2 times (x 79B)
Class org.gradle.internal.classloader.ClasspathUtil$1                                 : loaded 2 times (x 74B)
Class com.google.common.collect.ImmutableEnumMap                                      : loaded 2 times (x 123B)
Class com.google.common.collect.ImmutableList$ReverseImmutableList                    : loaded 2 times (x 168B)
Class net.rubygrapefruit.platform.internal.Platform$Posix                             : loaded 2 times (x 79B)
Class [Lorg.jetbrains.kotlin.utils.DescriptionAware;                                  : loaded 2 times (x 67B)
Class [Lorg.jetbrains.kotlin.config.ExplicitApiMode;                                  : loaded 2 times (x 67B)
Class com.google.common.cache.AbstractCache$StatsCounter                              : loaded 2 times (x 68B)
Class org.objectweb.asm.FieldVisitor                                                  : loaded 2 times (x 74B)
Class org.objectweb.asm.Symbol                                                        : loaded 2 times (x 71B)
Class com.google.common.reflect.TypeToken                                             : loaded 2 times (x 71B)
Class com.google.common.collect.Ordering                                              : loaded 2 times (x 112B)
Class com.google.common.cache.LocalCache$Strength$1                                   : loaded 2 times (x 79B)
Class com.google.common.cache.LocalCache$Strength$2                                   : loaded 2 times (x 79B)
Class com.google.common.cache.LocalCache$Strength$3                                   : loaded 2 times (x 79B)
Class org.gradle.internal.classloader.ClassLoaderFactory                              : loaded 2 times (x 68B)
Class com.google.common.collect.ObjectArrays                                          : loaded 2 times (x 69B)
Class com.google.common.util.concurrent.AbstractFuture$Waiter                         : loaded 2 times (x 70B)
Class com.google.common.util.concurrent.Uninterruptibles                              : loaded 2 times (x 69B)
Class com.google.common.collect.Iterators$10                                          : loaded 2 times (x 79B)
Class com.google.common.collect.Iterators$EmptyModifiableIterator                     : loaded 2 times (x 84B)
Class com.google.common.collect.ImmutableList                                         : loaded 2 times (x 166B)
Class org.gradle.api.internal.classpath.ManifestUtil                                  : loaded 2 times (x 69B)
Class org.gradle.api.specs.Spec                                                       : loaded 2 times (x 68B)
Class com.google.common.collect.RangeSet                                              : loaded 2 times (x 68B)
Class com.google.common.cache.CacheLoader$UnsupportedLoadingOperationException        : loaded 2 times (x 80B)
Class com.google.common.base.CharMatcher$Whitespace                                   : loaded 2 times (x 110B)
Class com.google.common.util.concurrent.ListenableFuture                              : loaded 2 times (x 68B)
Class com.google.common.collect.Iterators$1                                           : loaded 2 times (x 79B)
Class com.google.common.collect.Iterators$4                                           : loaded 2 times (x 80B)
Class com.google.common.collect.Iterators$5                                           : loaded 2 times (x 80B)
Class com.google.common.util.concurrent.AbstractFuture$UnsafeAtomicHelper             : loaded 2 times (x 74B)
Class com.google.common.base.Joiner                                                   : loaded 2 times (x 77B)
Class com.google.common.base.Equivalence$Equals                                       : loaded 2 times (x 80B)
Class com.google.common.base.Preconditions                                            : loaded 2 times (x 69B)
Class com.google.common.base.Function                                                 : loaded 2 times (x 68B)
Class com.google.common.collect.Iterators$9                                           : loaded 2 times (x 79B)
Class [Lnet.rubygrapefruit.platform.internal.FunctionResult$Failure;                  : loaded 2 times (x 67B)
Class net.rubygrapefruit.platform.internal.Platform$Windows                           : loaded 2 times (x 77B)
Class org.gradle.internal.IoActions                                                   : loaded 2 times (x 69B)
Class com.google.common.collect.AllEqualOrdering                                      : loaded 2 times (x 112B)
Class com.google.common.collect.ComparatorOrdering                                    : loaded 2 times (x 113B)
Class org.jetbrains.kotlin.config.LanguageFeature$State                               : loaded 2 times (x 80B)
Class com.google.common.cache.ReferenceEntry                                          : loaded 2 times (x 68B)
Class com.google.common.collect.RegularImmutableMap$KeySet                            : loaded 2 times (x 148B)
Class com.google.common.collect.CollectPreconditions                                  : loaded 2 times (x 69B)
Class com.google.common.primitives.IntsMethodsForWeb                                  : loaded 2 times (x 69B)
Class com.google.common.collect.LexicographicalOrdering                               : loaded 2 times (x 113B)
Class com.google.common.collect.RangeGwtSerializationDependencies                     : loaded 2 times (x 69B)
Class com.google.common.collect.Maps                                                  : loaded 2 times (x 69B)
Class com.google.common.collect.RegularImmutableMap                                   : loaded 2 times (x 119B)
Class com.google.common.collect.AbstractIndexedListIterator                           : loaded 2 times (x 94B)
Class net.rubygrapefruit.platform.internal.NativeLibraryLocator                       : loaded 2 times (x 71B)
Class com.google.common.base.CharMatcher$None                                         : loaded 2 times (x 110B)
Class org.gradle.api.internal.classpath.EffectiveClassPath                            : loaded 2 times (x 88B)
Class com.google.common.collect.UnmodifiableListIterator                              : loaded 2 times (x 93B)
Class com.google.common.io.Files                                                      : loaded 2 times (x 69B)
Class com.google.common.cache.CacheLoader$FunctionToCacheLoader                       : loaded 2 times (x 73B)
Class com.google.common.cache.CacheBuilder$1                                          : loaded 2 times (x 83B)
Class com.google.common.cache.CacheBuilder$2                                          : loaded 2 times (x 77B)
Class com.google.common.collect.ImmutableList$1                                       : loaded 2 times (x 95B)
Class com.google.common.base.Splitter$Strategy                                        : loaded 2 times (x 68B)
Class com.google.common.cache.CacheBuilder$3                                          : loaded 2 times (x 70B)
Class com.google.common.collect.ImmutableMapEntrySet$RegularEntrySet                  : loaded 2 times (x 149B)
Class [Lcom.google.common.cache.RemovalListener;                                      : loaded 2 times (x 67B)
Class [Lcom.google.common.collect.ImmutableMapEntry;                                  : loaded 2 times (x 67B)
Class net.rubygrapefruit.platform.internal.Platform$Unsupported                       : loaded 2 times (x 77B)
Class org.gradle.internal.installation.CurrentGradleInstallation                      : loaded 2 times (x 71B)
Class org.gradle.internal.installation.CurrentGradleInstallationLocator               : loaded 2 times (x 69B)
Class [Lcom.google.common.cache.LocalCache$Segment;                                   : loaded 2 times (x 67B)
Class org.gradle.api.internal.classpath.Module                                        : loaded 2 times (x 68B)
Class build_cj9ho4ep13kbcm4wricz0fa0v$_run_closure1$_closure3                         : loaded 2 times (x 134B)
Class com.google.common.collect.ImmutableSortedSet                                    : loaded 2 times (x 233B)
Class com.google.common.base.Splitter$1$1                                             : loaded 2 times (x 84B)
Class net.rubygrapefruit.platform.internal.NativeLibraryLoader                        : loaded 2 times (x 71B)
Class com.google.common.collect.ImmutableSet$JdkBackedSetBuilderImpl                  : loaded 2 times (x 74B)
Class Dependency_version_checker_gradle                                               : loaded 2 times (x 128B)
Class com.google.common.reflect.Types$TypeVariableInvocationHandler                   : loaded 2 times (x 73B)
Class com.google.common.reflect.Types$ClassOwnership                                  : loaded 2 times (x 78B)
Class [Lorg.jetbrains.kotlin.config.LanguageOrApiVersion;                             : loaded 2 times (x 67B)
Class com.google.common.collect.ImmutableSet$RegularSetBuilderImpl                    : loaded 2 times (x 75B)
Class build_4i8uzgpz8h55gyzt6rktcozhg                                                 : loaded 2 times (x 178B)
Class [Lorg.objectweb.asm.AnnotationWriter;                                           : loaded 2 times (x 67B)
Class org.gradle.internal.service.CachingServiceLocator                               : loaded 2 times (x 80B)
Class build_e628fz8mk86gkrh4gl29yuvly                                                 : loaded 2 times (x 178B)
Class [Lcom.google.common.collect.ImmutableEntry;                                     : loaded 2 times (x 67B)
Class net.rubygrapefruit.platform.internal.Platform$Linux64Bit                        : loaded 2 times (x 81B)
Class com.google.common.collect.Sets$ImprovedAbstractSet                              : loaded 2 times (x 133B)
Class org.gradle.internal.classpath.DefaultClassPath                                  : loaded 2 times (x 88B)
Class org.gradle.api.Transformer                                                      : loaded 2 times (x 68B)
Class com.google.common.collect.AbstractMapBasedMultimap$2                            : loaded 2 times (x 83B)
Class com.google.common.util.concurrent.AbstractFuture$SetFuture                      : loaded 2 times (x 73B)
Class build_c8uv2zr4rumwgjqhqkejb7pm5$_run_closure1                                   : loaded 2 times (x 134B)
Class com.google.common.collect.CollectCollectors                                     : loaded 2 times (x 69B)
Class build_bdsyv133i9322sofoljra228k$_run_closure1                                   : loaded 2 times (x 134B)
Class com.google.common.collect.TransformedIterator                                   : loaded 2 times (x 78B)
Class com.google.common.base.Splitter$SplittingIterator                               : loaded 2 times (x 82B)
Class com.google.common.reflect.TypeParameter                                         : loaded 2 times (x 70B)
Class com.google.common.cache.LocalCache$LocalManualCache$1                           : loaded 2 times (x 73B)
Class org.jetbrains.kotlin.config.ExplicitApiMode                                     : loaded 2 times (x 77B)
Class com.google.common.reflect.Types$ClassOwnership$1LocalClass                      : loaded 2 times (x 69B)
Class org.objectweb.asm.SymbolTable$Entry                                             : loaded 2 times (x 72B)
Class [Lcom.google.common.cache.LocalCache$EntryFactory;                              : loaded 2 times (x 67B)
Class net.rubygrapefruit.platform.internal.jni.NativeLibraryFunctions                 : loaded 2 times (x 69B)
Class com.google.common.base.CharMatcher$Is                                           : loaded 2 times (x 109B)
Class com.google.common.base.Platform                                                 : loaded 2 times (x 69B)
Class com.google.common.collect.RegularImmutableAsList                                : loaded 2 times (x 176B)
Class com.google.common.base.Suppliers$NonSerializableMemoizingSupplier               : loaded 2 times (x 77B)
Class com.google.common.collect.PeekingIterator                                       : loaded 2 times (x 68B)
Class build_cj9ho4ep13kbcm4wricz0fa0v                                                 : loaded 2 times (x 178B)
Class com.google.common.reflect.TypeResolver$TypeTable$1                              : loaded 2 times (x 71B)
Class com.google.common.collect.ImmutableMapEntrySet                                  : loaded 2 times (x 149B)
Class build_c8uv2zr4rumwgjqhqkejb7pm5                                                 : loaded 2 times (x 178B)
Class com.google.common.cache.CacheLoader                                             : loaded 2 times (x 72B)
Class com.google.common.collect.ImmutableBiMapFauxverideShim                          : loaded 2 times (x 118B)
Class org.objectweb.asm.MethodTooLargeException                                       : loaded 2 times (x 81B)
Class NativePluginLoader$getDependenciesMetadata$0                                    : loaded 2 times (x 150B)
Class com.google.common.cache.Cache                                                   : loaded 2 times (x 68B)
Class com.google.common.collect.Maps$EntrySet                                         : loaded 2 times (x 134B)
Class org.jetbrains.kotlin.config.ApiVersion                                          : loaded 2 times (x 83B)
Class org.gradle.internal.classloader.SystemClassLoaderSpec                           : loaded 2 times (x 69B)
Class build_ahpfki6hvmx1p6v0f9w91gw5t$_run_closure1                                   : loaded 2 times (x 134B)
Class com.google.common.util.concurrent.internal.InternalFutureFailureAccess          : loaded 2 times (x 70B)
Class build_f0srlsa5vznkog7j8blhsloz4                                                 : loaded 2 times (x 178B)
Class net.rubygrapefruit.platform.internal.Platform$FreeBSD64Bit                      : loaded 2 times (x 80B)
Class com.google.common.base.Charsets                                                 : loaded 2 times (x 69B)
Class org.jetbrains.kotlin.utils.DescriptionAware                                     : loaded 2 times (x 68B)
Class com.google.common.primitives.Ints$IntConverter                                  : loaded 2 times (x 88B)
Class com.google.common.collect.SingletonImmutableSet                                 : loaded 2 times (x 146B)
Class com.google.common.reflect.Types$TypeVariableImpl                                : loaded 2 times (x 70B)
Class [Lcom.google.common.base.AbstractIterator$State;                                : loaded 2 times (x 67B)
Class com.google.common.collect.ImmutableMap$Builder                                  : loaded 2 times (x 78B)
Class net.rubygrapefruit.platform.internal.Platform$MacOs                             : loaded 2 times (x 80B)
Class com.google.common.base.AbstractIterator                                         : loaded 2 times (x 78B)
Class org.objectweb.asm.ClassWriter                                                   : loaded 2 times (x 102B)
Class com.google.common.collect.Range                                                 : loaded 2 times (x 85B)
Class org.jetbrains.kotlin.config.LanguageVersion                                     : loaded 2 times (x 87B)
Class com.google.common.base.AbstractIterator$1                                       : loaded 2 times (x 69B)
Class org.jetbrains.kotlin.config.MavenComparableVersion$Item                         : loaded 2 times (x 68B)
Class [Lcom.google.common.cache.CacheBuilder$OneWeigher;                              : loaded 2 times (x 67B)
Class net.rubygrapefruit.platform.NativeIntegrationLinkageException                   : loaded 2 times (x 80B)
Class com.google.common.collect.Iterators                                             : loaded 2 times (x 69B)
Class com.google.common.base.CharMatcher$Ascii                                        : loaded 2 times (x 110B)
Class com.google.common.base.CharMatcher$1                                            : loaded 2 times (x 111B)
Class org.gradle.api.UncheckedIOException                                             : loaded 2 times (x 80B)
Class com.google.common.base.CharMatcher$And                                          : loaded 2 times (x 110B)
Class com.google.common.io.Files$FileByteSink                                         : loaded 2 times (x 75B)
Class [Lcom.google.common.io.FileWriteMode;                                           : loaded 2 times (x 67B)
Class com.google.common.collect.IndexedImmutableSet                                   : loaded 2 times (x 148B)
Class native_plugin_loader_7dik9rqpj677pep4bin0xqtrk                                  : loaded 2 times (x 175B)
Class com.google.common.base.ExtraObjectsMethodsForWeb                                : loaded 2 times (x 69B)
Class com.google.common.collect.IndexedImmutableSet$1                                 : loaded 2 times (x 172B)
Class com.google.common.collect.AbstractListMultimap                                  : loaded 2 times (x 170B)
Class com.google.common.base.CharMatcher$Any                                          : loaded 2 times (x 110B)
Class com.google.common.reflect.TypeCapture                                           : loaded 2 times (x 69B)
Class com.google.common.cache.LocalCache$Strength                                     : loaded 2 times (x 79B)
Class com.google.common.collect.AbstractMapBasedMultimap$KeySet                       : loaded 2 times (x 135B)
Class com.google.common.collect.SortedIterable                                        : loaded 2 times (x 68B)
Class com.google.common.collect.ArrayListMultimapGwtSerializationDependencies         : loaded 2 times (x 170B)
Class com.google.common.base.CharMatcher$RangesMatcher                                : loaded 2 times (x 110B)
Class com.google.common.collect.AbstractMapBasedMultimap$RandomAccessWrappedList      : loaded 2 times (x 165B)
Class org.objectweb.asm.Handler                                                       : loaded 2 times (x 70B)
Class net.rubygrapefruit.platform.internal.Platform$Linux32Bit                        : loaded 2 times (x 81B)
Class com.google.common.collect.ImmutableList$SubList                                 : loaded 2 times (x 168B)
Class net.rubygrapefruit.platform.internal.Platform$MacOs64Bit                        : loaded 2 times (x 80B)
Class com.google.common.cache.LocalCache$ValueReference                               : loaded 2 times (x 68B)
Class org.gradle.internal.classloader.ClasspathUtil                                   : loaded 2 times (x 69B)
Class org.objectweb.asm.CurrentFrame                                                  : loaded 2 times (x 71B)
Class com.google.common.util.concurrent.AbstractFuture                                : loaded 2 times (x 93B)
Class com.google.common.reflect.TypeResolver                                          : loaded 2 times (x 70B)
Class com.google.common.base.Splitter$1                                               : loaded 2 times (x 75B)
Class com.google.common.collect.ReverseOrdering                                       : loaded 2 times (x 113B)
Class com.google.common.base.Ticker$1                                                 : loaded 2 times (x 70B)
Class com.google.common.collect.Maps$BiMapConverter                                   : loaded 2 times (x 88B)
Class org.gradle.api.internal.DefaultClassPathRegistry                                : loaded 2 times (x 74B)
Class org.jetbrains.kotlin.config.LanguageOrApiVersion                                : loaded 2 times (x 68B)
Class com.google.common.util.concurrent.AbstractFuture$Cancellation                   : loaded 2 times (x 70B)
Class [Lorg.objectweb.asm.Symbol;                                                     : loaded 2 times (x 67B)
Class com.google.common.collect.Multimaps$Entries                                     : loaded 2 times (x 116B)
Class com.google.common.collect.ImmutableSet$SetBuilderImpl                           : loaded 2 times (x 74B)
Class org.gradle.api.internal.classpath.DefaultModuleRegistry$DefaultModule           : loaded 2 times (x 84B)
Class net.rubygrapefruit.platform.internal.Platform                                   : loaded 2 times (x 77B)
Class com.google.common.base.CharMatcher$JavaIsoControl                               : loaded 2 times (x 110B)
Class com.google.common.collect.ImmutableMap$1                                        : loaded 2 times (x 79B)
Class org.jetbrains.kotlin.config.ApiVersion$Companion                                : loaded 2 times (x 69B)
Class org.jetbrains.kotlin.config.JvmDefaultMode$Companion                            : loaded 2 times (x 69B)
Class com.google.common.base.CharMatcher$Or                                           : loaded 2 times (x 110B)
Class com.google.common.base.Suppliers$SupplierOfInstance                             : loaded 2 times (x 77B)
Class org.objectweb.asm.RecordComponentVisitor                                        : loaded 2 times (x 75B)
Class com.google.common.reflect.Types$ClassOwnership$1                                : loaded 2 times (x 78B)
Class com.google.common.reflect.Invokable                                             : loaded 2 times (x 116B)
Class com.google.common.reflect.Types$ClassOwnership$2                                : loaded 2 times (x 78B)
Class com.google.common.reflect.Types$ClassOwnership$3                                : loaded 2 times (x 69B)
Class build_e628fz8mk86gkrh4gl29yuvly$_run_closure1                                   : loaded 2 times (x 134B)
Class com.google.common.collect.Iterables                                             : loaded 2 times (x 69B)
Class com.google.common.base.CharMatcher$JavaLowerCase                                : loaded 2 times (x 109B)
Class org.objectweb.asm.ClassTooLargeException                                        : loaded 2 times (x 81B)
Class org.jetbrains.kotlin.config.LanguageVersion$Companion                           : loaded 2 times (x 69B)
Class org.gradle.api.internal.classpath.UnknownModuleException                        : loaded 2 times (x 80B)
Class com.google.common.util.concurrent.AbstractFuture$Listener                       : loaded 2 times (x 70B)
Class org.objectweb.asm.Edge                                                          : loaded 2 times (x 70B)
Class com.google.common.collect.Maps$EntryTransformer                                 : loaded 2 times (x 68B)
Class com.google.common.collect.ImmutableCollection$Builder                           : loaded 2 times (x 74B)
Class native_plugin_loader_7dik9rqpj677pep4bin0xqtrk$_run_closure1                    : loaded 2 times (x 134B)
Class com.google.common.io.ByteArrayDataInput                                         : loaded 2 times (x 68B)
Class net.rubygrapefruit.platform.internal.Platform$Window64Bit                       : loaded 2 times (x 77B)
Class [Lorg.objectweb.asm.SymbolTable$Entry;                                          : loaded 2 times (x 67B)
Class com.google.common.reflect.Types$JavaVersion                                     : loaded 2 times (x 81B)
Class com.google.common.collect.SingletonImmutableBiMap                               : loaded 2 times (x 142B)
Class com.google.common.base.CommonPattern                                            : loaded 2 times (x 72B)
Class com.google.common.base.Suppliers$MemoizingSupplier                              : loaded 2 times (x 77B)
Class com.google.common.base.Suppliers                                                : loaded 2 times (x 69B)
Class net.rubygrapefruit.platform.internal.Platform$FreeBSD32Bit                      : loaded 2 times (x 80B)
Class [Lcom.google.common.collect.Iterators$EmptyModifiableIterator;                  : loaded 2 times (x 67B)
Class org.objectweb.asm.ClassVisitor                                                  : loaded 2 times (x 85B)
Class com.google.common.cache.LoadingCache                                            : loaded 2 times (x 68B)
Class org.gradle.internal.service.ServiceLookupException                              : loaded 2 times (x 80B)
Class org.gradle.cache.GlobalCache                                                    : loaded 2 times (x 68B)
Class build_4i8uzgpz8h55gyzt6rktcozhg$_run_closure1                                   : loaded 2 times (x 134B)
Class NativePluginLoader                                                              : loaded 2 times (x 91B)
Class com.google.common.base.CharMatcher$NegatedFastMatcher                           : loaded 2 times (x 111B)
Class [Lorg.gradle.api.internal.ClassPathProvider;                                    : loaded 2 times (x 67B)
Class com.google.common.util.concurrent.AbstractFuture$SafeAtomicHelper               : loaded 2 times (x 75B)
Class net.rubygrapefruit.platform.internal.Platform$FreeBSD                           : loaded 2 times (x 80B)
Class org.gradle.util.internal.GUtil                                                  : loaded 2 times (x 69B)
Class net.rubygrapefruit.platform.internal.Platform$Unix                              : loaded 2 times (x 80B)
Class com.google.common.math.IntMath                                                  : loaded 2 times (x 69B)
Class [Lcom.google.common.reflect.Types$JavaVersion;                                  : loaded 2 times (x 67B)
Class net.rubygrapefruit.platform.Process                                             : loaded 2 times (x 68B)
Class com.google.common.collect.AbstractIterator                                      : loaded 2 times (x 80B)
Class org.gradle.internal.classloader.ClassLoaderSpec                                 : loaded 2 times (x 69B)
Class com.google.common.io.LineProcessor                                              : loaded 2 times (x 68B)
Class NativePluginLoader$_getPlugins_closure1                                         : loaded 2 times (x 134B)
Class com.google.common.io.CharSink                                                   : loaded 2 times (x 77B)
Class org.objectweb.asm.Frame                                                         : loaded 2 times (x 71B)
Class com.google.common.cache.LocalCache$LocalManualCache                             : loaded 2 times (x 97B)
Class com.google.common.collect.AbstractMapEntry                                      : loaded 2 times (x 79B)
Class com.google.common.collect.ImmutableList$Builder                                 : loaded 2 times (x 75B)
Class com.google.common.base.CharMatcher$Negated                                      : loaded 2 times (x 111B)
Class net.rubygrapefruit.platform.NativeIntegrationUnavailableException               : loaded 2 times (x 80B)
Class com.google.common.cache.CacheLoader$1                                           : loaded 2 times (x 73B)
Class net.rubygrapefruit.platform.NativeIntegration                                   : loaded 2 times (x 68B)
Class com.google.common.util.concurrent.AbstractFuture$TrustedFuture                  : loaded 2 times (x 95B)
Class build_f0srlsa5vznkog7j8blhsloz4$_run_closure1                                   : loaded 2 times (x 134B)
Class com.google.common.collect.Maps$ViewCachingAbstractMap                           : loaded 2 times (x 123B)
Class org.jetbrains.kotlin.config.ExplicitApiMode$Companion                           : loaded 2 times (x 69B)
Class com.google.common.collect.Sets                                                  : loaded 2 times (x 69B)
Class com.google.common.collect.ImmutableSet$Builder                                  : loaded 2 times (x 83B)
Class com.google.common.base.CharMatcher$ForPredicate                                 : loaded 2 times (x 110B)
Class com.google.common.collect.ImmutableMap$MapViewOfValuesAsSingletonSets           : loaded 2 times (x 123B)
Class net.rubygrapefruit.platform.internal.Platform$MacOs32Bit                        : loaded 2 times (x 80B)
Class com.google.common.base.MoreObjects                                              : loaded 2 times (x 69B)
Class com.google.common.collect.SortedMapDifference                                   : loaded 2 times (x 68B)
Class org.objectweb.asm.SymbolTable                                                   : loaded 2 times (x 70B)
Class [Lorg.objectweb.asm.AnnotationVisitor;                                          : loaded 2 times (x 67B)
Class com.google.common.cache.CacheStats                                              : loaded 2 times (x 69B)
Class org.objectweb.asm.Attribute                                                     : loaded 2 times (x 75B)
Class org.gradle.internal.classloader.VisitableURLClassLoader                         : loaded 2 times (x 115B)
Class com.google.common.cache.LocalCache$LocalLoadingCache                            : loaded 2 times (x 132B)
Class com.google.common.base.Supplier                                                 : loaded 2 times (x 68B)
Class com.google.common.base.Objects                                                  : loaded 2 times (x 69B)
Class com.google.common.util.concurrent.AbstractFuture$AtomicHelper                   : loaded 2 times (x 74B)
Class com.google.common.collect.ImmutableBiMap                                        : loaded 2 times (x 142B)
Class org.gradle.internal.Cast                                                        : loaded 2 times (x 69B)
Class Build_gradle                                                                    : loaded 2 times (x 128B)
Class org.gradle.api.internal.ClassPathRegistry                                       : loaded 2 times (x 68B)
Class com.google.common.cache.LocalCache$EntryFactory                                 : loaded 2 times (x 81B)
Class com.google.common.util.concurrent.UncheckedExecutionException                   : loaded 2 times (x 80B)
Class com.google.common.collect.ImmutableSet                                          : loaded 2 times (x 145B)
Class org.gradle.internal.classloader.ClassLoaderHierarchy                            : loaded 2 times (x 68B)
Class NativePluginLoader$getPlugins                                                   : loaded 2 times (x 150B)
Class com.google.common.io.Closer$Suppressor                                          : loaded 2 times (x 68B)
Class net.rubygrapefruit.platform.internal.LibraryDef                                 : loaded 2 times (x 70B)
Class com.google.common.collect.AbstractMapBasedMultimap$WrappedList                  : loaded 2 times (x 165B)
Class [Lorg.objectweb.asm.Type;                                                       : loaded 2 times (x 67B)
Class com.google.common.base.AbstractIterator$State                                   : loaded 2 times (x 77B)
Class org.jetbrains.kotlin.config.LanguageVersionSettings                             : loaded 2 times (x 68B)
Class com.google.common.cache.Weigher                                                 : loaded 2 times (x 68B)
Class com.google.common.base.CharMatcher$NamedFastMatcher                             : loaded 2 times (x 110B)
Class org.gradle.internal.service.ServiceLocator                                      : loaded 2 times (x 68B)
Class net.rubygrapefruit.platform.internal.Platform$Linux                             : loaded 2 times (x 81B)
Class org.jetbrains.kotlin.config.MavenComparableVersion                              : loaded 2 times (x 76B)
Class com.google.common.collect.ImmutableRangeSet$1                                   : loaded 2 times (x 169B)
Class com.google.common.util.concurrent.SettableFuture                                : loaded 2 times (x 95B)
Class net.rubygrapefruit.platform.NativeException                                     : loaded 2 times (x 80B)
Class net.rubygrapefruit.platform.Native                                              : loaded 2 times (x 69B)
Class com.google.common.io.Files$2                                                    : loaded 2 times (x 74B)
Class com.google.common.collect.ImmutableMapEntry                                     : loaded 2 times (x 83B)
Class com.google.common.reflect.Types$ParameterizedTypeImpl                           : loaded 2 times (x 79B)
Class net.rubygrapefruit.platform.internal.Platform$Window32Bit                       : loaded 2 times (x 77B)
Class com.google.common.io.ByteStreams                                                : loaded 2 times (x 69B)
Class com.google.common.base.CharMatcher$Invisible                                    : loaded 2 times (x 110B)
Class com.google.common.base.Joiner$1                                                 : loaded 2 times (x 78B)
Class com.google.common.base.Joiner$2                                                 : loaded 2 times (x 77B)
Class com.google.common.reflect.Types$JavaVersion$1                                   : loaded 2 times (x 81B)
Class com.google.common.base.CharMatcher$FastMatcher                                  : loaded 2 times (x 109B)
Class com.google.common.reflect.Types$JavaVersion$2                                   : loaded 2 times (x 81B)
Class [Lorg.jetbrains.kotlin.config.LanguageVersion;                                  : loaded 2 times (x 67B)
Class com.google.common.reflect.Types$JavaVersion$3                                   : loaded 2 times (x 81B)
Class org.gradle.internal.classpath.DefaultClassPath$ImmutableUniqueList              : loaded 2 times (x 159B)
Class com.google.common.reflect.Types$JavaVersion$4                                   : loaded 2 times (x 81B)
Class com.google.common.reflect.Types$JavaVersion$5                                   : loaded 2 times (x 69B)
Class com.google.common.base.CharMatcher$JavaLetter                                   : loaded 2 times (x 109B)
Class com.google.common.collect.MapDifference                                         : loaded 2 times (x 68B)
Class com.google.common.reflect.TypeToken$SimpleTypeToken                             : loaded 2 times (x 71B)
Class com.google.common.collect.Sets$1                                                : loaded 2 times (x 137B)
Class com.google.common.collect.Sets$2                                                : loaded 2 times (x 137B)
Class com.google.common.util.concurrent.AbstractFuture$Trusted                        : loaded 2 times (x 68B)
Class com.google.common.collect.Sets$3                                                : loaded 2 times (x 137B)
Class com.google.common.graph.SuccessorsFunction                                      : loaded 2 times (x 68B)
Class com.google.common.collect.Sets$4                                                : loaded 2 times (x 137B)
Class com.google.common.reflect.Types$NativeTypeVariableEquals                        : loaded 2 times (x 69B)
Class com.google.common.io.ByteSink                                                   : loaded 2 times (x 74B)
Class com.google.common.collect.AbstractMapBasedMultimap$WrappedCollection$WrappedIterator: loaded 2 times (x 82B)
Class org.objectweb.asm.MethodWriter                                                  : loaded 2 times (x 103B)
Class com.google.common.collect.Platform                                              : loaded 2 times (x 69B)
Class com.google.common.collect.ImmutableAsList                                       : loaded 2 times (x 169B)
Class com.google.common.util.concurrent.ExecutionError                                : loaded 2 times (x 80B)
Class com.google.common.io.ByteSink$AsCharSink                                        : loaded 2 times (x 78B)
Class com.google.common.base.Equivalence$Identity                                     : loaded 2 times (x 80B)
Class com.google.common.base.CharMatcher$AnyOf                                        : loaded 2 times (x 110B)
Class com.google.common.base.CharMatcher$IsEither                                     : loaded 2 times (x 109B)
Class com.google.common.cache.LocalCache                                              : loaded 2 times (x 185B)
Class com.google.common.collect.ImmutableRangeSet$Builder                             : loaded 2 times (x 75B)
Class com.google.common.collect.RegularImmutableList                                  : loaded 2 times (x 172B)
Class com.google.common.util.concurrent.AbstractFuture$UnsafeAtomicHelper$1           : loaded 2 times (x 74B)
Class com.google.common.base.CharMatcher$JavaUpperCase                                : loaded 2 times (x 109B)
Class com.google.common.collect.Multiset                                              : loaded 2 times (x 68B)
Class net.rubygrapefruit.platform.internal.jni.WindowsHandleFunctions                 : loaded 2 times (x 69B)
Class com.google.common.collect.AbstractMultimap$Entries                              : loaded 2 times (x 118B)
Class com.google.common.reflect.Invokable$ConstructorInvokable                        : loaded 2 times (x 120B)
Class org.objectweb.asm.MethodVisitor                                                 : loaded 2 times (x 102B)
Class com.google.common.collect.NullsLastOrdering                                     : loaded 2 times (x 113B)
Class com.google.common.collect.AbstractMapBasedMultimap$KeySet$1                     : loaded 2 times (x 80B)
Class com.google.common.collect.ImmutableMapEntry$NonTerminalImmutableMapEntry        : loaded 2 times (x 83B)
Class com.google.common.collect.AbstractMapBasedMultimap                              : loaded 2 times (x 137B)


---------------  S Y S T E M  ---------------

OS:
 Windows 10 , 64 bit Build 19041 (10.0.19041.4842)
OS uptime: 0 days 11:26 hours

CPU: total 12 (initial active 12) (12 cores per cpu, 2 threads per core) family 23 model 8 stepping 2 microcode 0x0, cx8, cmov, fxsr, ht, mmx, 3dnowpref, sse, sse2, sse3, ssse3, sse4a, sse4.1, sse4.2, popcnt, lzcnt, tsc, tscinvbit, avx, avx2, aes, clmul, bmi1, bmi2, adx, sha, fma, vzeroupper, clflush, clflushopt
Processor Information for all 12 processors :
  Max Mhz: 3200, Current Mhz: 3200, Mhz Limit: 3200

Memory: 4k page, system-wide physical 16308M (4999M free)
TotalPageFile size 18295M (AvailPageFile size 120M)
current process WorkingSet (physical memory assigned to process): 913M, peak: 915M
current process commit charge ("private bytes"): 1004M, peak: 1301M

vm_info: OpenJDK 64-Bit Server VM (17.0.11+0--11852314) for windows-amd64 JRE (17.0.11+0--11852314), built on May 16 2024 21:29:20 by "androidbuild" with MS VC++ 16.10 / 16.11 (VS2019)

END.
