#
# There is insufficient memory for the Java Runtime Environment to continue.
# Native memory allocation (mmap) failed to map 39845888 bytes. Error detail: G1 virtual space
# Possible reasons:
#   The system is out of physical RAM or swap space
#   This process is running with CompressedOops enabled, and the Java Heap may be blocking the growth of the native heap
# Possible solutions:
#   Reduce memory load on the system
#   Increase physical memory or swap space
#   Check if swap backing store is full
#   Decrease Java heap size (-Xmx/-Xms)
#   Decrease number of Java threads
#   Decrease Java thread stack sizes (-Xss)
#   Set larger code cache with -XX:ReservedCodeCacheSize=
#   JVM is running with Zero Based Compressed Oops mode in which the Java heap is
#     placed in the first 32GB address space. The Java Heap base address is the
#     maximum limit for the native heap growth. Please use -XX:HeapBaseMinAddress
#     to set the Java Heap base and to place the Java Heap above 32GB virtual address.
# This output file may be truncated or incomplete.
#
#  Out of Memory Error (os_windows.cpp:3825), pid=7728, tid=13392
#
# JRE version: OpenJDK Runtime Environment (17.0.11) (build 17.0.11+0--11852314)
# Java VM: OpenJDK 64-Bit Server VM (17.0.11+0--11852314, mixed mode, tiered, compressed oops, compressed class ptrs, g1 gc, windows-amd64)
# No core dump will be written. Minidumps are not enabled by default on client versions of Windows
#

---------------  S U M M A R Y ------------

Command Line: -XX:MaxMetaspaceSize=2G -XX:+HeapDumpOnOutOfMemoryError --add-opens=java.base/java.util=ALL-UNNAMED --add-opens=java.base/java.lang=ALL-UNNAMED --add-opens=java.base/java.lang.invoke=ALL-UNNAMED --add-opens=java.prefs/java.util.prefs=ALL-UNNAMED --add-opens=java.base/java.nio.charset=ALL-UNNAMED --add-opens=java.base/java.net=ALL-UNNAMED --add-opens=java.base/java.util.concurrent.atomic=ALL-UNNAMED -Xmx4G -Dfile.encoding=windows-1252 -Duser.country=BR -Duser.language=pt -Duser.variant org.gradle.launcher.daemon.bootstrap.GradleDaemon 7.6.3

Host: AMD Ryzen 5 1600 Six-Core Processor            , 12 cores, 15G,  Windows 10 , 64 bit Build 19041 (10.0.19041.4842)
Time: Thu Oct  3 20:21:42 2024 Hora oficial do Brasil elapsed time: 36.321564 seconds (0d 0h 0m 36s)

---------------  T H R E A D  ---------------

Current thread (0x000002910b059a10):  VMThread "VM Thread" [stack: 0x000000b303800000,0x000000b303900000] [id=13392]

Stack: [0x000000b303800000,0x000000b303900000]
Native frames: (J=compiled Java code, j=interpreted, Vv=VM code, C=native code)
V  [jvm.dll+0x687bb9]
V  [jvm.dll+0x84142a]
V  [jvm.dll+0x8430ae]
V  [jvm.dll+0x843713]
V  [jvm.dll+0x24a35f]
V  [jvm.dll+0x684989]
V  [jvm.dll+0x67923a]
V  [jvm.dll+0x30af0b]
V  [jvm.dll+0x3123b6]
V  [jvm.dll+0x361dfe]
V  [jvm.dll+0x36202f]
V  [jvm.dll+0x2e0d38]
V  [jvm.dll+0x2df144]
V  [jvm.dll+0x2de74c]
V  [jvm.dll+0x32305b]
V  [jvm.dll+0x847e0b]
V  [jvm.dll+0x848b42]
V  [jvm.dll+0x84905d]
V  [jvm.dll+0x849434]
V  [jvm.dll+0x849500]
V  [jvm.dll+0x7efa4a]
V  [jvm.dll+0x686a35]
C  [ucrtbase.dll+0x21bb2]
C  [KERNEL32.DLL+0x17374]
C  [ntdll.dll+0x4cc91]

VM_Operation (0x000000b3051f5850): G1CollectForAllocation, mode: safepoint, requested by thread 0x000002910c451480


---------------  P R O C E S S  ---------------

Threads class SMR info:
_java_thread_list=0x000002910c0ec1d0, length=189, elements={
0x0000029165b3be40, 0x000002910b0724e0, 0x000002910b0733b0, 0x000002910b095e60,
0x000002910b0bcf90, 0x000002910b0b0de0, 0x000002910b0b1ed0, 0x000002910b0b5320,
0x000002910b0b6630, 0x000002910b0c6140, 0x000002910b25d350, 0x000002910b270010,
0x000002910c980000, 0x000002910ce090e0, 0x000002910bf22a60, 0x000002910c254680,
0x000002910c451480, 0x000002910d659180, 0x000002910d658250, 0x000002910d65afe0,
0x000002910d6563f0, 0x000002910d659ba0, 0x000002910d657830, 0x000002910d6554c0,
0x000002910d65ce40, 0x000002910d65a0b0, 0x000002910d65c420, 0x000002910d65aad0,
0x000002910dcdb140, 0x000002910dcd7480, 0x000002910dcd7ea0, 0x000002911074bcd0,
0x000002911074b7c0, 0x0000029110749e70, 0x000002911074cc00, 0x0000029110747b00,
0x000002911074e040, 0x0000029110746bd0, 0x0000029110748520, 0x000002911074db30,
0x0000029110749960, 0x000002911074c1e0, 0x00000291100f6580, 0x00000291100f5140,
0x00000291100f6a90, 0x00000291100fb170, 0x00000291100f7ed0, 0x000002910e350bf0,
0x00000291100f6fa0, 0x00000291100f74b0, 0x00000291100f79c0, 0x00000291100f5650,
0x00000291100f83e0, 0x00000291100f5b60, 0x000002910e351140, 0x00000291100f88f0,
0x00000291100f4c30, 0x00000291100fb680, 0x00000291100f8e00, 0x00000291100f9310,
0x00000291100fac60, 0x00000291100f4210, 0x00000291100fa750, 0x00000291100f9820,
0x00000291100fbb90, 0x00000291100f6070, 0x00000291100f9d30, 0x00000291100fa240,
0x000002910dcd97f0, 0x000002910dcdac30, 0x000002910dcd83b0, 0x000002910dcd8dd0,
0x000002910dcdca90, 0x000002910dcd92e0, 0x000002910dcdc070, 0x000002910dcdb650,
0x000002910dcd9d00, 0x000002910dcda210, 0x000002910dcd7990, 0x000002910dcd6550,
0x000002910dcd6040, 0x000002910dcdc580, 0x000002910dcdcfa0, 0x000002910dcdd4b0,
0x000002910dcdd9c0, 0x000002910dcd6a60, 0x000002910dcd6f70, 0x000002910d656900,
0x000002910d65c930, 0x000002910d65a5c0, 0x000002910d657320, 0x000002910d657d40,
0x000002910d65b4f0, 0x000002910d65ba00, 0x0000029110748f40, 0x000002911074d110,
0x000002911074a380, 0x00000291107466c0, 0x00000291107475f0, 0x0000029110749450,
0x000002910c451ea0, 0x000002910c4523b0, 0x000002910c450a60, 0x000002910c451990,
0x000002910c450f70, 0x000002910eb4b010, 0x000002910eb4bf40, 0x000002910eb4ce70,
0x000002910eb4d890, 0x000002910eb4ab00, 0x000002910eb4a0e0, 0x000002910eb4d380,
0x000002910eb4dda0, 0x000002910eb4c450, 0x000002910eb4e2b0, 0x000002910eb4e7c0,
0x000002910eb4ecd0, 0x000002910eb4f1e0, 0x000002910eb49bd0, 0x000002910eb4b520,
0x000002910eb4a5f0, 0x000002910eb4ba30, 0x000002910eb48280, 0x000002910eb4c960,
0x000002910eb47d70, 0x000002910eb4f6f0, 0x000002910eb48790, 0x000002910eb48ca0,
0x000002910eb491b0, 0x000002910eb496c0, 0x00000291108f8f20, 0x00000291108f9430,
0x00000291108fa360, 0x00000291108fc1c0, 0x00000291108fb7a0, 0x00000291108fbcb0,
0x00000291108f9940, 0x00000291108f8a10, 0x00000291108f9e50, 0x00000291108fa870,
0x00000291108fad80, 0x00000291108fb290, 0x000002910fbdf060, 0x000002910fbe2810,
0x000002910fbe18e0, 0x000002910fbdf570, 0x000002910fbe1df0, 0x000002910fbdfa80,
0x000002910fbe2300, 0x000002910fbe13d0, 0x000002910fbdff90, 0x000002910fbe0ec0,
0x000002910fbe04a0, 0x000002910d692f50, 0x000002910d694390, 0x000002910d693970,
0x000002910d6948a0, 0x000002910d6957d0, 0x000002910d6961f0, 0x000002910d693e80,
0x000002910d695ce0, 0x000002910d694db0, 0x000002910d692a40, 0x000002910d693460,
0x000002910d6952c0, 0x000002910fbe09b0, 0x000002910d9c57b0, 0x000002910d9c52a0,
0x000002910d9c8030, 0x000002910d9c7610, 0x000002910d9c5cc0, 0x000002910d9c61d0,
0x000002910d9c7100, 0x000002910d9c66e0, 0x000002910d9c6bf0, 0x000002910d9c7b20,
0x000002910d9c8540, 0x000002910d9c8a50, 0x00000291100fd150, 0x00000291100fd660,
0x00000291100fc220, 0x00000291100fe590, 0x00000291100ff9d0, 0x00000291100fdb70,
0x00000291100fc730, 0x00000291100feaa0, 0x00000291100fcc40, 0x00000291100fefb0,
0x00000291100ff4c0
}

Java Threads: ( => current thread )
  0x0000029165b3be40 JavaThread "main" [_thread_blocked, id=3784, stack(0x000000b303200000,0x000000b303300000)]
  0x000002910b0724e0 JavaThread "Reference Handler" daemon [_thread_blocked, id=1128, stack(0x000000b303900000,0x000000b303a00000)]
  0x000002910b0733b0 JavaThread "Finalizer" daemon [_thread_blocked, id=12584, stack(0x000000b303a00000,0x000000b303b00000)]
  0x000002910b095e60 JavaThread "Signal Dispatcher" daemon [_thread_blocked, id=3844, stack(0x000000b303b00000,0x000000b303c00000)]
  0x000002910b0bcf90 JavaThread "Attach Listener" daemon [_thread_blocked, id=9392, stack(0x000000b303c00000,0x000000b303d00000)]
  0x000002910b0b0de0 JavaThread "Service Thread" daemon [_thread_blocked, id=13936, stack(0x000000b303d00000,0x000000b303e00000)]
  0x000002910b0b1ed0 JavaThread "Monitor Deflation Thread" daemon [_thread_blocked, id=5656, stack(0x000000b303e00000,0x000000b303f00000)]
  0x000002910b0b5320 JavaThread "C2 CompilerThread0" daemon [_thread_blocked, id=10312, stack(0x000000b303f00000,0x000000b304000000)]
  0x000002910b0b6630 JavaThread "C1 CompilerThread0" daemon [_thread_blocked, id=7192, stack(0x000000b304000000,0x000000b304100000)]
  0x000002910b0c6140 JavaThread "Sweeper thread" daemon [_thread_blocked, id=5020, stack(0x000000b304100000,0x000000b304200000)]
  0x000002910b25d350 JavaThread "Common-Cleaner" daemon [_thread_blocked, id=3396, stack(0x000000b304200000,0x000000b304300000)]
  0x000002910b270010 JavaThread "Notification Thread" daemon [_thread_blocked, id=14152, stack(0x000000b304300000,0x000000b304400000)]
  0x000002910c980000 JavaThread "Daemon health stats" [_thread_blocked, id=7152, stack(0x000000b304600000,0x000000b304700000)]
  0x000002910ce090e0 JavaThread "Incoming local TCP Connector on port 54879" [_thread_in_native, id=7296, stack(0x000000b304c00000,0x000000b304d00000)]
  0x000002910bf22a60 JavaThread "Daemon periodic checks" [_thread_blocked, id=13144, stack(0x000000b304d00000,0x000000b304e00000)]
  0x000002910c254680 JavaThread "Daemon" [_thread_blocked, id=13568, stack(0x000000b304e00000,0x000000b304f00000)]
  0x000002910c451480 JavaThread "Daemon worker" [_thread_blocked, id=4784, stack(0x000000b305100000,0x000000b305200000)]
  0x000002910d659180 JavaThread "Cache worker for journal cache (C:\Users\DAVID\.gradle\caches\journal-1)" [_thread_blocked, id=7536, stack(0x000000b305500000,0x000000b305600000)]
  0x000002910d658250 JavaThread "File lock request listener" [_thread_in_native, id=2220, stack(0x000000b305600000,0x000000b305700000)]
  0x000002910d65afe0 JavaThread "Cache worker for file hash cache (C:\Users\DAVID\.gradle\caches\7.6.3\fileHashes)" [_thread_blocked, id=9376, stack(0x000000b305d00000,0x000000b305e00000)]
  0x000002910d6563f0 JavaThread "File watcher server" daemon [_thread_in_native, id=2712, stack(0x000000b305f00000,0x000000b306000000)]
  0x000002910d659ba0 JavaThread "File watcher consumer" daemon [_thread_blocked, id=13404, stack(0x000000b306000000,0x000000b306100000)]
  0x000002910d657830 JavaThread "Cache worker for file content cache (C:\Users\DAVID\.gradle\caches\7.6.3\fileContent)" [_thread_blocked, id=11944, stack(0x000000b306300000,0x000000b306400000)]
  0x000002910d6554c0 JavaThread "Cache worker for execution history cache (C:\Users\DAVID\.gradle\caches\7.6.3\executionHistory)" [_thread_blocked, id=1448, stack(0x000000b306600000,0x000000b306700000)]
  0x000002910d65ce40 JavaThread "jar transforms" [_thread_blocked, id=8844, stack(0x000000b306700000,0x000000b306800000)]
  0x000002910d65a0b0 JavaThread "Cache worker for kotlin-dsl (C:\Users\DAVID\.gradle\caches\7.6.3\kotlin-dsl)" [_thread_blocked, id=10940, stack(0x000000b306800000,0x000000b306900000)]
  0x000002910d65c420 JavaThread "jar transforms Thread 2" [_thread_blocked, id=9348, stack(0x000000b306900000,0x000000b306a00000)]
  0x000002910d65aad0 JavaThread "jar transforms Thread 3" [_thread_blocked, id=4228, stack(0x000000b306c00000,0x000000b306d00000)]
  0x000002910dcdb140 JavaThread "Memory manager" [_thread_blocked, id=2640, stack(0x000000b306d00000,0x000000b306e00000)]
  0x000002910dcd7480 JavaThread "jar transforms Thread 4" [_thread_blocked, id=10072, stack(0x000000b305e00000,0x000000b305f00000)]
  0x000002910dcd7ea0 JavaThread "included builds" [_thread_blocked, id=13636, stack(0x000000b306f00000,0x000000b307000000)]
  0x000002911074bcd0 JavaThread "jar transforms Thread 5" [_thread_blocked, id=2684, stack(0x000000b30f300000,0x000000b30f400000)]
  0x000002911074b7c0 JavaThread "jar transforms Thread 6" [_thread_blocked, id=12864, stack(0x000000b30f400000,0x000000b30f500000)]
  0x0000029110749e70 JavaThread "jar transforms Thread 7" [_thread_blocked, id=5936, stack(0x000000b30f500000,0x000000b30f600000)]
  0x000002911074cc00 JavaThread "jar transforms Thread 8" [_thread_blocked, id=8924, stack(0x000000b30f600000,0x000000b30f700000)]
  0x0000029110747b00 JavaThread "jar transforms Thread 9" [_thread_blocked, id=13064, stack(0x000000b30f700000,0x000000b30f800000)]
  0x000002911074e040 JavaThread "jar transforms Thread 10" [_thread_blocked, id=9236, stack(0x000000b30f800000,0x000000b30f900000)]
  0x0000029110746bd0 JavaThread "jar transforms Thread 11" [_thread_blocked, id=14280, stack(0x000000b30f900000,0x000000b30fa00000)]
  0x0000029110748520 JavaThread "jar transforms Thread 12" [_thread_blocked, id=5964, stack(0x000000b30fa00000,0x000000b30fb00000)]
  0x000002911074db30 JavaThread "Exec process" [_thread_blocked, id=14104, stack(0x000000b310000000,0x000000b310100000)]
  0x0000029110749960 JavaThread "Exec process Thread 2" [_thread_blocked, id=6356, stack(0x000000b310100000,0x000000b310200000)]
  0x000002911074c1e0 JavaThread "Exec process Thread 3" [_thread_blocked, id=4620, stack(0x000000b310200000,0x000000b310300000)]
  0x00000291100f6580 JavaThread "Handler for socket connection from /127.0.0.1:54879 to /127.0.0.1:54941" [_thread_in_native, id=14036, stack(0x000000b305000000,0x000000b305100000)]
  0x00000291100f5140 JavaThread "Cancel handler" [_thread_blocked, id=9412, stack(0x000000b305200000,0x000000b305300000)]
  0x00000291100f6a90 JavaThread "Asynchronous log dispatcher for DefaultDaemonConnection: socket connection from /127.0.0.1:54879 to /127.0.0.1:54941" [_thread_blocked, id=8372, stack(0x000000b305300000,0x000000b305400000)]
  0x00000291100fb170 JavaThread "Stdin handler" [_thread_blocked, id=6732, stack(0x000000b305400000,0x000000b305500000)]
  0x00000291100f7ed0 JavaThread "Daemon client event forwarder" [_thread_blocked, id=13544, stack(0x000000b306100000,0x000000b306200000)]
  0x000002910e350bf0 JavaThread "C2 CompilerThread1" daemon [_thread_blocked, id=2740, stack(0x000000b306200000,0x000000b306300000)]
  0x00000291100f6fa0 JavaThread "Cache worker for checksums cache (D:\DOCUMENTOS\PROJETO_FLUTTER\dmega\android\.gradle\7.6.3\checksums)" [_thread_blocked, id=2628, stack(0x000000b306400000,0x000000b306500000)]
  0x00000291100f74b0 JavaThread "Cache worker for cache directory md-rule (C:\Users\DAVID\.gradle\caches\7.6.3\md-rule)" [_thread_blocked, id=7432, stack(0x000000b306500000,0x000000b306600000)]
  0x00000291100f79c0 JavaThread "Cache worker for file hash cache (D:\DOCUMENTOS\PROJETO_FLUTTER\dmega\android\.gradle\7.6.3\fileHashes)" [_thread_blocked, id=13456, stack(0x000000b306a00000,0x000000b306b00000)]
  0x00000291100f5650 JavaThread "Cache worker for cache directory md-supplier (C:\Users\DAVID\.gradle\caches\7.6.3\md-supplier)" [_thread_blocked, id=6192, stack(0x000000b306b00000,0x000000b306c00000)]
  0x00000291100f83e0 JavaThread "Cache worker for dependencies-accessors (D:\DOCUMENTOS\PROJETO_FLUTTER\dmega\android\.gradle\7.6.3\dependencies-accessors)" [_thread_blocked, id=14324, stack(0x000000b306e00000,0x000000b306f00000)]
  0x00000291100f5b60 JavaThread "Cache worker for Build Output Cleanup Cache (C:\src\flutter\packages\flutter_tools\gradle\.gradle\buildOutputCleanup)" [_thread_blocked, id=6172, stack(0x000000b307000000,0x000000b307100000)]
  0x000002910e351140 JavaThread "C2 CompilerThread2" daemon [_thread_in_native, id=10172, stack(0x000000b307100000,0x000000b307200000)]
  0x00000291100f88f0 JavaThread "included builds" [_thread_blocked, id=13508, stack(0x000000b307200000,0x000000b307300000)]
  0x00000291100f4c30 JavaThread "Execution worker" [_thread_blocked, id=11952, stack(0x000000b307300000,0x000000b307400000)]
  0x00000291100fb680 JavaThread "Execution worker Thread 2" [_thread_blocked, id=12812, stack(0x000000b307400000,0x000000b307500000)]
  0x00000291100f8e00 JavaThread "Execution worker Thread 3" [_thread_blocked, id=7256, stack(0x000000b307500000,0x000000b307600000)]
  0x00000291100f9310 JavaThread "Execution worker Thread 4" [_thread_blocked, id=7472, stack(0x000000b307600000,0x000000b307700000)]
  0x00000291100fac60 JavaThread "Execution worker Thread 5" [_thread_blocked, id=8448, stack(0x000000b307700000,0x000000b307800000)]
  0x00000291100f4210 JavaThread "Execution worker Thread 6" [_thread_blocked, id=13840, stack(0x000000b307800000,0x000000b307900000)]
  0x00000291100fa750 JavaThread "Execution worker Thread 7" [_thread_blocked, id=3416, stack(0x000000b307900000,0x000000b307a00000)]
  0x00000291100f9820 JavaThread "Execution worker Thread 8" [_thread_blocked, id=8800, stack(0x000000b307a00000,0x000000b307b00000)]
  0x00000291100fbb90 JavaThread "Execution worker Thread 9" [_thread_blocked, id=13856, stack(0x000000b307b00000,0x000000b307c00000)]
  0x00000291100f6070 JavaThread "Execution worker Thread 10" [_thread_blocked, id=13676, stack(0x000000b307c00000,0x000000b307d00000)]
  0x00000291100f9d30 JavaThread "Execution worker Thread 11" [_thread_blocked, id=2156, stack(0x000000b307d00000,0x000000b307e00000)]
  0x00000291100fa240 JavaThread "Cache worker for execution history cache (C:\src\flutter\packages\flutter_tools\gradle\.gradle\7.6.3\executionHistory)" [_thread_blocked, id=5016, stack(0x000000b307e00000,0x000000b307f00000)]
  0x000002910dcd97f0 JavaThread "Unconstrained build operations" [_thread_blocked, id=3164, stack(0x000000b307f00000,0x000000b308000000)]
  0x000002910dcdac30 JavaThread "Unconstrained build operations Thread 2" [_thread_blocked, id=2384, stack(0x000000b308000000,0x000000b308100000)]
  0x000002910dcd83b0 JavaThread "Unconstrained build operations Thread 3" [_thread_blocked, id=4644, stack(0x000000b308100000,0x000000b308200000)]
  0x000002910dcd8dd0 JavaThread "Unconstrained build operations Thread 4" [_thread_blocked, id=6508, stack(0x000000b308200000,0x000000b308300000)]
  0x000002910dcdca90 JavaThread "Unconstrained build operations Thread 5" [_thread_blocked, id=12880, stack(0x000000b308300000,0x000000b308400000)]
  0x000002910dcd92e0 JavaThread "Unconstrained build operations Thread 6" [_thread_blocked, id=12092, stack(0x000000b308400000,0x000000b308500000)]
  0x000002910dcdc070 JavaThread "Unconstrained build operations Thread 7" [_thread_blocked, id=13216, stack(0x000000b308500000,0x000000b308600000)]
  0x000002910dcdb650 JavaThread "Unconstrained build operations Thread 8" [_thread_blocked, id=7872, stack(0x000000b308600000,0x000000b308700000)]
  0x000002910dcd9d00 JavaThread "Unconstrained build operations Thread 9" [_thread_blocked, id=14092, stack(0x000000b308700000,0x000000b308800000)]
  0x000002910dcda210 JavaThread "Unconstrained build operations Thread 10" [_thread_blocked, id=6736, stack(0x000000b308800000,0x000000b308900000)]
  0x000002910dcd7990 JavaThread "Unconstrained build operations Thread 11" [_thread_blocked, id=8580, stack(0x000000b308900000,0x000000b308a00000)]
  0x000002910dcd6550 JavaThread "Unconstrained build operations Thread 12" [_thread_blocked, id=14148, stack(0x000000b308a00000,0x000000b308b00000)]
  0x000002910dcd6040 JavaThread "Unconstrained build operations Thread 13" [_thread_blocked, id=4084, stack(0x000000b308b00000,0x000000b308c00000)]
  0x000002910dcdc580 JavaThread "Unconstrained build operations Thread 14" [_thread_blocked, id=13984, stack(0x000000b308c00000,0x000000b308d00000)]
  0x000002910dcdcfa0 JavaThread "Unconstrained build operations Thread 15" [_thread_blocked, id=11484, stack(0x000000b308d00000,0x000000b308e00000)]
  0x000002910dcdd4b0 JavaThread "Unconstrained build operations Thread 16" [_thread_blocked, id=12120, stack(0x000000b308e00000,0x000000b308f00000)]
  0x000002910dcdd9c0 JavaThread "Unconstrained build operations Thread 17" [_thread_blocked, id=13724, stack(0x000000b308f00000,0x000000b309000000)]
  0x000002910dcd6a60 JavaThread "Unconstrained build operations Thread 18" [_thread_blocked, id=12744, stack(0x000000b309000000,0x000000b309100000)]
  0x000002910dcd6f70 JavaThread "Unconstrained build operations Thread 19" [_thread_blocked, id=9360, stack(0x000000b309100000,0x000000b309200000)]
  0x000002910d656900 JavaThread "Unconstrained build operations Thread 20" [_thread_blocked, id=6692, stack(0x000000b309200000,0x000000b309300000)]
  0x000002910d65c930 JavaThread "Unconstrained build operations Thread 21" [_thread_blocked, id=9304, stack(0x000000b309300000,0x000000b309400000)]
  0x000002910d65a5c0 JavaThread "Unconstrained build operations Thread 22" [_thread_blocked, id=5048, stack(0x000000b309400000,0x000000b309500000)]
  0x000002910d657320 JavaThread "Unconstrained build operations Thread 23" [_thread_blocked, id=13960, stack(0x000000b309500000,0x000000b309600000)]
  0x000002910d657d40 JavaThread "Unconstrained build operations Thread 24" [_thread_blocked, id=1132, stack(0x000000b309600000,0x000000b309700000)]
  0x000002910d65b4f0 JavaThread "Unconstrained build operations Thread 25" [_thread_blocked, id=13416, stack(0x000000b309700000,0x000000b309800000)]
  0x000002910d65ba00 JavaThread "Unconstrained build operations Thread 26" [_thread_blocked, id=12280, stack(0x000000b309800000,0x000000b309900000)]
  0x0000029110748f40 JavaThread "Unconstrained build operations Thread 27" [_thread_blocked, id=5944, stack(0x000000b309900000,0x000000b309a00000)]
  0x000002911074d110 JavaThread "Unconstrained build operations Thread 28" [_thread_blocked, id=2840, stack(0x000000b309a00000,0x000000b309b00000)]
  0x000002911074a380 JavaThread "Unconstrained build operations Thread 29" [_thread_blocked, id=13532, stack(0x000000b309b00000,0x000000b309c00000)]
  0x00000291107466c0 JavaThread "Unconstrained build operations Thread 30" [_thread_blocked, id=4304, stack(0x000000b309c00000,0x000000b309d00000)]
  0x00000291107475f0 JavaThread "Unconstrained build operations Thread 31" [_thread_blocked, id=4344, stack(0x000000b309d00000,0x000000b309e00000)]
  0x0000029110749450 JavaThread "Unconstrained build operations Thread 32" [_thread_blocked, id=5732, stack(0x000000b309e00000,0x000000b309f00000)]
  0x000002910c451ea0 JavaThread "Unconstrained build operations Thread 33" [_thread_blocked, id=1784, stack(0x000000b309f00000,0x000000b30a000000)]
  0x000002910c4523b0 JavaThread "Unconstrained build operations Thread 34" [_thread_blocked, id=12240, stack(0x000000b30a000000,0x000000b30a100000)]
  0x000002910c450a60 JavaThread "Unconstrained build operations Thread 35" [_thread_blocked, id=13548, stack(0x000000b30a100000,0x000000b30a200000)]
  0x000002910c451990 JavaThread "Unconstrained build operations Thread 36" [_thread_blocked, id=472, stack(0x000000b30a200000,0x000000b30a300000)]
  0x000002910c450f70 JavaThread "Unconstrained build operations Thread 37" [_thread_blocked, id=14028, stack(0x000000b30a300000,0x000000b30a400000)]
  0x000002910eb4b010 JavaThread "Unconstrained build operations Thread 38" [_thread_blocked, id=6872, stack(0x000000b30a400000,0x000000b30a500000)]
  0x000002910eb4bf40 JavaThread "Unconstrained build operations Thread 39" [_thread_blocked, id=5268, stack(0x000000b30a500000,0x000000b30a600000)]
  0x000002910eb4ce70 JavaThread "Unconstrained build operations Thread 40" [_thread_blocked, id=11592, stack(0x000000b30a600000,0x000000b30a700000)]
  0x000002910eb4d890 JavaThread "Unconstrained build operations Thread 41" [_thread_blocked, id=14024, stack(0x000000b30a700000,0x000000b30a800000)]
  0x000002910eb4ab00 JavaThread "Unconstrained build operations Thread 42" [_thread_blocked, id=13324, stack(0x000000b30a800000,0x000000b30a900000)]
  0x000002910eb4a0e0 JavaThread "Unconstrained build operations Thread 43" [_thread_blocked, id=13336, stack(0x000000b30a900000,0x000000b30aa00000)]
  0x000002910eb4d380 JavaThread "Unconstrained build operations Thread 44" [_thread_blocked, id=8360, stack(0x000000b30aa00000,0x000000b30ab00000)]
  0x000002910eb4dda0 JavaThread "Unconstrained build operations Thread 45" [_thread_blocked, id=1136, stack(0x000000b30ab00000,0x000000b30ac00000)]
  0x000002910eb4c450 JavaThread "Unconstrained build operations Thread 46" [_thread_blocked, id=10120, stack(0x000000b30ac00000,0x000000b30ad00000)]
  0x000002910eb4e2b0 JavaThread "Unconstrained build operations Thread 47" [_thread_blocked, id=13424, stack(0x000000b30ad00000,0x000000b30ae00000)]
  0x000002910eb4e7c0 JavaThread "Unconstrained build operations Thread 48" [_thread_blocked, id=2544, stack(0x000000b30ae00000,0x000000b30af00000)]
  0x000002910eb4ecd0 JavaThread "Unconstrained build operations Thread 49" [_thread_blocked, id=668, stack(0x000000b30af00000,0x000000b30b000000)]
  0x000002910eb4f1e0 JavaThread "Unconstrained build operations Thread 50" [_thread_blocked, id=7500, stack(0x000000b30b000000,0x000000b30b100000)]
  0x000002910eb49bd0 JavaThread "Unconstrained build operations Thread 51" [_thread_blocked, id=4372, stack(0x000000b30b100000,0x000000b30b200000)]
  0x000002910eb4b520 JavaThread "Unconstrained build operations Thread 52" [_thread_blocked, id=12164, stack(0x000000b30b200000,0x000000b30b300000)]
  0x000002910eb4a5f0 JavaThread "Unconstrained build operations Thread 53" [_thread_blocked, id=13624, stack(0x000000b30b300000,0x000000b30b400000)]
  0x000002910eb4ba30 JavaThread "Unconstrained build operations Thread 54" [_thread_blocked, id=13412, stack(0x000000b30b400000,0x000000b30b500000)]
  0x000002910eb48280 JavaThread "Unconstrained build operations Thread 55" [_thread_blocked, id=8940, stack(0x000000b30b500000,0x000000b30b600000)]
  0x000002910eb4c960 JavaThread "Unconstrained build operations Thread 56" [_thread_blocked, id=13524, stack(0x000000b30b600000,0x000000b30b700000)]
  0x000002910eb47d70 JavaThread "Unconstrained build operations Thread 57" [_thread_blocked, id=11248, stack(0x000000b30b700000,0x000000b30b800000)]
  0x000002910eb4f6f0 JavaThread "Unconstrained build operations Thread 58" [_thread_blocked, id=9744, stack(0x000000b30b800000,0x000000b30b900000)]
  0x000002910eb48790 JavaThread "Unconstrained build operations Thread 59" [_thread_blocked, id=5812, stack(0x000000b30b900000,0x000000b30ba00000)]
  0x000002910eb48ca0 JavaThread "Unconstrained build operations Thread 60" [_thread_blocked, id=9804, stack(0x000000b30ba00000,0x000000b30bb00000)]
  0x000002910eb491b0 JavaThread "Unconstrained build operations Thread 61" [_thread_blocked, id=1500, stack(0x000000b30bb00000,0x000000b30bc00000)]
  0x000002910eb496c0 JavaThread "Unconstrained build operations Thread 62" [_thread_blocked, id=5468, stack(0x000000b30bc00000,0x000000b30bd00000)]
  0x00000291108f8f20 JavaThread "Unconstrained build operations Thread 63" [_thread_blocked, id=3308, stack(0x000000b30bd00000,0x000000b30be00000)]
  0x00000291108f9430 JavaThread "Unconstrained build operations Thread 64" [_thread_blocked, id=13124, stack(0x000000b30be00000,0x000000b30bf00000)]
  0x00000291108fa360 JavaThread "Unconstrained build operations Thread 65" [_thread_blocked, id=8400, stack(0x000000b30bf00000,0x000000b30c000000)]
  0x00000291108fc1c0 JavaThread "Unconstrained build operations Thread 66" [_thread_blocked, id=11772, stack(0x000000b30c000000,0x000000b30c100000)]
  0x00000291108fb7a0 JavaThread "Unconstrained build operations Thread 67" [_thread_blocked, id=9208, stack(0x000000b30c100000,0x000000b30c200000)]
  0x00000291108fbcb0 JavaThread "Unconstrained build operations Thread 68" [_thread_blocked, id=14204, stack(0x000000b30c200000,0x000000b30c300000)]
  0x00000291108f9940 JavaThread "Unconstrained build operations Thread 69" [_thread_blocked, id=2536, stack(0x000000b30c300000,0x000000b30c400000)]
  0x00000291108f8a10 JavaThread "Unconstrained build operations Thread 70" [_thread_blocked, id=6304, stack(0x000000b30c400000,0x000000b30c500000)]
  0x00000291108f9e50 JavaThread "Unconstrained build operations Thread 71" [_thread_blocked, id=5760, stack(0x000000b30c500000,0x000000b30c600000)]
  0x00000291108fa870 JavaThread "Unconstrained build operations Thread 72" [_thread_blocked, id=9456, stack(0x000000b30c600000,0x000000b30c700000)]
  0x00000291108fad80 JavaThread "Unconstrained build operations Thread 73" [_thread_blocked, id=10756, stack(0x000000b30c700000,0x000000b30c800000)]
  0x00000291108fb290 JavaThread "Unconstrained build operations Thread 74" [_thread_blocked, id=1344, stack(0x000000b30c800000,0x000000b30c900000)]
  0x000002910fbdf060 JavaThread "Unconstrained build operations Thread 75" [_thread_blocked, id=6936, stack(0x000000b30c900000,0x000000b30ca00000)]
  0x000002910fbe2810 JavaThread "Unconstrained build operations Thread 76" [_thread_blocked, id=13944, stack(0x000000b30ca00000,0x000000b30cb00000)]
  0x000002910fbe18e0 JavaThread "Unconstrained build operations Thread 77" [_thread_blocked, id=7732, stack(0x000000b30cb00000,0x000000b30cc00000)]
  0x000002910fbdf570 JavaThread "Unconstrained build operations Thread 78" [_thread_blocked, id=11268, stack(0x000000b30cc00000,0x000000b30cd00000)]
  0x000002910fbe1df0 JavaThread "Unconstrained build operations Thread 79" [_thread_blocked, id=9460, stack(0x000000b30cd00000,0x000000b30ce00000)]
  0x000002910fbdfa80 JavaThread "Unconstrained build operations Thread 80" [_thread_blocked, id=1628, stack(0x000000b30ce00000,0x000000b30cf00000)]
  0x000002910fbe2300 JavaThread "Unconstrained build operations Thread 81" [_thread_blocked, id=14296, stack(0x000000b30cf00000,0x000000b30d000000)]
  0x000002910fbe13d0 JavaThread "Unconstrained build operations Thread 82" [_thread_blocked, id=12468, stack(0x000000b30d000000,0x000000b30d100000)]
  0x000002910fbdff90 JavaThread "Unconstrained build operations Thread 83" [_thread_blocked, id=8128, stack(0x000000b30d100000,0x000000b30d200000)]
  0x000002910fbe0ec0 JavaThread "Unconstrained build operations Thread 84" [_thread_blocked, id=9820, stack(0x000000b30d200000,0x000000b30d300000)]
  0x000002910fbe04a0 JavaThread "Unconstrained build operations Thread 85" [_thread_blocked, id=14228, stack(0x000000b30d300000,0x000000b30d400000)]
  0x000002910d692f50 JavaThread "Unconstrained build operations Thread 86" [_thread_blocked, id=11424, stack(0x000000b30d400000,0x000000b30d500000)]
  0x000002910d694390 JavaThread "Unconstrained build operations Thread 87" [_thread_blocked, id=3456, stack(0x000000b30d500000,0x000000b30d600000)]
  0x000002910d693970 JavaThread "Unconstrained build operations Thread 88" [_thread_blocked, id=1744, stack(0x000000b30d600000,0x000000b30d700000)]
  0x000002910d6948a0 JavaThread "Unconstrained build operations Thread 89" [_thread_blocked, id=8608, stack(0x000000b30d700000,0x000000b30d800000)]
  0x000002910d6957d0 JavaThread "Unconstrained build operations Thread 90" [_thread_blocked, id=8932, stack(0x000000b30d800000,0x000000b30d900000)]
  0x000002910d6961f0 JavaThread "Unconstrained build operations Thread 91" [_thread_blocked, id=11908, stack(0x000000b30d900000,0x000000b30da00000)]
  0x000002910d693e80 JavaThread "Unconstrained build operations Thread 92" [_thread_blocked, id=13504, stack(0x000000b30da00000,0x000000b30db00000)]
  0x000002910d695ce0 JavaThread "Unconstrained build operations Thread 93" [_thread_blocked, id=7764, stack(0x000000b30db00000,0x000000b30dc00000)]
  0x000002910d694db0 JavaThread "Unconstrained build operations Thread 94" [_thread_blocked, id=4760, stack(0x000000b30dc00000,0x000000b30dd00000)]
  0x000002910d692a40 JavaThread "Unconstrained build operations Thread 95" [_thread_blocked, id=9472, stack(0x000000b30dd00000,0x000000b30de00000)]
  0x000002910d693460 JavaThread "Unconstrained build operations Thread 96" [_thread_blocked, id=12008, stack(0x000000b30de00000,0x000000b30df00000)]
  0x000002910d6952c0 JavaThread "Unconstrained build operations Thread 97" [_thread_blocked, id=7204, stack(0x000000b30df00000,0x000000b30e000000)]
  0x000002910fbe09b0 JavaThread "Unconstrained build operations Thread 98" [_thread_blocked, id=12828, stack(0x000000b30e000000,0x000000b30e100000)]
  0x000002910d9c57b0 JavaThread "Unconstrained build operations Thread 99" [_thread_blocked, id=13092, stack(0x000000b30e100000,0x000000b30e200000)]
  0x000002910d9c52a0 JavaThread "Unconstrained build operations Thread 100" [_thread_blocked, id=13252, stack(0x000000b30e200000,0x000000b30e300000)]
  0x000002910d9c8030 JavaThread "Unconstrained build operations Thread 101" [_thread_blocked, id=14248, stack(0x000000b30e300000,0x000000b30e400000)]
  0x000002910d9c7610 JavaThread "Unconstrained build operations Thread 102" [_thread_blocked, id=3664, stack(0x000000b30e400000,0x000000b30e500000)]
  0x000002910d9c5cc0 JavaThread "Unconstrained build operations Thread 103" [_thread_blocked, id=14232, stack(0x000000b30e500000,0x000000b30e600000)]
  0x000002910d9c61d0 JavaThread "Unconstrained build operations Thread 104" [_thread_blocked, id=9148, stack(0x000000b30e600000,0x000000b30e700000)]
  0x000002910d9c7100 JavaThread "Unconstrained build operations Thread 105" [_thread_blocked, id=11312, stack(0x000000b30e700000,0x000000b30e800000)]
  0x000002910d9c66e0 JavaThread "Unconstrained build operations Thread 106" [_thread_blocked, id=13488, stack(0x000000b30e800000,0x000000b30e900000)]
  0x000002910d9c6bf0 JavaThread "Unconstrained build operations Thread 107" [_thread_blocked, id=13776, stack(0x000000b30e900000,0x000000b30ea00000)]
  0x000002910d9c7b20 JavaThread "Unconstrained build operations Thread 108" [_thread_blocked, id=13876, stack(0x000000b30ea00000,0x000000b30eb00000)]
  0x000002910d9c8540 JavaThread "Unconstrained build operations Thread 109" [_thread_blocked, id=13028, stack(0x000000b30eb00000,0x000000b30ec00000)]
  0x000002910d9c8a50 JavaThread "Unconstrained build operations Thread 110" [_thread_blocked, id=1216, stack(0x000000b30ec00000,0x000000b30ed00000)]
  0x00000291100fd150 JavaThread "Unconstrained build operations Thread 111" [_thread_blocked, id=7336, stack(0x000000b30ed00000,0x000000b30ee00000)]
  0x00000291100fd660 JavaThread "Unconstrained build operations Thread 112" [_thread_blocked, id=13496, stack(0x000000b30ee00000,0x000000b30ef00000)]
  0x00000291100fc220 JavaThread "Unconstrained build operations Thread 113" [_thread_blocked, id=7976, stack(0x000000b30ef00000,0x000000b30f000000)]
  0x00000291100fe590 JavaThread "Unconstrained build operations Thread 114" [_thread_blocked, id=10024, stack(0x000000b30f000000,0x000000b30f100000)]
  0x00000291100ff9d0 JavaThread "Unconstrained build operations Thread 115" [_thread_blocked, id=11240, stack(0x000000b30f100000,0x000000b30f200000)]
  0x00000291100fdb70 JavaThread "Unconstrained build operations Thread 116" [_thread_blocked, id=13400, stack(0x000000b30f200000,0x000000b30f300000)]
  0x00000291100fc730 JavaThread "Unconstrained build operations Thread 117" [_thread_blocked, id=12616, stack(0x000000b30fb00000,0x000000b30fc00000)]
  0x00000291100feaa0 JavaThread "Unconstrained build operations Thread 118" [_thread_blocked, id=5332, stack(0x000000b30fc00000,0x000000b30fd00000)]
  0x00000291100fcc40 JavaThread "Unconstrained build operations Thread 119" [_thread_blocked, id=6504, stack(0x000000b30ff00000,0x000000b310000000)]
  0x00000291100fefb0 JavaThread "Unconstrained build operations Thread 120" [_thread_blocked, id=13332, stack(0x000000b310300000,0x000000b310400000)]
  0x00000291100ff4c0 JavaThread "Cache worker for Build Output Cleanup Cache (D:\DOCUMENTOS\PROJETO_FLUTTER\dmega\android\.gradle\buildOutputCleanup)" [_thread_blocked, id=8832, stack(0x000000b310400000,0x000000b310500000)]

Other Threads:
=>0x000002910b059a10 VMThread "VM Thread" [stack: 0x000000b303800000,0x000000b303900000] [id=13392]
  0x000002910b25c020 WatcherThread [stack: 0x000000b304400000,0x000000b304500000] [id=4636]
  0x0000029167deebc0 GCTaskThread "GC Thread#0" [stack: 0x000000b303300000,0x000000b303400000] [id=7844]
  0x000002910c015580 GCTaskThread "GC Thread#1" [stack: 0x000000b304700000,0x000000b304800000] [id=7396]
  0x000002910be581b0 GCTaskThread "GC Thread#2" [stack: 0x000000b304800000,0x000000b304900000] [id=10328]
  0x000002910bfec510 GCTaskThread "GC Thread#3" [stack: 0x000000b304900000,0x000000b304a00000] [id=12972]
  0x000002910bfec7d0 GCTaskThread "GC Thread#4" [stack: 0x000000b304a00000,0x000000b304b00000] [id=7920]
  0x000002910bfeca90 GCTaskThread "GC Thread#5" [stack: 0x000000b304b00000,0x000000b304c00000] [id=14244]
  0x000002910ca71ae0 GCTaskThread "GC Thread#6" [stack: 0x000000b305700000,0x000000b305800000] [id=12068]
  0x000002910ca71560 GCTaskThread "GC Thread#7" [stack: 0x000000b305800000,0x000000b305900000] [id=14032]
  0x000002910ca71820 GCTaskThread "GC Thread#8" [stack: 0x000000b305900000,0x000000b305a00000] [id=6564]
  0x000002910ca6ff60 GCTaskThread "GC Thread#9" [stack: 0x000000b305a00000,0x000000b305b00000] [id=4768]
  0x0000029167dffa20 ConcurrentGCThread "G1 Main Marker" [stack: 0x000000b303400000,0x000000b303500000] [id=7096]
  0x0000029167e00af0 ConcurrentGCThread "G1 Conc#0" [stack: 0x000000b303500000,0x000000b303600000] [id=1220]
  0x000002910ca707a0 ConcurrentGCThread "G1 Conc#1" [stack: 0x000000b305b00000,0x000000b305c00000] [id=5456]
  0x000002910ca712a0 ConcurrentGCThread "G1 Conc#2" [stack: 0x000000b305c00000,0x000000b305d00000] [id=9160]
  0x0000029167e3e890 ConcurrentGCThread "G1 Refine#0" [stack: 0x000000b303600000,0x000000b303700000] [id=8392]
  0x0000029112ac5510 ConcurrentGCThread "G1 Refine#1" [stack: 0x000000b30fd00000,0x000000b30fe00000] [id=10220]
  0x0000029112ac5de0 ConcurrentGCThread "G1 Refine#2" [stack: 0x000000b30fe00000,0x000000b30ff00000] [id=13344]
  0x0000029106b423c0 ConcurrentGCThread "G1 Service" [stack: 0x000000b303700000,0x000000b303800000] [id=1284]

Threads with active compile tasks:
C2 CompilerThread0    36379 15084       4       org.gradle.api.internal.artifacts.ivyservice.resolveengine.artifact.ResolvedArtifactsGraphVisitor::getArtifacts (207 bytes)
C1 CompilerThread0    36380 15234       3       org.gradle.api.internal.plugins.DefaultPluginContainer::doFindPlugin (69 bytes)
C2 CompilerThread1    36380 15206       4       org.gradle.api.internal.artifacts.ivyservice.resolveengine.graph.builder.SelectorState::update (95 bytes)
C2 CompilerThread2    36380 15116       4       org.gradle.internal.logging.sink.OutputEventTransformer::onOutput (399 bytes)

VM state: at safepoint (normal execution)

VM Mutex/Monitor currently owned by a thread:  ([mutex/lock_event])
[0x0000029167d81030] Threads_lock - owner thread: 0x000002910b059a10
[0x0000029167d821a0] Heap_lock - owner thread: 0x000002910c451480

Heap address: 0x0000000700000000, size: 4096 MB, Compressed Oops mode: Zero based, Oop shift amount: 3

CDS archive(s) not mapped
Compressed class space mapped at: 0x0000000800000000-0x0000000840000000, reserved size: 1073741824
Narrow klass base: 0x0000000800000000, Narrow klass shift: 0, Narrow klass range: 0x40000000

GC Precious Log:
 CPUs: 12 total, 12 available
 Memory: 16308M
 Large Page Support: Disabled
 NUMA Support: Disabled
 Compressed Oops: Enabled (Zero based)
 Heap Region Size: 2M
 Heap Min Capacity: 8M
 Heap Initial Capacity: 256M
 Heap Max Capacity: 4G
 Pre-touch: Disabled
 Parallel Workers: 10
 Concurrent Workers: 3
 Concurrent Refinement Workers: 10
 Periodic GC: Disabled

Heap:
 garbage-first heap   total 262144K, used 175057K [0x0000000700000000, 0x0000000800000000)
  region size 2048K, 3 young (6144K), 3 survivors (6144K)
 Metaspace       used 105468K, committed 106496K, reserved 1179648K
  class space    used 14505K, committed 14976K, reserved 1048576K

Heap Regions: E=young(eden), S=young(survivor), O=old, HS=humongous(starts), HC=humongous(continues), CS=collection set, F=free, OA=open archive, CA=closed archive, TAMS=top-at-mark-start (previous, next)
|   0|0x0000000700000000, 0x0000000700200000, 0x0000000700200000|100%|HS|  |TAMS 0x0000000700200000, 0x0000000700000000| Complete 
|   1|0x0000000700200000, 0x0000000700400000, 0x0000000700400000|100%|HC|  |TAMS 0x0000000700400000, 0x0000000700200000| Complete 
|   2|0x0000000700400000, 0x0000000700600000, 0x0000000700600000|100%| O|  |TAMS 0x0000000700600000, 0x0000000700400000| Untracked 
|   3|0x0000000700600000, 0x0000000700800000, 0x0000000700800000|100%| O|  |TAMS 0x0000000700800000, 0x0000000700600000| Untracked 
|   4|0x0000000700800000, 0x00000007009cfa00, 0x0000000700a00000| 90%| O|  |TAMS 0x00000007009cfa00, 0x0000000700800000| Untracked 
|   5|0x0000000700a00000, 0x0000000700c00000, 0x0000000700c00000|100%| O|  |TAMS 0x0000000700c00000, 0x0000000700a00000| Untracked 
|   6|0x0000000700c00000, 0x0000000700e00000, 0x0000000700e00000|100%| O|  |TAMS 0x0000000700e00000, 0x0000000700c00000| Untracked 
|   7|0x0000000700e00000, 0x0000000701000000, 0x0000000701000000|100%| O|  |TAMS 0x0000000701000000, 0x0000000700e00000| Untracked 
|   8|0x0000000701000000, 0x0000000701200000, 0x0000000701200000|100%| O|  |TAMS 0x0000000701200000, 0x0000000701000000| Untracked 
|   9|0x0000000701200000, 0x0000000701400000, 0x0000000701400000|100%| O|  |TAMS 0x0000000701400000, 0x0000000701200000| Untracked 
|  10|0x0000000701400000, 0x0000000701600000, 0x0000000701600000|100%| O|  |TAMS 0x0000000701600000, 0x0000000701400000| Untracked 
|  11|0x0000000701600000, 0x0000000701800000, 0x0000000701800000|100%| O|  |TAMS 0x0000000701800000, 0x0000000701600000| Untracked 
|  12|0x0000000701800000, 0x0000000701a00000, 0x0000000701a00000|100%| O|  |TAMS 0x0000000701a00000, 0x0000000701800000| Untracked 
|  13|0x0000000701a00000, 0x0000000701c00000, 0x0000000701c00000|100%| O|  |TAMS 0x0000000701c00000, 0x0000000701a00000| Untracked 
|  14|0x0000000701c00000, 0x0000000701e00000, 0x0000000701e00000|100%| O|  |TAMS 0x0000000701e00000, 0x0000000701c00000| Untracked 
|  15|0x0000000701e00000, 0x0000000702000000, 0x0000000702000000|100%| O|  |TAMS 0x0000000702000000, 0x0000000701e00000| Untracked 
|  16|0x0000000702000000, 0x0000000702200000, 0x0000000702200000|100%| O|  |TAMS 0x0000000702200000, 0x0000000702000000| Untracked 
|  17|0x0000000702200000, 0x0000000702400000, 0x0000000702400000|100%| O|  |TAMS 0x0000000702400000, 0x0000000702200000| Untracked 
|  18|0x0000000702400000, 0x0000000702600000, 0x0000000702600000|100%| O|  |TAMS 0x0000000702600000, 0x0000000702400000| Untracked 
|  19|0x0000000702600000, 0x0000000702800000, 0x0000000702800000|100%| O|  |TAMS 0x0000000702800000, 0x0000000702600000| Untracked 
|  20|0x0000000702800000, 0x0000000702a00000, 0x0000000702a00000|100%| O|  |TAMS 0x0000000702800000, 0x0000000702800000| Untracked 
|  21|0x0000000702a00000, 0x0000000702c00000, 0x0000000702c00000|100%|HS|  |TAMS 0x0000000702c00000, 0x0000000702a00000| Complete 
|  22|0x0000000702c00000, 0x0000000702e00000, 0x0000000702e00000|100%|HC|  |TAMS 0x0000000702e00000, 0x0000000702c00000| Complete 
|  23|0x0000000702e00000, 0x0000000703000000, 0x0000000703000000|100%| O|  |TAMS 0x0000000703000000, 0x0000000702e00000| Untracked 
|  24|0x0000000703000000, 0x0000000703200000, 0x0000000703200000|100%| O|  |TAMS 0x0000000703200000, 0x0000000703000000| Untracked 
|  25|0x0000000703200000, 0x0000000703400000, 0x0000000703400000|100%| O|  |TAMS 0x0000000703400000, 0x0000000703200000| Untracked 
|  26|0x0000000703400000, 0x0000000703600000, 0x0000000703600000|100%|HS|  |TAMS 0x0000000703600000, 0x0000000703400000| Complete 
|  27|0x0000000703600000, 0x0000000703800000, 0x0000000703800000|100%| O|  |TAMS 0x0000000703800000, 0x0000000703600000| Untracked 
|  28|0x0000000703800000, 0x0000000703a00000, 0x0000000703a00000|100%| O|  |TAMS 0x0000000703977c00, 0x0000000703800000| Untracked 
|  29|0x0000000703a00000, 0x0000000703c00000, 0x0000000703c00000|100%| O|  |TAMS 0x0000000703a00000, 0x0000000703a00000| Untracked 
|  30|0x0000000703c00000, 0x0000000703e00000, 0x0000000703e00000|100%| O|  |TAMS 0x0000000703c00000, 0x0000000703c00000| Untracked 
|  31|0x0000000703e00000, 0x0000000704000000, 0x0000000704000000|100%| O|  |TAMS 0x0000000703e00000, 0x0000000703e00000| Untracked 
|  32|0x0000000704000000, 0x0000000704200000, 0x0000000704200000|100%| O|  |TAMS 0x0000000704000000, 0x0000000704000000| Untracked 
|  33|0x0000000704200000, 0x0000000704400000, 0x0000000704400000|100%| O|  |TAMS 0x0000000704200000, 0x0000000704200000| Untracked 
|  34|0x0000000704400000, 0x0000000704600000, 0x0000000704600000|100%| O|  |TAMS 0x0000000704400000, 0x0000000704400000| Untracked 
|  35|0x0000000704600000, 0x0000000704800000, 0x0000000704800000|100%| O|  |TAMS 0x0000000704600000, 0x0000000704600000| Untracked 
|  36|0x0000000704800000, 0x0000000704a00000, 0x0000000704a00000|100%| O|  |TAMS 0x0000000704800000, 0x0000000704800000| Untracked 
|  37|0x0000000704a00000, 0x0000000704c00000, 0x0000000704c00000|100%| O|  |TAMS 0x0000000704a00000, 0x0000000704a00000| Untracked 
|  38|0x0000000704c00000, 0x0000000704e00000, 0x0000000704e00000|100%| O|  |TAMS 0x0000000704c00000, 0x0000000704c00000| Untracked 
|  39|0x0000000704e00000, 0x0000000705000000, 0x0000000705000000|100%| O|  |TAMS 0x0000000704e00000, 0x0000000704e00000| Untracked 
|  40|0x0000000705000000, 0x0000000705200000, 0x0000000705200000|100%| O|  |TAMS 0x0000000705000000, 0x0000000705000000| Untracked 
|  41|0x0000000705200000, 0x0000000705400000, 0x0000000705400000|100%| O|  |TAMS 0x0000000705200000, 0x0000000705200000| Untracked 
|  42|0x0000000705400000, 0x0000000705600000, 0x0000000705600000|100%|HS|  |TAMS 0x0000000705400000, 0x0000000705400000| Complete 
|  43|0x0000000705600000, 0x0000000705800000, 0x0000000705800000|100%|HC|  |TAMS 0x0000000705600000, 0x0000000705600000| Complete 
|  44|0x0000000705800000, 0x0000000705a00000, 0x0000000705a00000|100%|HS|  |TAMS 0x0000000705800000, 0x0000000705800000| Complete 
|  45|0x0000000705a00000, 0x0000000705c00000, 0x0000000705c00000|100%| O|  |TAMS 0x0000000705a00000, 0x0000000705a00000| Untracked 
|  46|0x0000000705c00000, 0x0000000705e00000, 0x0000000705e00000|100%| O|  |TAMS 0x0000000705c00000, 0x0000000705c00000| Untracked 
|  47|0x0000000705e00000, 0x0000000706000000, 0x0000000706000000|100%| O|  |TAMS 0x0000000705e00000, 0x0000000705e00000| Untracked 
|  48|0x0000000706000000, 0x0000000706200000, 0x0000000706200000|100%| O|  |TAMS 0x0000000706000000, 0x0000000706000000| Untracked 
|  49|0x0000000706200000, 0x0000000706400000, 0x0000000706400000|100%| O|  |TAMS 0x0000000706200000, 0x0000000706200000| Untracked 
|  50|0x0000000706400000, 0x0000000706600000, 0x0000000706600000|100%| O|  |TAMS 0x0000000706400000, 0x0000000706400000| Untracked 
|  51|0x0000000706600000, 0x0000000706800000, 0x0000000706800000|100%| O|  |TAMS 0x0000000706600000, 0x0000000706600000| Untracked 
|  52|0x0000000706800000, 0x0000000706a00000, 0x0000000706a00000|100%| O|  |TAMS 0x0000000706800000, 0x0000000706800000| Untracked 
|  53|0x0000000706a00000, 0x0000000706c00000, 0x0000000706c00000|100%| O|  |TAMS 0x0000000706a00000, 0x0000000706a00000| Untracked 
|  54|0x0000000706c00000, 0x0000000706e00000, 0x0000000706e00000|100%| O|  |TAMS 0x0000000706c00000, 0x0000000706c00000| Untracked 
|  55|0x0000000706e00000, 0x0000000707000000, 0x0000000707000000|100%| O|  |TAMS 0x0000000706e00000, 0x0000000706e00000| Untracked 
|  56|0x0000000707000000, 0x0000000707200000, 0x0000000707200000|100%| O|  |TAMS 0x0000000707000000, 0x0000000707000000| Untracked 
|  57|0x0000000707200000, 0x0000000707400000, 0x0000000707400000|100%| O|  |TAMS 0x0000000707200000, 0x0000000707200000| Untracked 
|  58|0x0000000707400000, 0x0000000707600000, 0x0000000707600000|100%| O|  |TAMS 0x0000000707400000, 0x0000000707400000| Untracked 
|  59|0x0000000707600000, 0x0000000707800000, 0x0000000707800000|100%| O|  |TAMS 0x0000000707600000, 0x0000000707600000| Untracked 
|  60|0x0000000707800000, 0x0000000707a00000, 0x0000000707a00000|100%| O|  |TAMS 0x0000000707800000, 0x0000000707800000| Untracked 
|  61|0x0000000707a00000, 0x0000000707c00000, 0x0000000707c00000|100%| O|  |TAMS 0x0000000707a00000, 0x0000000707a00000| Untracked 
|  62|0x0000000707c00000, 0x0000000707e00000, 0x0000000707e00000|100%| O|  |TAMS 0x0000000707c00000, 0x0000000707c00000| Untracked 
|  63|0x0000000707e00000, 0x0000000708000000, 0x0000000708000000|100%| O|  |TAMS 0x0000000707e00000, 0x0000000707e00000| Untracked 
|  64|0x0000000708000000, 0x0000000708200000, 0x0000000708200000|100%| O|  |TAMS 0x0000000708000000, 0x0000000708000000| Untracked 
|  65|0x0000000708200000, 0x0000000708400000, 0x0000000708400000|100%| O|  |TAMS 0x0000000708200000, 0x0000000708200000| Untracked 
|  66|0x0000000708400000, 0x0000000708600000, 0x0000000708600000|100%| O|  |TAMS 0x0000000708400000, 0x0000000708400000| Untracked 
|  67|0x0000000708600000, 0x0000000708800000, 0x0000000708800000|100%| O|  |TAMS 0x0000000708600000, 0x0000000708600000| Untracked 
|  68|0x0000000708800000, 0x0000000708a00000, 0x0000000708a00000|100%| O|  |TAMS 0x0000000708800000, 0x0000000708800000| Untracked 
|  69|0x0000000708a00000, 0x0000000708c00000, 0x0000000708c00000|100%| O|  |TAMS 0x0000000708a00000, 0x0000000708a00000| Untracked 
|  70|0x0000000708c00000, 0x0000000708e00000, 0x0000000708e00000|100%| O|  |TAMS 0x0000000708c00000, 0x0000000708c00000| Untracked 
|  71|0x0000000708e00000, 0x0000000709000000, 0x0000000709000000|100%| O|  |TAMS 0x0000000708e00000, 0x0000000708e00000| Untracked 
|  72|0x0000000709000000, 0x0000000709200000, 0x0000000709200000|100%| O|  |TAMS 0x0000000709000000, 0x0000000709000000| Untracked 
|  73|0x0000000709200000, 0x0000000709400000, 0x0000000709400000|100%| O|  |TAMS 0x0000000709200000, 0x0000000709200000| Untracked 
|  74|0x0000000709400000, 0x0000000709600000, 0x0000000709600000|100%| O|  |TAMS 0x0000000709400000, 0x0000000709400000| Untracked 
|  75|0x0000000709600000, 0x0000000709800000, 0x0000000709800000|100%| O|  |TAMS 0x0000000709600000, 0x0000000709600000| Untracked 
|  76|0x0000000709800000, 0x0000000709a00000, 0x0000000709a00000|100%| O|  |TAMS 0x0000000709800000, 0x0000000709800000| Untracked 
|  77|0x0000000709a00000, 0x0000000709c00000, 0x0000000709c00000|100%| O|  |TAMS 0x0000000709a00000, 0x0000000709a00000| Untracked 
|  78|0x0000000709c00000, 0x0000000709e00000, 0x0000000709e00000|100%| O|  |TAMS 0x0000000709c00000, 0x0000000709c00000| Untracked 
|  79|0x0000000709e00000, 0x000000070a000000, 0x000000070a000000|100%| O|  |TAMS 0x0000000709e00000, 0x0000000709e00000| Untracked 
|  80|0x000000070a000000, 0x000000070a200000, 0x000000070a200000|100%| O|  |TAMS 0x000000070a000000, 0x000000070a000000| Untracked 
|  81|0x000000070a200000, 0x000000070a400000, 0x000000070a400000|100%| O|  |TAMS 0x000000070a200000, 0x000000070a200000| Untracked 
|  82|0x000000070a400000, 0x000000070a600000, 0x000000070a600000|100%| O|  |TAMS 0x000000070a400000, 0x000000070a400000| Untracked 
|  83|0x000000070a600000, 0x000000070a63c000, 0x000000070a800000| 11%| O|  |TAMS 0x000000070a600000, 0x000000070a600000| Untracked 
|  84|0x000000070a800000, 0x000000070a800000, 0x000000070aa00000|  0%| F|  |TAMS 0x000000070a800000, 0x000000070a800000| Untracked 
|  85|0x000000070aa00000, 0x000000070aa00000, 0x000000070ac00000|  0%| F|  |TAMS 0x000000070aa00000, 0x000000070aa00000| Untracked 
|  86|0x000000070ac00000, 0x000000070ac00000, 0x000000070ae00000|  0%| F|  |TAMS 0x000000070ac00000, 0x000000070ac00000| Untracked 
|  87|0x000000070ae00000, 0x000000070ae00000, 0x000000070b000000|  0%| F|  |TAMS 0x000000070ae00000, 0x000000070ae00000| Untracked 
|  88|0x000000070b000000, 0x000000070b000000, 0x000000070b200000|  0%| F|  |TAMS 0x000000070b000000, 0x000000070b000000| Untracked 
|  89|0x000000070b200000, 0x000000070b200000, 0x000000070b400000|  0%| F|  |TAMS 0x000000070b200000, 0x000000070b200000| Untracked 
|  90|0x000000070b400000, 0x000000070b400000, 0x000000070b600000|  0%| F|  |TAMS 0x000000070b400000, 0x000000070b400000| Untracked 
|  91|0x000000070b600000, 0x000000070b600000, 0x000000070b800000|  0%| F|  |TAMS 0x000000070b600000, 0x000000070b600000| Untracked 
|  92|0x000000070b800000, 0x000000070b800000, 0x000000070ba00000|  0%| F|  |TAMS 0x000000070b800000, 0x000000070b800000| Untracked 
|  93|0x000000070ba00000, 0x000000070ba00000, 0x000000070bc00000|  0%| F|  |TAMS 0x000000070ba00000, 0x000000070ba00000| Untracked 
|  94|0x000000070bc00000, 0x000000070bc00000, 0x000000070be00000|  0%| F|  |TAMS 0x000000070bc00000, 0x000000070bc00000| Untracked 
|  95|0x000000070be00000, 0x000000070be00000, 0x000000070c000000|  0%| F|  |TAMS 0x000000070be00000, 0x000000070be00000| Untracked 
|  96|0x000000070c000000, 0x000000070c000000, 0x000000070c200000|  0%| F|  |TAMS 0x000000070c000000, 0x000000070c000000| Untracked 
|  97|0x000000070c200000, 0x000000070c200000, 0x000000070c400000|  0%| F|  |TAMS 0x000000070c200000, 0x000000070c200000| Untracked 
|  98|0x000000070c400000, 0x000000070c400000, 0x000000070c600000|  0%| F|  |TAMS 0x000000070c400000, 0x000000070c400000| Untracked 
|  99|0x000000070c600000, 0x000000070c600000, 0x000000070c800000|  0%| F|  |TAMS 0x000000070c600000, 0x000000070c600000| Untracked 
| 100|0x000000070c800000, 0x000000070c800000, 0x000000070ca00000|  0%| F|  |TAMS 0x000000070c800000, 0x000000070c800000| Untracked 
| 101|0x000000070ca00000, 0x000000070cae8a80, 0x000000070cc00000| 45%| S|CS|TAMS 0x000000070ca00000, 0x000000070ca00000| Complete 
| 102|0x000000070cc00000, 0x000000070ce00000, 0x000000070ce00000|100%| S|CS|TAMS 0x000000070cc00000, 0x000000070cc00000| Complete 
| 103|0x000000070ce00000, 0x000000070d000000, 0x000000070d000000|100%| S|CS|TAMS 0x000000070ce00000, 0x000000070ce00000| Complete 
| 104|0x000000070d000000, 0x000000070d000000, 0x000000070d200000|  0%| F|  |TAMS 0x000000070d000000, 0x000000070d000000| Untracked 
| 105|0x000000070d200000, 0x000000070d200000, 0x000000070d400000|  0%| F|  |TAMS 0x000000070d200000, 0x000000070d200000| Untracked 
| 106|0x000000070d400000, 0x000000070d400000, 0x000000070d600000|  0%| F|  |TAMS 0x000000070d400000, 0x000000070d400000| Untracked 
| 107|0x000000070d600000, 0x000000070d600000, 0x000000070d800000|  0%| F|  |TAMS 0x000000070d600000, 0x000000070d600000| Untracked 
| 108|0x000000070d800000, 0x000000070d800000, 0x000000070da00000|  0%| F|  |TAMS 0x000000070d800000, 0x000000070d800000| Untracked 
| 109|0x000000070da00000, 0x000000070da00000, 0x000000070dc00000|  0%| F|  |TAMS 0x000000070da00000, 0x000000070da00000| Untracked 
| 110|0x000000070dc00000, 0x000000070dc00000, 0x000000070de00000|  0%| F|  |TAMS 0x000000070dc00000, 0x000000070dc00000| Untracked 
| 111|0x000000070de00000, 0x000000070de00000, 0x000000070e000000|  0%| F|  |TAMS 0x000000070de00000, 0x000000070de00000| Untracked 
| 112|0x000000070e000000, 0x000000070e000000, 0x000000070e200000|  0%| F|  |TAMS 0x000000070e000000, 0x000000070e000000| Untracked 
| 113|0x000000070e200000, 0x000000070e200000, 0x000000070e400000|  0%| F|  |TAMS 0x000000070e200000, 0x000000070e200000| Untracked 
| 114|0x000000070e400000, 0x000000070e400000, 0x000000070e600000|  0%| F|  |TAMS 0x000000070e400000, 0x000000070e400000| Untracked 
| 115|0x000000070e600000, 0x000000070e600000, 0x000000070e800000|  0%| F|  |TAMS 0x000000070e600000, 0x000000070e600000| Untracked 
| 116|0x000000070e800000, 0x000000070e800000, 0x000000070ea00000|  0%| F|  |TAMS 0x000000070e800000, 0x000000070e800000| Untracked 
| 117|0x000000070ea00000, 0x000000070ea00000, 0x000000070ec00000|  0%| F|  |TAMS 0x000000070ea00000, 0x000000070ea00000| Untracked 
| 118|0x000000070ec00000, 0x000000070ec00000, 0x000000070ee00000|  0%| F|  |TAMS 0x000000070ec00000, 0x000000070ec00000| Untracked 
| 119|0x000000070ee00000, 0x000000070ee00000, 0x000000070f000000|  0%| F|  |TAMS 0x000000070ee00000, 0x000000070ee00000| Untracked 
| 120|0x000000070f000000, 0x000000070f000000, 0x000000070f200000|  0%| F|  |TAMS 0x000000070f000000, 0x000000070f000000| Untracked 
| 121|0x000000070f200000, 0x000000070f200000, 0x000000070f400000|  0%| F|  |TAMS 0x000000070f200000, 0x000000070f200000| Untracked 
| 122|0x000000070f400000, 0x000000070f400000, 0x000000070f600000|  0%| F|  |TAMS 0x000000070f400000, 0x000000070f400000| Untracked 
| 123|0x000000070f600000, 0x000000070f600000, 0x000000070f800000|  0%| F|  |TAMS 0x000000070f600000, 0x000000070f600000| Untracked 
| 124|0x000000070f800000, 0x000000070f800000, 0x000000070fa00000|  0%| F|  |TAMS 0x000000070f800000, 0x000000070f800000| Untracked 
| 125|0x000000070fa00000, 0x000000070fa00000, 0x000000070fc00000|  0%| F|  |TAMS 0x000000070fa00000, 0x000000070fa00000| Untracked 
| 126|0x000000070fc00000, 0x000000070fc00000, 0x000000070fe00000|  0%| F|  |TAMS 0x000000070fc00000, 0x000000070fc00000| Untracked 
| 127|0x000000070fe00000, 0x000000070fe00000, 0x0000000710000000|  0%| F|  |TAMS 0x000000070fe00000, 0x000000070fe00000| Untracked 

Card table byte_map: [0x000002917afb0000,0x000002917b7b0000] _byte_map_base: 0x00000291777b0000

Marking Bits (Prev, Next): (CMBitMap*) 0x0000029167def130, (CMBitMap*) 0x0000029167def0f0
 Prev Bits: [0x0000029100000000, 0x0000029104000000)
 Next Bits: [0x000002917bfb0000, 0x000002917ffb0000)

Polling page: 0x0000029165cb0000

Metaspace:

Usage:
  Non-class:     88.83 MB used.
      Class:     14.17 MB used.
       Both:    103.00 MB used.

Virtual space:
  Non-class space:      128.00 MB reserved,      89.38 MB ( 70%) committed,  2 nodes.
      Class space:        1.00 GB reserved,      14.62 MB (  1%) committed,  1 nodes.
             Both:        1.12 GB reserved,     104.00 MB (  9%) committed. 

Chunk freelists:
   Non-Class:  6.13 MB
       Class:  1.39 MB
        Both:  7.52 MB

MaxMetaspaceSize: 2.00 GB
CompressedClassSpaceSize: 1.00 GB
Initial GC threshold: 21.00 MB
Current GC threshold: 110.75 MB
CDS: off
MetaspaceReclaimPolicy: balanced
 - commit_granule_bytes: 65536.
 - commit_granule_words: 8192.
 - virtual_space_node_default_size: 8388608.
 - enlarge_chunks_in_place: 1.
 - new_chunks_are_fully_committed: 0.
 - uncommit_free_chunks: 1.
 - use_allocation_guard: 0.
 - handle_deallocations: 1.


Internal statistics:

num_allocs_failed_limit: 9.
num_arena_births: 1416.
num_arena_deaths: 0.
num_vsnodes_births: 3.
num_vsnodes_deaths: 0.
num_space_committed: 1664.
num_space_uncommitted: 0.
num_chunks_returned_to_freelist: 9.
num_chunks_taken_from_freelist: 5648.
num_chunk_merges: 6.
num_chunk_splits: 3574.
num_chunks_enlarged: 2234.
num_inconsistent_stats: 0.

CodeHeap 'non-profiled nmethods': size=120000Kb used=8985Kb max_used=8985Kb free=111014Kb
 bounds [0x0000029172d30000, 0x0000029173600000, 0x000002917a260000]
CodeHeap 'profiled nmethods': size=120000Kb used=25809Kb max_used=25809Kb free=94190Kb
 bounds [0x000002916b260000, 0x000002916cba0000, 0x0000029172790000]
CodeHeap 'non-nmethods': size=5760Kb used=2410Kb max_used=2519Kb free=3350Kb
 bounds [0x0000029172790000, 0x0000029172a10000, 0x0000029172d30000]
 total_blobs=13936 nmethods=12992 adapters=856
 compilation: enabled
              stopped_count=0, restarted_count=0
 full_count=0

Compilation events (20 events):
Event: 36.303 Thread 0x000002910b0b6630 nmethod 15223 0x000002916cb8eb10 code [0x000002916cb8ece0, 0x000002916cb8f298]
Event: 36.303 Thread 0x000002910b0b6630 15224       1       org.gradle.api.internal.initialization.AbstractClassLoaderScope::getId (5 bytes)
Event: 36.303 Thread 0x000002910b0b6630 nmethod 15224 0x00000291735f6210 code [0x00000291735f63a0, 0x00000291735f6478]
Event: 36.305 Thread 0x000002910b0b6630 15226       3       org.gradle.internal.operations.BuildOperationDescriptor$Builder::name (7 bytes)
Event: 36.305 Thread 0x000002910b0b6630 nmethod 15226 0x000002916cb8f410 code [0x000002916cb8f5a0, 0x000002916cb8f6f8]
Event: 36.305 Thread 0x000002910b0b6630 15227       3       org.gradle.api.internal.artifacts.DefaultDependencySet::add (9 bytes)
Event: 36.306 Thread 0x000002910b0b6630 nmethod 15227 0x000002916cb8f790 code [0x000002916cb8f9a0, 0x000002916cb90208]
Event: 36.306 Thread 0x000002910b0b6630 15228       3       org.gradle.api.internal.artifacts.DefaultDependencySet::add (28 bytes)
Event: 36.306 Thread 0x000002910b0b6630 nmethod 15228 0x000002916cb90410 code [0x000002916cb90600, 0x000002916cb90ce8]
Event: 36.306 Thread 0x000002910b0b6630 15229       3       com.android.build.gradle.internal.services.ServiceRegistrationAction::<init> (17 bytes)
Event: 36.307 Thread 0x000002910b0b6630 nmethod 15229 0x000002916cb90f10 code [0x000002916cb911c0, 0x000002916cb91e98]
Event: 36.307 Thread 0x000002910b0b6630 15230       3       org.gradle.api.internal.attributes.DefaultAttributeMatchingStrategy::<init> (85 bytes)
Event: 36.308 Thread 0x000002910b0b6630 nmethod 15230 0x000002916cb92310 code [0x000002916cb925a0, 0x000002916cb936f8]
Event: 36.308 Thread 0x000002910b0b6630 15231       3       org.gradle.api.reflect.TypeOf::typeOf (18 bytes)
Event: 36.308 Thread 0x000002910b0b6630 nmethod 15231 0x000002916cb93c10 code [0x000002916cb93e20, 0x000002916cb94618]
Event: 36.308 Thread 0x000002910b0b6630 15232       3       org.gradle.api.reflect.TypeOf$1::<init> (7 bytes)
Event: 36.308 Thread 0x000002910b0b6630 nmethod 15232 0x000002916cb94910 code [0x000002916cb94ac0, 0x000002916cb94d58]
Event: 36.309 Thread 0x000002910b0b6630 15233       3       org.gradle.api.internal.plugins.DefaultPluginContainer::findPlugin (6 bytes)
Event: 36.309 Thread 0x000002910b0b6630 nmethod 15233 0x000002916cb94e90 code [0x000002916cb95020, 0x000002916cb95168]
Event: 36.309 Thread 0x000002910b0b6630 15234       3       org.gradle.api.internal.plugins.DefaultPluginContainer::doFindPlugin (69 bytes)

GC Heap History (20 events):
Event: 17.401 GC heap after
{Heap after GC invocations=51 (full 0):
 garbage-first heap   total 206848K, used 137785K [0x0000000700000000, 0x0000000800000000)
  region size 2048K, 1 young (2048K), 1 survivors (2048K)
 Metaspace       used 94778K, committed 95616K, reserved 1179648K
  class space    used 13043K, committed 13376K, reserved 1048576K
}
Event: 17.699 GC heap before
{Heap before GC invocations=51 (full 0):
 garbage-first heap   total 206848K, used 160313K [0x0000000700000000, 0x0000000800000000)
  region size 2048K, 12 young (24576K), 1 survivors (2048K)
 Metaspace       used 97238K, committed 98112K, reserved 1179648K
  class space    used 13442K, committed 13824K, reserved 1048576K
}
Event: 17.703 GC heap after
{Heap after GC invocations=52 (full 0):
 garbage-first heap   total 206848K, used 139123K [0x0000000700000000, 0x0000000800000000)
  region size 2048K, 2 young (4096K), 2 survivors (4096K)
 Metaspace       used 97238K, committed 98112K, reserved 1179648K
  class space    used 13442K, committed 13824K, reserved 1048576K
}
Event: 18.097 GC heap before
{Heap before GC invocations=52 (full 0):
 garbage-first heap   total 206848K, used 163699K [0x0000000700000000, 0x0000000800000000)
  region size 2048K, 14 young (28672K), 2 survivors (4096K)
 Metaspace       used 100352K, committed 101184K, reserved 1179648K
  class space    used 13854K, committed 14208K, reserved 1048576K
}
Event: 18.102 GC heap after
{Heap after GC invocations=53 (full 0):
 garbage-first heap   total 206848K, used 141918K [0x0000000700000000, 0x0000000800000000)
  region size 2048K, 2 young (4096K), 2 survivors (4096K)
 Metaspace       used 100352K, committed 101184K, reserved 1179648K
  class space    used 13854K, committed 14208K, reserved 1048576K
}
Event: 18.409 GC heap before
{Heap before GC invocations=53 (full 0):
 garbage-first heap   total 206848K, used 164446K [0x0000000700000000, 0x0000000800000000)
  region size 2048K, 14 young (28672K), 2 survivors (4096K)
 Metaspace       used 101586K, committed 102528K, reserved 1179648K
  class space    used 14010K, committed 14400K, reserved 1048576K
}
Event: 18.414 GC heap after
{Heap after GC invocations=54 (full 0):
 garbage-first heap   total 206848K, used 145779K [0x0000000700000000, 0x0000000800000000)
  region size 2048K, 2 young (4096K), 2 survivors (4096K)
 Metaspace       used 101586K, committed 102528K, reserved 1179648K
  class space    used 14010K, committed 14400K, reserved 1048576K
}
Event: 18.617 GC heap before
{Heap before GC invocations=54 (full 0):
 garbage-first heap   total 206848K, used 168307K [0x0000000700000000, 0x0000000800000000)
  region size 2048K, 13 young (26624K), 2 survivors (4096K)
 Metaspace       used 102174K, committed 103104K, reserved 1179648K
  class space    used 14090K, committed 14464K, reserved 1048576K
}
Event: 18.623 GC heap after
{Heap after GC invocations=55 (full 0):
 garbage-first heap   total 249856K, used 150678K [0x0000000700000000, 0x0000000800000000)
  region size 2048K, 2 young (4096K), 2 survivors (4096K)
 Metaspace       used 102174K, committed 103104K, reserved 1179648K
  class space    used 14090K, committed 14464K, reserved 1048576K
}
Event: 19.043 GC heap before
{Heap before GC invocations=55 (full 0):
 garbage-first heap   total 249856K, used 193686K [0x0000000700000000, 0x0000000800000000)
  region size 2048K, 23 young (47104K), 2 survivors (4096K)
 Metaspace       used 103375K, committed 104320K, reserved 1179648K
  class space    used 14251K, committed 14656K, reserved 1048576K
}
Event: 19.050 GC heap after
{Heap after GC invocations=56 (full 0):
 garbage-first heap   total 249856K, used 156886K [0x0000000700000000, 0x0000000800000000)
  region size 2048K, 3 young (6144K), 3 survivors (6144K)
 Metaspace       used 103375K, committed 104320K, reserved 1179648K
  class space    used 14251K, committed 14656K, reserved 1048576K
}
Event: 19.557 GC heap before
{Heap before GC invocations=56 (full 0):
 garbage-first heap   total 249856K, used 197846K [0x0000000700000000, 0x0000000800000000)
  region size 2048K, 23 young (47104K), 3 survivors (6144K)
 Metaspace       used 103723K, committed 104704K, reserved 1179648K
  class space    used 14310K, committed 14720K, reserved 1048576K
}
Event: 19.562 GC heap after
{Heap after GC invocations=57 (full 0):
 garbage-first heap   total 249856K, used 159251K [0x0000000700000000, 0x0000000800000000)
  region size 2048K, 2 young (4096K), 2 survivors (4096K)
 Metaspace       used 103723K, committed 104704K, reserved 1179648K
  class space    used 14310K, committed 14720K, reserved 1048576K
}
Event: 35.524 GC heap before
{Heap before GC invocations=57 (full 0):
 garbage-first heap   total 249856K, used 200211K [0x0000000700000000, 0x0000000800000000)
  region size 2048K, 22 young (45056K), 2 survivors (4096K)
 Metaspace       used 104933K, committed 105984K, reserved 1179648K
  class space    used 14471K, committed 14912K, reserved 1048576K
}
Event: 35.528 GC heap after
{Heap after GC invocations=58 (full 0):
 garbage-first heap   total 249856K, used 161443K [0x0000000700000000, 0x0000000800000000)
  region size 2048K, 3 young (6144K), 3 survivors (6144K)
 Metaspace       used 104933K, committed 105984K, reserved 1179648K
  class space    used 14471K, committed 14912K, reserved 1048576K
}
Event: 35.782 GC heap before
{Heap before GC invocations=58 (full 0):
 garbage-first heap   total 249856K, used 200355K [0x0000000700000000, 0x0000000800000000)
  region size 2048K, 23 young (47104K), 3 survivors (6144K)
 Metaspace       used 105093K, committed 106176K, reserved 1179648K
  class space    used 14486K, committed 14976K, reserved 1048576K
}
Event: 35.787 GC heap after
{Heap after GC invocations=59 (full 0):
 garbage-first heap   total 249856K, used 164071K [0x0000000700000000, 0x0000000800000000)
  region size 2048K, 3 young (6144K), 3 survivors (6144K)
 Metaspace       used 105093K, committed 106176K, reserved 1179648K
  class space    used 14486K, committed 14976K, reserved 1048576K
}
Event: 36.076 GC heap before
{Heap before GC invocations=59 (full 0):
 garbage-first heap   total 249856K, used 205031K [0x0000000700000000, 0x0000000800000000)
  region size 2048K, 23 young (47104K), 3 survivors (6144K)
 Metaspace       used 105332K, committed 106368K, reserved 1179648K
  class space    used 14494K, committed 14976K, reserved 1048576K
}
Event: 36.085 GC heap after
{Heap after GC invocations=60 (full 0):
 garbage-first heap   total 249856K, used 169776K [0x0000000700000000, 0x0000000800000000)
  region size 2048K, 3 young (6144K), 3 survivors (6144K)
 Metaspace       used 105332K, committed 106368K, reserved 1179648K
  class space    used 14494K, committed 14976K, reserved 1048576K
}
Event: 36.310 GC heap before
{Heap before GC invocations=60 (full 0):
 garbage-first heap   total 249856K, used 204592K [0x0000000700000000, 0x0000000800000000)
  region size 2048K, 21 young (43008K), 3 survivors (6144K)
 Metaspace       used 105468K, committed 106496K, reserved 1179648K
  class space    used 14505K, committed 14976K, reserved 1048576K
}

Dll operation events (2 events):
Event: 0.006 Loaded shared library C:\Program Files\Android\Android Studio\jbr\bin\java.dll
Event: 0.376 Loaded shared library C:\Program Files\Android\Android Studio\jbr\bin\verify.dll

Deoptimization events (20 events):
Event: 35.719 Thread 0x000002910c451480 DEOPT PACKING pc=0x00000291734ba3a8 sp=0x000000b3051f24e0
Event: 35.719 Thread 0x000002910c451480 DEOPT UNPACKING pc=0x00000291727e69a3 sp=0x000000b3051f2480 mode 2
Event: 35.724 Thread 0x000002910c451480 Uncommon trap: trap_request=0xffffff3d fr.pc=0x000002917350c938 relative=0x0000000000000398
Event: 35.724 Thread 0x000002910c451480 Uncommon trap: reason=unstable_fused_if action=reinterpret pc=0x000002917350c938 method=java.io.LineNumberReader.read([CII)I @ 93 c2
Event: 35.724 Thread 0x000002910c451480 DEOPT PACKING pc=0x000002917350c938 sp=0x000000b3051f3d20
Event: 35.724 Thread 0x000002910c451480 DEOPT UNPACKING pc=0x00000291727e69a3 sp=0x000000b3051f3cd8 mode 2
Event: 35.730 Thread 0x000002910c451480 Uncommon trap: trap_request=0xffffff3d fr.pc=0x0000029173480350 relative=0x0000000000000230
Event: 35.730 Thread 0x000002910c451480 Uncommon trap: reason=unstable_fused_if action=reinterpret pc=0x0000029173480350 method=java.io.LineNumberReader.read([CII)I @ 93 c2
Event: 35.730 Thread 0x000002910c451480 DEOPT PACKING pc=0x0000029173480350 sp=0x000000b3051f17c0
Event: 35.730 Thread 0x000002910c451480 DEOPT UNPACKING pc=0x00000291727e69a3 sp=0x000000b3051f1768 mode 2
Event: 35.790 Thread 0x000002910c451480 DEOPT PACKING pc=0x000002916b86510b sp=0x000000b3051f1880
Event: 35.790 Thread 0x000002910c451480 DEOPT UNPACKING pc=0x00000291727e7143 sp=0x000000b3051f0d60 mode 0
Event: 36.013 Thread 0x000002910fbdff90 Uncommon trap: trap_request=0xffffff45 fr.pc=0x000002917307cab0 relative=0x0000000000000190
Event: 36.013 Thread 0x000002910fbdff90 Uncommon trap: reason=unstable_if action=reinterpret pc=0x000002917307cab0 method=java.util.concurrent.locks.LockSupport.unpark(Ljava/lang/Thread;)V @ 1 c2
Event: 36.013 Thread 0x000002910fbdff90 DEOPT PACKING pc=0x000002917307cab0 sp=0x000000b30d1fdb50
Event: 36.013 Thread 0x000002910fbdff90 DEOPT UNPACKING pc=0x00000291727e69a3 sp=0x000000b30d1fd9e8 mode 2
Event: 36.246 Thread 0x00000291100f6a90 Uncommon trap: trap_request=0xffffff45 fr.pc=0x00000291732f8758 relative=0x00000000000007f8
Event: 36.246 Thread 0x00000291100f6a90 Uncommon trap: reason=unstable_if action=reinterpret pc=0x00000291732f8758 method=com.esotericsoftware.kryo.io.Output.writeVarLong(JZ)I @ 55 c2
Event: 36.246 Thread 0x00000291100f6a90 DEOPT PACKING pc=0x00000291732f8758 sp=0x000000b3053fef60
Event: 36.246 Thread 0x00000291100f6a90 DEOPT UNPACKING pc=0x00000291727e69a3 sp=0x000000b3053fef30 mode 2

Classes unloaded (0 events):
No events

Classes redefined (0 events):
No events

Internal exceptions (20 events):
Event: 19.578 Thread 0x000002910dcdca90 Exception <a 'java/lang/ClassNotFoundException'{0x000000070f000598}: org/gradle/internal/logging/services/DefaultLoggingManagerBeanInfo> (0x000000070f000598) 
thrown [s\src\hotspot\share\classfile\systemDictionary.cpp, line 256]
Event: 19.578 Thread 0x000002910dcdca90 Exception <a 'java/lang/ClassNotFoundException'{0x000000070f010c18}: org/gradle/internal/logging/services/DefaultLoggingManagerCustomizer> (0x000000070f010c18) 
thrown [s\src\hotspot\share\classfile\systemDictionary.cpp, line 256]
Event: 19.581 Thread 0x000002910dcdca90 Exception <a 'java/lang/ClassNotFoundException'{0x000000070f040670}: java/lang/BooleanBeanInfo> (0x000000070f040670) 
thrown [s\src\hotspot\share\classfile\systemDictionary.cpp, line 256]
Event: 19.581 Thread 0x000002910dcdca90 Exception <a 'java/lang/ClassNotFoundException'{0x000000070f046298}: java/lang/BooleanCustomizer> (0x000000070f046298) 
thrown [s\src\hotspot\share\classfile\systemDictionary.cpp, line 256]
Event: 19.599 Thread 0x000002911074db30 Exception <a 'java/lang/NoSuchMethodError'{0x000000070f0c92d0}: 'void java.lang.invoke.DirectMethodHandle$Holder.invokeStatic(java.lang.Object, long)'> (0x000000070f0c92d0) 
thrown [s\src\hotspot\share\interpreter\linkResolver.cpp, line 771]
Event: 19.600 Thread 0x000002911074db30 Exception <a 'java/lang/NoSuchMethodError'{0x000000070f0ce680}: 'java.lang.Object java.lang.invoke.DirectMethodHandle$Holder.newInvokeSpecial(java.lang.Object, long)'> (0x000000070f0ce680) 
thrown [s\src\hotspot\share\interpreter\linkResolver.cpp, line 771]
Event: 19.601 Thread 0x000002911074db30 Exception <a 'java/lang/NoSuchMethodError'{0x000000070f0d53c0}: 'java.lang.Object java.lang.invoke.DirectMethodHandle$Holder.invokeStatic(java.lang.Object, java.lang.Object, long, java.lang.Object)'> (0x000000070f0d53c0) 
thrown [s\src\hotspot\share\interpreter\linkResolver.cpp, line 771]
Event: 19.601 Thread 0x000002911074db30 Exception <a 'java/lang/NoSuchMethodError'{0x000000070f0d8b98}: 'java.lang.Object java.lang.invoke.DirectMethodHandle$Holder.invokeStaticInit(java.lang.Object, java.lang.Object, long, java.lang.Object)'> (0x000000070f0d8b98) 
thrown [s\src\hotspot\share\interpreter\linkResolver.cpp, line 771]
Event: 19.786 Thread 0x000002910dcdca90 Exception <a 'java/lang/reflect/InvocationTargetException'{0x000000070f09d150}> (0x000000070f09d150) 
thrown [s\src\hotspot\share\runtime\reflection.cpp, line 1127]
Event: 19.895 Thread 0x000002910c451480 Implicit null exception at 0x000002917317d50f to 0x000002917317d560
Event: 19.977 Thread 0x000002910c254680 Exception <a 'java/lang/NoSuchMethodError'{0x000000070df001b0}: static Lorg/gradle/tooling/internal/provider/serialization/ClassLoaderDetails;.<clinit>()V> (0x000000070df001b0) 
thrown [s\src\hotspot\share\prims\jni.cpp, line 1127]
Event: 19.978 Thread 0x000002910c254680 Exception <a 'java/lang/NoSuchMethodError'{0x000000070df11f50}: static Lorg/gradle/tooling/internal/provider/serialization/WellKnownClassLoaderRegistry$KnownClassLoaderSpec;.<clinit>()V> (0x000000070df11f50) 
thrown [s\src\hotspot\share\prims\jni.cpp, line 1127]
Event: 19.978 Thread 0x000002910c254680 Exception <a 'java/lang/NoSuchMethodError'{0x000000070df135c8}: static Lorg/gradle/internal/classloader/ClassLoaderSpec;.<clinit>()V> (0x000000070df135c8) 
thrown [s\src\hotspot\share\prims\jni.cpp, line 1127]
Event: 19.978 Thread 0x000002910c254680 Exception <a 'java/lang/NoSuchMethodError'{0x000000070df25238}: static Lorg/gradle/internal/classloader/ClassLoaderSpec;.<clinit>()V> (0x000000070df25238) 
thrown [s\src\hotspot\share\prims\jni.cpp, line 1127]
Event: 19.979 Thread 0x000002910c254680 Exception <a 'java/lang/NoSuchMethodError'{0x000000070df30d60}: static Lorg/gradle/internal/classloader/VisitableURLClassLoader$Spec;.<clinit>()V> (0x000000070df30d60) 
thrown [s\src\hotspot\share\prims\jni.cpp, line 1127]
Event: 22.016 Thread 0x000002910bf22a60 Implicit null exception at 0x00000291730e9e75 to 0x00000291730ea574
Event: 22.016 Thread 0x000002910bf22a60 Implicit null exception at 0x00000291730f6ef2 to 0x00000291730f75f8
Event: 35.331 Thread 0x000002910c451480 Implicit null exception at 0x000002917335452c to 0x0000029173359a68
Event: 35.699 Thread 0x000002910c451480 Exception <a 'sun/nio/fs/WindowsException'{0x000000070dc54be8}> (0x000000070dc54be8) 
thrown [s\src\hotspot\share\prims\jni.cpp, line 531]
Event: 35.719 Thread 0x000002910c451480 Implicit null exception at 0x00000291734ba2df to 0x00000291734ba394

VM Operations (20 events):
Event: 19.881 Executing VM operation: ICBufferFull done
Event: 20.892 Executing VM operation: Cleanup
Event: 20.892 Executing VM operation: Cleanup done
Event: 21.905 Executing VM operation: Cleanup
Event: 21.905 Executing VM operation: Cleanup done
Event: 22.911 Executing VM operation: Cleanup
Event: 22.911 Executing VM operation: Cleanup done
Event: 35.427 Executing VM operation: ICBufferFull
Event: 35.427 Executing VM operation: ICBufferFull done
Event: 35.506 Executing VM operation: ICBufferFull
Event: 35.506 Executing VM operation: ICBufferFull done
Event: 35.524 Executing VM operation: G1CollectForAllocation
Event: 35.528 Executing VM operation: G1CollectForAllocation done
Event: 35.782 Executing VM operation: G1CollectForAllocation
Event: 35.787 Executing VM operation: G1CollectForAllocation done
Event: 36.075 Executing VM operation: ICBufferFull
Event: 36.076 Executing VM operation: ICBufferFull done
Event: 36.076 Executing VM operation: G1CollectForAllocation
Event: 36.085 Executing VM operation: G1CollectForAllocation done
Event: 36.310 Executing VM operation: G1CollectForAllocation

Events (20 events):
Event: 35.612 Thread 0x000002910d9c7610 Thread added: 0x000002910d9c7610
Event: 35.612 Thread 0x000002910d9c5cc0 Thread added: 0x000002910d9c5cc0
Event: 35.612 Thread 0x000002910d9c61d0 Thread added: 0x000002910d9c61d0
Event: 35.612 Thread 0x000002910d9c7100 Thread added: 0x000002910d9c7100
Event: 35.612 Thread 0x000002910d9c66e0 Thread added: 0x000002910d9c66e0
Event: 35.612 Thread 0x000002910d9c6bf0 Thread added: 0x000002910d9c6bf0
Event: 35.612 Thread 0x000002910d9c7b20 Thread added: 0x000002910d9c7b20
Event: 35.613 Thread 0x000002910d9c8540 Thread added: 0x000002910d9c8540
Event: 35.613 Thread 0x000002910d9c8a50 Thread added: 0x000002910d9c8a50
Event: 35.613 Thread 0x00000291100fd150 Thread added: 0x00000291100fd150
Event: 35.613 Thread 0x00000291100fd660 Thread added: 0x00000291100fd660
Event: 35.613 Thread 0x00000291100fc220 Thread added: 0x00000291100fc220
Event: 35.613 Thread 0x00000291100fe590 Thread added: 0x00000291100fe590
Event: 35.613 Thread 0x00000291100ff9d0 Thread added: 0x00000291100ff9d0
Event: 35.613 Thread 0x00000291100fdb70 Thread added: 0x00000291100fdb70
Event: 35.613 Thread 0x00000291100fc730 Thread added: 0x00000291100fc730
Event: 35.613 Thread 0x00000291100feaa0 Thread added: 0x00000291100feaa0
Event: 35.614 Thread 0x00000291100fcc40 Thread added: 0x00000291100fcc40
Event: 35.614 Thread 0x00000291100fefb0 Thread added: 0x00000291100fefb0
Event: 35.674 Thread 0x00000291100ff4c0 Thread added: 0x00000291100ff4c0


Dynamic libraries:
0x00007ff6906f0000 - 0x00007ff6906fa000 	C:\Program Files\Android\Android Studio\jbr\bin\java.exe
0x00007fffac1b0000 - 0x00007fffac3a8000 	C:\WINDOWS\SYSTEM32\ntdll.dll
0x00007fffaba30000 - 0x00007fffabaf1000 	C:\WINDOWS\System32\KERNEL32.DLL
0x00007fffa9af0000 - 0x00007fffa9ded000 	C:\WINDOWS\System32\KERNELBASE.dll
0x00007fffa9df0000 - 0x00007fffa9ef0000 	C:\WINDOWS\System32\ucrtbase.dll
0x00007fff841c0000 - 0x00007fff841d7000 	C:\Program Files\Android\Android Studio\jbr\bin\jli.dll
0x00007fffa69d0000 - 0x00007fffa69eb000 	C:\Program Files\Android\Android Studio\jbr\bin\VCRUNTIME140.dll
0x00007fffabb00000 - 0x00007fffabc9d000 	C:\WINDOWS\System32\USER32.dll
0x00007fff89f70000 - 0x00007fff8a20a000 	C:\WINDOWS\WinSxS\amd64_microsoft.windows.common-controls_6595b64144ccf1df_6.0.19041.4355_none_60b8b9eb71f62e16\COMCTL32.dll
0x00007fffaa1b0000 - 0x00007fffaa1d2000 	C:\WINDOWS\System32\win32u.dll
0x00007fffabd40000 - 0x00007fffabdde000 	C:\WINDOWS\System32\msvcrt.dll
0x00007fffaaab0000 - 0x00007fffaaadb000 	C:\WINDOWS\System32\GDI32.dll
0x00007fffa9ff0000 - 0x00007fffaa107000 	C:\WINDOWS\System32\gdi32full.dll
0x00007fffaa110000 - 0x00007fffaa1ad000 	C:\WINDOWS\System32\msvcp_win.dll
0x00007fffaad10000 - 0x00007fffaad3f000 	C:\WINDOWS\System32\IMM32.DLL
0x00007fffa22a0000 - 0x00007fffa22ac000 	C:\Program Files\Android\Android Studio\jbr\bin\vcruntime140_1.dll
0x00007fff84ed0000 - 0x00007fff84f5d000 	C:\Program Files\Android\Android Studio\jbr\bin\msvcp140.dll
0x00007fff584c0000 - 0x00007fff59143000 	C:\Program Files\Android\Android Studio\jbr\bin\server\jvm.dll
0x00007fffaab90000 - 0x00007fffaac40000 	C:\WINDOWS\System32\ADVAPI32.dll
0x00007fffac0d0000 - 0x00007fffac170000 	C:\WINDOWS\System32\sechost.dll
0x00007fffab2f0000 - 0x00007fffab413000 	C:\WINDOWS\System32\RPCRT4.dll
0x00007fffa9860000 - 0x00007fffa9887000 	C:\WINDOWS\System32\bcrypt.dll
0x00007fff9fda0000 - 0x00007fff9fdc7000 	C:\WINDOWS\SYSTEM32\WINMM.dll
0x00007fffa21a0000 - 0x00007fffa21a9000 	C:\WINDOWS\SYSTEM32\WSOCK32.dll
0x00007fffa9240000 - 0x00007fffa928b000 	C:\WINDOWS\SYSTEM32\POWRPROF.dll
0x00007fffab420000 - 0x00007fffab48b000 	C:\WINDOWS\System32\WS2_32.dll
0x00007fffa33c0000 - 0x00007fffa33ca000 	C:\WINDOWS\SYSTEM32\VERSION.dll
0x00007fffa9220000 - 0x00007fffa9232000 	C:\WINDOWS\SYSTEM32\UMPDC.dll
0x00007fffa7700000 - 0x00007fffa7712000 	C:\WINDOWS\SYSTEM32\kernel.appcore.dll
0x00007fff91730000 - 0x00007fff9173a000 	C:\Program Files\Android\Android Studio\jbr\bin\jimage.dll
0x00007fffa3970000 - 0x00007fffa3b54000 	C:\WINDOWS\SYSTEM32\DBGHELP.DLL
0x00007fff98770000 - 0x00007fff987a4000 	C:\WINDOWS\SYSTEM32\dbgcore.DLL
0x00007fffa9ef0000 - 0x00007fffa9f72000 	C:\WINDOWS\System32\bcryptPrimitives.dll
0x00007fff86350000 - 0x00007fff86375000 	C:\Program Files\Android\Android Studio\jbr\bin\java.dll
0x00007fff86330000 - 0x00007fff86348000 	C:\Program Files\Android\Android Studio\jbr\bin\zip.dll
0x00007fffaa340000 - 0x00007fffaaaaf000 	C:\WINDOWS\System32\SHELL32.dll
0x00007fffa7900000 - 0x00007fffa80a3000 	C:\WINDOWS\SYSTEM32\windows.storage.dll
0x00007fffaae70000 - 0x00007fffab1c3000 	C:\WINDOWS\System32\combase.dll
0x00007fffa9290000 - 0x00007fffa92be000 	C:\WINDOWS\SYSTEM32\Wldp.dll
0x00007fffaac40000 - 0x00007fffaad0d000 	C:\WINDOWS\System32\OLEAUT32.dll
0x00007fffaa1e0000 - 0x00007fffaa28d000 	C:\WINDOWS\System32\SHCORE.dll
0x00007fffab1d0000 - 0x00007fffab225000 	C:\WINDOWS\System32\shlwapi.dll
0x00007fffa9790000 - 0x00007fffa97b4000 	C:\WINDOWS\SYSTEM32\profapi.dll
0x00007fff85820000 - 0x00007fff85839000 	C:\Program Files\Android\Android Studio\jbr\bin\net.dll
0x00007fffa3580000 - 0x00007fffa368d000 	C:\WINDOWS\SYSTEM32\WINHTTP.dll
0x00007fffa8f20000 - 0x00007fffa8f8a000 	C:\WINDOWS\system32\mswsock.dll
0x00007fff84b80000 - 0x00007fff84b96000 	C:\Program Files\Android\Android Studio\jbr\bin\nio.dll
0x00007fff84490000 - 0x00007fff844a0000 	C:\Program Files\Android\Android Studio\jbr\bin\verify.dll
0x00007fff9b030000 - 0x00007fff9b057000 	C:\Users\DAVID\.gradle\native\c067742578af261105cb4f569cf0c3c89f3d7b1fecec35dd04571415982c5e48\windows-amd64\native-platform.dll
0x00007fff7f060000 - 0x00007fff7f1a4000 	C:\Users\DAVID\.gradle\native\38dada09dfb8b06ba9b0570ebf7e218e3eb74d4ef43ca46872605cf95ebc2f47\windows-amd64\native-platform-file-events.dll
0x00007fff84b60000 - 0x00007fff84b69000 	C:\Program Files\Android\Android Studio\jbr\bin\management.dll
0x00007fff84920000 - 0x00007fff8492b000 	C:\Program Files\Android\Android Studio\jbr\bin\management_ext.dll
0x00007fffaaaf0000 - 0x00007fffaaaf8000 	C:\WINDOWS\System32\PSAPI.DLL
0x00007fffa9170000 - 0x00007fffa9188000 	C:\WINDOWS\SYSTEM32\CRYPTSP.dll
0x00007fffa8840000 - 0x00007fffa8874000 	C:\WINDOWS\system32\rsaenh.dll
0x00007fffa9750000 - 0x00007fffa977e000 	C:\WINDOWS\SYSTEM32\USERENV.dll
0x00007fffa9190000 - 0x00007fffa919c000 	C:\WINDOWS\SYSTEM32\CRYPTBASE.dll
0x00007fffa8c00000 - 0x00007fffa8c3b000 	C:\WINDOWS\SYSTEM32\IPHLPAPI.DLL
0x00007fffaaae0000 - 0x00007fffaaae8000 	C:\WINDOWS\System32\NSI.dll
0x00007fffa40a0000 - 0x00007fffa40b7000 	C:\WINDOWS\SYSTEM32\dhcpcsvc6.DLL
0x00007fffa3f10000 - 0x00007fffa3f2d000 	C:\WINDOWS\SYSTEM32\dhcpcsvc.DLL
0x00007fffa8c40000 - 0x00007fffa8d0a000 	C:\WINDOWS\SYSTEM32\DNSAPI.dll
0x00007fff84b70000 - 0x00007fff84b79000 	C:\Program Files\Android\Android Studio\jbr\bin\extnet.dll
0x00007fff8a990000 - 0x00007fff8a997000 	C:\WINDOWS\system32\wshunix.dll

dbghelp: loaded successfully - version: 4.0.5 - missing functions: none
symbol engine: initialized successfully - sym options: 0x614 - pdb path: .;C:\Program Files\Android\Android Studio\jbr\bin;C:\WINDOWS\SYSTEM32;C:\WINDOWS\WinSxS\amd64_microsoft.windows.common-controls_6595b64144ccf1df_6.0.19041.4355_none_60b8b9eb71f62e16;C:\Program Files\Android\Android Studio\jbr\bin\server;C:\Users\DAVID\.gradle\native\c067742578af261105cb4f569cf0c3c89f3d7b1fecec35dd04571415982c5e48\windows-amd64;C:\Users\DAVID\.gradle\native\38dada09dfb8b06ba9b0570ebf7e218e3eb74d4ef43ca46872605cf95ebc2f47\windows-amd64

VM Arguments:
jvm_args: -XX:MaxMetaspaceSize=2G -XX:+HeapDumpOnOutOfMemoryError --add-opens=java.base/java.util=ALL-UNNAMED --add-opens=java.base/java.lang=ALL-UNNAMED --add-opens=java.base/java.lang.invoke=ALL-UNNAMED --add-opens=java.prefs/java.util.prefs=ALL-UNNAMED --add-opens=java.base/java.nio.charset=ALL-UNNAMED --add-opens=java.base/java.net=ALL-UNNAMED --add-opens=java.base/java.util.concurrent.atomic=ALL-UNNAMED -Xmx4G -Dfile.encoding=windows-1252 -Duser.country=BR -Duser.language=pt -Duser.variant 
java_command: org.gradle.launcher.daemon.bootstrap.GradleDaemon 7.6.3
java_class_path (initial): C:\Users\DAVID\.gradle\wrapper\dists\gradle-7.6.3-all\aocdy2d2z8kodnny3rsumj8i8\gradle-7.6.3\lib\gradle-launcher-7.6.3.jar
Launcher Type: SUN_STANDARD

[Global flags]
     intx CICompilerCount                          = 4                                         {product} {ergonomic}
     uint ConcGCThreads                            = 3                                         {product} {ergonomic}
     uint G1ConcRefinementThreads                  = 10                                        {product} {ergonomic}
   size_t G1HeapRegionSize                         = 2097152                                   {product} {ergonomic}
    uintx GCDrainStackTargetSize                   = 64                                        {product} {ergonomic}
     bool HeapDumpOnOutOfMemoryError               = true                                   {manageable} {command line}
   size_t InitialHeapSize                          = 268435456                                 {product} {ergonomic}
   size_t MarkStackSize                            = 4194304                                   {product} {ergonomic}
   size_t MaxHeapSize                              = 4294967296                                {product} {command line}
   size_t MaxMetaspaceSize                         = 2147483648                                {product} {command line}
   size_t MaxNewSize                               = 2575302656                                {product} {ergonomic}
   size_t MinHeapDeltaBytes                        = 2097152                                   {product} {ergonomic}
   size_t MinHeapSize                              = 8388608                                   {product} {ergonomic}
    uintx NonNMethodCodeHeapSize                   = 5839372                                {pd product} {ergonomic}
    uintx NonProfiledCodeHeapSize                  = 122909434                              {pd product} {ergonomic}
    uintx ProfiledCodeHeapSize                     = 122909434                              {pd product} {ergonomic}
    uintx ReservedCodeCacheSize                    = 251658240                              {pd product} {ergonomic}
     bool SegmentedCodeCache                       = true                                      {product} {ergonomic}
   size_t SoftMaxHeapSize                          = 4294967296                             {manageable} {ergonomic}
     bool UseCompressedClassPointers               = true                           {product lp64_product} {ergonomic}
     bool UseCompressedOops                        = true                           {product lp64_product} {ergonomic}
     bool UseG1GC                                  = true                                      {product} {ergonomic}
     bool UseLargePagesIndividualAllocation        = false                                  {pd product} {ergonomic}

Logging:
Log output configuration:
 #0: stdout all=warning uptime,level,tags
 #1: stderr all=off uptime,level,tags

Environment Variables:
JAVA_HOME=C:\Program Files\Android\Android Studio\jbr
CLASSPATH=D:\DOCUMENTOS\PROJETO_FLUTTER\dmega\android\\gradle\wrapper\gradle-wrapper.jar
PATH=C:\Program Files\Android\Android Studio\jbr\bin;C:\WINDOWS\system32;C:\WINDOWS;C:\WINDOWS\System32\Wbem;C:\WINDOWS\System32\WindowsPowerShell\v1.0\;C:\WINDOWS\System32\OpenSSH\;C:\Program Files\Git\cmd;C:\Users\DAVID\AppData\Local\Microsoft\WindowsApps;C:\Users\DAVID\AppData\Local\Programs\Microsoft VS Code\bin;C:\src\flutter\bin;;C:\src\flutter\bin\mingit\cmd;C:\src\flutter\bin\mingit\cmd
USERNAME=DAVID
OS=Windows_NT
PROCESSOR_IDENTIFIER=AMD64 Family 23 Model 8 Stepping 2, AuthenticAMD
TMP=C:\Users\DAVID\AppData\Local\Temp
TEMP=C:\Users\DAVID\AppData\Local\Temp



Periodic native trim disabled

JNI global refs:
JNI global refs: 29, weak refs: 7

JNI global refs memory usage: 843, weak refs: 841

Process memory usage:
Resident Set Size: 565804K (3% of 16699976K total physical memory with 4934208K free physical memory)

OOME stack traces (most recent first):
Classloader memory used:
Loader org.gradle.internal.classloader.VisitableURLClassLoader                         : 5108K
Loader org.gradle.internal.classloader.VisitableURLClassLoader                         : 3306K
Loader bootstrap                                                                       : 3068K
Loader org.gradle.initialization.MixInLegacyTypesClassLoader                           : 1365K
Loader jdk.internal.reflect.DelegatingClassLoader                                      : 129K
Loader org.gradle.groovy.scripts.internal.DefaultScriptCompilationHandler$ScriptClassLoader: 84819B
Loader jdk.internal.loader.ClassLoaders$PlatformClassLoader                            : 67083B
Loader org.codehaus.groovy.runtime.callsite.CallSiteClassLoader                        : 31474B
Loader jdk.internal.loader.ClassLoaders$AppClassLoader                                 : 26016B
Loader sun.reflect.misc.MethodUtil                                                     : 373B

Classes loaded by more than one classloader:
Class Program                                                                         : loaded 6 times (x 70B)
Class org.jetbrains.kotlin.config.MavenComparableVersion$ListItem                     : loaded 2 times (x 178B)
Class org.gradle.internal.installation.GradleInstallation                             : loaded 2 times (x 73B)
Class com.google.common.collect.UsingToStringOrdering                                 : loaded 2 times (x 112B)
Class com.google.common.collect.Iterators$MergingIterator                             : loaded 2 times (x 79B)
Class org.objectweb.asm.ModuleVisitor                                                 : loaded 2 times (x 78B)
Class [Lcom.google.common.collect.AbstractMapEntry;                                   : loaded 2 times (x 67B)
Class build_bdsyv133i9322sofoljra228k                                                 : loaded 2 times (x 178B)
Class com.google.common.collect.ImmutableRangeSet$AsSet                               : loaded 2 times (x 233B)
Class com.google.common.collect.SingletonImmutableList                                : loaded 2 times (x 167B)
Class com.google.common.cache.CacheLoader$SupplierToCacheLoader                       : loaded 2 times (x 73B)
Class org.gradle.internal.classpath.ClassPath                                         : loaded 2 times (x 68B)
Class com.google.common.cache.RemovalListener                                         : loaded 2 times (x 68B)
Class org.gradle.api.internal.classpath.DefaultModuleRegistry                         : loaded 2 times (x 84B)
Class build_ahpfki6hvmx1p6v0f9w91gw5t                                                 : loaded 2 times (x 178B)
Class com.google.common.collect.ImmutableEnumSet                                      : loaded 2 times (x 146B)
Class com.google.common.collect.ListMultimap                                          : loaded 2 times (x 68B)
Class com.google.common.base.CharMatcher$JavaDigit                                    : loaded 2 times (x 109B)
Class com.google.common.base.CharMatcher$Digit                                        : loaded 2 times (x 110B)
Class com.google.common.collect.AbstractMultimap                                      : loaded 2 times (x 121B)
Class com.google.common.cache.CacheBuilder$OneWeigher                                 : loaded 2 times (x 80B)
Class org.gradle.api.Action                                                           : loaded 2 times (x 68B)
Class com.google.common.collect.ImmutableEntry                                        : loaded 2 times (x 80B)
Class com.google.common.collect.Lists$StringAsImmutableList                           : loaded 2 times (x 167B)
Class com.google.common.cache.LocalCache$StrongEntry                                  : loaded 2 times (x 106B)
Class org.objectweb.asm.FieldWriter                                                   : loaded 2 times (x 75B)
Class settings_duotokjbmbnzbfkkjgkxshmti                                              : loaded 2 times (x 177B)
Class com.google.common.base.CharMatcher                                              : loaded 2 times (x 109B)
Class com.google.common.base.CharMatcher$IsNot                                        : loaded 2 times (x 109B)
Class com.google.common.collect.RegularImmutableSortedSet                             : loaded 2 times (x 233B)
Class org.jetbrains.kotlin.config.MavenComparableVersion$IntegerItem                  : loaded 2 times (x 78B)
Class com.google.common.collect.SetMultimap                                           : loaded 2 times (x 68B)
Class com.google.common.base.Splitter                                                 : loaded 2 times (x 70B)
Class [Lcom.google.common.cache.Weigher;                                              : loaded 2 times (x 67B)
Class build_cj9ho4ep13kbcm4wricz0fa0v$_run_closure1                                   : loaded 2 times (x 134B)
Class com.google.common.collect.Iterators$ArrayItr                                    : loaded 2 times (x 95B)
Class com.google.common.cache.LocalCache$Segment                                      : loaded 2 times (x 152B)
Class org.gradle.api.internal.DefaultClassPathProvider                                : loaded 2 times (x 74B)
Class org.gradle.internal.installation.GradleInstallation$1                           : loaded 2 times (x 73B)
Class com.google.common.cache.LocalCache$AbstractReferenceEntry                       : loaded 2 times (x 105B)
Class org.objectweb.asm.Type                                                          : loaded 2 times (x 70B)
Class com.google.common.util.concurrent.AbstractFuture$Failure                        : loaded 2 times (x 70B)
Class com.google.common.base.CharMatcher$BitSetMatcher                                : loaded 2 times (x 110B)
Class com.google.common.collect.ImmutableMap$IteratorBasedImmutableMap                : loaded 2 times (x 123B)
Class com.google.common.reflect.Reflection                                            : loaded 2 times (x 69B)
Class com.google.common.collect.ImmutableMap                                          : loaded 2 times (x 118B)
Class com.google.common.collect.AbstractMapBasedMultimap$Itr                          : loaded 2 times (x 81B)
Class com.google.common.base.Converter                                                : loaded 2 times (x 88B)
Class com.google.common.collect.ImmutableSortedSetFauxverideShim                      : loaded 2 times (x 145B)
Class com.google.common.base.Equivalence                                              : loaded 2 times (x 80B)
Class com.google.common.cache.LocalCache$EntryFactory$1                               : loaded 2 times (x 81B)
Class com.google.common.primitives.Ints                                               : loaded 2 times (x 69B)
Class com.google.common.cache.LocalCache$EntryFactory$2                               : loaded 2 times (x 81B)
Class com.google.common.cache.LocalCache$EntryFactory$3                               : loaded 2 times (x 81B)
Class com.google.common.cache.LocalCache$EntryFactory$4                               : loaded 2 times (x 81B)
Class com.google.common.cache.LocalCache$EntryFactory$5                               : loaded 2 times (x 81B)
Class com.google.common.cache.LocalCache$EntryFactory$6                               : loaded 2 times (x 81B)
Class com.google.common.reflect.TypeResolver$TypeVariableKey                          : loaded 2 times (x 70B)
Class com.google.common.cache.LocalCache$EntryFactory$7                               : loaded 2 times (x 81B)
Class com.google.common.cache.LocalCache$EntryFactory$8                               : loaded 2 times (x 81B)
Class com.google.common.base.Predicate                                                : loaded 2 times (x 68B)
Class com.google.common.cache.LocalCache$StrongValueReference                         : loaded 2 times (x 88B)
Class org.gradle.internal.classloader.FilteringClassLoader                            : loaded 2 times (x 103B)
Class com.google.common.reflect.TypeResolver$TypeTable                                : loaded 2 times (x 71B)
Class com.google.common.reflect.Invokable$MethodInvokable                             : loaded 2 times (x 120B)
Class com.google.common.collect.RegularImmutableSet                                   : loaded 2 times (x 146B)
Class [Lcom.google.common.cache.LocalCache$Strength;                                  : loaded 2 times (x 67B)
Class org.gradle.internal.classpath.DefaultClassPath$ImmutableUniqueList$Builder      : loaded 2 times (x 73B)
Class com.google.common.collect.AbstractRangeSet                                      : loaded 2 times (x 112B)
Class com.google.common.collect.ExplicitOrdering                                      : loaded 2 times (x 113B)
Class com.google.common.collect.Maps$8                                                : loaded 2 times (x 80B)
Class com.google.common.base.PatternCompiler                                          : loaded 2 times (x 68B)
Class [Lcom.google.common.cache.CacheBuilder$NullListener;                            : loaded 2 times (x 67B)
Class com.google.common.base.CharMatcher$InRange                                      : loaded 2 times (x 109B)
Class com.google.common.collect.Maps$KeySet                                           : loaded 2 times (x 135B)
Class com.google.common.collect.Sets$SetView                                          : loaded 2 times (x 136B)
Class com.google.common.collect.BiMap                                                 : loaded 2 times (x 68B)
Class com.google.common.collect.Lists                                                 : loaded 2 times (x 69B)
Class org.objectweb.asm.AnnotationWriter                                              : loaded 2 times (x 76B)
Class com.google.common.math.IntMath$1                                                : loaded 2 times (x 69B)
Class org.gradle.internal.classloader.ClassLoaderVisitor                              : loaded 2 times (x 74B)
Class org.objectweb.asm.Label                                                         : loaded 2 times (x 71B)
Class com.google.common.cache.CacheBuilder$NullListener                               : loaded 2 times (x 80B)
Class com.google.common.math.MathPreconditions                                        : loaded 2 times (x 69B)
Class org.gradle.internal.service.DefaultServiceLocator                               : loaded 2 times (x 81B)
Class org.gradle.internal.service.UnknownServiceException                             : loaded 2 times (x 81B)
Class com.google.common.util.concurrent.AbstractFuture$SynchronizedHelper             : loaded 2 times (x 74B)
Class com.google.common.collect.ArrayListMultimap                                     : loaded 2 times (x 170B)
Class com.google.common.base.Strings                                                  : loaded 2 times (x 69B)
Class build_f0srlsa5vznkog7j8blhsloz4$_run_closure1$_closure3                         : loaded 2 times (x 134B)
Class com.google.common.cache.CacheLoader$InvalidCacheLoadException                   : loaded 2 times (x 80B)
Class org.gradle.internal.classloader.DefaultClassLoaderFactory                       : loaded 2 times (x 80B)
Class com.google.common.collect.UnmodifiableIterator                                  : loaded 2 times (x 78B)
Class com.google.common.collect.Sets$2$1                                              : loaded 2 times (x 80B)
Class com.google.common.base.Stopwatch                                                : loaded 2 times (x 70B)
Class com.google.common.reflect.Types                                                 : loaded 2 times (x 69B)
Class com.google.common.base.Platform$JdkPatternCompiler                              : loaded 2 times (x 73B)
Class com.google.common.cache.LocalCache$LoadingValueReference                        : loaded 2 times (x 94B)
Class com.google.common.base.CharMatcher$SingleWidth                                  : loaded 2 times (x 110B)
Class com.google.common.collect.Hashing                                               : loaded 2 times (x 69B)
Class com.google.common.collect.NullsFirstOrdering                                    : loaded 2 times (x 113B)
Class com.google.common.collect.ImmutableRangeSet$ComplementRanges                    : loaded 2 times (x 167B)
Class [Lcom.google.common.reflect.Types$ClassOwnership;                               : loaded 2 times (x 67B)
Class com.google.common.collect.NaturalOrdering                                       : loaded 2 times (x 113B)
Class com.google.common.base.JdkPattern                                               : loaded 2 times (x 73B)
Class com.google.common.collect.ByFunctionOrdering                                    : loaded 2 times (x 113B)
Class com.google.common.collect.Multimap                                              : loaded 2 times (x 68B)
Class com.google.common.base.FunctionalEquivalence                                    : loaded 2 times (x 81B)
Class org.objectweb.asm.AnnotationVisitor                                             : loaded 2 times (x 75B)
Class org.objectweb.asm.RecordComponentWriter                                         : loaded 2 times (x 76B)
Class com.google.common.cache.LocalCache$1                                            : loaded 2 times (x 87B)
Class com.google.common.cache.LocalCache$2                                            : loaded 2 times (x 140B)
Class com.google.common.collect.RegularImmutableBiMap                                 : loaded 2 times (x 147B)
Class org.gradle.internal.classloader.VisitableURLClassLoader$Spec                    : loaded 2 times (x 72B)
Class org.gradle.api.GradleException                                                  : loaded 2 times (x 80B)
Class com.google.common.base.CharMatcher$JavaLetterOrDigit                            : loaded 2 times (x 109B)
Class org.gradle.api.internal.classpath.ModuleRegistry                                : loaded 2 times (x 68B)
Class com.google.common.collect.CompoundOrdering                                      : loaded 2 times (x 113B)
Class com.google.common.reflect.TypeToken$1                                           : loaded 2 times (x 123B)
Class com.google.common.cache.CacheBuilder                                            : loaded 2 times (x 70B)
Class com.google.common.reflect.TypeToken$2                                           : loaded 2 times (x 123B)
Class org.objectweb.asm.ByteVector                                                    : loaded 2 times (x 76B)
Class com.google.common.collect.ImmutableCollection                                   : loaded 2 times (x 123B)
Class com.google.common.collect.ImmutableRangeSet                                     : loaded 2 times (x 113B)
Class com.google.common.base.PairwiseEquivalence                                      : loaded 2 times (x 81B)
Class com.google.common.base.Ticker                                                   : loaded 2 times (x 70B)
Class org.gradle.api.internal.ClassPathProvider                                       : loaded 2 times (x 68B)
Class com.google.common.collect.RegularImmutableMap$Values                            : loaded 2 times (x 167B)
Class org.objectweb.asm.ModuleWriter                                                  : loaded 2 times (x 79B)
Class org.gradle.internal.classloader.ClasspathUtil$1                                 : loaded 2 times (x 74B)
Class com.google.common.collect.ImmutableEnumMap                                      : loaded 2 times (x 123B)
Class com.google.common.collect.ImmutableList$ReverseImmutableList                    : loaded 2 times (x 168B)
Class [Lorg.jetbrains.kotlin.utils.DescriptionAware;                                  : loaded 2 times (x 67B)
Class com.google.common.cache.AbstractCache$StatsCounter                              : loaded 2 times (x 68B)
Class org.objectweb.asm.FieldVisitor                                                  : loaded 2 times (x 74B)
Class org.objectweb.asm.Symbol                                                        : loaded 2 times (x 71B)
Class com.google.common.reflect.TypeToken                                             : loaded 2 times (x 71B)
Class com.google.common.collect.Ordering                                              : loaded 2 times (x 112B)
Class com.google.common.cache.LocalCache$Strength$1                                   : loaded 2 times (x 79B)
Class com.google.common.cache.LocalCache$Strength$2                                   : loaded 2 times (x 79B)
Class com.google.common.cache.LocalCache$Strength$3                                   : loaded 2 times (x 79B)
Class org.gradle.internal.classloader.ClassLoaderFactory                              : loaded 2 times (x 68B)
Class com.google.common.collect.ObjectArrays                                          : loaded 2 times (x 69B)
Class com.google.common.util.concurrent.AbstractFuture$Waiter                         : loaded 2 times (x 70B)
Class com.google.common.util.concurrent.Uninterruptibles                              : loaded 2 times (x 69B)
Class com.google.common.collect.Iterators$10                                          : loaded 2 times (x 79B)
Class com.google.common.collect.Iterators$EmptyModifiableIterator                     : loaded 2 times (x 84B)
Class com.google.common.collect.ImmutableList                                         : loaded 2 times (x 166B)
Class org.gradle.api.internal.classpath.ManifestUtil                                  : loaded 2 times (x 69B)
Class org.gradle.api.specs.Spec                                                       : loaded 2 times (x 68B)
Class com.google.common.collect.RangeSet                                              : loaded 2 times (x 68B)
Class com.google.common.cache.CacheLoader$UnsupportedLoadingOperationException        : loaded 2 times (x 80B)
Class com.google.common.base.CharMatcher$Whitespace                                   : loaded 2 times (x 110B)
Class com.google.common.util.concurrent.ListenableFuture                              : loaded 2 times (x 68B)
Class com.google.common.collect.Iterators$1                                           : loaded 2 times (x 79B)
Class com.google.common.collect.Iterators$4                                           : loaded 2 times (x 80B)
Class com.google.common.collect.Iterators$5                                           : loaded 2 times (x 80B)
Class com.google.common.util.concurrent.AbstractFuture$UnsafeAtomicHelper             : loaded 2 times (x 74B)
Class com.google.common.base.Joiner                                                   : loaded 2 times (x 77B)
Class com.google.common.base.Equivalence$Equals                                       : loaded 2 times (x 80B)
Class com.google.common.base.Preconditions                                            : loaded 2 times (x 69B)
Class com.google.common.base.Function                                                 : loaded 2 times (x 68B)
Class com.google.common.collect.Iterators$9                                           : loaded 2 times (x 79B)
Class org.gradle.internal.IoActions                                                   : loaded 2 times (x 69B)
Class com.google.common.collect.AllEqualOrdering                                      : loaded 2 times (x 112B)
Class com.google.common.collect.ComparatorOrdering                                    : loaded 2 times (x 113B)
Class com.google.common.cache.ReferenceEntry                                          : loaded 2 times (x 68B)
Class com.google.common.collect.RegularImmutableMap$KeySet                            : loaded 2 times (x 148B)
Class com.google.common.collect.CollectPreconditions                                  : loaded 2 times (x 69B)
Class com.google.common.primitives.IntsMethodsForWeb                                  : loaded 2 times (x 69B)
Class com.google.common.collect.LexicographicalOrdering                               : loaded 2 times (x 113B)
Class com.google.common.collect.RangeGwtSerializationDependencies                     : loaded 2 times (x 69B)
Class com.google.common.collect.Maps                                                  : loaded 2 times (x 69B)
Class com.google.common.collect.RegularImmutableMap                                   : loaded 2 times (x 119B)
Class com.google.common.collect.AbstractIndexedListIterator                           : loaded 2 times (x 94B)
Class com.google.common.base.CharMatcher$None                                         : loaded 2 times (x 110B)
Class org.gradle.api.internal.classpath.EffectiveClassPath                            : loaded 2 times (x 88B)
Class com.google.common.collect.UnmodifiableListIterator                              : loaded 2 times (x 93B)
Class com.google.common.cache.CacheLoader$FunctionToCacheLoader                       : loaded 2 times (x 73B)
Class com.google.common.cache.CacheBuilder$1                                          : loaded 2 times (x 83B)
Class com.google.common.cache.CacheBuilder$2                                          : loaded 2 times (x 77B)
Class com.google.common.collect.ImmutableList$1                                       : loaded 2 times (x 95B)
Class com.google.common.base.Splitter$Strategy                                        : loaded 2 times (x 68B)
Class com.google.common.cache.CacheBuilder$3                                          : loaded 2 times (x 70B)
Class com.google.common.collect.ImmutableMapEntrySet$RegularEntrySet                  : loaded 2 times (x 149B)
Class [Lcom.google.common.cache.RemovalListener;                                      : loaded 2 times (x 67B)
Class [Lcom.google.common.collect.ImmutableMapEntry;                                  : loaded 2 times (x 67B)
Class org.gradle.internal.installation.CurrentGradleInstallation                      : loaded 2 times (x 71B)
Class org.gradle.internal.installation.CurrentGradleInstallationLocator               : loaded 2 times (x 69B)
Class [Lcom.google.common.cache.LocalCache$Segment;                                   : loaded 2 times (x 67B)
Class org.gradle.api.internal.classpath.Module                                        : loaded 2 times (x 68B)
Class build_cj9ho4ep13kbcm4wricz0fa0v$_run_closure1$_closure3                         : loaded 2 times (x 134B)
Class com.google.common.collect.ImmutableSortedSet                                    : loaded 2 times (x 233B)
Class com.google.common.base.Splitter$1$1                                             : loaded 2 times (x 84B)
Class com.google.common.collect.ImmutableSet$JdkBackedSetBuilderImpl                  : loaded 2 times (x 74B)
Class Dependency_version_checker_gradle                                               : loaded 2 times (x 128B)
Class com.google.common.reflect.Types$TypeVariableInvocationHandler                   : loaded 2 times (x 73B)
Class com.google.common.reflect.Types$ClassOwnership                                  : loaded 2 times (x 78B)
Class [Lorg.jetbrains.kotlin.config.LanguageOrApiVersion;                             : loaded 2 times (x 67B)
Class com.google.common.collect.ImmutableSet$RegularSetBuilderImpl                    : loaded 2 times (x 75B)
Class build_4i8uzgpz8h55gyzt6rktcozhg                                                 : loaded 2 times (x 178B)
Class [Lorg.objectweb.asm.AnnotationWriter;                                           : loaded 2 times (x 67B)
Class org.gradle.internal.service.CachingServiceLocator                               : loaded 2 times (x 80B)
Class build_e628fz8mk86gkrh4gl29yuvly                                                 : loaded 2 times (x 178B)
Class [Lcom.google.common.collect.ImmutableEntry;                                     : loaded 2 times (x 67B)
Class com.google.common.collect.Sets$ImprovedAbstractSet                              : loaded 2 times (x 133B)
Class org.gradle.internal.classpath.DefaultClassPath                                  : loaded 2 times (x 88B)
Class org.gradle.api.Transformer                                                      : loaded 2 times (x 68B)
Class com.google.common.util.concurrent.AbstractFuture$SetFuture                      : loaded 2 times (x 73B)
Class build_c8uv2zr4rumwgjqhqkejb7pm5$_run_closure1                                   : loaded 2 times (x 134B)
Class com.google.common.collect.CollectCollectors                                     : loaded 2 times (x 69B)
Class build_bdsyv133i9322sofoljra228k$_run_closure1                                   : loaded 2 times (x 134B)
Class com.google.common.base.Splitter$SplittingIterator                               : loaded 2 times (x 82B)
Class com.google.common.reflect.TypeParameter                                         : loaded 2 times (x 70B)
Class com.google.common.cache.LocalCache$LocalManualCache$1                           : loaded 2 times (x 73B)
Class com.google.common.reflect.Types$ClassOwnership$1LocalClass                      : loaded 2 times (x 69B)
Class org.objectweb.asm.SymbolTable$Entry                                             : loaded 2 times (x 72B)
Class [Lcom.google.common.cache.LocalCache$EntryFactory;                              : loaded 2 times (x 67B)
Class com.google.common.base.CharMatcher$Is                                           : loaded 2 times (x 109B)
Class com.google.common.base.Platform                                                 : loaded 2 times (x 69B)
Class com.google.common.collect.RegularImmutableAsList                                : loaded 2 times (x 176B)
Class com.google.common.collect.PeekingIterator                                       : loaded 2 times (x 68B)
Class build_cj9ho4ep13kbcm4wricz0fa0v                                                 : loaded 2 times (x 178B)
Class com.google.common.reflect.TypeResolver$TypeTable$1                              : loaded 2 times (x 71B)
Class com.google.common.collect.ImmutableMapEntrySet                                  : loaded 2 times (x 149B)
Class build_c8uv2zr4rumwgjqhqkejb7pm5                                                 : loaded 2 times (x 178B)
Class com.google.common.cache.CacheLoader                                             : loaded 2 times (x 72B)
Class com.google.common.collect.ImmutableBiMapFauxverideShim                          : loaded 2 times (x 118B)
Class org.objectweb.asm.MethodTooLargeException                                       : loaded 2 times (x 81B)
Class NativePluginLoader$getDependenciesMetadata$0                                    : loaded 2 times (x 150B)
Class com.google.common.cache.Cache                                                   : loaded 2 times (x 68B)
Class org.jetbrains.kotlin.config.ApiVersion                                          : loaded 2 times (x 83B)
Class org.gradle.internal.classloader.SystemClassLoaderSpec                           : loaded 2 times (x 69B)
Class build_ahpfki6hvmx1p6v0f9w91gw5t$_run_closure1                                   : loaded 2 times (x 134B)
Class com.google.common.util.concurrent.internal.InternalFutureFailureAccess          : loaded 2 times (x 70B)
Class build_f0srlsa5vznkog7j8blhsloz4                                                 : loaded 2 times (x 178B)
Class com.google.common.base.Charsets                                                 : loaded 2 times (x 69B)
Class org.jetbrains.kotlin.utils.DescriptionAware                                     : loaded 2 times (x 68B)
Class com.google.common.primitives.Ints$IntConverter                                  : loaded 2 times (x 88B)
Class com.google.common.collect.SingletonImmutableSet                                 : loaded 2 times (x 146B)
Class com.google.common.reflect.Types$TypeVariableImpl                                : loaded 2 times (x 70B)
Class [Lcom.google.common.base.AbstractIterator$State;                                : loaded 2 times (x 67B)
Class com.google.common.collect.ImmutableMap$Builder                                  : loaded 2 times (x 78B)
Class com.google.common.base.AbstractIterator                                         : loaded 2 times (x 78B)
Class org.objectweb.asm.ClassWriter                                                   : loaded 2 times (x 102B)
Class com.google.common.collect.Range                                                 : loaded 2 times (x 85B)
Class org.jetbrains.kotlin.config.LanguageVersion                                     : loaded 2 times (x 87B)
Class com.google.common.base.AbstractIterator$1                                       : loaded 2 times (x 69B)
Class org.jetbrains.kotlin.config.MavenComparableVersion$Item                         : loaded 2 times (x 68B)
Class [Lcom.google.common.cache.CacheBuilder$OneWeigher;                              : loaded 2 times (x 67B)
Class com.google.common.collect.Iterators                                             : loaded 2 times (x 69B)
Class com.google.common.base.CharMatcher$1                                            : loaded 2 times (x 111B)
Class com.google.common.base.CharMatcher$Ascii                                        : loaded 2 times (x 110B)
Class org.gradle.api.UncheckedIOException                                             : loaded 2 times (x 80B)
Class com.google.common.base.CharMatcher$And                                          : loaded 2 times (x 110B)
Class com.google.common.collect.IndexedImmutableSet                                   : loaded 2 times (x 148B)
Class native_plugin_loader_7dik9rqpj677pep4bin0xqtrk                                  : loaded 2 times (x 175B)
Class com.google.common.base.ExtraObjectsMethodsForWeb                                : loaded 2 times (x 69B)
Class com.google.common.collect.IndexedImmutableSet$1                                 : loaded 2 times (x 172B)
Class com.google.common.collect.AbstractListMultimap                                  : loaded 2 times (x 170B)
Class com.google.common.base.CharMatcher$Any                                          : loaded 2 times (x 110B)
Class com.google.common.reflect.TypeCapture                                           : loaded 2 times (x 69B)
Class com.google.common.cache.LocalCache$Strength                                     : loaded 2 times (x 79B)
Class com.google.common.collect.AbstractMapBasedMultimap$KeySet                       : loaded 2 times (x 135B)
Class com.google.common.collect.SortedIterable                                        : loaded 2 times (x 68B)
Class com.google.common.collect.ArrayListMultimapGwtSerializationDependencies         : loaded 2 times (x 170B)
Class com.google.common.base.CharMatcher$RangesMatcher                                : loaded 2 times (x 110B)
Class org.objectweb.asm.Handler                                                       : loaded 2 times (x 70B)
Class com.google.common.collect.ImmutableList$SubList                                 : loaded 2 times (x 168B)
Class com.google.common.cache.LocalCache$ValueReference                               : loaded 2 times (x 68B)
Class org.gradle.internal.classloader.ClasspathUtil                                   : loaded 2 times (x 69B)
Class org.objectweb.asm.CurrentFrame                                                  : loaded 2 times (x 71B)
Class com.google.common.util.concurrent.AbstractFuture                                : loaded 2 times (x 93B)
Class com.google.common.reflect.TypeResolver                                          : loaded 2 times (x 70B)
Class com.google.common.base.Splitter$1                                               : loaded 2 times (x 75B)
Class com.google.common.collect.ReverseOrdering                                       : loaded 2 times (x 113B)
Class com.google.common.base.Ticker$1                                                 : loaded 2 times (x 70B)
Class com.google.common.collect.Maps$BiMapConverter                                   : loaded 2 times (x 88B)
Class org.gradle.api.internal.DefaultClassPathRegistry                                : loaded 2 times (x 74B)
Class org.jetbrains.kotlin.config.LanguageOrApiVersion                                : loaded 2 times (x 68B)
Class com.google.common.util.concurrent.AbstractFuture$Cancellation                   : loaded 2 times (x 70B)
Class [Lorg.objectweb.asm.Symbol;                                                     : loaded 2 times (x 67B)
Class com.google.common.collect.Multimaps$Entries                                     : loaded 2 times (x 116B)
Class com.google.common.collect.ImmutableSet$SetBuilderImpl                           : loaded 2 times (x 74B)
Class org.gradle.api.internal.classpath.DefaultModuleRegistry$DefaultModule           : loaded 2 times (x 84B)
Class com.google.common.base.CharMatcher$JavaIsoControl                               : loaded 2 times (x 110B)
Class com.google.common.collect.ImmutableMap$1                                        : loaded 2 times (x 79B)
Class org.jetbrains.kotlin.config.ApiVersion$Companion                                : loaded 2 times (x 69B)
Class com.google.common.base.CharMatcher$Or                                           : loaded 2 times (x 110B)
Class com.google.common.base.Suppliers$SupplierOfInstance                             : loaded 2 times (x 77B)
Class org.objectweb.asm.RecordComponentVisitor                                        : loaded 2 times (x 75B)
Class com.google.common.reflect.Types$ClassOwnership$1                                : loaded 2 times (x 78B)
Class com.google.common.reflect.Invokable                                             : loaded 2 times (x 116B)
Class com.google.common.reflect.Types$ClassOwnership$2                                : loaded 2 times (x 78B)
Class com.google.common.reflect.Types$ClassOwnership$3                                : loaded 2 times (x 69B)
Class build_e628fz8mk86gkrh4gl29yuvly$_run_closure1                                   : loaded 2 times (x 134B)
Class com.google.common.collect.Iterables                                             : loaded 2 times (x 69B)
Class com.google.common.base.CharMatcher$JavaLowerCase                                : loaded 2 times (x 109B)
Class org.objectweb.asm.ClassTooLargeException                                        : loaded 2 times (x 81B)
Class org.jetbrains.kotlin.config.LanguageVersion$Companion                           : loaded 2 times (x 69B)
Class org.gradle.api.internal.classpath.UnknownModuleException                        : loaded 2 times (x 80B)
Class com.google.common.util.concurrent.AbstractFuture$Listener                       : loaded 2 times (x 70B)
Class org.objectweb.asm.Edge                                                          : loaded 2 times (x 70B)
Class com.google.common.collect.Maps$EntryTransformer                                 : loaded 2 times (x 68B)
Class com.google.common.collect.ImmutableCollection$Builder                           : loaded 2 times (x 74B)
Class native_plugin_loader_7dik9rqpj677pep4bin0xqtrk$_run_closure1                    : loaded 2 times (x 134B)
Class [Lorg.objectweb.asm.SymbolTable$Entry;                                          : loaded 2 times (x 67B)
Class com.google.common.reflect.Types$JavaVersion                                     : loaded 2 times (x 81B)
Class com.google.common.collect.SingletonImmutableBiMap                               : loaded 2 times (x 142B)
Class com.google.common.base.CommonPattern                                            : loaded 2 times (x 72B)
Class com.google.common.base.Suppliers                                                : loaded 2 times (x 69B)
Class [Lcom.google.common.collect.Iterators$EmptyModifiableIterator;                  : loaded 2 times (x 67B)
Class org.objectweb.asm.ClassVisitor                                                  : loaded 2 times (x 85B)
Class com.google.common.cache.LoadingCache                                            : loaded 2 times (x 68B)
Class org.gradle.internal.service.ServiceLookupException                              : loaded 2 times (x 80B)
Class org.gradle.cache.GlobalCache                                                    : loaded 2 times (x 68B)
Class build_4i8uzgpz8h55gyzt6rktcozhg$_run_closure1                                   : loaded 2 times (x 134B)
Class NativePluginLoader                                                              : loaded 2 times (x 91B)
Class com.google.common.base.CharMatcher$NegatedFastMatcher                           : loaded 2 times (x 111B)
Class [Lorg.gradle.api.internal.ClassPathProvider;                                    : loaded 2 times (x 67B)
Class com.google.common.util.concurrent.AbstractFuture$SafeAtomicHelper               : loaded 2 times (x 75B)
Class org.gradle.util.internal.GUtil                                                  : loaded 2 times (x 69B)
Class com.google.common.math.IntMath                                                  : loaded 2 times (x 69B)
Class [Lcom.google.common.reflect.Types$JavaVersion;                                  : loaded 2 times (x 67B)
Class com.google.common.collect.AbstractIterator                                      : loaded 2 times (x 80B)
Class org.gradle.internal.classloader.ClassLoaderSpec                                 : loaded 2 times (x 69B)
Class NativePluginLoader$_getPlugins_closure1                                         : loaded 2 times (x 134B)
Class org.objectweb.asm.Frame                                                         : loaded 2 times (x 71B)
Class com.google.common.cache.LocalCache$LocalManualCache                             : loaded 2 times (x 97B)
Class com.google.common.collect.AbstractMapEntry                                      : loaded 2 times (x 79B)
Class com.google.common.collect.ImmutableList$Builder                                 : loaded 2 times (x 75B)
Class com.google.common.base.CharMatcher$Negated                                      : loaded 2 times (x 111B)
Class com.google.common.cache.CacheLoader$1                                           : loaded 2 times (x 73B)
Class com.google.common.util.concurrent.AbstractFuture$TrustedFuture                  : loaded 2 times (x 95B)
Class build_f0srlsa5vznkog7j8blhsloz4$_run_closure1                                   : loaded 2 times (x 134B)
Class com.google.common.collect.Sets                                                  : loaded 2 times (x 69B)
Class com.google.common.collect.ImmutableSet$Builder                                  : loaded 2 times (x 83B)
Class com.google.common.base.CharMatcher$ForPredicate                                 : loaded 2 times (x 110B)
Class com.google.common.collect.ImmutableMap$MapViewOfValuesAsSingletonSets           : loaded 2 times (x 123B)
Class com.google.common.base.MoreObjects                                              : loaded 2 times (x 69B)
Class com.google.common.collect.SortedMapDifference                                   : loaded 2 times (x 68B)
Class org.objectweb.asm.SymbolTable                                                   : loaded 2 times (x 70B)
Class [Lorg.objectweb.asm.AnnotationVisitor;                                          : loaded 2 times (x 67B)
Class com.google.common.cache.CacheStats                                              : loaded 2 times (x 69B)
Class org.objectweb.asm.Attribute                                                     : loaded 2 times (x 75B)
Class org.gradle.internal.classloader.VisitableURLClassLoader                         : loaded 2 times (x 115B)
Class com.google.common.cache.LocalCache$LocalLoadingCache                            : loaded 2 times (x 132B)
Class com.google.common.base.Supplier                                                 : loaded 2 times (x 68B)
Class com.google.common.base.Objects                                                  : loaded 2 times (x 69B)
Class com.google.common.util.concurrent.AbstractFuture$AtomicHelper                   : loaded 2 times (x 74B)
Class com.google.common.collect.ImmutableBiMap                                        : loaded 2 times (x 142B)
Class org.gradle.internal.Cast                                                        : loaded 2 times (x 69B)
Class Build_gradle                                                                    : loaded 2 times (x 128B)
Class org.gradle.api.internal.ClassPathRegistry                                       : loaded 2 times (x 68B)
Class com.google.common.cache.LocalCache$EntryFactory                                 : loaded 2 times (x 81B)
Class com.google.common.util.concurrent.UncheckedExecutionException                   : loaded 2 times (x 80B)
Class com.google.common.collect.ImmutableSet                                          : loaded 2 times (x 145B)
Class org.gradle.internal.classloader.ClassLoaderHierarchy                            : loaded 2 times (x 68B)
Class NativePluginLoader$getPlugins                                                   : loaded 2 times (x 150B)
Class [Lorg.objectweb.asm.Type;                                                       : loaded 2 times (x 67B)
Class com.google.common.base.AbstractIterator$State                                   : loaded 2 times (x 77B)
Class org.jetbrains.kotlin.config.LanguageVersionSettings                             : loaded 2 times (x 68B)
Class com.google.common.cache.Weigher                                                 : loaded 2 times (x 68B)
Class com.google.common.base.CharMatcher$NamedFastMatcher                             : loaded 2 times (x 110B)
Class org.gradle.internal.service.ServiceLocator                                      : loaded 2 times (x 68B)
Class org.jetbrains.kotlin.config.MavenComparableVersion                              : loaded 2 times (x 76B)
Class com.google.common.collect.ImmutableRangeSet$1                                   : loaded 2 times (x 169B)
Class com.google.common.util.concurrent.SettableFuture                                : loaded 2 times (x 95B)
Class com.google.common.collect.ImmutableMapEntry                                     : loaded 2 times (x 83B)
Class com.google.common.reflect.Types$ParameterizedTypeImpl                           : loaded 2 times (x 79B)
Class com.google.common.base.CharMatcher$Invisible                                    : loaded 2 times (x 110B)
Class com.google.common.base.Joiner$1                                                 : loaded 2 times (x 78B)
Class com.google.common.base.Joiner$2                                                 : loaded 2 times (x 77B)
Class com.google.common.reflect.Types$JavaVersion$1                                   : loaded 2 times (x 81B)
Class com.google.common.base.CharMatcher$FastMatcher                                  : loaded 2 times (x 109B)
Class com.google.common.reflect.Types$JavaVersion$2                                   : loaded 2 times (x 81B)
Class [Lorg.jetbrains.kotlin.config.LanguageVersion;                                  : loaded 2 times (x 67B)
Class com.google.common.reflect.Types$JavaVersion$3                                   : loaded 2 times (x 81B)
Class org.gradle.internal.classpath.DefaultClassPath$ImmutableUniqueList              : loaded 2 times (x 159B)
Class com.google.common.reflect.Types$JavaVersion$4                                   : loaded 2 times (x 81B)
Class com.google.common.reflect.Types$JavaVersion$5                                   : loaded 2 times (x 69B)
Class com.google.common.base.CharMatcher$JavaLetter                                   : loaded 2 times (x 109B)
Class com.google.common.collect.MapDifference                                         : loaded 2 times (x 68B)
Class com.google.common.reflect.TypeToken$SimpleTypeToken                             : loaded 2 times (x 71B)
Class com.google.common.collect.Sets$1                                                : loaded 2 times (x 137B)
Class com.google.common.collect.Sets$2                                                : loaded 2 times (x 137B)
Class com.google.common.util.concurrent.AbstractFuture$Trusted                        : loaded 2 times (x 68B)
Class com.google.common.collect.Sets$3                                                : loaded 2 times (x 137B)
Class com.google.common.collect.Sets$4                                                : loaded 2 times (x 137B)
Class com.google.common.reflect.Types$NativeTypeVariableEquals                        : loaded 2 times (x 69B)
Class org.objectweb.asm.MethodWriter                                                  : loaded 2 times (x 103B)
Class com.google.common.collect.Platform                                              : loaded 2 times (x 69B)
Class com.google.common.collect.ImmutableAsList                                       : loaded 2 times (x 169B)
Class com.google.common.util.concurrent.ExecutionError                                : loaded 2 times (x 80B)
Class com.google.common.base.Equivalence$Identity                                     : loaded 2 times (x 80B)
Class com.google.common.base.CharMatcher$AnyOf                                        : loaded 2 times (x 110B)
Class com.google.common.base.CharMatcher$IsEither                                     : loaded 2 times (x 109B)
Class com.google.common.cache.LocalCache                                              : loaded 2 times (x 185B)
Class com.google.common.collect.ImmutableRangeSet$Builder                             : loaded 2 times (x 75B)
Class com.google.common.collect.RegularImmutableList                                  : loaded 2 times (x 172B)
Class com.google.common.util.concurrent.AbstractFuture$UnsafeAtomicHelper$1           : loaded 2 times (x 74B)
Class com.google.common.base.CharMatcher$JavaUpperCase                                : loaded 2 times (x 109B)
Class com.google.common.collect.Multiset                                              : loaded 2 times (x 68B)
Class com.google.common.collect.AbstractMultimap$Entries                              : loaded 2 times (x 118B)
Class com.google.common.reflect.Invokable$ConstructorInvokable                        : loaded 2 times (x 120B)
Class org.objectweb.asm.MethodVisitor                                                 : loaded 2 times (x 102B)
Class com.google.common.collect.NullsLastOrdering                                     : loaded 2 times (x 113B)
Class com.google.common.collect.AbstractMapBasedMultimap$KeySet$1                     : loaded 2 times (x 80B)
Class com.google.common.collect.ImmutableMapEntry$NonTerminalImmutableMapEntry        : loaded 2 times (x 83B)
Class com.google.common.collect.AbstractMapBasedMultimap                              : loaded 2 times (x 137B)


---------------  S Y S T E M  ---------------

OS:
 Windows 10 , 64 bit Build 19041 (10.0.19041.4842)
OS uptime: 0 days 1:58 hours

CPU: total 12 (initial active 12) (12 cores per cpu, 2 threads per core) family 23 model 8 stepping 2 microcode 0x0, cx8, cmov, fxsr, ht, mmx, 3dnowpref, sse, sse2, sse3, ssse3, sse4a, sse4.1, sse4.2, popcnt, lzcnt, tsc, tscinvbit, avx, avx2, aes, clmul, bmi1, bmi2, adx, sha, fma, vzeroupper, clflush, clflushopt
Processor Information for all 12 processors :
  Max Mhz: 3200, Current Mhz: 3200, Mhz Limit: 3200

Memory: 4k page, system-wide physical 16308M (4818M free)
TotalPageFile size 18356M (AvailPageFile size 9M)
current process WorkingSet (physical memory assigned to process): 550M, peak: 552M
current process commit charge ("private bytes"): 616M, peak: 655M

vm_info: OpenJDK 64-Bit Server VM (17.0.11+0--11852314) for windows-amd64 JRE (17.0.11+0--11852314), built on May 16 2024 21:29:20 by "androidbuild" with MS VC++ 16.10 / 16.11 (VS2019)

END.
