#
# There is insufficient memory for the Java Runtime Environment to continue.
# Native memory allocation (mmap) failed to map 627048448 bytes. Error detail: G1 virtual space
# Possible reasons:
#   The system is out of physical RAM or swap space
#   This process is running with CompressedOops enabled, and the Java Heap may be blocking the growth of the native heap
# Possible solutions:
#   Reduce memory load on the system
#   Increase physical memory or swap space
#   Check if swap backing store is full
#   Decrease Java heap size (-Xmx/-Xms)
#   Decrease number of Java threads
#   Decrease Java thread stack sizes (-Xss)
#   Set larger code cache with -XX:ReservedCodeCacheSize=
#   JVM is running with Zero Based Compressed Oops mode in which the Java heap is
#     placed in the first 32GB address space. The Java Heap base address is the
#     maximum limit for the native heap growth. Please use -XX:HeapBaseMinAddress
#     to set the Java Heap base and to place the Java Heap above 32GB virtual address.
# This output file may be truncated or incomplete.
#
#  Out of Memory Error (os_windows.cpp:3825), pid=7816, tid=5532
#
# JRE version: OpenJDK Runtime Environment (17.0.11) (build 17.0.11+0--11852314)
# Java VM: OpenJDK 64-Bit Server VM (17.0.11+0--11852314, mixed mode, tiered, compressed oops, compressed class ptrs, g1 gc, windows-amd64)
# No core dump will be written. Minidumps are not enabled by default on client versions of Windows
#

---------------  S U M M A R Y ------------

Command Line: -XX:MaxMetaspaceSize=2G -XX:+HeapDumpOnOutOfMemoryError --add-opens=java.base/java.util=ALL-UNNAMED --add-opens=java.base/java.lang=ALL-UNNAMED --add-opens=java.base/java.lang.invoke=ALL-UNNAMED --add-opens=java.prefs/java.util.prefs=ALL-UNNAMED --add-opens=java.base/java.nio.charset=ALL-UNNAMED --add-opens=java.base/java.net=ALL-UNNAMED --add-opens=java.base/java.util.concurrent.atomic=ALL-UNNAMED -Xmx4G -Dfile.encoding=windows-1252 -Duser.country=BR -Duser.language=pt -Duser.variant org.gradle.launcher.daemon.bootstrap.GradleDaemon 7.6.3

Host: AMD Ryzen 5 1600 Six-Core Processor            , 12 cores, 15G,  Windows 10 , 64 bit Build 19041 (10.0.19041.4842)
Time: Thu Oct  3 01:30:33 2024 Hora oficial do Brasil elapsed time: 2462.021448 seconds (0d 0h 41m 2s)

---------------  T H R E A D  ---------------

Current thread (0x00000281801f5af0):  VMThread "VM Thread" [stack: 0x0000009939b00000,0x0000009939c00000] [id=5532]

Stack: [0x0000009939b00000,0x0000009939c00000]
Native frames: (J=compiled Java code, j=interpreted, Vv=VM code, C=native code)
V  [jvm.dll+0x687bb9]
V  [jvm.dll+0x84142a]
V  [jvm.dll+0x8430ae]
V  [jvm.dll+0x843713]
V  [jvm.dll+0x24a35f]
V  [jvm.dll+0x684989]
V  [jvm.dll+0x67923a]
V  [jvm.dll+0x30af0b]
V  [jvm.dll+0x3123b6]
V  [jvm.dll+0x361dfe]
V  [jvm.dll+0x36202f]
V  [jvm.dll+0x2e0d38]
V  [jvm.dll+0x2df144]
V  [jvm.dll+0x2de74c]
V  [jvm.dll+0x32305b]
V  [jvm.dll+0x847e0b]
V  [jvm.dll+0x848b42]
V  [jvm.dll+0x84905d]
V  [jvm.dll+0x849434]
V  [jvm.dll+0x849500]
V  [jvm.dll+0x7efa4a]
V  [jvm.dll+0x686a35]
C  [ucrtbase.dll+0x21bb2]
C  [KERNEL32.DLL+0x17374]
C  [ntdll.dll+0x4cc91]

VM_Operation (0x00000099480fd9c0): G1CollectForAllocation, mode: safepoint, requested by thread 0x00000281876c1ae0


---------------  P R O C E S S  ---------------

Threads class SMR info:
_java_thread_list=0x0000028193052e70, length=219, elements={
0x00000281e17c18f0, 0x00000281801f85c0, 0x00000281801f9090, 0x00000281807ec540,
0x00000281807eef20, 0x0000028180830020, 0x0000028180830500, 0x0000028180844010,
0x000002818084c9e0, 0x00000281808576b0, 0x00000281809de230, 0x00000281809deb20,
0x00000281866651b0, 0x00000281867a1030, 0x0000028186d8a6c0, 0x0000028186b8df70,
0x0000028186b8f3b0, 0x0000028186b8da60, 0x0000028186b8e990, 0x0000028186b8eea0,
0x0000028187970cc0, 0x000002818796fd90, 0x0000028187973a50, 0x0000028187973030,
0x000002818796df30, 0x0000028187972b20, 0x00000281879758b0, 0x0000028188d1ea60,
0x0000028187e349c0, 0x0000028187e34ed0, 0x0000028187e31720, 0x0000028187e2f8c0,
0x0000028187e353e0, 0x0000028187e32b60, 0x0000028187e33070, 0x0000028187e35e00,
0x000002818bc6c850, 0x0000028187e302e0, 0x0000028191cafa40, 0x0000028185dda1d0,
0x000002818a8e6800, 0x000002818845ca20, 0x000002818a8e49a0, 0x000002818845cf30,
0x000002818a8e7730, 0x000002818a8e6d10, 0x000002818a8e7c40, 0x000002818839b3b0,
0x000002818839c2e0, 0x000002818839bdd0, 0x000002818839c7f0, 0x000002818839d720,
0x000002818839dc30, 0x000002818839cd00, 0x000002818839e140, 0x000002818839b8c0,
0x000002818839e650, 0x000002818bc6be30, 0x0000028180ab1150, 0x0000028180aaf2f0,
0x0000028180aaf800, 0x0000028180aae3c0, 0x0000028180ab1660, 0x0000028180aadeb0,
0x0000028180aae8d0, 0x0000028180ab0730, 0x0000028180ab0c40, 0x0000028180aafd10,
0x0000028191caf530, 0x000002818845abc0, 0x0000028187e358f0, 0x0000028187e36310,
0x0000028187e344b0, 0x0000028187e307f0, 0x0000028187e33a90, 0x0000028187e30d00,
0x0000028187e31210, 0x0000028187e33fa0, 0x0000028187e36820, 0x0000028193864cd0,
0x0000028193867040, 0x0000028193865c00, 0x0000028193866620, 0x0000028185dda6e0,
0x0000028180afa260, 0x0000028180af9840, 0x0000028180afa770, 0x0000028180af9d50,
0x0000028180afac80, 0x0000028180af74d0, 0x0000028180af79e0, 0x0000028180af7ef0,
0x0000028180af8400, 0x0000028180af8910, 0x0000028180af8e20, 0x0000028180af9330,
0x000002818beb7b70, 0x000002818beb99d0, 0x000002818beb8fb0, 0x000002818beb6c40,
0x000002818beb6730, 0x000002818beb7150, 0x000002818beb9ee0, 0x000002818beb8080,
0x000002818beb8590, 0x000002818beb7660, 0x0000028192fcdea0, 0x0000028192fcd480,
0x0000028192fcedd0, 0x0000028192fcbb30, 0x0000028192fce3b0, 0x0000028193866110,
0x0000028193866b30, 0x00000281938651e0, 0x0000028192fce8c0, 0x0000028192fcf2e0,
0x0000028192fcc040, 0x0000028192fcc550, 0x0000028192fcca60, 0x0000028192fcd990,
0x0000028191df8530, 0x0000028191df9460, 0x0000028191dfa390, 0x0000028191dfa8a0,
0x0000028191df9970, 0x0000028191df8a40, 0x0000028191df8f50, 0x0000028191df8020,
0x0000028191df9e80, 0x0000028191df70f0, 0x0000028191df7600, 0x0000028191df7b10,
0x000002818a60f5c0, 0x000002818a60f0b0, 0x000002818a60fad0, 0x000002818a60ffe0,
0x000002818a611420, 0x000002818a6104f0, 0x000002818a60eba0, 0x0000028191caff50,
0x0000028191cb0460, 0x0000028191cb0e80, 0x0000028191cae0f0, 0x0000028191cb0970,
0x0000028191caeb10, 0x0000028191caf020, 0x0000028191cb1390, 0x0000028185dd6bb0,
0x0000028185dd7ff0, 0x0000028185dd70c0, 0x0000028185dd8500, 0x0000028185dd8a10,
0x0000028185dd7ae0, 0x0000028185dd8f20, 0x0000028185dd75d0, 0x0000028185dd9430,
0x0000028185dd5c80, 0x0000028185dd66a0, 0x000002818bbfd060, 0x000002818bbff8e0,
0x000002818bc00300, 0x000002818bc00810, 0x000002818845b0d0, 0x000002818845b5e0,
0x000002818845d440, 0x00000281922a1960, 0x00000281922a1e70, 0x00000281922a2380,
0x00000281922a2da0, 0x00000281922a32b0, 0x000002818bafaff0, 0x000002818bafa5d0,
0x000002818845baf0, 0x000002818845c000, 0x000002818845c510, 0x000002818845de60,
0x000002818845a6b0, 0x00000281910cd120, 0x00000281910cd630, 0x00000281910cea70,
0x00000281910ce560, 0x00000281933c7820, 0x0000028193867550, 0x0000028193867a60,
0x00000281911955f0, 0x0000028191195b00, 0x0000028185062070, 0x0000028185062fa0,
0x0000028185060720, 0x000002818a610a00, 0x00000281933c6e00, 0x000002818aef0520,
0x0000028185061140, 0x0000028185061b60, 0x000002818bafba10, 0x000002818bafb500,
0x000002818beb8aa0, 0x000002818bbff3d0, 0x000002818beb94c0, 0x000002818aeeebd0,
0x000002818aeef0e0, 0x000002818aeed790, 0x0000028180ab0220, 0x00000281876c4360,
0x000002818ba83190, 0x00000281876c3430, 0x00000281876c2f20, 0x00000281933c4fa0,
0x00000281933c4580, 0x000002818a8e8150, 0x000002818837b2b0, 0x0000028188d1fea0,
0x000002818ba82770, 0x00000281876c1ae0, 0x000002818bbfda80, 0x000002818ba82c80,
0x000002818a8e4eb0, 0x000002818c105aa0, 0x0000028188376da0
}

Java Threads: ( => current thread )
  0x00000281e17c18f0 JavaThread "main" [_thread_blocked, id=10144, stack(0x0000009939500000,0x0000009939600000)]
  0x00000281801f85c0 JavaThread "Reference Handler" daemon [_thread_blocked, id=2668, stack(0x0000009939c00000,0x0000009939d00000)]
  0x00000281801f9090 JavaThread "Finalizer" daemon [_thread_blocked, id=2684, stack(0x0000009939d00000,0x0000009939e00000)]
  0x00000281807ec540 JavaThread "Signal Dispatcher" daemon [_thread_blocked, id=2852, stack(0x0000009939e00000,0x0000009939f00000)]
  0x00000281807eef20 JavaThread "Attach Listener" daemon [_thread_blocked, id=7824, stack(0x0000009939f00000,0x000000993a000000)]
  0x0000028180830020 JavaThread "Service Thread" daemon [_thread_blocked, id=8068, stack(0x000000993a000000,0x000000993a100000)]
  0x0000028180830500 JavaThread "Monitor Deflation Thread" daemon [_thread_blocked, id=1628, stack(0x000000993a100000,0x000000993a200000)]
  0x0000028180844010 JavaThread "C2 CompilerThread0" daemon [_thread_blocked, id=12048, stack(0x000000993a200000,0x000000993a300000)]
  0x000002818084c9e0 JavaThread "C1 CompilerThread0" daemon [_thread_blocked, id=2976, stack(0x000000993a300000,0x000000993a400000)]
  0x00000281808576b0 JavaThread "Sweeper thread" daemon [_thread_blocked, id=9852, stack(0x000000993a400000,0x000000993a500000)]
  0x00000281809de230 JavaThread "Common-Cleaner" daemon [_thread_blocked, id=9844, stack(0x000000993a500000,0x000000993a600000)]
  0x00000281809deb20 JavaThread "Notification Thread" daemon [_thread_blocked, id=9856, stack(0x000000993a600000,0x000000993a700000)]
  0x00000281866651b0 JavaThread "Daemon health stats" [_thread_blocked, id=5996, stack(0x000000993a900000,0x000000993aa00000)]
  0x00000281867a1030 JavaThread "Incoming local TCP Connector on port 49990" [_thread_in_native, id=6112, stack(0x000000993af00000,0x000000993b000000)]
  0x0000028186d8a6c0 JavaThread "Daemon periodic checks" [_thread_blocked, id=2052, stack(0x000000993b000000,0x000000993b100000)]
  0x0000028186b8df70 JavaThread "Cache worker for journal cache (C:\Users\DAVID\.gradle\caches\journal-1)" [_thread_blocked, id=10448, stack(0x000000993b800000,0x000000993b900000)]
  0x0000028186b8f3b0 JavaThread "File lock request listener" [_thread_in_native, id=3188, stack(0x000000993b900000,0x000000993ba00000)]
  0x0000028186b8da60 JavaThread "Cache worker for file hash cache (C:\Users\DAVID\.gradle\caches\7.6.3\fileHashes)" [_thread_blocked, id=9520, stack(0x000000993c000000,0x000000993c100000)]
  0x0000028186b8e990 JavaThread "File watcher server" daemon [_thread_blocked, id=3960, stack(0x000000993c200000,0x000000993c300000)]
  0x0000028186b8eea0 JavaThread "File watcher consumer" daemon [_thread_blocked, id=7340, stack(0x000000993c300000,0x000000993c400000)]
  0x0000028187970cc0 JavaThread "Cache worker for file content cache (C:\Users\DAVID\.gradle\caches\7.6.3\fileContent)" [_thread_blocked, id=9840, stack(0x000000993c600000,0x000000993c700000)]
  0x000002818796fd90 JavaThread "Cache worker for execution history cache (C:\Users\DAVID\.gradle\caches\7.6.3\executionHistory)" [_thread_blocked, id=4508, stack(0x000000993c900000,0x000000993ca00000)]
  0x0000028187973a50 JavaThread "jar transforms" [_thread_blocked, id=5748, stack(0x000000993ca00000,0x000000993cb00000)]
  0x0000028187973030 JavaThread "Cache worker for kotlin-dsl (C:\Users\DAVID\.gradle\caches\7.6.3\kotlin-dsl)" [_thread_blocked, id=10876, stack(0x000000993cb00000,0x000000993cc00000)]
  0x000002818796df30 JavaThread "jar transforms Thread 2" [_thread_blocked, id=10888, stack(0x000000993cc00000,0x000000993cd00000)]
  0x0000028187972b20 JavaThread "jar transforms Thread 3" [_thread_blocked, id=5496, stack(0x000000993cf00000,0x000000993d000000)]
  0x00000281879758b0 JavaThread "Memory manager" [_thread_blocked, id=3544, stack(0x000000993d000000,0x000000993d100000)]
  0x0000028188d1ea60 JavaThread "jar transforms Thread 4" [_thread_blocked, id=5304, stack(0x000000993a800000,0x000000993a900000)]
  0x0000028187e349c0 JavaThread "jar transforms Thread 5" [_thread_blocked, id=13564, stack(0x0000009945600000,0x0000009945700000)]
  0x0000028187e34ed0 JavaThread "jar transforms Thread 6" [_thread_blocked, id=13568, stack(0x0000009945700000,0x0000009945800000)]
  0x0000028187e31720 JavaThread "jar transforms Thread 7" [_thread_blocked, id=13572, stack(0x0000009945800000,0x0000009945900000)]
  0x0000028187e2f8c0 JavaThread "jar transforms Thread 8" [_thread_blocked, id=13576, stack(0x0000009945900000,0x0000009945a00000)]
  0x0000028187e353e0 JavaThread "jar transforms Thread 9" [_thread_blocked, id=13580, stack(0x0000009945a00000,0x0000009945b00000)]
  0x0000028187e32b60 JavaThread "jar transforms Thread 10" [_thread_blocked, id=13584, stack(0x0000009945b00000,0x0000009945c00000)]
  0x0000028187e33070 JavaThread "jar transforms Thread 11" [_thread_blocked, id=13588, stack(0x0000009945c00000,0x0000009945d00000)]
  0x0000028187e35e00 JavaThread "jar transforms Thread 12" [_thread_blocked, id=13592, stack(0x0000009945d00000,0x0000009945e00000)]
  0x000002818bc6c850 JavaThread "ForkJoinPool.commonPool-worker-28" daemon [_thread_blocked, id=2224, stack(0x0000009946e00000,0x0000009946f00000)]
  0x0000028187e302e0 JavaThread "ForkJoinPool.commonPool-worker-38" daemon [_thread_blocked, id=14460, stack(0x0000009946b00000,0x0000009946c00000)]
  0x0000028191cafa40 JavaThread "ForkJoinPool.commonPool-worker-39" daemon [_thread_blocked, id=1480, stack(0x0000009946c00000,0x0000009946d00000)]
  0x0000028185dda1d0 JavaThread "ForkJoinPool.commonPool-worker-41" daemon [_thread_blocked, id=2032, stack(0x0000009946f00000,0x0000009947000000)]
  0x000002818a8e6800 JavaThread "ForkJoinPool.commonPool-worker-42" daemon [_thread_blocked, id=13652, stack(0x0000009947000000,0x0000009947100000)]
  0x000002818845ca20 JavaThread "ForkJoinPool.commonPool-worker-43" daemon [_thread_blocked, id=12972, stack(0x0000009947100000,0x0000009947200000)]
  0x000002818a8e49a0 JavaThread "ForkJoinPool.commonPool-worker-44" daemon [_thread_blocked, id=14784, stack(0x0000009947200000,0x0000009947300000)]
  0x000002818845cf30 JavaThread "Daemon Thread 7" [_thread_blocked, id=10000, stack(0x0000009939200000,0x0000009939300000)]
  0x000002818a8e7730 JavaThread "Handler for socket connection from /127.0.0.1:49990 to /127.0.0.1:53991" [_thread_in_native, id=9100, stack(0x0000009939300000,0x0000009939400000)]
  0x000002818a8e6d10 JavaThread "Cancel handler" [_thread_blocked, id=10016, stack(0x0000009939400000,0x0000009939500000)]
  0x000002818a8e7c40 JavaThread "Daemon worker Thread 7" [_thread_blocked, id=15144, stack(0x000000993b100000,0x000000993b200000)]
  0x000002818839b3b0 JavaThread "Asynchronous log dispatcher for DefaultDaemonConnection: socket connection from /127.0.0.1:49990 to /127.0.0.1:53991" [_thread_blocked, id=11824, stack(0x000000993b200000,0x000000993b300000)]
  0x000002818839c2e0 JavaThread "Stdin handler" [_thread_blocked, id=6360, stack(0x000000993b300000,0x000000993b400000)]
  0x000002818839bdd0 JavaThread "Daemon client event forwarder" [_thread_blocked, id=10096, stack(0x000000993b400000,0x000000993b500000)]
  0x000002818839c7f0 JavaThread "Cache worker for checksums cache (D:\DOCUMENTOS\PROJETO_FLUTTER\dmega\android\.gradle\7.6.3\checksums)" [_thread_blocked, id=14188, stack(0x000000993b500000,0x000000993b600000)]
  0x000002818839d720 JavaThread "Cache worker for cache directory md-rule (C:\Users\DAVID\.gradle\caches\7.6.3\md-rule)" [_thread_blocked, id=13212, stack(0x000000993b600000,0x000000993b700000)]
  0x000002818839dc30 JavaThread "Cache worker for file hash cache (D:\DOCUMENTOS\PROJETO_FLUTTER\dmega\android\.gradle\7.6.3\fileHashes)" [_thread_blocked, id=9664, stack(0x000000993b700000,0x000000993b800000)]
  0x000002818839cd00 JavaThread "Cache worker for cache directory md-supplier (C:\Users\DAVID\.gradle\caches\7.6.3\md-supplier)" [_thread_blocked, id=4408, stack(0x000000993c100000,0x000000993c200000)]
  0x000002818839e140 JavaThread "Cache worker for dependencies-accessors (D:\DOCUMENTOS\PROJETO_FLUTTER\dmega\android\.gradle\7.6.3\dependencies-accessors)" [_thread_blocked, id=12960, stack(0x000000993c400000,0x000000993c500000)]
  0x000002818839b8c0 JavaThread "Cache worker for Build Output Cleanup Cache (C:\src\flutter\packages\flutter_tools\gradle\.gradle\buildOutputCleanup)" [_thread_blocked, id=10064, stack(0x000000993c500000,0x000000993c600000)]
  0x000002818839e650 JavaThread "included builds" [_thread_blocked, id=13260, stack(0x000000993c800000,0x000000993c900000)]
  0x000002818bc6be30 JavaThread "Execution worker" [_thread_blocked, id=2772, stack(0x000000993cd00000,0x000000993ce00000)]
  0x0000028180ab1150 JavaThread "Execution worker Thread 2" [_thread_blocked, id=6068, stack(0x000000993ce00000,0x000000993cf00000)]
  0x0000028180aaf2f0 JavaThread "Execution worker Thread 3" [_thread_blocked, id=13532, stack(0x000000993d100000,0x000000993d200000)]
  0x0000028180aaf800 JavaThread "Execution worker Thread 4" [_thread_blocked, id=5772, stack(0x000000993d200000,0x000000993d300000)]
  0x0000028180aae3c0 JavaThread "Execution worker Thread 5" [_thread_blocked, id=7648, stack(0x000000993d300000,0x000000993d400000)]
  0x0000028180ab1660 JavaThread "Execution worker Thread 6" [_thread_blocked, id=3436, stack(0x000000993d400000,0x000000993d500000)]
  0x0000028180aadeb0 JavaThread "Execution worker Thread 7" [_thread_blocked, id=9024, stack(0x000000993d500000,0x000000993d600000)]
  0x0000028180aae8d0 JavaThread "Execution worker Thread 8" [_thread_blocked, id=9908, stack(0x000000993d600000,0x000000993d700000)]
  0x0000028180ab0730 JavaThread "Execution worker Thread 9" [_thread_blocked, id=6872, stack(0x000000993d700000,0x000000993d800000)]
  0x0000028180ab0c40 JavaThread "Execution worker Thread 10" [_thread_blocked, id=10060, stack(0x000000993d800000,0x000000993d900000)]
  0x0000028180aafd10 JavaThread "Execution worker Thread 11" [_thread_blocked, id=2984, stack(0x000000993d900000,0x000000993da00000)]
  0x0000028191caf530 JavaThread "Cache worker for execution history cache (C:\src\flutter\packages\flutter_tools\gradle\.gradle\7.6.3\executionHistory)" [_thread_blocked, id=644, stack(0x000000993da00000,0x000000993db00000)]
  0x000002818845abc0 JavaThread "Unconstrained build operations" [_thread_blocked, id=12940, stack(0x000000993db00000,0x000000993dc00000)]
  0x0000028187e358f0 JavaThread "Unconstrained build operations Thread 2" [_thread_blocked, id=13340, stack(0x000000993dc00000,0x000000993dd00000)]
  0x0000028187e36310 JavaThread "Unconstrained build operations Thread 3" [_thread_blocked, id=5928, stack(0x000000993dd00000,0x000000993de00000)]
  0x0000028187e344b0 JavaThread "Unconstrained build operations Thread 4" [_thread_blocked, id=14924, stack(0x000000993de00000,0x000000993df00000)]
  0x0000028187e307f0 JavaThread "Unconstrained build operations Thread 5" [_thread_blocked, id=14920, stack(0x000000993df00000,0x000000993e000000)]
  0x0000028187e33a90 JavaThread "Unconstrained build operations Thread 6" [_thread_blocked, id=14912, stack(0x000000993e000000,0x000000993e100000)]
  0x0000028187e30d00 JavaThread "Unconstrained build operations Thread 7" [_thread_blocked, id=7752, stack(0x000000993e100000,0x000000993e200000)]
  0x0000028187e31210 JavaThread "Unconstrained build operations Thread 8" [_thread_blocked, id=14852, stack(0x000000993e200000,0x000000993e300000)]
  0x0000028187e33fa0 JavaThread "Unconstrained build operations Thread 9" [_thread_blocked, id=14628, stack(0x000000993e300000,0x000000993e400000)]
  0x0000028187e36820 JavaThread "Unconstrained build operations Thread 10" [_thread_blocked, id=11780, stack(0x000000993e400000,0x000000993e500000)]
  0x0000028193864cd0 JavaThread "Unconstrained build operations Thread 11" [_thread_blocked, id=11736, stack(0x000000993e500000,0x000000993e600000)]
  0x0000028193867040 JavaThread "Unconstrained build operations Thread 12" [_thread_blocked, id=6440, stack(0x000000993e600000,0x000000993e700000)]
  0x0000028193865c00 JavaThread "Unconstrained build operations Thread 13" [_thread_blocked, id=4588, stack(0x000000993e700000,0x000000993e800000)]
  0x0000028193866620 JavaThread "Unconstrained build operations Thread 14" [_thread_blocked, id=14264, stack(0x000000993e800000,0x000000993e900000)]
  0x0000028185dda6e0 JavaThread "Unconstrained build operations Thread 15" [_thread_blocked, id=9680, stack(0x000000993e900000,0x000000993ea00000)]
  0x0000028180afa260 JavaThread "Unconstrained build operations Thread 16" [_thread_blocked, id=6828, stack(0x000000993ea00000,0x000000993eb00000)]
  0x0000028180af9840 JavaThread "Unconstrained build operations Thread 17" [_thread_blocked, id=5132, stack(0x000000993eb00000,0x000000993ec00000)]
  0x0000028180afa770 JavaThread "Unconstrained build operations Thread 18" [_thread_blocked, id=13736, stack(0x000000993ec00000,0x000000993ed00000)]
  0x0000028180af9d50 JavaThread "Unconstrained build operations Thread 19" [_thread_blocked, id=4724, stack(0x000000993ed00000,0x000000993ee00000)]
  0x0000028180afac80 JavaThread "Unconstrained build operations Thread 20" [_thread_blocked, id=6832, stack(0x000000993ee00000,0x000000993ef00000)]
  0x0000028180af74d0 JavaThread "Unconstrained build operations Thread 21" [_thread_blocked, id=4976, stack(0x000000993ef00000,0x000000993f000000)]
  0x0000028180af79e0 JavaThread "Unconstrained build operations Thread 22" [_thread_blocked, id=12508, stack(0x000000993f000000,0x000000993f100000)]
  0x0000028180af7ef0 JavaThread "Unconstrained build operations Thread 23" [_thread_blocked, id=12584, stack(0x000000993f100000,0x000000993f200000)]
  0x0000028180af8400 JavaThread "Unconstrained build operations Thread 24" [_thread_blocked, id=1384, stack(0x000000993f200000,0x000000993f300000)]
  0x0000028180af8910 JavaThread "Unconstrained build operations Thread 25" [_thread_blocked, id=7704, stack(0x000000993f300000,0x000000993f400000)]
  0x0000028180af8e20 JavaThread "Unconstrained build operations Thread 26" [_thread_blocked, id=12292, stack(0x000000993f400000,0x000000993f500000)]
  0x0000028180af9330 JavaThread "Unconstrained build operations Thread 27" [_thread_blocked, id=14980, stack(0x000000993f500000,0x000000993f600000)]
  0x000002818beb7b70 JavaThread "Unconstrained build operations Thread 28" [_thread_blocked, id=11008, stack(0x000000993f600000,0x000000993f700000)]
  0x000002818beb99d0 JavaThread "Unconstrained build operations Thread 29" [_thread_blocked, id=1700, stack(0x000000993f700000,0x000000993f800000)]
  0x000002818beb8fb0 JavaThread "Unconstrained build operations Thread 30" [_thread_blocked, id=13052, stack(0x000000993f800000,0x000000993f900000)]
  0x000002818beb6c40 JavaThread "Unconstrained build operations Thread 31" [_thread_blocked, id=8684, stack(0x000000993f900000,0x000000993fa00000)]
  0x000002818beb6730 JavaThread "Unconstrained build operations Thread 32" [_thread_blocked, id=3056, stack(0x000000993fa00000,0x000000993fb00000)]
  0x000002818beb7150 JavaThread "Unconstrained build operations Thread 33" [_thread_blocked, id=11456, stack(0x000000993fb00000,0x000000993fc00000)]
  0x000002818beb9ee0 JavaThread "Unconstrained build operations Thread 34" [_thread_blocked, id=13048, stack(0x000000993fc00000,0x000000993fd00000)]
  0x000002818beb8080 JavaThread "Unconstrained build operations Thread 35" [_thread_blocked, id=9636, stack(0x000000993fd00000,0x000000993fe00000)]
  0x000002818beb8590 JavaThread "Unconstrained build operations Thread 36" [_thread_blocked, id=2408, stack(0x000000993fe00000,0x000000993ff00000)]
  0x000002818beb7660 JavaThread "Unconstrained build operations Thread 37" [_thread_blocked, id=12480, stack(0x000000993ff00000,0x0000009940000000)]
  0x0000028192fcdea0 JavaThread "Unconstrained build operations Thread 38" [_thread_blocked, id=11636, stack(0x0000009940000000,0x0000009940100000)]
  0x0000028192fcd480 JavaThread "Unconstrained build operations Thread 39" [_thread_blocked, id=4644, stack(0x0000009940100000,0x0000009940200000)]
  0x0000028192fcedd0 JavaThread "Unconstrained build operations Thread 40" [_thread_blocked, id=13764, stack(0x0000009940200000,0x0000009940300000)]
  0x0000028192fcbb30 JavaThread "Unconstrained build operations Thread 41" [_thread_blocked, id=9968, stack(0x0000009940300000,0x0000009940400000)]
  0x0000028192fce3b0 JavaThread "Unconstrained build operations Thread 42" [_thread_blocked, id=8668, stack(0x0000009940400000,0x0000009940500000)]
  0x0000028193866110 JavaThread "Unconstrained build operations Thread 43" [_thread_blocked, id=2476, stack(0x0000009940500000,0x0000009940600000)]
  0x0000028193866b30 JavaThread "Unconstrained build operations Thread 44" [_thread_blocked, id=3484, stack(0x0000009940600000,0x0000009940700000)]
  0x00000281938651e0 JavaThread "Unconstrained build operations Thread 45" [_thread_blocked, id=13724, stack(0x0000009940700000,0x0000009940800000)]
  0x0000028192fce8c0 JavaThread "Unconstrained build operations Thread 46" [_thread_blocked, id=2396, stack(0x0000009940800000,0x0000009940900000)]
  0x0000028192fcf2e0 JavaThread "Unconstrained build operations Thread 47" [_thread_blocked, id=3944, stack(0x0000009940900000,0x0000009940a00000)]
  0x0000028192fcc040 JavaThread "Unconstrained build operations Thread 48" [_thread_blocked, id=8296, stack(0x0000009940a00000,0x0000009940b00000)]
  0x0000028192fcc550 JavaThread "Unconstrained build operations Thread 49" [_thread_blocked, id=4416, stack(0x0000009940b00000,0x0000009940c00000)]
  0x0000028192fcca60 JavaThread "Unconstrained build operations Thread 50" [_thread_blocked, id=3776, stack(0x0000009940c00000,0x0000009940d00000)]
  0x0000028192fcd990 JavaThread "Unconstrained build operations Thread 51" [_thread_blocked, id=3860, stack(0x0000009940d00000,0x0000009940e00000)]
  0x0000028191df8530 JavaThread "Unconstrained build operations Thread 52" [_thread_blocked, id=10840, stack(0x0000009940e00000,0x0000009940f00000)]
  0x0000028191df9460 JavaThread "Unconstrained build operations Thread 53" [_thread_blocked, id=8760, stack(0x0000009940f00000,0x0000009941000000)]
  0x0000028191dfa390 JavaThread "Unconstrained build operations Thread 54" [_thread_blocked, id=8808, stack(0x0000009941000000,0x0000009941100000)]
  0x0000028191dfa8a0 JavaThread "Unconstrained build operations Thread 55" [_thread_blocked, id=11560, stack(0x0000009941100000,0x0000009941200000)]
  0x0000028191df9970 JavaThread "Unconstrained build operations Thread 56" [_thread_blocked, id=12224, stack(0x0000009941200000,0x0000009941300000)]
  0x0000028191df8a40 JavaThread "Unconstrained build operations Thread 57" [_thread_blocked, id=7940, stack(0x0000009941300000,0x0000009941400000)]
  0x0000028191df8f50 JavaThread "Unconstrained build operations Thread 58" [_thread_blocked, id=10116, stack(0x0000009941400000,0x0000009941500000)]
  0x0000028191df8020 JavaThread "Unconstrained build operations Thread 59" [_thread_blocked, id=12036, stack(0x0000009941500000,0x0000009941600000)]
  0x0000028191df9e80 JavaThread "Unconstrained build operations Thread 60" [_thread_blocked, id=2268, stack(0x0000009941600000,0x0000009941700000)]
  0x0000028191df70f0 JavaThread "Unconstrained build operations Thread 61" [_thread_blocked, id=2892, stack(0x0000009941700000,0x0000009941800000)]
  0x0000028191df7600 JavaThread "Unconstrained build operations Thread 62" [_thread_blocked, id=5268, stack(0x0000009941800000,0x0000009941900000)]
  0x0000028191df7b10 JavaThread "Unconstrained build operations Thread 63" [_thread_blocked, id=3372, stack(0x0000009941900000,0x0000009941a00000)]
  0x000002818a60f5c0 JavaThread "Unconstrained build operations Thread 64" [_thread_blocked, id=11044, stack(0x0000009941a00000,0x0000009941b00000)]
  0x000002818a60f0b0 JavaThread "Unconstrained build operations Thread 65" [_thread_blocked, id=2288, stack(0x0000009941b00000,0x0000009941c00000)]
  0x000002818a60fad0 JavaThread "Unconstrained build operations Thread 66" [_thread_blocked, id=7192, stack(0x0000009941c00000,0x0000009941d00000)]
  0x000002818a60ffe0 JavaThread "Unconstrained build operations Thread 67" [_thread_blocked, id=1932, stack(0x0000009941d00000,0x0000009941e00000)]
  0x000002818a611420 JavaThread "Unconstrained build operations Thread 68" [_thread_blocked, id=5584, stack(0x0000009941e00000,0x0000009941f00000)]
  0x000002818a6104f0 JavaThread "Unconstrained build operations Thread 69" [_thread_blocked, id=14556, stack(0x0000009941f00000,0x0000009942000000)]
  0x000002818a60eba0 JavaThread "Unconstrained build operations Thread 70" [_thread_blocked, id=3240, stack(0x0000009942000000,0x0000009942100000)]
  0x0000028191caff50 JavaThread "Unconstrained build operations Thread 71" [_thread_blocked, id=15180, stack(0x0000009942100000,0x0000009942200000)]
  0x0000028191cb0460 JavaThread "Unconstrained build operations Thread 72" [_thread_blocked, id=944, stack(0x0000009942200000,0x0000009942300000)]
  0x0000028191cb0e80 JavaThread "Unconstrained build operations Thread 73" [_thread_blocked, id=14708, stack(0x0000009942300000,0x0000009942400000)]
  0x0000028191cae0f0 JavaThread "Unconstrained build operations Thread 74" [_thread_blocked, id=2296, stack(0x0000009942400000,0x0000009942500000)]
  0x0000028191cb0970 JavaThread "Unconstrained build operations Thread 75" [_thread_blocked, id=10500, stack(0x0000009942500000,0x0000009942600000)]
  0x0000028191caeb10 JavaThread "Unconstrained build operations Thread 76" [_thread_blocked, id=7076, stack(0x0000009942600000,0x0000009942700000)]
  0x0000028191caf020 JavaThread "Unconstrained build operations Thread 77" [_thread_blocked, id=3288, stack(0x0000009942700000,0x0000009942800000)]
  0x0000028191cb1390 JavaThread "Unconstrained build operations Thread 78" [_thread_blocked, id=11708, stack(0x0000009942800000,0x0000009942900000)]
  0x0000028185dd6bb0 JavaThread "Unconstrained build operations Thread 79" [_thread_blocked, id=12472, stack(0x0000009942900000,0x0000009942a00000)]
  0x0000028185dd7ff0 JavaThread "Unconstrained build operations Thread 80" [_thread_blocked, id=13488, stack(0x0000009942a00000,0x0000009942b00000)]
  0x0000028185dd70c0 JavaThread "Unconstrained build operations Thread 81" [_thread_blocked, id=12908, stack(0x0000009942b00000,0x0000009942c00000)]
  0x0000028185dd8500 JavaThread "Unconstrained build operations Thread 82" [_thread_blocked, id=13116, stack(0x0000009942c00000,0x0000009942d00000)]
  0x0000028185dd8a10 JavaThread "Unconstrained build operations Thread 83" [_thread_blocked, id=9744, stack(0x0000009942d00000,0x0000009942e00000)]
  0x0000028185dd7ae0 JavaThread "Unconstrained build operations Thread 84" [_thread_blocked, id=6696, stack(0x0000009942e00000,0x0000009942f00000)]
  0x0000028185dd8f20 JavaThread "Unconstrained build operations Thread 85" [_thread_blocked, id=3100, stack(0x0000009942f00000,0x0000009943000000)]
  0x0000028185dd75d0 JavaThread "Unconstrained build operations Thread 86" [_thread_blocked, id=2792, stack(0x0000009943000000,0x0000009943100000)]
  0x0000028185dd9430 JavaThread "Unconstrained build operations Thread 87" [_thread_blocked, id=11964, stack(0x0000009943100000,0x0000009943200000)]
  0x0000028185dd5c80 JavaThread "Unconstrained build operations Thread 88" [_thread_blocked, id=11844, stack(0x0000009943200000,0x0000009943300000)]
  0x0000028185dd66a0 JavaThread "Unconstrained build operations Thread 89" [_thread_blocked, id=13660, stack(0x0000009943300000,0x0000009943400000)]
  0x000002818bbfd060 JavaThread "Unconstrained build operations Thread 90" [_thread_blocked, id=15292, stack(0x0000009943400000,0x0000009943500000)]
  0x000002818bbff8e0 JavaThread "Unconstrained build operations Thread 91" [_thread_blocked, id=15212, stack(0x0000009943500000,0x0000009943600000)]
  0x000002818bc00300 JavaThread "Unconstrained build operations Thread 92" [_thread_blocked, id=6964, stack(0x0000009943600000,0x0000009943700000)]
  0x000002818bc00810 JavaThread "Unconstrained build operations Thread 93" [_thread_blocked, id=12724, stack(0x0000009943700000,0x0000009943800000)]
  0x000002818845b0d0 JavaThread "Unconstrained build operations Thread 94" [_thread_blocked, id=8444, stack(0x0000009943800000,0x0000009943900000)]
  0x000002818845b5e0 JavaThread "Unconstrained build operations Thread 95" [_thread_blocked, id=6524, stack(0x0000009943900000,0x0000009943a00000)]
  0x000002818845d440 JavaThread "Unconstrained build operations Thread 96" [_thread_blocked, id=5088, stack(0x0000009943a00000,0x0000009943b00000)]
  0x00000281922a1960 JavaThread "Unconstrained build operations Thread 97" [_thread_blocked, id=3708, stack(0x0000009943b00000,0x0000009943c00000)]
  0x00000281922a1e70 JavaThread "Unconstrained build operations Thread 98" [_thread_blocked, id=1172, stack(0x0000009943c00000,0x0000009943d00000)]
  0x00000281922a2380 JavaThread "Unconstrained build operations Thread 99" [_thread_blocked, id=1928, stack(0x0000009943d00000,0x0000009943e00000)]
  0x00000281922a2da0 JavaThread "Unconstrained build operations Thread 100" [_thread_blocked, id=13192, stack(0x0000009943e00000,0x0000009943f00000)]
  0x00000281922a32b0 JavaThread "Unconstrained build operations Thread 101" [_thread_blocked, id=13308, stack(0x0000009943f00000,0x0000009944000000)]
  0x000002818bafaff0 JavaThread "Unconstrained build operations Thread 102" [_thread_blocked, id=13028, stack(0x0000009944000000,0x0000009944100000)]
  0x000002818bafa5d0 JavaThread "Unconstrained build operations Thread 103" [_thread_blocked, id=11948, stack(0x0000009944100000,0x0000009944200000)]
  0x000002818845baf0 JavaThread "Unconstrained build operations Thread 104" [_thread_blocked, id=7676, stack(0x0000009944200000,0x0000009944300000)]
  0x000002818845c000 JavaThread "Unconstrained build operations Thread 105" [_thread_blocked, id=8196, stack(0x0000009944300000,0x0000009944400000)]
  0x000002818845c510 JavaThread "Unconstrained build operations Thread 106" [_thread_blocked, id=4216, stack(0x0000009944400000,0x0000009944500000)]
  0x000002818845de60 JavaThread "Unconstrained build operations Thread 107" [_thread_blocked, id=7256, stack(0x0000009944500000,0x0000009944600000)]
  0x000002818845a6b0 JavaThread "Unconstrained build operations Thread 108" [_thread_blocked, id=5488, stack(0x0000009944600000,0x0000009944700000)]
  0x00000281910cd120 JavaThread "Unconstrained build operations Thread 109" [_thread_blocked, id=14696, stack(0x0000009944700000,0x0000009944800000)]
  0x00000281910cd630 JavaThread "Unconstrained build operations Thread 110" [_thread_blocked, id=8448, stack(0x0000009944800000,0x0000009944900000)]
  0x00000281910cea70 JavaThread "Unconstrained build operations Thread 111" [_thread_blocked, id=13556, stack(0x0000009944900000,0x0000009944a00000)]
  0x00000281910ce560 JavaThread "Unconstrained build operations Thread 112" [_thread_blocked, id=12616, stack(0x0000009944a00000,0x0000009944b00000)]
  0x00000281933c7820 JavaThread "Unconstrained build operations Thread 113" [_thread_blocked, id=11540, stack(0x0000009944b00000,0x0000009944c00000)]
  0x0000028193867550 JavaThread "Unconstrained build operations Thread 114" [_thread_blocked, id=7492, stack(0x0000009944c00000,0x0000009944d00000)]
  0x0000028193867a60 JavaThread "Unconstrained build operations Thread 115" [_thread_blocked, id=6288, stack(0x0000009944d00000,0x0000009944e00000)]
  0x00000281911955f0 JavaThread "Unconstrained build operations Thread 116" [_thread_blocked, id=8108, stack(0x0000009944e00000,0x0000009944f00000)]
  0x0000028191195b00 JavaThread "Unconstrained build operations Thread 117" [_thread_blocked, id=9724, stack(0x0000009944f00000,0x0000009945000000)]
  0x0000028185062070 JavaThread "Unconstrained build operations Thread 118" [_thread_blocked, id=12552, stack(0x0000009945000000,0x0000009945100000)]
  0x0000028185062fa0 JavaThread "Unconstrained build operations Thread 119" [_thread_blocked, id=9176, stack(0x0000009945100000,0x0000009945200000)]
  0x0000028185060720 JavaThread "Unconstrained build operations Thread 120" [_thread_blocked, id=10400, stack(0x0000009945200000,0x0000009945300000)]
  0x000002818a610a00 JavaThread "Cache worker for Build Output Cleanup Cache (D:\DOCUMENTOS\PROJETO_FLUTTER\dmega\android\.gradle\buildOutputCleanup)" [_thread_blocked, id=6876, stack(0x0000009945300000,0x0000009945400000)]
  0x00000281933c6e00 JavaThread "Cache worker for execution history cache (D:\DOCUMENTOS\PROJETO_FLUTTER\dmega\android\.gradle\7.6.3\executionHistory)" [_thread_blocked, id=11928, stack(0x0000009945500000,0x0000009945600000)]
  0x000002818aef0520 JavaThread "Exec process Thread 16" [_thread_blocked, id=5404, stack(0x000000993c700000,0x000000993c800000)]
  0x0000028185061140 JavaThread "Exec process Thread 17" [_thread_blocked, id=11468, stack(0x0000009945400000,0x0000009945500000)]
  0x0000028185061b60 JavaThread "Exec process Thread 18" [_thread_blocked, id=2672, stack(0x0000009946300000,0x0000009946400000)]
  0x000002818bafba10 JavaThread "WorkerExecutor Queue" [_thread_blocked, id=14356, stack(0x0000009946400000,0x0000009946500000)]
  0x000002818bafb500 JavaThread "WorkerExecutor Queue Thread 2" [_thread_blocked, id=14232, stack(0x0000009946500000,0x0000009946600000)]
  0x000002818beb8aa0 JavaThread "WorkerExecutor Queue Thread 3" [_thread_blocked, id=9240, stack(0x0000009946600000,0x0000009946700000)]
  0x000002818bbff3d0 JavaThread "WorkerExecutor Queue Thread 4" [_thread_blocked, id=14904, stack(0x0000009946900000,0x0000009946a00000)]
  0x000002818beb94c0 JavaThread "WorkerExecutor Queue Thread 5" [_thread_blocked, id=9320, stack(0x0000009947300000,0x0000009947400000)]
  0x000002818aeeebd0 JavaThread "WorkerExecutor Queue Thread 6" [_thread_blocked, id=11392, stack(0x0000009947400000,0x0000009947500000)]
  0x000002818aeef0e0 JavaThread "WorkerExecutor Queue Thread 7" [_thread_blocked, id=3156, stack(0x0000009947500000,0x0000009947600000)]
  0x000002818aeed790 JavaThread "WorkerExecutor Queue Thread 8" [_thread_blocked, id=7568, stack(0x0000009947600000,0x0000009947700000)]
  0x0000028180ab0220 JavaThread "RMI Scheduler(0)" daemon [_thread_blocked, id=4228, stack(0x0000009946700000,0x0000009946800000)]
  0x00000281876c4360 JavaThread "RMI GC Daemon" daemon [_thread_blocked, id=8636, stack(0x0000009947800000,0x0000009947900000)]
  0x000002818ba83190 JavaThread "WorkerExecutor Queue Thread 9" [_thread_blocked, id=13688, stack(0x0000009947900000,0x0000009947a00000)]
  0x00000281876c3430 JavaThread "RMI TCP Accept-0" daemon [_thread_in_native, id=13156, stack(0x0000009947a00000,0x0000009947b00000)]
  0x00000281876c2f20 JavaThread "RMI Reaper" [_thread_blocked, id=15260, stack(0x0000009947b00000,0x0000009947c00000)]
  0x00000281933c4fa0 JavaThread "RMI TCP Connection(1)-127.0.0.1" daemon [_thread_in_native, id=13176, stack(0x0000009947c00000,0x0000009947d00000)]
  0x00000281933c4580 JavaThread "WorkerExecutor Queue Thread 10" [_thread_blocked, id=6460, stack(0x0000009947d00000,0x0000009947e00000)]
  0x000002818a8e8150 JavaThread "WorkerExecutor Queue Thread 11" [_thread_blocked, id=3716, stack(0x0000009947e00000,0x0000009947f00000)]
  0x000002818837b2b0 JavaThread "C2 CompilerThread1" daemon [_thread_blocked, id=9008, stack(0x0000009946a00000,0x0000009946b00000)]
  0x0000028188d1fea0 JavaThread "WorkerExecutor Queue Thread 12" [_thread_blocked, id=12984, stack(0x0000009947700000,0x0000009947800000)]
  0x000002818ba82770 JavaThread "ForkJoinPool-1-worker-1" daemon [_thread_blocked, id=1092, stack(0x0000009947f00000,0x0000009948000000)]
  0x00000281876c1ae0 JavaThread "ForkJoinPool-1-worker-2" daemon [_thread_blocked, id=13956, stack(0x0000009948000000,0x0000009948100000)]
  0x000002818bbfda80 JavaThread "ForkJoinPool-1-worker-3" daemon [_thread_blocked, id=7636, stack(0x0000009948100000,0x0000009948200000)]
  0x000002818ba82c80 JavaThread "ForkJoinPool-1-worker-4" daemon [_thread_blocked, id=3984, stack(0x0000009948200000,0x0000009948300000)]
  0x000002818a8e4eb0 JavaThread "ForkJoinPool-1-worker-5" daemon [_thread_blocked, id=7108, stack(0x0000009948300000,0x0000009948400000)]
  0x000002818c105aa0 JavaThread "ForkJoinPool-1-worker-6" daemon [_thread_blocked, id=5440, stack(0x0000009948400000,0x0000009948500000)]
  0x0000028188376da0 JavaThread "C2 CompilerThread2" daemon [_thread_blocked, id=12712, stack(0x0000009946d00000,0x0000009946e00000)]

Other Threads:
=>0x00000281801f5af0 VMThread "VM Thread" [stack: 0x0000009939b00000,0x0000009939c00000] [id=5532]
  0x00000281809df410 WatcherThread [stack: 0x000000993a700000,0x000000993a800000] [id=9848]
  0x00000281e182f1f0 GCTaskThread "GC Thread#0" [stack: 0x0000009939600000,0x0000009939700000] [id=8960]
  0x00000281859cabe0 GCTaskThread "GC Thread#1" [stack: 0x000000993aa00000,0x000000993ab00000] [id=2488]
  0x00000281858c3eb0 GCTaskThread "GC Thread#2" [stack: 0x000000993ab00000,0x000000993ac00000] [id=1212]
  0x0000028185bfe040 GCTaskThread "GC Thread#3" [stack: 0x000000993ac00000,0x000000993ad00000] [id=6868]
  0x0000028185cf2e10 GCTaskThread "GC Thread#4" [stack: 0x000000993ad00000,0x000000993ae00000] [id=6160]
  0x00000281851e8890 GCTaskThread "GC Thread#5" [stack: 0x000000993ae00000,0x000000993af00000] [id=6628]
  0x00000281862d0ef0 GCTaskThread "GC Thread#6" [stack: 0x000000993ba00000,0x000000993bb00000] [id=3068]
  0x00000281872ad4e0 GCTaskThread "GC Thread#7" [stack: 0x000000993bb00000,0x000000993bc00000] [id=5324]
  0x00000281865effc0 GCTaskThread "GC Thread#8" [stack: 0x000000993bc00000,0x000000993bd00000] [id=4692]
  0x0000028187231e50 GCTaskThread "GC Thread#9" [stack: 0x000000993bd00000,0x000000993be00000] [id=3344]
  0x00000281e1840050 ConcurrentGCThread "G1 Main Marker" [stack: 0x0000009939700000,0x0000009939800000] [id=6568]
  0x00000281e1841120 ConcurrentGCThread "G1 Conc#0" [stack: 0x0000009939800000,0x0000009939900000] [id=10828]
  0x000002818605ac30 ConcurrentGCThread "G1 Conc#1" [stack: 0x000000993be00000,0x000000993bf00000] [id=7484]
  0x0000028186042c40 ConcurrentGCThread "G1 Conc#2" [stack: 0x000000993bf00000,0x000000993c000000] [id=4708]
  0x00000281e187d5a0 ConcurrentGCThread "G1 Refine#0" [stack: 0x0000009939900000,0x0000009939a00000] [id=5816]
  0x00000281854a4b10 ConcurrentGCThread "G1 Refine#1" [stack: 0x0000009946000000,0x0000009946100000] [id=13664]
  0x000002818987ce20 ConcurrentGCThread "G1 Refine#2" [stack: 0x0000009945e00000,0x0000009945f00000] [id=7356]
  0x000002818987e2b0 ConcurrentGCThread "G1 Refine#3" [stack: 0x0000009945f00000,0x0000009946000000] [id=924]
  0x00000281936daab0 ConcurrentGCThread "G1 Refine#4" [stack: 0x0000009946100000,0x0000009946200000] [id=14028]
  0x00000281918cbc60 ConcurrentGCThread "G1 Refine#5" [stack: 0x0000009946200000,0x0000009946300000] [id=15020]
  0x00000281e187dd80 ConcurrentGCThread "G1 Service" [stack: 0x0000009939a00000,0x0000009939b00000] [id=5500]

Threads with active compile tasks:
C2 CompilerThread0  2462063 38044       4       com.android.tools.r8.internal.Rn::F (324 bytes)
C1 CompilerThread0  2462063 38071 %     3       com.android.tools.r8.ir.regalloc.b::c @ 2106 (4031 bytes)
C2 CompilerThread1  2462063 37927       4       com.android.tools.r8.internal.K8::<init> (7 bytes)
C2 CompilerThread2  2462063 37994       4       com.android.tools.r8.internal.EM::a (447 bytes)

VM state: at safepoint (normal execution)

VM Mutex/Monitor currently owned by a thread:  ([mutex/lock_event])
[0x00000281e17bd9c0] Threads_lock - owner thread: 0x00000281801f5af0
[0x00000281e17bdc00] Heap_lock - owner thread: 0x00000281876c1ae0

Heap address: 0x0000000700000000, size: 4096 MB, Compressed Oops mode: Zero based, Oop shift amount: 3

CDS archive(s) not mapped
Compressed class space mapped at: 0x0000000800000000-0x0000000840000000, reserved size: 1073741824
Narrow klass base: 0x0000000800000000, Narrow klass shift: 0, Narrow klass range: 0x40000000

GC Precious Log:
 CPUs: 12 total, 12 available
 Memory: 16308M
 Large Page Support: Disabled
 NUMA Support: Disabled
 Compressed Oops: Enabled (Zero based)
 Heap Region Size: 2M
 Heap Min Capacity: 8M
 Heap Initial Capacity: 256M
 Heap Max Capacity: 4G
 Pre-touch: Disabled
 Parallel Workers: 10
 Concurrent Workers: 3
 Concurrent Refinement Workers: 10
 Periodic GC: Disabled

Heap:
 garbage-first heap   total 1677312K, used 488108K [0x0000000700000000, 0x0000000800000000)
  region size 2048K, 1 young (2048K), 1 survivors (2048K)
 Metaspace       used 209135K, committed 211456K, reserved 1245184K
  class space    used 27934K, committed 28992K, reserved 1048576K

Heap Regions: E=young(eden), S=young(survivor), O=old, HS=humongous(starts), HC=humongous(continues), CS=collection set, F=free, OA=open archive, CA=closed archive, TAMS=top-at-mark-start (previous, next)
|   0|0x0000000700000000, 0x0000000700200000, 0x0000000700200000|100%|HS|  |TAMS 0x0000000700200000, 0x0000000700200000| Complete 
|   1|0x0000000700200000, 0x0000000700400000, 0x0000000700400000|100%|HC|  |TAMS 0x0000000700400000, 0x0000000700400000| Complete 
|   2|0x0000000700400000, 0x0000000700600000, 0x0000000700600000|100%| O|  |TAMS 0x0000000700600000, 0x0000000700600000| Untracked 
|   3|0x0000000700600000, 0x0000000700800000, 0x0000000700800000|100%| O|  |TAMS 0x0000000700800000, 0x0000000700800000| Untracked 
|   4|0x0000000700800000, 0x0000000700a00000, 0x0000000700a00000|100%| O|  |TAMS 0x0000000700a00000, 0x0000000700a00000| Untracked 
|   5|0x0000000700a00000, 0x0000000700c00000, 0x0000000700c00000|100%| O|  |TAMS 0x0000000700c00000, 0x0000000700c00000| Untracked 
|   6|0x0000000700c00000, 0x0000000700e00000, 0x0000000700e00000|100%| O|  |TAMS 0x0000000700e00000, 0x0000000700e00000| Untracked 
|   7|0x0000000700e00000, 0x0000000701000000, 0x0000000701000000|100%| O|  |TAMS 0x0000000701000000, 0x0000000701000000| Untracked 
|   8|0x0000000701000000, 0x0000000701200000, 0x0000000701200000|100%| O|  |TAMS 0x0000000701200000, 0x0000000701200000| Untracked 
|   9|0x0000000701200000, 0x0000000701400000, 0x0000000701400000|100%| O|  |TAMS 0x0000000701400000, 0x0000000701400000| Untracked 
|  10|0x0000000701400000, 0x0000000701600000, 0x0000000701600000|100%| O|  |TAMS 0x0000000701600000, 0x0000000701600000| Untracked 
|  11|0x0000000701600000, 0x0000000701800000, 0x0000000701800000|100%| O|  |TAMS 0x0000000701800000, 0x0000000701800000| Untracked 
|  12|0x0000000701800000, 0x0000000701a00000, 0x0000000701a00000|100%| O|  |TAMS 0x0000000701a00000, 0x0000000701a00000| Untracked 
|  13|0x0000000701a00000, 0x0000000701c00000, 0x0000000701c00000|100%| O|  |TAMS 0x0000000701c00000, 0x0000000701c00000| Untracked 
|  14|0x0000000701c00000, 0x0000000701e00000, 0x0000000701e00000|100%| O|  |TAMS 0x0000000701e00000, 0x0000000701e00000| Untracked 
|  15|0x0000000701e00000, 0x0000000702000000, 0x0000000702000000|100%| O|  |TAMS 0x0000000702000000, 0x0000000702000000| Untracked 
|  16|0x0000000702000000, 0x0000000702200000, 0x0000000702200000|100%| O|  |TAMS 0x0000000702200000, 0x0000000702200000| Untracked 
|  17|0x0000000702200000, 0x0000000702400000, 0x0000000702400000|100%| O|  |TAMS 0x0000000702400000, 0x0000000702400000| Untracked 
|  18|0x0000000702400000, 0x0000000702600000, 0x0000000702600000|100%| O|  |TAMS 0x0000000702600000, 0x0000000702600000| Untracked 
|  19|0x0000000702600000, 0x0000000702800000, 0x0000000702800000|100%| O|  |TAMS 0x0000000702800000, 0x0000000702800000| Untracked 
|  20|0x0000000702800000, 0x0000000702a00000, 0x0000000702a00000|100%| O|  |TAMS 0x0000000702a00000, 0x0000000702a00000| Untracked 
|  21|0x0000000702a00000, 0x0000000702c00000, 0x0000000702c00000|100%|HS|  |TAMS 0x0000000702c00000, 0x0000000702c00000| Complete 
|  22|0x0000000702c00000, 0x0000000702e00000, 0x0000000702e00000|100%|HC|  |TAMS 0x0000000702e00000, 0x0000000702e00000| Complete 
|  23|0x0000000702e00000, 0x0000000703000000, 0x0000000703000000|100%| O|  |TAMS 0x0000000703000000, 0x0000000703000000| Untracked 
|  24|0x0000000703000000, 0x0000000703200000, 0x0000000703200000|100%| O|  |TAMS 0x0000000703200000, 0x0000000703200000| Untracked 
|  25|0x0000000703200000, 0x0000000703400000, 0x0000000703400000|100%|HS|  |TAMS 0x0000000703400000, 0x0000000703400000| Complete 
|  26|0x0000000703400000, 0x0000000703600000, 0x0000000703600000|100%| O|  |TAMS 0x0000000703600000, 0x0000000703600000| Untracked 
|  27|0x0000000703600000, 0x0000000703800000, 0x0000000703800000|100%| O|  |TAMS 0x0000000703800000, 0x0000000703800000| Untracked 
|  28|0x0000000703800000, 0x0000000703a00000, 0x0000000703a00000|100%| O|  |TAMS 0x0000000703a00000, 0x0000000703a00000| Untracked 
|  29|0x0000000703a00000, 0x0000000703c00000, 0x0000000703c00000|100%| O|  |TAMS 0x0000000703c00000, 0x0000000703c00000| Untracked 
|  30|0x0000000703c00000, 0x0000000703e00000, 0x0000000703e00000|100%| O|  |TAMS 0x0000000703e00000, 0x0000000703e00000| Untracked 
|  31|0x0000000703e00000, 0x0000000704000000, 0x0000000704000000|100%| O|  |TAMS 0x0000000704000000, 0x0000000704000000| Untracked 
|  32|0x0000000704000000, 0x0000000704200000, 0x0000000704200000|100%| O|  |TAMS 0x0000000704200000, 0x0000000704200000| Untracked 
|  33|0x0000000704200000, 0x0000000704400000, 0x0000000704400000|100%| O|  |TAMS 0x0000000704400000, 0x0000000704400000| Untracked 
|  34|0x0000000704400000, 0x0000000704600000, 0x0000000704600000|100%| O|  |TAMS 0x0000000704600000, 0x0000000704600000| Untracked 
|  35|0x0000000704600000, 0x0000000704800000, 0x0000000704800000|100%| O|  |TAMS 0x0000000704800000, 0x0000000704800000| Untracked 
|  36|0x0000000704800000, 0x0000000704a00000, 0x0000000704a00000|100%| O|  |TAMS 0x0000000704a00000, 0x0000000704a00000| Untracked 
|  37|0x0000000704a00000, 0x0000000704c00000, 0x0000000704c00000|100%| O|  |TAMS 0x0000000704c00000, 0x0000000704c00000| Untracked 
|  38|0x0000000704c00000, 0x0000000704e00000, 0x0000000704e00000|100%| O|  |TAMS 0x0000000704e00000, 0x0000000704e00000| Untracked 
|  39|0x0000000704e00000, 0x0000000705000000, 0x0000000705000000|100%| O|  |TAMS 0x0000000705000000, 0x0000000705000000| Untracked 
|  40|0x0000000705000000, 0x0000000705200000, 0x0000000705200000|100%| O|  |TAMS 0x0000000705200000, 0x0000000705200000| Untracked 
|  41|0x0000000705200000, 0x0000000705400000, 0x0000000705400000|100%| O|  |TAMS 0x0000000705400000, 0x0000000705400000| Untracked 
|  42|0x0000000705400000, 0x0000000705600000, 0x0000000705600000|100%| O|  |TAMS 0x0000000705600000, 0x0000000705600000| Untracked 
|  43|0x0000000705600000, 0x0000000705800000, 0x0000000705800000|100%| O|  |TAMS 0x0000000705800000, 0x0000000705800000| Untracked 
|  44|0x0000000705800000, 0x0000000705a00000, 0x0000000705a00000|100%| O|  |TAMS 0x0000000705a00000, 0x0000000705a00000| Untracked 
|  45|0x0000000705a00000, 0x0000000705c00000, 0x0000000705c00000|100%| O|  |TAMS 0x0000000705c00000, 0x0000000705c00000| Untracked 
|  46|0x0000000705c00000, 0x0000000705e00000, 0x0000000705e00000|100%|HS|  |TAMS 0x0000000705e00000, 0x0000000705e00000| Complete 
|  47|0x0000000705e00000, 0x0000000706000000, 0x0000000706000000|100%|HC|  |TAMS 0x0000000706000000, 0x0000000706000000| Complete 
|  48|0x0000000706000000, 0x0000000706200000, 0x0000000706200000|100%|HS|  |TAMS 0x0000000706200000, 0x0000000706200000| Complete 
|  49|0x0000000706200000, 0x0000000706400000, 0x0000000706400000|100%| O|  |TAMS 0x0000000706400000, 0x0000000706400000| Untracked 
|  50|0x0000000706400000, 0x0000000706600000, 0x0000000706600000|100%| O|  |TAMS 0x0000000706600000, 0x0000000706600000| Untracked 
|  51|0x0000000706600000, 0x0000000706800000, 0x0000000706800000|100%| O|  |TAMS 0x0000000706800000, 0x0000000706800000| Untracked 
|  52|0x0000000706800000, 0x0000000706a00000, 0x0000000706a00000|100%|HS|  |TAMS 0x0000000706800000, 0x0000000706a00000| Complete 
|  53|0x0000000706a00000, 0x0000000706c00000, 0x0000000706c00000|100%| O|  |TAMS 0x0000000706c00000, 0x0000000706c00000| Untracked 
|  54|0x0000000706c00000, 0x0000000706e00000, 0x0000000706e00000|100%| O|  |TAMS 0x0000000706e00000, 0x0000000706e00000| Untracked 
|  55|0x0000000706e00000, 0x0000000707000000, 0x0000000707000000|100%| O|  |TAMS 0x0000000707000000, 0x0000000707000000| Untracked 
|  56|0x0000000707000000, 0x0000000707200000, 0x0000000707200000|100%| O|  |TAMS 0x0000000707200000, 0x0000000707200000| Untracked 
|  57|0x0000000707200000, 0x0000000707400000, 0x0000000707400000|100%| O|  |TAMS 0x0000000707400000, 0x0000000707400000| Untracked 
|  58|0x0000000707400000, 0x0000000707600000, 0x0000000707600000|100%| O|  |TAMS 0x0000000707600000, 0x0000000707600000| Untracked 
|  59|0x0000000707600000, 0x0000000707800000, 0x0000000707800000|100%| O|  |TAMS 0x0000000707800000, 0x0000000707800000| Untracked 
|  60|0x0000000707800000, 0x0000000707a00000, 0x0000000707a00000|100%|HS|  |TAMS 0x0000000707a00000, 0x0000000707a00000| Complete 
|  61|0x0000000707a00000, 0x0000000707c00000, 0x0000000707c00000|100%| O|  |TAMS 0x0000000707a00000, 0x0000000707c00000| Untracked 
|  62|0x0000000707c00000, 0x0000000707e00000, 0x0000000707e00000|100%| O|  |TAMS 0x0000000707e00000, 0x0000000707e00000| Untracked 
|  63|0x0000000707e00000, 0x0000000708000000, 0x0000000708000000|100%| O|  |TAMS 0x0000000708000000, 0x0000000708000000| Untracked 
|  64|0x0000000708000000, 0x0000000708200000, 0x0000000708200000|100%|HS|  |TAMS 0x0000000708200000, 0x0000000708200000| Complete 
|  65|0x0000000708200000, 0x0000000708400000, 0x0000000708400000|100%| O|  |TAMS 0x0000000708400000, 0x0000000708400000| Untracked 
|  66|0x0000000708400000, 0x0000000708600000, 0x0000000708600000|100%| O|  |TAMS 0x0000000708600000, 0x0000000708600000| Untracked 
|  67|0x0000000708600000, 0x0000000708800000, 0x0000000708800000|100%| O|  |TAMS 0x0000000708800000, 0x0000000708800000| Untracked 
|  68|0x0000000708800000, 0x0000000708a00000, 0x0000000708a00000|100%| O|  |TAMS 0x0000000708a00000, 0x0000000708a00000| Untracked 
|  69|0x0000000708a00000, 0x0000000708c00000, 0x0000000708c00000|100%| O|  |TAMS 0x0000000708c00000, 0x0000000708c00000| Untracked 
|  70|0x0000000708c00000, 0x0000000708e00000, 0x0000000708e00000|100%| O|  |TAMS 0x0000000708e00000, 0x0000000708e00000| Untracked 
|  71|0x0000000708e00000, 0x0000000709000000, 0x0000000709000000|100%| O|  |TAMS 0x0000000709000000, 0x0000000709000000| Untracked 
|  72|0x0000000709000000, 0x0000000709200000, 0x0000000709200000|100%| O|  |TAMS 0x0000000709200000, 0x0000000709200000| Untracked 
|  73|0x0000000709200000, 0x0000000709400000, 0x0000000709400000|100%| O|  |TAMS 0x0000000709400000, 0x0000000709400000| Untracked 
|  74|0x0000000709400000, 0x0000000709600000, 0x0000000709600000|100%| O|  |TAMS 0x0000000709600000, 0x0000000709600000| Untracked 
|  75|0x0000000709600000, 0x0000000709800000, 0x0000000709800000|100%| O|  |TAMS 0x0000000709800000, 0x0000000709800000| Untracked 
|  76|0x0000000709800000, 0x0000000709a00000, 0x0000000709a00000|100%| O|  |TAMS 0x0000000709800000, 0x0000000709a00000| Untracked 
|  77|0x0000000709a00000, 0x0000000709c00000, 0x0000000709c00000|100%| O|  |TAMS 0x0000000709c00000, 0x0000000709c00000| Untracked 
|  78|0x0000000709c00000, 0x0000000709e00000, 0x0000000709e00000|100%| O|  |TAMS 0x0000000709e00000, 0x0000000709e00000| Untracked 
|  79|0x0000000709e00000, 0x000000070a000000, 0x000000070a000000|100%| O|  |TAMS 0x000000070a000000, 0x000000070a000000| Untracked 
|  80|0x000000070a000000, 0x000000070a200000, 0x000000070a200000|100%| O|  |TAMS 0x000000070a200000, 0x000000070a200000| Untracked 
|  81|0x000000070a200000, 0x000000070a400000, 0x000000070a400000|100%| O|  |TAMS 0x000000070a400000, 0x000000070a400000| Untracked 
|  82|0x000000070a400000, 0x000000070a600000, 0x000000070a600000|100%| O|  |TAMS 0x000000070a600000, 0x000000070a600000| Untracked 
|  83|0x000000070a600000, 0x000000070a800000, 0x000000070a800000|100%| O|  |TAMS 0x000000070a800000, 0x000000070a800000| Untracked 
|  84|0x000000070a800000, 0x000000070aa00000, 0x000000070aa00000|100%|HS|  |TAMS 0x000000070aa00000, 0x000000070aa00000| Complete 
|  85|0x000000070aa00000, 0x000000070ac00000, 0x000000070ac00000|100%| O|  |TAMS 0x000000070ac00000, 0x000000070ac00000| Untracked 
|  86|0x000000070ac00000, 0x000000070ae00000, 0x000000070ae00000|100%| O|  |TAMS 0x000000070ae00000, 0x000000070ae00000| Untracked 
|  87|0x000000070ae00000, 0x000000070b000000, 0x000000070b000000|100%| O|  |TAMS 0x000000070b000000, 0x000000070b000000| Untracked 
|  88|0x000000070b000000, 0x000000070b200000, 0x000000070b200000|100%| O|  |TAMS 0x000000070b200000, 0x000000070b200000| Untracked 
|  89|0x000000070b200000, 0x000000070b400000, 0x000000070b400000|100%| O|  |TAMS 0x000000070b400000, 0x000000070b400000| Untracked 
|  90|0x000000070b400000, 0x000000070b600000, 0x000000070b600000|100%| O|  |TAMS 0x000000070b600000, 0x000000070b600000| Untracked 
|  91|0x000000070b600000, 0x000000070b800000, 0x000000070b800000|100%| O|  |TAMS 0x000000070b800000, 0x000000070b800000| Untracked 
|  92|0x000000070b800000, 0x000000070ba00000, 0x000000070ba00000|100%| O|  |TAMS 0x000000070ba00000, 0x000000070ba00000| Untracked 
|  93|0x000000070ba00000, 0x000000070bc00000, 0x000000070bc00000|100%| O|  |TAMS 0x000000070ba00000, 0x000000070bc00000| Untracked 
|  94|0x000000070bc00000, 0x000000070be00000, 0x000000070be00000|100%| O|  |TAMS 0x000000070be00000, 0x000000070be00000| Untracked 
|  95|0x000000070be00000, 0x000000070c000000, 0x000000070c000000|100%| O|  |TAMS 0x000000070c000000, 0x000000070c000000| Untracked 
|  96|0x000000070c000000, 0x000000070c200000, 0x000000070c200000|100%| O|  |TAMS 0x000000070c000000, 0x000000070c200000| Untracked 
|  97|0x000000070c200000, 0x000000070c400000, 0x000000070c400000|100%| O|  |TAMS 0x000000070c400000, 0x000000070c400000| Untracked 
|  98|0x000000070c400000, 0x000000070c600000, 0x000000070c600000|100%| O|  |TAMS 0x000000070c600000, 0x000000070c600000| Untracked 
|  99|0x000000070c600000, 0x000000070c800000, 0x000000070c800000|100%| O|  |TAMS 0x000000070c800000, 0x000000070c800000| Untracked 
| 100|0x000000070c800000, 0x000000070ca00000, 0x000000070ca00000|100%| O|  |TAMS 0x000000070ca00000, 0x000000070ca00000| Untracked 
| 101|0x000000070ca00000, 0x000000070cc00000, 0x000000070cc00000|100%| O|  |TAMS 0x000000070cc00000, 0x000000070cc00000| Untracked 
| 102|0x000000070cc00000, 0x000000070ce00000, 0x000000070ce00000|100%| O|  |TAMS 0x000000070ce00000, 0x000000070ce00000| Untracked 
| 103|0x000000070ce00000, 0x000000070d000000, 0x000000070d000000|100%| O|  |TAMS 0x000000070d000000, 0x000000070d000000| Untracked 
| 104|0x000000070d000000, 0x000000070d200000, 0x000000070d200000|100%| O|  |TAMS 0x000000070d200000, 0x000000070d200000| Untracked 
| 105|0x000000070d200000, 0x000000070d400000, 0x000000070d400000|100%| O|  |TAMS 0x000000070d200000, 0x000000070d400000| Untracked 
| 106|0x000000070d400000, 0x000000070d600000, 0x000000070d600000|100%| O|  |TAMS 0x000000070d600000, 0x000000070d600000| Untracked 
| 107|0x000000070d600000, 0x000000070d800000, 0x000000070d800000|100%| O|  |TAMS 0x000000070d800000, 0x000000070d800000| Untracked 
| 108|0x000000070d800000, 0x000000070da00000, 0x000000070da00000|100%| O|  |TAMS 0x000000070da00000, 0x000000070da00000| Untracked 
| 109|0x000000070da00000, 0x000000070dc00000, 0x000000070dc00000|100%| O|  |TAMS 0x000000070dc00000, 0x000000070dc00000| Untracked 
| 110|0x000000070dc00000, 0x000000070de00000, 0x000000070de00000|100%| O|  |TAMS 0x000000070de00000, 0x000000070de00000| Untracked 
| 111|0x000000070de00000, 0x000000070e000000, 0x000000070e000000|100%| O|  |TAMS 0x000000070e000000, 0x000000070e000000| Untracked 
| 112|0x000000070e000000, 0x000000070e200000, 0x000000070e200000|100%| O|  |TAMS 0x000000070e200000, 0x000000070e200000| Untracked 
| 113|0x000000070e200000, 0x000000070e400000, 0x000000070e400000|100%| O|  |TAMS 0x000000070e400000, 0x000000070e400000| Untracked 
| 114|0x000000070e400000, 0x000000070e600000, 0x000000070e600000|100%| O|  |TAMS 0x000000070e600000, 0x000000070e600000| Untracked 
| 115|0x000000070e600000, 0x000000070e800000, 0x000000070e800000|100%| O|  |TAMS 0x000000070e800000, 0x000000070e800000| Untracked 
| 116|0x000000070e800000, 0x000000070ea00000, 0x000000070ea00000|100%| O|  |TAMS 0x000000070ea00000, 0x000000070ea00000| Untracked 
| 117|0x000000070ea00000, 0x000000070ec00000, 0x000000070ec00000|100%| O|  |TAMS 0x000000070ec00000, 0x000000070ec00000| Untracked 
| 118|0x000000070ec00000, 0x000000070ee00000, 0x000000070ee00000|100%| O|  |TAMS 0x000000070ee00000, 0x000000070ee00000| Untracked 
| 119|0x000000070ee00000, 0x000000070f000000, 0x000000070f000000|100%| O|  |TAMS 0x000000070f000000, 0x000000070f000000| Untracked 
| 120|0x000000070f000000, 0x000000070f200000, 0x000000070f200000|100%| O|  |TAMS 0x000000070f200000, 0x000000070f200000| Untracked 
| 121|0x000000070f200000, 0x000000070f400000, 0x000000070f400000|100%| O|  |TAMS 0x000000070f400000, 0x000000070f400000| Untracked 
| 122|0x000000070f400000, 0x000000070f600000, 0x000000070f600000|100%| O|  |TAMS 0x000000070f600000, 0x000000070f600000| Untracked 
| 123|0x000000070f600000, 0x000000070f800000, 0x000000070f800000|100%| O|  |TAMS 0x000000070f800000, 0x000000070f800000| Untracked 
| 124|0x000000070f800000, 0x000000070fa00000, 0x000000070fa00000|100%| O|  |TAMS 0x000000070fa00000, 0x000000070fa00000| Untracked 
| 125|0x000000070fa00000, 0x000000070fc00000, 0x000000070fc00000|100%|HS|  |TAMS 0x000000070fc00000, 0x000000070fc00000| Complete 
| 126|0x000000070fc00000, 0x000000070fe00000, 0x000000070fe00000|100%|HC|  |TAMS 0x000000070fe00000, 0x000000070fe00000| Complete 
| 127|0x000000070fe00000, 0x0000000710000000, 0x0000000710000000|100%|HS|  |TAMS 0x0000000710000000, 0x0000000710000000| Complete 
| 128|0x0000000710000000, 0x0000000710200000, 0x0000000710200000|100%| O|  |TAMS 0x0000000710200000, 0x0000000710200000| Untracked 
| 129|0x0000000710200000, 0x0000000710200000, 0x0000000710400000|  0%| F|  |TAMS 0x0000000710200000, 0x0000000710200000| Untracked 
| 130|0x0000000710400000, 0x0000000710600000, 0x0000000710600000|100%| O|  |TAMS 0x0000000710600000, 0x0000000710600000| Untracked 
| 131|0x0000000710600000, 0x0000000710800000, 0x0000000710800000|100%| O|  |TAMS 0x0000000710800000, 0x0000000710800000| Untracked 
| 132|0x0000000710800000, 0x0000000710a00000, 0x0000000710a00000|100%| O|  |TAMS 0x0000000710a00000, 0x0000000710a00000| Untracked 
| 133|0x0000000710a00000, 0x0000000710a00000, 0x0000000710c00000|  0%| F|  |TAMS 0x0000000710a00000, 0x0000000710a00000| Untracked 
| 134|0x0000000710c00000, 0x0000000710c00000, 0x0000000710e00000|  0%| F|  |TAMS 0x0000000710c00000, 0x0000000710c00000| Untracked 
| 135|0x0000000710e00000, 0x0000000711000000, 0x0000000711000000|100%| O|  |TAMS 0x0000000711000000, 0x0000000711000000| Untracked 
| 136|0x0000000711000000, 0x0000000711200000, 0x0000000711200000|100%| O|  |TAMS 0x0000000711200000, 0x0000000711200000| Untracked 
| 137|0x0000000711200000, 0x0000000711400000, 0x0000000711400000|100%| O|  |TAMS 0x0000000711400000, 0x0000000711400000| Untracked 
| 138|0x0000000711400000, 0x0000000711400000, 0x0000000711600000|  0%| F|  |TAMS 0x0000000711400000, 0x0000000711400000| Untracked 
| 139|0x0000000711600000, 0x0000000711600000, 0x0000000711800000|  0%| F|  |TAMS 0x0000000711600000, 0x0000000711600000| Untracked 
| 140|0x0000000711800000, 0x0000000711a00000, 0x0000000711a00000|100%| O|  |TAMS 0x0000000711a00000, 0x0000000711a00000| Untracked 
| 141|0x0000000711a00000, 0x0000000711c00000, 0x0000000711c00000|100%| O|  |TAMS 0x0000000711c00000, 0x0000000711c00000| Untracked 
| 142|0x0000000711c00000, 0x0000000711e00000, 0x0000000711e00000|100%| O|  |TAMS 0x0000000711e00000, 0x0000000711e00000| Untracked 
| 143|0x0000000711e00000, 0x0000000712000000, 0x0000000712000000|100%| O|  |TAMS 0x0000000712000000, 0x0000000712000000| Untracked 
| 144|0x0000000712000000, 0x0000000712200000, 0x0000000712200000|100%| O|  |TAMS 0x0000000712200000, 0x0000000712200000| Untracked 
| 145|0x0000000712200000, 0x0000000712400000, 0x0000000712400000|100%| O|  |TAMS 0x0000000712400000, 0x0000000712400000| Untracked 
| 146|0x0000000712400000, 0x0000000712600000, 0x0000000712600000|100%| O|  |TAMS 0x0000000712600000, 0x0000000712600000| Untracked 
| 147|0x0000000712600000, 0x0000000712800000, 0x0000000712800000|100%| O|  |TAMS 0x0000000712800000, 0x0000000712800000| Untracked 
| 148|0x0000000712800000, 0x0000000712a00000, 0x0000000712a00000|100%| O|  |TAMS 0x0000000712a00000, 0x0000000712a00000| Untracked 
| 149|0x0000000712a00000, 0x0000000712c00000, 0x0000000712c00000|100%| O|  |TAMS 0x0000000712c00000, 0x0000000712c00000| Untracked 
| 150|0x0000000712c00000, 0x0000000712e00000, 0x0000000712e00000|100%| O|  |TAMS 0x0000000712e00000, 0x0000000712e00000| Untracked 
| 151|0x0000000712e00000, 0x0000000713000000, 0x0000000713000000|100%| O|  |TAMS 0x0000000713000000, 0x0000000713000000| Untracked 
| 152|0x0000000713000000, 0x0000000713200000, 0x0000000713200000|100%| O|  |TAMS 0x0000000713200000, 0x0000000713200000| Untracked 
| 153|0x0000000713200000, 0x0000000713200000, 0x0000000713400000|  0%| F|  |TAMS 0x0000000713200000, 0x0000000713200000| Untracked 
| 154|0x0000000713400000, 0x0000000713600000, 0x0000000713600000|100%| O|  |TAMS 0x0000000713600000, 0x0000000713600000| Untracked 
| 155|0x0000000713600000, 0x0000000713800000, 0x0000000713800000|100%| O|  |TAMS 0x0000000713800000, 0x0000000713800000| Untracked 
| 156|0x0000000713800000, 0x0000000713a00000, 0x0000000713a00000|100%| O|  |TAMS 0x0000000713a00000, 0x0000000713a00000| Untracked 
| 157|0x0000000713a00000, 0x0000000713c00000, 0x0000000713c00000|100%| O|  |TAMS 0x0000000713c00000, 0x0000000713c00000| Untracked 
| 158|0x0000000713c00000, 0x0000000713e00000, 0x0000000713e00000|100%| O|  |TAMS 0x0000000713e00000, 0x0000000713e00000| Untracked 
| 159|0x0000000713e00000, 0x0000000714000000, 0x0000000714000000|100%| O|  |TAMS 0x0000000714000000, 0x0000000714000000| Untracked 
| 160|0x0000000714000000, 0x0000000714200000, 0x0000000714200000|100%| O|  |TAMS 0x0000000714200000, 0x0000000714200000| Untracked 
| 161|0x0000000714200000, 0x0000000714400000, 0x0000000714400000|100%|HS|  |TAMS 0x0000000714400000, 0x0000000714400000| Complete 
| 162|0x0000000714400000, 0x0000000714600000, 0x0000000714600000|100%|HC|  |TAMS 0x0000000714600000, 0x0000000714600000| Complete 
| 163|0x0000000714600000, 0x0000000714800000, 0x0000000714800000|100%|HS|  |TAMS 0x0000000714800000, 0x0000000714800000| Complete 
| 164|0x0000000714800000, 0x0000000714a00000, 0x0000000714a00000|100%|HC|  |TAMS 0x0000000714a00000, 0x0000000714a00000| Complete 
| 165|0x0000000714a00000, 0x0000000714c00000, 0x0000000714c00000|100%| O|  |TAMS 0x0000000714c00000, 0x0000000714c00000| Untracked 
| 166|0x0000000714c00000, 0x0000000714e00000, 0x0000000714e00000|100%| O|  |TAMS 0x0000000714e00000, 0x0000000714e00000| Untracked 
| 167|0x0000000714e00000, 0x0000000715000000, 0x0000000715000000|100%| O|  |TAMS 0x0000000715000000, 0x0000000715000000| Untracked 
| 168|0x0000000715000000, 0x0000000715200000, 0x0000000715200000|100%| O|  |TAMS 0x0000000715200000, 0x0000000715200000| Untracked 
| 169|0x0000000715200000, 0x0000000715400000, 0x0000000715400000|100%| O|  |TAMS 0x0000000715400000, 0x0000000715400000| Untracked 
| 170|0x0000000715400000, 0x0000000715600000, 0x0000000715600000|100%| O|  |TAMS 0x0000000715600000, 0x0000000715600000| Untracked 
| 171|0x0000000715600000, 0x0000000715800000, 0x0000000715800000|100%| O|  |TAMS 0x0000000715800000, 0x0000000715800000| Untracked 
| 172|0x0000000715800000, 0x0000000715a00000, 0x0000000715a00000|100%| O|  |TAMS 0x0000000715a00000, 0x0000000715a00000| Untracked 
| 173|0x0000000715a00000, 0x0000000715c00000, 0x0000000715c00000|100%| O|  |TAMS 0x0000000715c00000, 0x0000000715c00000| Untracked 
| 174|0x0000000715c00000, 0x0000000715e00000, 0x0000000715e00000|100%| O|  |TAMS 0x0000000715e00000, 0x0000000715e00000| Untracked 
| 175|0x0000000715e00000, 0x0000000716000000, 0x0000000716000000|100%| O|  |TAMS 0x0000000716000000, 0x0000000716000000| Untracked 
| 176|0x0000000716000000, 0x0000000716200000, 0x0000000716200000|100%| O|  |TAMS 0x0000000716200000, 0x0000000716200000| Untracked 
| 177|0x0000000716200000, 0x0000000716400000, 0x0000000716400000|100%| O|  |TAMS 0x0000000716400000, 0x0000000716400000| Untracked 
| 178|0x0000000716400000, 0x0000000716600000, 0x0000000716600000|100%| O|  |TAMS 0x0000000716600000, 0x0000000716600000| Untracked 
| 179|0x0000000716600000, 0x0000000716800000, 0x0000000716800000|100%| O|  |TAMS 0x0000000716800000, 0x0000000716800000| Untracked 
| 180|0x0000000716800000, 0x0000000716a00000, 0x0000000716a00000|100%| O|  |TAMS 0x0000000716a00000, 0x0000000716a00000| Untracked 
| 181|0x0000000716a00000, 0x0000000716c00000, 0x0000000716c00000|100%| O|  |TAMS 0x0000000716c00000, 0x0000000716c00000| Untracked 
| 182|0x0000000716c00000, 0x0000000716e00000, 0x0000000716e00000|100%| O|  |TAMS 0x0000000716e00000, 0x0000000716e00000| Untracked 
| 183|0x0000000716e00000, 0x0000000717000000, 0x0000000717000000|100%| O|  |TAMS 0x0000000717000000, 0x0000000717000000| Untracked 
| 184|0x0000000717000000, 0x0000000717200000, 0x0000000717200000|100%| O|  |TAMS 0x0000000717200000, 0x0000000717200000| Untracked 
| 185|0x0000000717200000, 0x0000000717400000, 0x0000000717400000|100%| O|  |TAMS 0x0000000717400000, 0x0000000717400000| Untracked 
| 186|0x0000000717400000, 0x0000000717600000, 0x0000000717600000|100%| O|  |TAMS 0x0000000717600000, 0x0000000717600000| Untracked 
| 187|0x0000000717600000, 0x0000000717800000, 0x0000000717800000|100%| O|  |TAMS 0x0000000717800000, 0x0000000717800000| Untracked 
| 188|0x0000000717800000, 0x0000000717a00000, 0x0000000717a00000|100%| O|  |TAMS 0x0000000717a00000, 0x0000000717a00000| Untracked 
| 189|0x0000000717a00000, 0x0000000717c00000, 0x0000000717c00000|100%| O|  |TAMS 0x0000000717c00000, 0x0000000717c00000| Untracked 
| 190|0x0000000717c00000, 0x0000000717e00000, 0x0000000717e00000|100%| O|  |TAMS 0x0000000717e00000, 0x0000000717e00000| Untracked 
| 191|0x0000000717e00000, 0x0000000718000000, 0x0000000718000000|100%| O|  |TAMS 0x0000000718000000, 0x0000000718000000| Untracked 
| 192|0x0000000718000000, 0x0000000718200000, 0x0000000718200000|100%| O|  |TAMS 0x0000000718200000, 0x0000000718200000| Untracked 
| 193|0x0000000718200000, 0x0000000718400000, 0x0000000718400000|100%| O|  |TAMS 0x0000000718400000, 0x0000000718400000| Untracked 
| 194|0x0000000718400000, 0x0000000718600000, 0x0000000718600000|100%| O|  |TAMS 0x0000000718600000, 0x0000000718600000| Untracked 
| 195|0x0000000718600000, 0x0000000718800000, 0x0000000718800000|100%| O|  |TAMS 0x0000000718800000, 0x0000000718800000| Untracked 
| 196|0x0000000718800000, 0x0000000718a00000, 0x0000000718a00000|100%| O|  |TAMS 0x0000000718a00000, 0x0000000718a00000| Untracked 
| 197|0x0000000718a00000, 0x0000000718c00000, 0x0000000718c00000|100%| O|  |TAMS 0x0000000718c00000, 0x0000000718c00000| Untracked 
| 198|0x0000000718c00000, 0x0000000718e00000, 0x0000000718e00000|100%| O|  |TAMS 0x0000000718e00000, 0x0000000718e00000| Untracked 
| 199|0x0000000718e00000, 0x0000000719000000, 0x0000000719000000|100%| O|  |TAMS 0x0000000719000000, 0x0000000719000000| Untracked 
| 200|0x0000000719000000, 0x0000000719200000, 0x0000000719200000|100%| O|  |TAMS 0x0000000719200000, 0x0000000719200000| Untracked 
| 201|0x0000000719200000, 0x0000000719400000, 0x0000000719400000|100%| O|  |TAMS 0x0000000719400000, 0x0000000719400000| Untracked 
| 202|0x0000000719400000, 0x0000000719600000, 0x0000000719600000|100%| O|  |TAMS 0x0000000719600000, 0x0000000719600000| Untracked 
| 203|0x0000000719600000, 0x0000000719800000, 0x0000000719800000|100%| O|  |TAMS 0x0000000719800000, 0x0000000719800000| Untracked 
| 204|0x0000000719800000, 0x0000000719a00000, 0x0000000719a00000|100%| O|  |TAMS 0x0000000719a00000, 0x0000000719a00000| Untracked 
| 205|0x0000000719a00000, 0x0000000719c00000, 0x0000000719c00000|100%| O|  |TAMS 0x0000000719c00000, 0x0000000719c00000| Untracked 
| 206|0x0000000719c00000, 0x0000000719e00000, 0x0000000719e00000|100%| O|  |TAMS 0x0000000719e00000, 0x0000000719e00000| Untracked 
| 207|0x0000000719e00000, 0x000000071a000000, 0x000000071a000000|100%| O|  |TAMS 0x000000071a000000, 0x000000071a000000| Untracked 
| 208|0x000000071a000000, 0x000000071a200000, 0x000000071a200000|100%| O|  |TAMS 0x000000071a200000, 0x000000071a200000| Untracked 
| 209|0x000000071a200000, 0x000000071a400000, 0x000000071a400000|100%| O|  |TAMS 0x000000071a400000, 0x000000071a400000| Untracked 
| 210|0x000000071a400000, 0x000000071a600000, 0x000000071a600000|100%| O|  |TAMS 0x000000071a600000, 0x000000071a600000| Untracked 
| 211|0x000000071a600000, 0x000000071a800000, 0x000000071a800000|100%| O|  |TAMS 0x000000071a800000, 0x000000071a800000| Untracked 
| 212|0x000000071a800000, 0x000000071aa00000, 0x000000071aa00000|100%| O|  |TAMS 0x000000071aa00000, 0x000000071aa00000| Untracked 
| 213|0x000000071aa00000, 0x000000071ac00000, 0x000000071ac00000|100%| O|  |TAMS 0x000000071ac00000, 0x000000071ac00000| Untracked 
| 214|0x000000071ac00000, 0x000000071ae00000, 0x000000071ae00000|100%| O|  |TAMS 0x000000071ae00000, 0x000000071ae00000| Untracked 
| 215|0x000000071ae00000, 0x000000071b000000, 0x000000071b000000|100%| O|  |TAMS 0x000000071b000000, 0x000000071b000000| Untracked 
| 216|0x000000071b000000, 0x000000071b200000, 0x000000071b200000|100%| O|  |TAMS 0x000000071b200000, 0x000000071b200000| Untracked 
| 217|0x000000071b200000, 0x000000071b400000, 0x000000071b400000|100%| O|  |TAMS 0x000000071b400000, 0x000000071b400000| Untracked 
| 218|0x000000071b400000, 0x000000071b600000, 0x000000071b600000|100%| O|  |TAMS 0x000000071b600000, 0x000000071b600000| Untracked 
| 219|0x000000071b600000, 0x000000071b800000, 0x000000071b800000|100%| O|  |TAMS 0x000000071b800000, 0x000000071b800000| Untracked 
| 220|0x000000071b800000, 0x000000071ba00000, 0x000000071ba00000|100%| O|  |TAMS 0x000000071ba00000, 0x000000071ba00000| Untracked 
| 221|0x000000071ba00000, 0x000000071bc00000, 0x000000071bc00000|100%| O|  |TAMS 0x000000071bc00000, 0x000000071bc00000| Untracked 
| 222|0x000000071bc00000, 0x000000071be00000, 0x000000071be00000|100%| O|  |TAMS 0x000000071be00000, 0x000000071be00000| Untracked 
| 223|0x000000071be00000, 0x000000071c000000, 0x000000071c000000|100%| O|  |TAMS 0x000000071c000000, 0x000000071c000000| Untracked 
| 224|0x000000071c000000, 0x000000071c200000, 0x000000071c200000|100%| O|  |TAMS 0x000000071c200000, 0x000000071c200000| Untracked 
| 225|0x000000071c200000, 0x000000071c400000, 0x000000071c400000|100%| O|  |TAMS 0x000000071c400000, 0x000000071c400000| Untracked 
| 226|0x000000071c400000, 0x000000071c600000, 0x000000071c600000|100%| O|  |TAMS 0x000000071c600000, 0x000000071c600000| Untracked 
| 227|0x000000071c600000, 0x000000071c600000, 0x000000071c800000|  0%| F|  |TAMS 0x000000071c600000, 0x000000071c600000| Untracked 
| 228|0x000000071c800000, 0x000000071ca00000, 0x000000071ca00000|100%| O|  |TAMS 0x000000071c9ccc00, 0x000000071ca00000| Untracked 
| 229|0x000000071ca00000, 0x000000071cc00000, 0x000000071cc00000|100%| O|  |TAMS 0x000000071ca00000, 0x000000071cc00000| Untracked 
| 230|0x000000071cc00000, 0x000000071ce00000, 0x000000071ce00000|100%| O|  |TAMS 0x000000071cc00000, 0x000000071ce00000| Untracked 
| 231|0x000000071ce00000, 0x000000071d000000, 0x000000071d000000|100%| O|  |TAMS 0x000000071ce00000, 0x000000071d000000| Untracked 
| 232|0x000000071d000000, 0x000000071d200000, 0x000000071d200000|100%| O|  |TAMS 0x000000071d000000, 0x000000071d200000| Untracked 
| 233|0x000000071d200000, 0x000000071d400000, 0x000000071d400000|100%| O|  |TAMS 0x000000071d200000, 0x000000071d400000| Untracked 
| 234|0x000000071d400000, 0x000000071d600000, 0x000000071d600000|100%| O|  |TAMS 0x000000071d400000, 0x000000071d600000| Untracked 
| 235|0x000000071d600000, 0x000000071d800000, 0x000000071d800000|100%| O|  |TAMS 0x000000071d600000, 0x000000071d800000| Untracked 
| 236|0x000000071d800000, 0x000000071da00000, 0x000000071da00000|100%| O|  |TAMS 0x000000071d800000, 0x000000071da00000| Untracked 
| 237|0x000000071da00000, 0x000000071dc00000, 0x000000071dc00000|100%| O|  |TAMS 0x000000071da00000, 0x000000071dc00000| Untracked 
| 238|0x000000071dc00000, 0x000000071de00000, 0x000000071de00000|100%| O|  |TAMS 0x000000071dc00000, 0x000000071de00000| Untracked 
| 239|0x000000071de00000, 0x000000071e000000, 0x000000071e000000|100%| O|  |TAMS 0x000000071de00000, 0x000000071e000000| Untracked 
| 240|0x000000071e000000, 0x000000071e200000, 0x000000071e200000|100%| O|  |TAMS 0x000000071e000000, 0x000000071e200000| Untracked 
| 241|0x000000071e200000, 0x000000071e400000, 0x000000071e400000|100%| O|  |TAMS 0x000000071e200000, 0x000000071e400000| Untracked 
| 242|0x000000071e400000, 0x000000071e600000, 0x000000071e600000|100%| O|  |TAMS 0x000000071e400000, 0x000000071e600000| Untracked 
| 243|0x000000071e600000, 0x000000071e800000, 0x000000071e800000|100%| O|  |TAMS 0x000000071e600000, 0x000000071e800000| Untracked 
| 244|0x000000071e800000, 0x000000071e956e00, 0x000000071ea00000| 66%| O|  |TAMS 0x000000071e800000, 0x000000071e956e00| Untracked 
| 245|0x000000071ea00000, 0x000000071ea00000, 0x000000071ec00000|  0%| F|  |TAMS 0x000000071ea00000, 0x000000071ea00000| Untracked 
| 246|0x000000071ec00000, 0x000000071ec00000, 0x000000071ee00000|  0%| F|  |TAMS 0x000000071ec00000, 0x000000071ec00000| Untracked 
| 247|0x000000071ee00000, 0x000000071ee00000, 0x000000071f000000|  0%| F|  |TAMS 0x000000071ee00000, 0x000000071ee00000| Untracked 
| 248|0x000000071f000000, 0x000000071f000000, 0x000000071f200000|  0%| F|  |TAMS 0x000000071f000000, 0x000000071f000000| Untracked 
| 249|0x000000071f200000, 0x000000071f200000, 0x000000071f400000|  0%| F|  |TAMS 0x000000071f200000, 0x000000071f200000| Untracked 
| 250|0x000000071f400000, 0x000000071f400000, 0x000000071f600000|  0%| F|  |TAMS 0x000000071f400000, 0x000000071f400000| Untracked 
| 251|0x000000071f600000, 0x000000071f600000, 0x000000071f800000|  0%| F|  |TAMS 0x000000071f600000, 0x000000071f600000| Untracked 
| 252|0x000000071f800000, 0x000000071f800000, 0x000000071fa00000|  0%| F|  |TAMS 0x000000071f800000, 0x000000071f800000| Untracked 
| 253|0x000000071fa00000, 0x000000071fa00000, 0x000000071fc00000|  0%| F|  |TAMS 0x000000071fa00000, 0x000000071fa00000| Untracked 
| 254|0x000000071fc00000, 0x000000071fc00000, 0x000000071fe00000|  0%| F|  |TAMS 0x000000071fc00000, 0x000000071fc00000| Untracked 
| 255|0x000000071fe00000, 0x000000071fe00000, 0x0000000720000000|  0%| F|  |TAMS 0x000000071fe00000, 0x000000071fe00000| Untracked 
| 256|0x0000000720000000, 0x0000000720000000, 0x0000000720200000|  0%| F|  |TAMS 0x0000000720000000, 0x0000000720000000| Untracked 
| 257|0x0000000720200000, 0x0000000720200000, 0x0000000720400000|  0%| F|  |TAMS 0x0000000720200000, 0x0000000720200000| Untracked 
| 258|0x0000000720400000, 0x0000000720400000, 0x0000000720600000|  0%| F|  |TAMS 0x0000000720400000, 0x0000000720400000| Untracked 
| 259|0x0000000720600000, 0x0000000720600000, 0x0000000720800000|  0%| F|  |TAMS 0x0000000720600000, 0x0000000720600000| Untracked 
| 260|0x0000000720800000, 0x0000000720800000, 0x0000000720a00000|  0%| F|  |TAMS 0x0000000720800000, 0x0000000720800000| Untracked 
| 261|0x0000000720a00000, 0x0000000720a00000, 0x0000000720c00000|  0%| F|  |TAMS 0x0000000720a00000, 0x0000000720a00000| Untracked 
| 262|0x0000000720c00000, 0x0000000720c00000, 0x0000000720e00000|  0%| F|  |TAMS 0x0000000720c00000, 0x0000000720c00000| Untracked 
| 263|0x0000000720e00000, 0x0000000720e00000, 0x0000000721000000|  0%| F|  |TAMS 0x0000000720e00000, 0x0000000720e00000| Untracked 
| 264|0x0000000721000000, 0x0000000721000000, 0x0000000721200000|  0%| F|  |TAMS 0x0000000721000000, 0x0000000721000000| Untracked 
| 265|0x0000000721200000, 0x0000000721200000, 0x0000000721400000|  0%| F|  |TAMS 0x0000000721200000, 0x0000000721200000| Untracked 
| 266|0x0000000721400000, 0x0000000721400000, 0x0000000721600000|  0%| F|  |TAMS 0x0000000721400000, 0x0000000721400000| Untracked 
| 267|0x0000000721600000, 0x0000000721600000, 0x0000000721800000|  0%| F|  |TAMS 0x0000000721600000, 0x0000000721600000| Untracked 
| 268|0x0000000721800000, 0x0000000721800000, 0x0000000721a00000|  0%| F|  |TAMS 0x0000000721800000, 0x0000000721800000| Untracked 
| 269|0x0000000721a00000, 0x0000000721a00000, 0x0000000721c00000|  0%| F|  |TAMS 0x0000000721a00000, 0x0000000721a00000| Untracked 
| 270|0x0000000721c00000, 0x0000000721c00000, 0x0000000721e00000|  0%| F|  |TAMS 0x0000000721c00000, 0x0000000721c00000| Untracked 
| 271|0x0000000721e00000, 0x0000000721e00000, 0x0000000722000000|  0%| F|  |TAMS 0x0000000721e00000, 0x0000000721e00000| Untracked 
| 272|0x0000000722000000, 0x0000000722000000, 0x0000000722200000|  0%| F|  |TAMS 0x0000000722000000, 0x0000000722000000| Untracked 
| 273|0x0000000722200000, 0x0000000722200000, 0x0000000722400000|  0%| F|  |TAMS 0x0000000722200000, 0x0000000722200000| Untracked 
| 274|0x0000000722400000, 0x0000000722400000, 0x0000000722600000|  0%| F|  |TAMS 0x0000000722400000, 0x0000000722400000| Untracked 
| 275|0x0000000722600000, 0x0000000722600000, 0x0000000722800000|  0%| F|  |TAMS 0x0000000722600000, 0x0000000722600000| Untracked 
| 276|0x0000000722800000, 0x0000000722800000, 0x0000000722a00000|  0%| F|  |TAMS 0x0000000722800000, 0x0000000722800000| Untracked 
| 277|0x0000000722a00000, 0x0000000722a00000, 0x0000000722c00000|  0%| F|  |TAMS 0x0000000722a00000, 0x0000000722a00000| Untracked 
| 278|0x0000000722c00000, 0x0000000722c00000, 0x0000000722e00000|  0%| F|  |TAMS 0x0000000722c00000, 0x0000000722c00000| Untracked 
| 279|0x0000000722e00000, 0x0000000722e00000, 0x0000000723000000|  0%| F|  |TAMS 0x0000000722e00000, 0x0000000722e00000| Untracked 
| 280|0x0000000723000000, 0x0000000723000000, 0x0000000723200000|  0%| F|  |TAMS 0x0000000723000000, 0x0000000723000000| Untracked 
| 281|0x0000000723200000, 0x0000000723200000, 0x0000000723400000|  0%| F|  |TAMS 0x0000000723200000, 0x0000000723200000| Untracked 
| 282|0x0000000723400000, 0x0000000723400000, 0x0000000723600000|  0%| F|  |TAMS 0x0000000723400000, 0x0000000723400000| Untracked 
| 283|0x0000000723600000, 0x0000000723600000, 0x0000000723800000|  0%| F|  |TAMS 0x0000000723600000, 0x0000000723600000| Untracked 
| 284|0x0000000723800000, 0x0000000723800000, 0x0000000723a00000|  0%| F|  |TAMS 0x0000000723800000, 0x0000000723800000| Untracked 
| 285|0x0000000723a00000, 0x0000000723a00000, 0x0000000723c00000|  0%| F|  |TAMS 0x0000000723a00000, 0x0000000723a00000| Untracked 
| 286|0x0000000723c00000, 0x0000000723c00000, 0x0000000723e00000|  0%| F|  |TAMS 0x0000000723c00000, 0x0000000723c00000| Untracked 
| 287|0x0000000723e00000, 0x0000000723e00000, 0x0000000724000000|  0%| F|  |TAMS 0x0000000723e00000, 0x0000000723e00000| Untracked 
| 288|0x0000000724000000, 0x0000000724000000, 0x0000000724200000|  0%| F|  |TAMS 0x0000000724000000, 0x0000000724000000| Untracked 
| 289|0x0000000724200000, 0x0000000724200000, 0x0000000724400000|  0%| F|  |TAMS 0x0000000724200000, 0x0000000724200000| Untracked 
| 290|0x0000000724400000, 0x0000000724400000, 0x0000000724600000|  0%| F|  |TAMS 0x0000000724400000, 0x0000000724400000| Untracked 
| 291|0x0000000724600000, 0x0000000724600000, 0x0000000724800000|  0%| F|  |TAMS 0x0000000724600000, 0x0000000724600000| Untracked 
| 292|0x0000000724800000, 0x0000000724800000, 0x0000000724a00000|  0%| F|  |TAMS 0x0000000724800000, 0x0000000724800000| Untracked 
| 293|0x0000000724a00000, 0x0000000724a00000, 0x0000000724c00000|  0%| F|  |TAMS 0x0000000724a00000, 0x0000000724a00000| Untracked 
| 294|0x0000000724c00000, 0x0000000724c00000, 0x0000000724e00000|  0%| F|  |TAMS 0x0000000724c00000, 0x0000000724c00000| Untracked 
| 295|0x0000000724e00000, 0x0000000724e00000, 0x0000000725000000|  0%| F|  |TAMS 0x0000000724e00000, 0x0000000724e00000| Untracked 
| 296|0x0000000725000000, 0x0000000725000000, 0x0000000725200000|  0%| F|  |TAMS 0x0000000725000000, 0x0000000725000000| Untracked 
| 297|0x0000000725200000, 0x0000000725200000, 0x0000000725400000|  0%| F|  |TAMS 0x0000000725200000, 0x0000000725200000| Untracked 
| 298|0x0000000725400000, 0x0000000725400000, 0x0000000725600000|  0%| F|  |TAMS 0x0000000725400000, 0x0000000725400000| Untracked 
| 299|0x0000000725600000, 0x0000000725600000, 0x0000000725800000|  0%| F|  |TAMS 0x0000000725600000, 0x0000000725600000| Untracked 
| 300|0x0000000725800000, 0x0000000725800000, 0x0000000725a00000|  0%| F|  |TAMS 0x0000000725800000, 0x0000000725800000| Untracked 
| 301|0x0000000725a00000, 0x0000000725a00000, 0x0000000725c00000|  0%| F|  |TAMS 0x0000000725a00000, 0x0000000725a00000| Untracked 
| 302|0x0000000725c00000, 0x0000000725c00000, 0x0000000725e00000|  0%| F|  |TAMS 0x0000000725c00000, 0x0000000725c00000| Untracked 
| 303|0x0000000725e00000, 0x0000000725e00000, 0x0000000726000000|  0%| F|  |TAMS 0x0000000725e00000, 0x0000000725e00000| Untracked 
| 304|0x0000000726000000, 0x0000000726000000, 0x0000000726200000|  0%| F|  |TAMS 0x0000000726000000, 0x0000000726000000| Untracked 
| 305|0x0000000726200000, 0x0000000726200000, 0x0000000726400000|  0%| F|  |TAMS 0x0000000726200000, 0x0000000726200000| Untracked 
| 306|0x0000000726400000, 0x0000000726400000, 0x0000000726600000|  0%| F|  |TAMS 0x0000000726400000, 0x0000000726400000| Untracked 
| 307|0x0000000726600000, 0x0000000726600000, 0x0000000726800000|  0%| F|  |TAMS 0x0000000726600000, 0x0000000726600000| Untracked 
| 308|0x0000000726800000, 0x0000000726800000, 0x0000000726a00000|  0%| F|  |TAMS 0x0000000726800000, 0x0000000726800000| Untracked 
| 309|0x0000000726a00000, 0x0000000726a00000, 0x0000000726c00000|  0%| F|  |TAMS 0x0000000726a00000, 0x0000000726a00000| Untracked 
| 310|0x0000000726c00000, 0x0000000726c00000, 0x0000000726e00000|  0%| F|  |TAMS 0x0000000726c00000, 0x0000000726c00000| Untracked 
| 311|0x0000000726e00000, 0x0000000726e00000, 0x0000000727000000|  0%| F|  |TAMS 0x0000000726e00000, 0x0000000726e00000| Untracked 
| 312|0x0000000727000000, 0x0000000727000000, 0x0000000727200000|  0%| F|  |TAMS 0x0000000727000000, 0x0000000727000000| Untracked 
| 313|0x0000000727200000, 0x0000000727200000, 0x0000000727400000|  0%| F|  |TAMS 0x0000000727200000, 0x0000000727200000| Untracked 
| 314|0x0000000727400000, 0x0000000727400000, 0x0000000727600000|  0%| F|  |TAMS 0x0000000727400000, 0x0000000727400000| Untracked 
| 315|0x0000000727600000, 0x0000000727600000, 0x0000000727800000|  0%| F|  |TAMS 0x0000000727600000, 0x0000000727600000| Untracked 
| 316|0x0000000727800000, 0x0000000727800000, 0x0000000727a00000|  0%| F|  |TAMS 0x0000000727800000, 0x0000000727800000| Untracked 
| 317|0x0000000727a00000, 0x0000000727a00000, 0x0000000727c00000|  0%| F|  |TAMS 0x0000000727a00000, 0x0000000727a00000| Untracked 
| 318|0x0000000727c00000, 0x0000000727c00000, 0x0000000727e00000|  0%| F|  |TAMS 0x0000000727c00000, 0x0000000727c00000| Untracked 
| 319|0x0000000727e00000, 0x0000000727e00000, 0x0000000728000000|  0%| F|  |TAMS 0x0000000727e00000, 0x0000000727e00000| Untracked 
| 320|0x0000000728000000, 0x0000000728000000, 0x0000000728200000|  0%| F|  |TAMS 0x0000000728000000, 0x0000000728000000| Untracked 
| 321|0x0000000728200000, 0x0000000728200000, 0x0000000728400000|  0%| F|  |TAMS 0x0000000728200000, 0x0000000728200000| Untracked 
| 322|0x0000000728400000, 0x0000000728400000, 0x0000000728600000|  0%| F|  |TAMS 0x0000000728400000, 0x0000000728400000| Untracked 
| 323|0x0000000728600000, 0x0000000728600000, 0x0000000728800000|  0%| F|  |TAMS 0x0000000728600000, 0x0000000728600000| Untracked 
| 324|0x0000000728800000, 0x0000000728800000, 0x0000000728a00000|  0%| F|  |TAMS 0x0000000728800000, 0x0000000728800000| Untracked 
| 325|0x0000000728a00000, 0x0000000728a00000, 0x0000000728c00000|  0%| F|  |TAMS 0x0000000728a00000, 0x0000000728a00000| Untracked 
| 326|0x0000000728c00000, 0x0000000728c00000, 0x0000000728e00000|  0%| F|  |TAMS 0x0000000728c00000, 0x0000000728c00000| Untracked 
| 327|0x0000000728e00000, 0x0000000728e00000, 0x0000000729000000|  0%| F|  |TAMS 0x0000000728e00000, 0x0000000728e00000| Untracked 
| 328|0x0000000729000000, 0x0000000729000000, 0x0000000729200000|  0%| F|  |TAMS 0x0000000729000000, 0x0000000729000000| Untracked 
| 329|0x0000000729200000, 0x0000000729200000, 0x0000000729400000|  0%| F|  |TAMS 0x0000000729200000, 0x0000000729200000| Untracked 
| 330|0x0000000729400000, 0x0000000729400000, 0x0000000729600000|  0%| F|  |TAMS 0x0000000729400000, 0x0000000729400000| Untracked 
| 331|0x0000000729600000, 0x0000000729600000, 0x0000000729800000|  0%| F|  |TAMS 0x0000000729600000, 0x0000000729600000| Untracked 
| 332|0x0000000729800000, 0x0000000729800000, 0x0000000729a00000|  0%| F|  |TAMS 0x0000000729800000, 0x0000000729800000| Untracked 
| 333|0x0000000729a00000, 0x0000000729b542f0, 0x0000000729c00000| 66%| S|CS|TAMS 0x0000000729a00000, 0x0000000729a00000| Complete 
| 334|0x0000000729c00000, 0x0000000729c00000, 0x0000000729e00000|  0%| F|  |TAMS 0x0000000729c00000, 0x0000000729c00000| Untracked 
| 335|0x0000000729e00000, 0x0000000729e00000, 0x000000072a000000|  0%| F|  |TAMS 0x0000000729e00000, 0x0000000729e00000| Untracked 
| 336|0x000000072a000000, 0x000000072a000000, 0x000000072a200000|  0%| F|  |TAMS 0x000000072a000000, 0x000000072a000000| Untracked 
| 337|0x000000072a200000, 0x000000072a200000, 0x000000072a400000|  0%| F|  |TAMS 0x000000072a200000, 0x000000072a200000| Untracked 
| 338|0x000000072a400000, 0x000000072a400000, 0x000000072a600000|  0%| F|  |TAMS 0x000000072a400000, 0x000000072a400000| Untracked 
| 339|0x000000072a600000, 0x000000072a600000, 0x000000072a800000|  0%| F|  |TAMS 0x000000072a600000, 0x000000072a600000| Untracked 
| 340|0x000000072a800000, 0x000000072a800000, 0x000000072aa00000|  0%| F|  |TAMS 0x000000072a800000, 0x000000072a800000| Untracked 
| 341|0x000000072aa00000, 0x000000072aa00000, 0x000000072ac00000|  0%| F|  |TAMS 0x000000072aa00000, 0x000000072aa00000| Untracked 
| 342|0x000000072ac00000, 0x000000072ac00000, 0x000000072ae00000|  0%| F|  |TAMS 0x000000072ac00000, 0x000000072ac00000| Untracked 
| 343|0x000000072ae00000, 0x000000072ae00000, 0x000000072b000000|  0%| F|  |TAMS 0x000000072ae00000, 0x000000072ae00000| Untracked 
| 344|0x000000072b000000, 0x000000072b000000, 0x000000072b200000|  0%| F|  |TAMS 0x000000072b000000, 0x000000072b000000| Untracked 
| 345|0x000000072b200000, 0x000000072b200000, 0x000000072b400000|  0%| F|  |TAMS 0x000000072b200000, 0x000000072b200000| Untracked 
| 346|0x000000072b400000, 0x000000072b400000, 0x000000072b600000|  0%| F|  |TAMS 0x000000072b400000, 0x000000072b400000| Untracked 
| 347|0x000000072b600000, 0x000000072b600000, 0x000000072b800000|  0%| F|  |TAMS 0x000000072b600000, 0x000000072b600000| Untracked 
| 348|0x000000072b800000, 0x000000072b800000, 0x000000072ba00000|  0%| F|  |TAMS 0x000000072b800000, 0x000000072b800000| Untracked 
| 349|0x000000072ba00000, 0x000000072ba00000, 0x000000072bc00000|  0%| F|  |TAMS 0x000000072ba00000, 0x000000072ba00000| Untracked 
| 350|0x000000072bc00000, 0x000000072bc00000, 0x000000072be00000|  0%| F|  |TAMS 0x000000072bc00000, 0x000000072bc00000| Untracked 
| 351|0x000000072be00000, 0x000000072be00000, 0x000000072c000000|  0%| F|  |TAMS 0x000000072be00000, 0x000000072be00000| Untracked 
| 352|0x000000072c000000, 0x000000072c000000, 0x000000072c200000|  0%| F|  |TAMS 0x000000072c000000, 0x000000072c000000| Untracked 
| 353|0x000000072c200000, 0x000000072c200000, 0x000000072c400000|  0%| F|  |TAMS 0x000000072c200000, 0x000000072c200000| Untracked 
| 354|0x000000072c400000, 0x000000072c400000, 0x000000072c600000|  0%| F|  |TAMS 0x000000072c400000, 0x000000072c400000| Untracked 
| 355|0x000000072c600000, 0x000000072c600000, 0x000000072c800000|  0%| F|  |TAMS 0x000000072c600000, 0x000000072c600000| Untracked 
| 356|0x000000072c800000, 0x000000072c800000, 0x000000072ca00000|  0%| F|  |TAMS 0x000000072c800000, 0x000000072c800000| Untracked 
| 357|0x000000072ca00000, 0x000000072ca00000, 0x000000072cc00000|  0%| F|  |TAMS 0x000000072ca00000, 0x000000072ca00000| Untracked 
| 358|0x000000072cc00000, 0x000000072cc00000, 0x000000072ce00000|  0%| F|  |TAMS 0x000000072cc00000, 0x000000072cc00000| Untracked 
| 359|0x000000072ce00000, 0x000000072ce00000, 0x000000072d000000|  0%| F|  |TAMS 0x000000072ce00000, 0x000000072ce00000| Untracked 
| 360|0x000000072d000000, 0x000000072d000000, 0x000000072d200000|  0%| F|  |TAMS 0x000000072d000000, 0x000000072d000000| Untracked 
| 361|0x000000072d200000, 0x000000072d200000, 0x000000072d400000|  0%| F|  |TAMS 0x000000072d200000, 0x000000072d200000| Untracked 
| 362|0x000000072d400000, 0x000000072d400000, 0x000000072d600000|  0%| F|  |TAMS 0x000000072d400000, 0x000000072d400000| Untracked 
| 363|0x000000072d600000, 0x000000072d600000, 0x000000072d800000|  0%| F|  |TAMS 0x000000072d600000, 0x000000072d600000| Untracked 
| 364|0x000000072d800000, 0x000000072d800000, 0x000000072da00000|  0%| F|  |TAMS 0x000000072d800000, 0x000000072d800000| Untracked 
| 365|0x000000072da00000, 0x000000072da00000, 0x000000072dc00000|  0%| F|  |TAMS 0x000000072da00000, 0x000000072da00000| Untracked 
| 366|0x000000072dc00000, 0x000000072dc00000, 0x000000072de00000|  0%| F|  |TAMS 0x000000072dc00000, 0x000000072dc00000| Untracked 
| 367|0x000000072de00000, 0x000000072de00000, 0x000000072e000000|  0%| F|  |TAMS 0x000000072de00000, 0x000000072de00000| Untracked 
| 368|0x000000072e000000, 0x000000072e000000, 0x000000072e200000|  0%| F|  |TAMS 0x000000072e000000, 0x000000072e000000| Untracked 
| 369|0x000000072e200000, 0x000000072e200000, 0x000000072e400000|  0%| F|  |TAMS 0x000000072e200000, 0x000000072e200000| Untracked 
| 370|0x000000072e400000, 0x000000072e400000, 0x000000072e600000|  0%| F|  |TAMS 0x000000072e400000, 0x000000072e400000| Untracked 
| 371|0x000000072e600000, 0x000000072e600000, 0x000000072e800000|  0%| F|  |TAMS 0x000000072e600000, 0x000000072e600000| Untracked 
| 372|0x000000072e800000, 0x000000072e800000, 0x000000072ea00000|  0%| F|  |TAMS 0x000000072e800000, 0x000000072e800000| Untracked 
| 373|0x000000072ea00000, 0x000000072ea00000, 0x000000072ec00000|  0%| F|  |TAMS 0x000000072ea00000, 0x000000072ea00000| Untracked 
| 374|0x000000072ec00000, 0x000000072ec00000, 0x000000072ee00000|  0%| F|  |TAMS 0x000000072ec00000, 0x000000072ec00000| Untracked 
| 375|0x000000072ee00000, 0x000000072ee00000, 0x000000072f000000|  0%| F|  |TAMS 0x000000072ee00000, 0x000000072ee00000| Untracked 
| 376|0x000000072f000000, 0x000000072f000000, 0x000000072f200000|  0%| F|  |TAMS 0x000000072f000000, 0x000000072f000000| Untracked 
| 377|0x000000072f200000, 0x000000072f200000, 0x000000072f400000|  0%| F|  |TAMS 0x000000072f200000, 0x000000072f200000| Untracked 
| 378|0x000000072f400000, 0x000000072f400000, 0x000000072f600000|  0%| F|  |TAMS 0x000000072f400000, 0x000000072f400000| Untracked 
| 379|0x000000072f600000, 0x000000072f600000, 0x000000072f800000|  0%| F|  |TAMS 0x000000072f600000, 0x000000072f600000| Untracked 
| 380|0x000000072f800000, 0x000000072f800000, 0x000000072fa00000|  0%| F|  |TAMS 0x000000072f800000, 0x000000072f800000| Untracked 
| 381|0x000000072fa00000, 0x000000072fa00000, 0x000000072fc00000|  0%| F|  |TAMS 0x000000072fa00000, 0x000000072fa00000| Untracked 
| 382|0x000000072fc00000, 0x000000072fc00000, 0x000000072fe00000|  0%| F|  |TAMS 0x000000072fc00000, 0x000000072fc00000| Untracked 
| 383|0x000000072fe00000, 0x000000072fe00000, 0x0000000730000000|  0%| F|  |TAMS 0x000000072fe00000, 0x000000072fe00000| Untracked 
| 384|0x0000000730000000, 0x0000000730000000, 0x0000000730200000|  0%| F|  |TAMS 0x0000000730000000, 0x0000000730000000| Untracked 
| 385|0x0000000730200000, 0x0000000730200000, 0x0000000730400000|  0%| F|  |TAMS 0x0000000730200000, 0x0000000730200000| Untracked 
| 386|0x0000000730400000, 0x0000000730400000, 0x0000000730600000|  0%| F|  |TAMS 0x0000000730400000, 0x0000000730400000| Untracked 
| 387|0x0000000730600000, 0x0000000730600000, 0x0000000730800000|  0%| F|  |TAMS 0x0000000730600000, 0x0000000730600000| Untracked 
| 388|0x0000000730800000, 0x0000000730800000, 0x0000000730a00000|  0%| F|  |TAMS 0x0000000730800000, 0x0000000730800000| Untracked 
| 389|0x0000000730a00000, 0x0000000730a00000, 0x0000000730c00000|  0%| F|  |TAMS 0x0000000730a00000, 0x0000000730a00000| Untracked 
| 390|0x0000000730c00000, 0x0000000730c00000, 0x0000000730e00000|  0%| F|  |TAMS 0x0000000730c00000, 0x0000000730c00000| Untracked 
| 391|0x0000000730e00000, 0x0000000730e00000, 0x0000000731000000|  0%| F|  |TAMS 0x0000000730e00000, 0x0000000730e00000| Untracked 
| 392|0x0000000731000000, 0x0000000731000000, 0x0000000731200000|  0%| F|  |TAMS 0x0000000731000000, 0x0000000731000000| Untracked 
| 393|0x0000000731200000, 0x0000000731200000, 0x0000000731400000|  0%| F|  |TAMS 0x0000000731200000, 0x0000000731200000| Untracked 
| 394|0x0000000731400000, 0x0000000731400000, 0x0000000731600000|  0%| F|  |TAMS 0x0000000731400000, 0x0000000731400000| Untracked 
| 395|0x0000000731600000, 0x0000000731600000, 0x0000000731800000|  0%| F|  |TAMS 0x0000000731600000, 0x0000000731600000| Untracked 
| 396|0x0000000731800000, 0x0000000731800000, 0x0000000731a00000|  0%| F|  |TAMS 0x0000000731800000, 0x0000000731800000| Untracked 
| 397|0x0000000731a00000, 0x0000000731a00000, 0x0000000731c00000|  0%| F|  |TAMS 0x0000000731a00000, 0x0000000731a00000| Untracked 
| 398|0x0000000731c00000, 0x0000000731c00000, 0x0000000731e00000|  0%| F|  |TAMS 0x0000000731c00000, 0x0000000731c00000| Untracked 
| 399|0x0000000731e00000, 0x0000000731e00000, 0x0000000732000000|  0%| F|  |TAMS 0x0000000731e00000, 0x0000000731e00000| Untracked 
| 400|0x0000000732000000, 0x0000000732000000, 0x0000000732200000|  0%| F|  |TAMS 0x0000000732000000, 0x0000000732000000| Untracked 
| 401|0x0000000732200000, 0x0000000732200000, 0x0000000732400000|  0%| F|  |TAMS 0x0000000732200000, 0x0000000732200000| Untracked 
| 402|0x0000000732400000, 0x0000000732400000, 0x0000000732600000|  0%| F|  |TAMS 0x0000000732400000, 0x0000000732400000| Untracked 
| 403|0x0000000732600000, 0x0000000732600000, 0x0000000732800000|  0%| F|  |TAMS 0x0000000732600000, 0x0000000732600000| Untracked 
| 404|0x0000000732800000, 0x0000000732800000, 0x0000000732a00000|  0%| F|  |TAMS 0x0000000732800000, 0x0000000732800000| Untracked 
| 405|0x0000000732a00000, 0x0000000732a00000, 0x0000000732c00000|  0%| F|  |TAMS 0x0000000732a00000, 0x0000000732a00000| Untracked 
| 406|0x0000000732c00000, 0x0000000732c00000, 0x0000000732e00000|  0%| F|  |TAMS 0x0000000732c00000, 0x0000000732c00000| Untracked 
| 407|0x0000000732e00000, 0x0000000732e00000, 0x0000000733000000|  0%| F|  |TAMS 0x0000000732e00000, 0x0000000732e00000| Untracked 
| 408|0x0000000733000000, 0x0000000733000000, 0x0000000733200000|  0%| F|  |TAMS 0x0000000733000000, 0x0000000733000000| Untracked 
| 409|0x0000000733200000, 0x0000000733200000, 0x0000000733400000|  0%| F|  |TAMS 0x0000000733200000, 0x0000000733200000| Untracked 
| 410|0x0000000733400000, 0x0000000733400000, 0x0000000733600000|  0%| F|  |TAMS 0x0000000733400000, 0x0000000733400000| Untracked 
| 411|0x0000000733600000, 0x0000000733600000, 0x0000000733800000|  0%| F|  |TAMS 0x0000000733600000, 0x0000000733600000| Untracked 
| 412|0x0000000733800000, 0x0000000733800000, 0x0000000733a00000|  0%| F|  |TAMS 0x0000000733800000, 0x0000000733800000| Untracked 
| 413|0x0000000733a00000, 0x0000000733a00000, 0x0000000733c00000|  0%| F|  |TAMS 0x0000000733a00000, 0x0000000733a00000| Untracked 
| 414|0x0000000733c00000, 0x0000000733c00000, 0x0000000733e00000|  0%| F|  |TAMS 0x0000000733c00000, 0x0000000733c00000| Untracked 
| 415|0x0000000733e00000, 0x0000000733e00000, 0x0000000734000000|  0%| F|  |TAMS 0x0000000733e00000, 0x0000000733e00000| Untracked 
| 416|0x0000000734000000, 0x0000000734000000, 0x0000000734200000|  0%| F|  |TAMS 0x0000000734000000, 0x0000000734000000| Untracked 
| 417|0x0000000734200000, 0x0000000734200000, 0x0000000734400000|  0%| F|  |TAMS 0x0000000734200000, 0x0000000734200000| Untracked 
| 418|0x0000000734400000, 0x0000000734400000, 0x0000000734600000|  0%| F|  |TAMS 0x0000000734400000, 0x0000000734400000| Untracked 
| 419|0x0000000734600000, 0x0000000734600000, 0x0000000734800000|  0%| F|  |TAMS 0x0000000734600000, 0x0000000734600000| Untracked 
| 420|0x0000000734800000, 0x0000000734800000, 0x0000000734a00000|  0%| F|  |TAMS 0x0000000734800000, 0x0000000734800000| Untracked 
| 421|0x0000000734a00000, 0x0000000734a00000, 0x0000000734c00000|  0%| F|  |TAMS 0x0000000734a00000, 0x0000000734a00000| Untracked 
| 422|0x0000000734c00000, 0x0000000734c00000, 0x0000000734e00000|  0%| F|  |TAMS 0x0000000734c00000, 0x0000000734c00000| Untracked 
| 423|0x0000000734e00000, 0x0000000734e00000, 0x0000000735000000|  0%| F|  |TAMS 0x0000000734e00000, 0x0000000734e00000| Untracked 
| 424|0x0000000735000000, 0x0000000735000000, 0x0000000735200000|  0%| F|  |TAMS 0x0000000735000000, 0x0000000735000000| Untracked 
| 425|0x0000000735200000, 0x0000000735200000, 0x0000000735400000|  0%| F|  |TAMS 0x0000000735200000, 0x0000000735200000| Untracked 
| 426|0x0000000735400000, 0x0000000735400000, 0x0000000735600000|  0%| F|  |TAMS 0x0000000735400000, 0x0000000735400000| Untracked 
| 427|0x0000000735600000, 0x0000000735600000, 0x0000000735800000|  0%| F|  |TAMS 0x0000000735600000, 0x0000000735600000| Untracked 
| 428|0x0000000735800000, 0x0000000735800000, 0x0000000735a00000|  0%| F|  |TAMS 0x0000000735800000, 0x0000000735800000| Untracked 
| 429|0x0000000735a00000, 0x0000000735a00000, 0x0000000735c00000|  0%| F|  |TAMS 0x0000000735a00000, 0x0000000735a00000| Untracked 
| 430|0x0000000735c00000, 0x0000000735c00000, 0x0000000735e00000|  0%| F|  |TAMS 0x0000000735c00000, 0x0000000735c00000| Untracked 
| 431|0x0000000735e00000, 0x0000000735e00000, 0x0000000736000000|  0%| F|  |TAMS 0x0000000735e00000, 0x0000000735e00000| Untracked 
| 432|0x0000000736000000, 0x0000000736000000, 0x0000000736200000|  0%| F|  |TAMS 0x0000000736000000, 0x0000000736000000| Untracked 
| 433|0x0000000736200000, 0x0000000736200000, 0x0000000736400000|  0%| F|  |TAMS 0x0000000736200000, 0x0000000736200000| Untracked 
| 434|0x0000000736400000, 0x0000000736400000, 0x0000000736600000|  0%| F|  |TAMS 0x0000000736400000, 0x0000000736400000| Untracked 
| 435|0x0000000736600000, 0x0000000736600000, 0x0000000736800000|  0%| F|  |TAMS 0x0000000736600000, 0x0000000736600000| Untracked 
| 436|0x0000000736800000, 0x0000000736800000, 0x0000000736a00000|  0%| F|  |TAMS 0x0000000736800000, 0x0000000736800000| Untracked 
| 437|0x0000000736a00000, 0x0000000736a00000, 0x0000000736c00000|  0%| F|  |TAMS 0x0000000736a00000, 0x0000000736a00000| Untracked 
| 438|0x0000000736c00000, 0x0000000736c00000, 0x0000000736e00000|  0%| F|  |TAMS 0x0000000736c00000, 0x0000000736c00000| Untracked 
| 439|0x0000000736e00000, 0x0000000736e00000, 0x0000000737000000|  0%| F|  |TAMS 0x0000000736e00000, 0x0000000736e00000| Untracked 
| 440|0x0000000737000000, 0x0000000737000000, 0x0000000737200000|  0%| F|  |TAMS 0x0000000737000000, 0x0000000737000000| Untracked 
| 441|0x0000000737200000, 0x0000000737200000, 0x0000000737400000|  0%| F|  |TAMS 0x0000000737200000, 0x0000000737200000| Untracked 
| 442|0x0000000737400000, 0x0000000737400000, 0x0000000737600000|  0%| F|  |TAMS 0x0000000737400000, 0x0000000737400000| Untracked 
| 443|0x0000000737600000, 0x0000000737600000, 0x0000000737800000|  0%| F|  |TAMS 0x0000000737600000, 0x0000000737600000| Untracked 
| 444|0x0000000737800000, 0x0000000737800000, 0x0000000737a00000|  0%| F|  |TAMS 0x0000000737800000, 0x0000000737800000| Untracked 
| 445|0x0000000737a00000, 0x0000000737a00000, 0x0000000737c00000|  0%| F|  |TAMS 0x0000000737a00000, 0x0000000737a00000| Untracked 
| 446|0x0000000737c00000, 0x0000000737c00000, 0x0000000737e00000|  0%| F|  |TAMS 0x0000000737c00000, 0x0000000737c00000| Untracked 
| 447|0x0000000737e00000, 0x0000000737e00000, 0x0000000738000000|  0%| F|  |TAMS 0x0000000737e00000, 0x0000000737e00000| Untracked 
| 448|0x0000000738000000, 0x0000000738000000, 0x0000000738200000|  0%| F|  |TAMS 0x0000000738000000, 0x0000000738000000| Untracked 
| 449|0x0000000738200000, 0x0000000738200000, 0x0000000738400000|  0%| F|  |TAMS 0x0000000738200000, 0x0000000738200000| Untracked 
| 450|0x0000000738400000, 0x0000000738400000, 0x0000000738600000|  0%| F|  |TAMS 0x0000000738400000, 0x0000000738400000| Untracked 
| 451|0x0000000738600000, 0x0000000738600000, 0x0000000738800000|  0%| F|  |TAMS 0x0000000738600000, 0x0000000738600000| Untracked 
| 452|0x0000000738800000, 0x0000000738800000, 0x0000000738a00000|  0%| F|  |TAMS 0x0000000738800000, 0x0000000738800000| Untracked 
| 453|0x0000000738a00000, 0x0000000738a00000, 0x0000000738c00000|  0%| F|  |TAMS 0x0000000738a00000, 0x0000000738a00000| Untracked 
| 454|0x0000000738c00000, 0x0000000738c00000, 0x0000000738e00000|  0%| F|  |TAMS 0x0000000738c00000, 0x0000000738c00000| Untracked 
| 455|0x0000000738e00000, 0x0000000738e00000, 0x0000000739000000|  0%| F|  |TAMS 0x0000000738e00000, 0x0000000738e00000| Untracked 
| 456|0x0000000739000000, 0x0000000739000000, 0x0000000739200000|  0%| F|  |TAMS 0x0000000739000000, 0x0000000739000000| Untracked 
| 457|0x0000000739200000, 0x0000000739200000, 0x0000000739400000|  0%| F|  |TAMS 0x0000000739200000, 0x0000000739200000| Untracked 
| 458|0x0000000739400000, 0x0000000739400000, 0x0000000739600000|  0%| F|  |TAMS 0x0000000739400000, 0x0000000739400000| Untracked 
| 459|0x0000000739600000, 0x0000000739600000, 0x0000000739800000|  0%| F|  |TAMS 0x0000000739600000, 0x0000000739600000| Untracked 
| 460|0x0000000739800000, 0x0000000739800000, 0x0000000739a00000|  0%| F|  |TAMS 0x0000000739800000, 0x0000000739800000| Untracked 
| 461|0x0000000739a00000, 0x0000000739a00000, 0x0000000739c00000|  0%| F|  |TAMS 0x0000000739a00000, 0x0000000739a00000| Untracked 
| 462|0x0000000739c00000, 0x0000000739c00000, 0x0000000739e00000|  0%| F|  |TAMS 0x0000000739c00000, 0x0000000739c00000| Untracked 
| 463|0x0000000739e00000, 0x0000000739e00000, 0x000000073a000000|  0%| F|  |TAMS 0x0000000739e00000, 0x0000000739e00000| Untracked 
| 464|0x000000073a000000, 0x000000073a000000, 0x000000073a200000|  0%| F|  |TAMS 0x000000073a000000, 0x000000073a000000| Untracked 
| 465|0x000000073a200000, 0x000000073a200000, 0x000000073a400000|  0%| F|  |TAMS 0x000000073a200000, 0x000000073a200000| Untracked 
| 466|0x000000073a400000, 0x000000073a400000, 0x000000073a600000|  0%| F|  |TAMS 0x000000073a400000, 0x000000073a400000| Untracked 
| 467|0x000000073a600000, 0x000000073a600000, 0x000000073a800000|  0%| F|  |TAMS 0x000000073a600000, 0x000000073a600000| Untracked 
| 468|0x000000073a800000, 0x000000073a800000, 0x000000073aa00000|  0%| F|  |TAMS 0x000000073a800000, 0x000000073a800000| Untracked 
| 469|0x000000073aa00000, 0x000000073aa00000, 0x000000073ac00000|  0%| F|  |TAMS 0x000000073aa00000, 0x000000073aa00000| Untracked 
| 470|0x000000073ac00000, 0x000000073ac00000, 0x000000073ae00000|  0%| F|  |TAMS 0x000000073ac00000, 0x000000073ac00000| Untracked 
| 471|0x000000073ae00000, 0x000000073ae00000, 0x000000073b000000|  0%| F|  |TAMS 0x000000073ae00000, 0x000000073ae00000| Untracked 
| 472|0x000000073b000000, 0x000000073b000000, 0x000000073b200000|  0%| F|  |TAMS 0x000000073b000000, 0x000000073b000000| Untracked 
| 473|0x000000073b200000, 0x000000073b200000, 0x000000073b400000|  0%| F|  |TAMS 0x000000073b200000, 0x000000073b200000| Untracked 
| 474|0x000000073b400000, 0x000000073b400000, 0x000000073b600000|  0%| F|  |TAMS 0x000000073b400000, 0x000000073b400000| Untracked 
| 475|0x000000073b600000, 0x000000073b600000, 0x000000073b800000|  0%| F|  |TAMS 0x000000073b600000, 0x000000073b600000| Untracked 
| 476|0x000000073b800000, 0x000000073b800000, 0x000000073ba00000|  0%| F|  |TAMS 0x000000073b800000, 0x000000073b800000| Untracked 
| 477|0x000000073ba00000, 0x000000073ba00000, 0x000000073bc00000|  0%| F|  |TAMS 0x000000073ba00000, 0x000000073ba00000| Untracked 
| 478|0x000000073bc00000, 0x000000073bc00000, 0x000000073be00000|  0%| F|  |TAMS 0x000000073bc00000, 0x000000073bc00000| Untracked 
| 479|0x000000073be00000, 0x000000073be00000, 0x000000073c000000|  0%| F|  |TAMS 0x000000073be00000, 0x000000073be00000| Untracked 
| 480|0x000000073c000000, 0x000000073c000000, 0x000000073c200000|  0%| F|  |TAMS 0x000000073c000000, 0x000000073c000000| Untracked 
| 481|0x000000073c200000, 0x000000073c200000, 0x000000073c400000|  0%| F|  |TAMS 0x000000073c200000, 0x000000073c200000| Untracked 
| 482|0x000000073c400000, 0x000000073c400000, 0x000000073c600000|  0%| F|  |TAMS 0x000000073c400000, 0x000000073c400000| Untracked 
| 483|0x000000073c600000, 0x000000073c600000, 0x000000073c800000|  0%| F|  |TAMS 0x000000073c600000, 0x000000073c600000| Untracked 
| 484|0x000000073c800000, 0x000000073c800000, 0x000000073ca00000|  0%| F|  |TAMS 0x000000073c800000, 0x000000073c800000| Untracked 
| 485|0x000000073ca00000, 0x000000073ca00000, 0x000000073cc00000|  0%| F|  |TAMS 0x000000073ca00000, 0x000000073ca00000| Untracked 
| 486|0x000000073cc00000, 0x000000073cc00000, 0x000000073ce00000|  0%| F|  |TAMS 0x000000073cc00000, 0x000000073cc00000| Untracked 
| 487|0x000000073ce00000, 0x000000073ce00000, 0x000000073d000000|  0%| F|  |TAMS 0x000000073ce00000, 0x000000073ce00000| Untracked 
| 488|0x000000073d000000, 0x000000073d000000, 0x000000073d200000|  0%| F|  |TAMS 0x000000073d000000, 0x000000073d000000| Untracked 
| 489|0x000000073d200000, 0x000000073d200000, 0x000000073d400000|  0%| F|  |TAMS 0x000000073d200000, 0x000000073d200000| Untracked 
| 490|0x000000073d400000, 0x000000073d400000, 0x000000073d600000|  0%| F|  |TAMS 0x000000073d400000, 0x000000073d400000| Untracked 
| 491|0x000000073d600000, 0x000000073d600000, 0x000000073d800000|  0%| F|  |TAMS 0x000000073d600000, 0x000000073d600000| Untracked 
| 492|0x000000073d800000, 0x000000073d800000, 0x000000073da00000|  0%| F|  |TAMS 0x000000073d800000, 0x000000073d800000| Untracked 
| 493|0x000000073da00000, 0x000000073da00000, 0x000000073dc00000|  0%| F|  |TAMS 0x000000073da00000, 0x000000073da00000| Untracked 
| 494|0x000000073dc00000, 0x000000073dc00000, 0x000000073de00000|  0%| F|  |TAMS 0x000000073dc00000, 0x000000073dc00000| Untracked 
| 495|0x000000073de00000, 0x000000073de00000, 0x000000073e000000|  0%| F|  |TAMS 0x000000073de00000, 0x000000073de00000| Untracked 
| 496|0x000000073e000000, 0x000000073e000000, 0x000000073e200000|  0%| F|  |TAMS 0x000000073e000000, 0x000000073e000000| Untracked 
| 497|0x000000073e200000, 0x000000073e200000, 0x000000073e400000|  0%| F|  |TAMS 0x000000073e200000, 0x000000073e200000| Untracked 
| 498|0x000000073e400000, 0x000000073e400000, 0x000000073e600000|  0%| F|  |TAMS 0x000000073e400000, 0x000000073e400000| Untracked 
| 499|0x000000073e600000, 0x000000073e600000, 0x000000073e800000|  0%| F|  |TAMS 0x000000073e600000, 0x000000073e600000| Untracked 
| 500|0x000000073e800000, 0x000000073e800000, 0x000000073ea00000|  0%| F|  |TAMS 0x000000073e800000, 0x000000073e800000| Untracked 
| 501|0x000000073ea00000, 0x000000073ea00000, 0x000000073ec00000|  0%| F|  |TAMS 0x000000073ea00000, 0x000000073ea00000| Untracked 
| 502|0x000000073ec00000, 0x000000073ec00000, 0x000000073ee00000|  0%| F|  |TAMS 0x000000073ec00000, 0x000000073ec00000| Untracked 
| 503|0x000000073ee00000, 0x000000073ee00000, 0x000000073f000000|  0%| F|  |TAMS 0x000000073ee00000, 0x000000073ee00000| Untracked 
| 504|0x000000073f000000, 0x000000073f000000, 0x000000073f200000|  0%| F|  |TAMS 0x000000073f000000, 0x000000073f000000| Untracked 
| 505|0x000000073f200000, 0x000000073f200000, 0x000000073f400000|  0%| F|  |TAMS 0x000000073f200000, 0x000000073f200000| Untracked 
| 506|0x000000073f400000, 0x000000073f400000, 0x000000073f600000|  0%| F|  |TAMS 0x000000073f400000, 0x000000073f400000| Untracked 
| 507|0x000000073f600000, 0x000000073f600000, 0x000000073f800000|  0%| F|  |TAMS 0x000000073f600000, 0x000000073f600000| Untracked 
| 508|0x000000073f800000, 0x000000073f800000, 0x000000073fa00000|  0%| F|  |TAMS 0x000000073f800000, 0x000000073f800000| Untracked 
| 509|0x000000073fa00000, 0x000000073fa00000, 0x000000073fc00000|  0%| F|  |TAMS 0x000000073fa00000, 0x000000073fa00000| Untracked 
| 510|0x000000073fc00000, 0x000000073fc00000, 0x000000073fe00000|  0%| F|  |TAMS 0x000000073fc00000, 0x000000073fc00000| Untracked 
| 511|0x000000073fe00000, 0x000000073fe00000, 0x0000000740000000|  0%| F|  |TAMS 0x000000073fe00000, 0x000000073fe00000| Untracked 
| 512|0x0000000740000000, 0x0000000740000000, 0x0000000740200000|  0%| F|  |TAMS 0x0000000740000000, 0x0000000740000000| Untracked 
| 513|0x0000000740200000, 0x0000000740200000, 0x0000000740400000|  0%| F|  |TAMS 0x0000000740200000, 0x0000000740200000| Untracked 
| 514|0x0000000740400000, 0x0000000740400000, 0x0000000740600000|  0%| F|  |TAMS 0x0000000740400000, 0x0000000740400000| Untracked 
| 515|0x0000000740600000, 0x0000000740600000, 0x0000000740800000|  0%| F|  |TAMS 0x0000000740600000, 0x0000000740600000| Untracked 
| 516|0x0000000740800000, 0x0000000740800000, 0x0000000740a00000|  0%| F|  |TAMS 0x0000000740800000, 0x0000000740800000| Untracked 
| 517|0x0000000740a00000, 0x0000000740a00000, 0x0000000740c00000|  0%| F|  |TAMS 0x0000000740a00000, 0x0000000740a00000| Untracked 
| 518|0x0000000740c00000, 0x0000000740c00000, 0x0000000740e00000|  0%| F|  |TAMS 0x0000000740c00000, 0x0000000740c00000| Untracked 
| 519|0x0000000740e00000, 0x0000000740e00000, 0x0000000741000000|  0%| F|  |TAMS 0x0000000740e00000, 0x0000000740e00000| Untracked 
| 520|0x0000000741000000, 0x0000000741000000, 0x0000000741200000|  0%| F|  |TAMS 0x0000000741000000, 0x0000000741000000| Untracked 
| 521|0x0000000741200000, 0x0000000741200000, 0x0000000741400000|  0%| F|  |TAMS 0x0000000741200000, 0x0000000741200000| Untracked 
| 522|0x0000000741400000, 0x0000000741400000, 0x0000000741600000|  0%| F|  |TAMS 0x0000000741400000, 0x0000000741400000| Untracked 
| 523|0x0000000741600000, 0x0000000741600000, 0x0000000741800000|  0%| F|  |TAMS 0x0000000741600000, 0x0000000741600000| Untracked 
| 524|0x0000000741800000, 0x0000000741800000, 0x0000000741a00000|  0%| F|  |TAMS 0x0000000741800000, 0x0000000741800000| Untracked 
| 525|0x0000000741a00000, 0x0000000741a00000, 0x0000000741c00000|  0%| F|  |TAMS 0x0000000741a00000, 0x0000000741a00000| Untracked 
| 526|0x0000000741c00000, 0x0000000741c00000, 0x0000000741e00000|  0%| F|  |TAMS 0x0000000741c00000, 0x0000000741c00000| Untracked 
| 527|0x0000000741e00000, 0x0000000741e00000, 0x0000000742000000|  0%| F|  |TAMS 0x0000000741e00000, 0x0000000741e00000| Untracked 
| 528|0x0000000742000000, 0x0000000742000000, 0x0000000742200000|  0%| F|  |TAMS 0x0000000742000000, 0x0000000742000000| Untracked 
| 529|0x0000000742200000, 0x0000000742200000, 0x0000000742400000|  0%| F|  |TAMS 0x0000000742200000, 0x0000000742200000| Untracked 
| 530|0x0000000742400000, 0x0000000742400000, 0x0000000742600000|  0%| F|  |TAMS 0x0000000742400000, 0x0000000742400000| Untracked 
| 531|0x0000000742600000, 0x0000000742600000, 0x0000000742800000|  0%| F|  |TAMS 0x0000000742600000, 0x0000000742600000| Untracked 
| 532|0x0000000742800000, 0x0000000742800000, 0x0000000742a00000|  0%| F|  |TAMS 0x0000000742800000, 0x0000000742800000| Untracked 
| 533|0x0000000742a00000, 0x0000000742a00000, 0x0000000742c00000|  0%| F|  |TAMS 0x0000000742a00000, 0x0000000742a00000| Untracked 
| 534|0x0000000742c00000, 0x0000000742c00000, 0x0000000742e00000|  0%| F|  |TAMS 0x0000000742c00000, 0x0000000742c00000| Untracked 
| 535|0x0000000742e00000, 0x0000000742e00000, 0x0000000743000000|  0%| F|  |TAMS 0x0000000742e00000, 0x0000000742e00000| Untracked 
| 536|0x0000000743000000, 0x0000000743000000, 0x0000000743200000|  0%| F|  |TAMS 0x0000000743000000, 0x0000000743000000| Untracked 
| 537|0x0000000743200000, 0x0000000743200000, 0x0000000743400000|  0%| F|  |TAMS 0x0000000743200000, 0x0000000743200000| Untracked 
| 538|0x0000000743400000, 0x0000000743400000, 0x0000000743600000|  0%| F|  |TAMS 0x0000000743400000, 0x0000000743400000| Untracked 
| 539|0x0000000743600000, 0x0000000743600000, 0x0000000743800000|  0%| F|  |TAMS 0x0000000743600000, 0x0000000743600000| Untracked 
| 540|0x0000000743800000, 0x0000000743800000, 0x0000000743a00000|  0%| F|  |TAMS 0x0000000743800000, 0x0000000743800000| Untracked 
| 541|0x0000000743a00000, 0x0000000743a00000, 0x0000000743c00000|  0%| F|  |TAMS 0x0000000743a00000, 0x0000000743a00000| Untracked 
| 542|0x0000000743c00000, 0x0000000743c00000, 0x0000000743e00000|  0%| F|  |TAMS 0x0000000743c00000, 0x0000000743c00000| Untracked 
| 543|0x0000000743e00000, 0x0000000743e00000, 0x0000000744000000|  0%| F|  |TAMS 0x0000000743e00000, 0x0000000743e00000| Untracked 
| 544|0x0000000744000000, 0x0000000744000000, 0x0000000744200000|  0%| F|  |TAMS 0x0000000744000000, 0x0000000744000000| Untracked 
| 545|0x0000000744200000, 0x0000000744200000, 0x0000000744400000|  0%| F|  |TAMS 0x0000000744200000, 0x0000000744200000| Untracked 
| 546|0x0000000744400000, 0x0000000744400000, 0x0000000744600000|  0%| F|  |TAMS 0x0000000744400000, 0x0000000744400000| Untracked 
| 547|0x0000000744600000, 0x0000000744600000, 0x0000000744800000|  0%| F|  |TAMS 0x0000000744600000, 0x0000000744600000| Untracked 
| 548|0x0000000744800000, 0x0000000744800000, 0x0000000744a00000|  0%| F|  |TAMS 0x0000000744800000, 0x0000000744800000| Untracked 
| 549|0x0000000744a00000, 0x0000000744a00000, 0x0000000744c00000|  0%| F|  |TAMS 0x0000000744a00000, 0x0000000744a00000| Untracked 
| 550|0x0000000744c00000, 0x0000000744c00000, 0x0000000744e00000|  0%| F|  |TAMS 0x0000000744c00000, 0x0000000744c00000| Untracked 
| 551|0x0000000744e00000, 0x0000000744e00000, 0x0000000745000000|  0%| F|  |TAMS 0x0000000744e00000, 0x0000000744e00000| Untracked 
| 552|0x0000000745000000, 0x0000000745000000, 0x0000000745200000|  0%| F|  |TAMS 0x0000000745000000, 0x0000000745000000| Untracked 
| 553|0x0000000745200000, 0x0000000745200000, 0x0000000745400000|  0%| F|  |TAMS 0x0000000745200000, 0x0000000745200000| Untracked 
| 554|0x0000000745400000, 0x0000000745400000, 0x0000000745600000|  0%| F|  |TAMS 0x0000000745400000, 0x0000000745400000| Untracked 
| 555|0x0000000745600000, 0x0000000745600000, 0x0000000745800000|  0%| F|  |TAMS 0x0000000745600000, 0x0000000745600000| Untracked 
| 556|0x0000000745800000, 0x0000000745800000, 0x0000000745a00000|  0%| F|  |TAMS 0x0000000745800000, 0x0000000745800000| Untracked 
| 557|0x0000000745a00000, 0x0000000745a00000, 0x0000000745c00000|  0%| F|  |TAMS 0x0000000745a00000, 0x0000000745a00000| Untracked 
| 558|0x0000000745c00000, 0x0000000745c00000, 0x0000000745e00000|  0%| F|  |TAMS 0x0000000745c00000, 0x0000000745c00000| Untracked 
| 559|0x0000000745e00000, 0x0000000745e00000, 0x0000000746000000|  0%| F|  |TAMS 0x0000000745e00000, 0x0000000745e00000| Untracked 
| 560|0x0000000746000000, 0x0000000746000000, 0x0000000746200000|  0%| F|  |TAMS 0x0000000746000000, 0x0000000746000000| Untracked 
| 561|0x0000000746200000, 0x0000000746200000, 0x0000000746400000|  0%| F|  |TAMS 0x0000000746200000, 0x0000000746200000| Untracked 
| 562|0x0000000746400000, 0x0000000746400000, 0x0000000746600000|  0%| F|  |TAMS 0x0000000746400000, 0x0000000746400000| Untracked 
| 563|0x0000000746600000, 0x0000000746600000, 0x0000000746800000|  0%| F|  |TAMS 0x0000000746600000, 0x0000000746600000| Untracked 
| 564|0x0000000746800000, 0x0000000746800000, 0x0000000746a00000|  0%| F|  |TAMS 0x0000000746800000, 0x0000000746800000| Untracked 
| 565|0x0000000746a00000, 0x0000000746a00000, 0x0000000746c00000|  0%| F|  |TAMS 0x0000000746a00000, 0x0000000746a00000| Untracked 
| 566|0x0000000746c00000, 0x0000000746c00000, 0x0000000746e00000|  0%| F|  |TAMS 0x0000000746c00000, 0x0000000746c00000| Untracked 
| 567|0x0000000746e00000, 0x0000000746e00000, 0x0000000747000000|  0%| F|  |TAMS 0x0000000746e00000, 0x0000000746e00000| Untracked 
| 568|0x0000000747000000, 0x0000000747000000, 0x0000000747200000|  0%| F|  |TAMS 0x0000000747000000, 0x0000000747000000| Untracked 
| 569|0x0000000747200000, 0x0000000747200000, 0x0000000747400000|  0%| F|  |TAMS 0x0000000747200000, 0x0000000747200000| Untracked 
| 570|0x0000000747400000, 0x0000000747400000, 0x0000000747600000|  0%| F|  |TAMS 0x0000000747400000, 0x0000000747400000| Untracked 
| 571|0x0000000747600000, 0x0000000747600000, 0x0000000747800000|  0%| F|  |TAMS 0x0000000747600000, 0x0000000747600000| Untracked 
| 572|0x0000000747800000, 0x0000000747800000, 0x0000000747a00000|  0%| F|  |TAMS 0x0000000747800000, 0x0000000747800000| Untracked 
| 573|0x0000000747a00000, 0x0000000747a00000, 0x0000000747c00000|  0%| F|  |TAMS 0x0000000747a00000, 0x0000000747a00000| Untracked 
| 574|0x0000000747c00000, 0x0000000747c00000, 0x0000000747e00000|  0%| F|  |TAMS 0x0000000747c00000, 0x0000000747c00000| Untracked 
| 575|0x0000000747e00000, 0x0000000747e00000, 0x0000000748000000|  0%| F|  |TAMS 0x0000000747e00000, 0x0000000747e00000| Untracked 
| 576|0x0000000748000000, 0x0000000748000000, 0x0000000748200000|  0%| F|  |TAMS 0x0000000748000000, 0x0000000748000000| Untracked 
| 577|0x0000000748200000, 0x0000000748200000, 0x0000000748400000|  0%| F|  |TAMS 0x0000000748200000, 0x0000000748200000| Untracked 
| 578|0x0000000748400000, 0x0000000748400000, 0x0000000748600000|  0%| F|  |TAMS 0x0000000748400000, 0x0000000748400000| Untracked 
| 579|0x0000000748600000, 0x0000000748600000, 0x0000000748800000|  0%| F|  |TAMS 0x0000000748600000, 0x0000000748600000| Untracked 
| 580|0x0000000748800000, 0x0000000748800000, 0x0000000748a00000|  0%| F|  |TAMS 0x0000000748800000, 0x0000000748800000| Untracked 
| 581|0x0000000748a00000, 0x0000000748a00000, 0x0000000748c00000|  0%| F|  |TAMS 0x0000000748a00000, 0x0000000748a00000| Untracked 
| 582|0x0000000748c00000, 0x0000000748c00000, 0x0000000748e00000|  0%| F|  |TAMS 0x0000000748c00000, 0x0000000748c00000| Untracked 
| 583|0x0000000748e00000, 0x0000000748e00000, 0x0000000749000000|  0%| F|  |TAMS 0x0000000748e00000, 0x0000000748e00000| Untracked 
| 584|0x0000000749000000, 0x0000000749000000, 0x0000000749200000|  0%| F|  |TAMS 0x0000000749000000, 0x0000000749000000| Untracked 
| 585|0x0000000749200000, 0x0000000749200000, 0x0000000749400000|  0%| F|  |TAMS 0x0000000749200000, 0x0000000749200000| Untracked 
| 586|0x0000000749400000, 0x0000000749400000, 0x0000000749600000|  0%| F|  |TAMS 0x0000000749400000, 0x0000000749400000| Untracked 
| 587|0x0000000749600000, 0x0000000749600000, 0x0000000749800000|  0%| F|  |TAMS 0x0000000749600000, 0x0000000749600000| Untracked 
| 588|0x0000000749800000, 0x0000000749800000, 0x0000000749a00000|  0%| F|  |TAMS 0x0000000749800000, 0x0000000749800000| Untracked 
| 589|0x0000000749a00000, 0x0000000749a00000, 0x0000000749c00000|  0%| F|  |TAMS 0x0000000749a00000, 0x0000000749a00000| Untracked 
| 590|0x0000000749c00000, 0x0000000749c00000, 0x0000000749e00000|  0%| F|  |TAMS 0x0000000749c00000, 0x0000000749c00000| Untracked 
| 591|0x0000000749e00000, 0x0000000749e00000, 0x000000074a000000|  0%| F|  |TAMS 0x0000000749e00000, 0x0000000749e00000| Untracked 
| 592|0x000000074a000000, 0x000000074a000000, 0x000000074a200000|  0%| F|  |TAMS 0x000000074a000000, 0x000000074a000000| Untracked 
| 593|0x000000074a200000, 0x000000074a200000, 0x000000074a400000|  0%| F|  |TAMS 0x000000074a200000, 0x000000074a200000| Untracked 
| 594|0x000000074a400000, 0x000000074a400000, 0x000000074a600000|  0%| F|  |TAMS 0x000000074a400000, 0x000000074a400000| Untracked 
| 595|0x000000074a600000, 0x000000074a600000, 0x000000074a800000|  0%| F|  |TAMS 0x000000074a600000, 0x000000074a600000| Untracked 
| 596|0x000000074a800000, 0x000000074a800000, 0x000000074aa00000|  0%| F|  |TAMS 0x000000074a800000, 0x000000074a800000| Untracked 
| 597|0x000000074aa00000, 0x000000074aa00000, 0x000000074ac00000|  0%| F|  |TAMS 0x000000074aa00000, 0x000000074aa00000| Untracked 
| 598|0x000000074ac00000, 0x000000074ac00000, 0x000000074ae00000|  0%| F|  |TAMS 0x000000074ac00000, 0x000000074ac00000| Untracked 
| 599|0x000000074ae00000, 0x000000074ae00000, 0x000000074b000000|  0%| F|  |TAMS 0x000000074ae00000, 0x000000074ae00000| Untracked 
| 600|0x000000074b000000, 0x000000074b000000, 0x000000074b200000|  0%| F|  |TAMS 0x000000074b000000, 0x000000074b000000| Untracked 
| 601|0x000000074b200000, 0x000000074b200000, 0x000000074b400000|  0%| F|  |TAMS 0x000000074b200000, 0x000000074b200000| Untracked 
| 602|0x000000074b400000, 0x000000074b400000, 0x000000074b600000|  0%| F|  |TAMS 0x000000074b400000, 0x000000074b400000| Untracked 
| 603|0x000000074b600000, 0x000000074b600000, 0x000000074b800000|  0%| F|  |TAMS 0x000000074b600000, 0x000000074b600000| Untracked 
| 604|0x000000074b800000, 0x000000074b800000, 0x000000074ba00000|  0%| F|  |TAMS 0x000000074b800000, 0x000000074b800000| Untracked 
| 605|0x000000074ba00000, 0x000000074ba00000, 0x000000074bc00000|  0%| F|  |TAMS 0x000000074ba00000, 0x000000074ba00000| Untracked 
| 606|0x000000074bc00000, 0x000000074bc00000, 0x000000074be00000|  0%| F|  |TAMS 0x000000074bc00000, 0x000000074bc00000| Untracked 
| 607|0x000000074be00000, 0x000000074be00000, 0x000000074c000000|  0%| F|  |TAMS 0x000000074be00000, 0x000000074be00000| Untracked 
| 608|0x000000074c000000, 0x000000074c000000, 0x000000074c200000|  0%| F|  |TAMS 0x000000074c000000, 0x000000074c000000| Untracked 
| 609|0x000000074c200000, 0x000000074c200000, 0x000000074c400000|  0%| F|  |TAMS 0x000000074c200000, 0x000000074c200000| Untracked 
| 610|0x000000074c400000, 0x000000074c400000, 0x000000074c600000|  0%| F|  |TAMS 0x000000074c400000, 0x000000074c400000| Untracked 
| 611|0x000000074c600000, 0x000000074c600000, 0x000000074c800000|  0%| F|  |TAMS 0x000000074c600000, 0x000000074c600000| Untracked 
| 612|0x000000074c800000, 0x000000074c800000, 0x000000074ca00000|  0%| F|  |TAMS 0x000000074c800000, 0x000000074c800000| Untracked 
| 613|0x000000074ca00000, 0x000000074ca00000, 0x000000074cc00000|  0%| F|  |TAMS 0x000000074ca00000, 0x000000074ca00000| Untracked 
| 614|0x000000074cc00000, 0x000000074cc00000, 0x000000074ce00000|  0%| F|  |TAMS 0x000000074cc00000, 0x000000074cc00000| Untracked 
| 615|0x000000074ce00000, 0x000000074ce00000, 0x000000074d000000|  0%| F|  |TAMS 0x000000074ce00000, 0x000000074ce00000| Untracked 
| 616|0x000000074d000000, 0x000000074d000000, 0x000000074d200000|  0%| F|  |TAMS 0x000000074d000000, 0x000000074d000000| Untracked 
| 617|0x000000074d200000, 0x000000074d200000, 0x000000074d400000|  0%| F|  |TAMS 0x000000074d200000, 0x000000074d200000| Untracked 
| 618|0x000000074d400000, 0x000000074d400000, 0x000000074d600000|  0%| F|  |TAMS 0x000000074d400000, 0x000000074d400000| Untracked 
| 619|0x000000074d600000, 0x000000074d600000, 0x000000074d800000|  0%| F|  |TAMS 0x000000074d600000, 0x000000074d600000| Untracked 
| 620|0x000000074d800000, 0x000000074d800000, 0x000000074da00000|  0%| F|  |TAMS 0x000000074d800000, 0x000000074d800000| Untracked 
| 621|0x000000074da00000, 0x000000074da00000, 0x000000074dc00000|  0%| F|  |TAMS 0x000000074da00000, 0x000000074da00000| Untracked 
| 622|0x000000074dc00000, 0x000000074dc00000, 0x000000074de00000|  0%| F|  |TAMS 0x000000074dc00000, 0x000000074dc00000| Untracked 
| 623|0x000000074de00000, 0x000000074de00000, 0x000000074e000000|  0%| F|  |TAMS 0x000000074de00000, 0x000000074de00000| Untracked 
| 624|0x000000074e000000, 0x000000074e000000, 0x000000074e200000|  0%| F|  |TAMS 0x000000074e000000, 0x000000074e000000| Untracked 
| 625|0x000000074e200000, 0x000000074e200000, 0x000000074e400000|  0%| F|  |TAMS 0x000000074e200000, 0x000000074e200000| Untracked 
| 626|0x000000074e400000, 0x000000074e400000, 0x000000074e600000|  0%| F|  |TAMS 0x000000074e400000, 0x000000074e400000| Untracked 
| 627|0x000000074e600000, 0x000000074e600000, 0x000000074e800000|  0%| F|  |TAMS 0x000000074e600000, 0x000000074e600000| Untracked 
| 628|0x000000074e800000, 0x000000074e800000, 0x000000074ea00000|  0%| F|  |TAMS 0x000000074e800000, 0x000000074e800000| Untracked 
| 629|0x000000074ea00000, 0x000000074ea00000, 0x000000074ec00000|  0%| F|  |TAMS 0x000000074ea00000, 0x000000074ea00000| Untracked 
| 630|0x000000074ec00000, 0x000000074ec00000, 0x000000074ee00000|  0%| F|  |TAMS 0x000000074ec00000, 0x000000074ec00000| Untracked 
| 631|0x000000074ee00000, 0x000000074ee00000, 0x000000074f000000|  0%| F|  |TAMS 0x000000074ee00000, 0x000000074ee00000| Untracked 
| 632|0x000000074f000000, 0x000000074f000000, 0x000000074f200000|  0%| F|  |TAMS 0x000000074f000000, 0x000000074f000000| Untracked 
| 633|0x000000074f200000, 0x000000074f200000, 0x000000074f400000|  0%| F|  |TAMS 0x000000074f200000, 0x000000074f200000| Untracked 
| 634|0x000000074f400000, 0x000000074f400000, 0x000000074f600000|  0%| F|  |TAMS 0x000000074f400000, 0x000000074f400000| Untracked 
| 635|0x000000074f600000, 0x000000074f600000, 0x000000074f800000|  0%| F|  |TAMS 0x000000074f600000, 0x000000074f600000| Untracked 
| 636|0x000000074f800000, 0x000000074f800000, 0x000000074fa00000|  0%| F|  |TAMS 0x000000074f800000, 0x000000074f800000| Untracked 
| 637|0x000000074fa00000, 0x000000074fa00000, 0x000000074fc00000|  0%| F|  |TAMS 0x000000074fa00000, 0x000000074fa00000| Untracked 
| 638|0x000000074fc00000, 0x000000074fc00000, 0x000000074fe00000|  0%| F|  |TAMS 0x000000074fc00000, 0x000000074fc00000| Untracked 
| 639|0x000000074fe00000, 0x000000074fe00000, 0x0000000750000000|  0%| F|  |TAMS 0x000000074fe00000, 0x000000074fe00000| Untracked 
| 640|0x0000000750000000, 0x0000000750000000, 0x0000000750200000|  0%| F|  |TAMS 0x0000000750000000, 0x0000000750000000| Untracked 
| 641|0x0000000750200000, 0x0000000750200000, 0x0000000750400000|  0%| F|  |TAMS 0x0000000750200000, 0x0000000750200000| Untracked 
| 642|0x0000000750400000, 0x0000000750400000, 0x0000000750600000|  0%| F|  |TAMS 0x0000000750400000, 0x0000000750400000| Untracked 
| 643|0x0000000750600000, 0x0000000750600000, 0x0000000750800000|  0%| F|  |TAMS 0x0000000750600000, 0x0000000750600000| Untracked 
| 644|0x0000000750800000, 0x0000000750800000, 0x0000000750a00000|  0%| F|  |TAMS 0x0000000750800000, 0x0000000750800000| Untracked 
| 645|0x0000000750a00000, 0x0000000750a00000, 0x0000000750c00000|  0%| F|  |TAMS 0x0000000750a00000, 0x0000000750a00000| Untracked 
| 646|0x0000000750c00000, 0x0000000750c00000, 0x0000000750e00000|  0%| F|  |TAMS 0x0000000750c00000, 0x0000000750c00000| Untracked 
| 647|0x0000000750e00000, 0x0000000750e00000, 0x0000000751000000|  0%| F|  |TAMS 0x0000000750e00000, 0x0000000750e00000| Untracked 
| 648|0x0000000751000000, 0x0000000751000000, 0x0000000751200000|  0%| F|  |TAMS 0x0000000751000000, 0x0000000751000000| Untracked 
| 649|0x0000000751200000, 0x0000000751200000, 0x0000000751400000|  0%| F|  |TAMS 0x0000000751200000, 0x0000000751200000| Untracked 
| 650|0x0000000751400000, 0x0000000751400000, 0x0000000751600000|  0%| F|  |TAMS 0x0000000751400000, 0x0000000751400000| Untracked 
| 651|0x0000000751600000, 0x0000000751600000, 0x0000000751800000|  0%| F|  |TAMS 0x0000000751600000, 0x0000000751600000| Untracked 
| 652|0x0000000751800000, 0x0000000751800000, 0x0000000751a00000|  0%| F|  |TAMS 0x0000000751800000, 0x0000000751800000| Untracked 
| 653|0x0000000751a00000, 0x0000000751a00000, 0x0000000751c00000|  0%| F|  |TAMS 0x0000000751a00000, 0x0000000751a00000| Untracked 
| 654|0x0000000751c00000, 0x0000000751c00000, 0x0000000751e00000|  0%| F|  |TAMS 0x0000000751c00000, 0x0000000751c00000| Untracked 
| 655|0x0000000751e00000, 0x0000000751e00000, 0x0000000752000000|  0%| F|  |TAMS 0x0000000751e00000, 0x0000000751e00000| Untracked 
| 656|0x0000000752000000, 0x0000000752000000, 0x0000000752200000|  0%| F|  |TAMS 0x0000000752000000, 0x0000000752000000| Untracked 
| 657|0x0000000752200000, 0x0000000752200000, 0x0000000752400000|  0%| F|  |TAMS 0x0000000752200000, 0x0000000752200000| Untracked 
| 658|0x0000000752400000, 0x0000000752400000, 0x0000000752600000|  0%| F|  |TAMS 0x0000000752400000, 0x0000000752400000| Untracked 
| 659|0x0000000752600000, 0x0000000752600000, 0x0000000752800000|  0%| F|  |TAMS 0x0000000752600000, 0x0000000752600000| Untracked 
| 660|0x0000000752800000, 0x0000000752800000, 0x0000000752a00000|  0%| F|  |TAMS 0x0000000752800000, 0x0000000752800000| Untracked 
| 661|0x0000000752a00000, 0x0000000752a00000, 0x0000000752c00000|  0%| F|  |TAMS 0x0000000752a00000, 0x0000000752a00000| Untracked 
| 662|0x0000000752c00000, 0x0000000752c00000, 0x0000000752e00000|  0%| F|  |TAMS 0x0000000752c00000, 0x0000000752c00000| Untracked 
| 663|0x0000000752e00000, 0x0000000752e00000, 0x0000000753000000|  0%| F|  |TAMS 0x0000000752e00000, 0x0000000752e00000| Untracked 
| 664|0x0000000753000000, 0x0000000753000000, 0x0000000753200000|  0%| F|  |TAMS 0x0000000753000000, 0x0000000753000000| Untracked 
| 665|0x0000000753200000, 0x0000000753200000, 0x0000000753400000|  0%| F|  |TAMS 0x0000000753200000, 0x0000000753200000| Untracked 
| 666|0x0000000753400000, 0x0000000753400000, 0x0000000753600000|  0%| F|  |TAMS 0x0000000753400000, 0x0000000753400000| Untracked 
| 667|0x0000000753600000, 0x0000000753600000, 0x0000000753800000|  0%| F|  |TAMS 0x0000000753600000, 0x0000000753600000| Untracked 
| 668|0x0000000753800000, 0x0000000753800000, 0x0000000753a00000|  0%| F|  |TAMS 0x0000000753800000, 0x0000000753800000| Untracked 
| 669|0x0000000753a00000, 0x0000000753a00000, 0x0000000753c00000|  0%| F|  |TAMS 0x0000000753a00000, 0x0000000753a00000| Untracked 
| 670|0x0000000753c00000, 0x0000000753c00000, 0x0000000753e00000|  0%| F|  |TAMS 0x0000000753c00000, 0x0000000753c00000| Untracked 
| 671|0x0000000753e00000, 0x0000000753e00000, 0x0000000754000000|  0%| F|  |TAMS 0x0000000753e00000, 0x0000000753e00000| Untracked 
| 672|0x0000000754000000, 0x0000000754000000, 0x0000000754200000|  0%| F|  |TAMS 0x0000000754000000, 0x0000000754000000| Untracked 
| 673|0x0000000754200000, 0x0000000754200000, 0x0000000754400000|  0%| F|  |TAMS 0x0000000754200000, 0x0000000754200000| Untracked 
| 674|0x0000000754400000, 0x0000000754400000, 0x0000000754600000|  0%| F|  |TAMS 0x0000000754400000, 0x0000000754400000| Untracked 
| 675|0x0000000754600000, 0x0000000754600000, 0x0000000754800000|  0%| F|  |TAMS 0x0000000754600000, 0x0000000754600000| Untracked 
| 676|0x0000000754800000, 0x0000000754800000, 0x0000000754a00000|  0%| F|  |TAMS 0x0000000754800000, 0x0000000754800000| Untracked 
| 677|0x0000000754a00000, 0x0000000754a00000, 0x0000000754c00000|  0%| F|  |TAMS 0x0000000754a00000, 0x0000000754a00000| Untracked 
| 678|0x0000000754c00000, 0x0000000754c00000, 0x0000000754e00000|  0%| F|  |TAMS 0x0000000754c00000, 0x0000000754c00000| Untracked 
| 679|0x0000000754e00000, 0x0000000754e00000, 0x0000000755000000|  0%| F|  |TAMS 0x0000000754e00000, 0x0000000754e00000| Untracked 
| 680|0x0000000755000000, 0x0000000755000000, 0x0000000755200000|  0%| F|  |TAMS 0x0000000755000000, 0x0000000755000000| Untracked 
| 681|0x0000000755200000, 0x0000000755200000, 0x0000000755400000|  0%| F|  |TAMS 0x0000000755200000, 0x0000000755200000| Untracked 
| 682|0x0000000755400000, 0x0000000755400000, 0x0000000755600000|  0%| F|  |TAMS 0x0000000755400000, 0x0000000755400000| Untracked 
| 683|0x0000000755600000, 0x0000000755600000, 0x0000000755800000|  0%| F|  |TAMS 0x0000000755600000, 0x0000000755600000| Untracked 
| 684|0x0000000755800000, 0x0000000755800000, 0x0000000755a00000|  0%| F|  |TAMS 0x0000000755800000, 0x0000000755800000| Untracked 
| 685|0x0000000755a00000, 0x0000000755a00000, 0x0000000755c00000|  0%| F|  |TAMS 0x0000000755a00000, 0x0000000755a00000| Untracked 
| 686|0x0000000755c00000, 0x0000000755c00000, 0x0000000755e00000|  0%| F|  |TAMS 0x0000000755c00000, 0x0000000755c00000| Untracked 
| 687|0x0000000755e00000, 0x0000000755e00000, 0x0000000756000000|  0%| F|  |TAMS 0x0000000755e00000, 0x0000000755e00000| Untracked 
| 688|0x0000000756000000, 0x0000000756000000, 0x0000000756200000|  0%| F|  |TAMS 0x0000000756000000, 0x0000000756000000| Untracked 
| 689|0x0000000756200000, 0x0000000756200000, 0x0000000756400000|  0%| F|  |TAMS 0x0000000756200000, 0x0000000756200000| Untracked 
| 690|0x0000000756400000, 0x0000000756400000, 0x0000000756600000|  0%| F|  |TAMS 0x0000000756400000, 0x0000000756400000| Untracked 
| 691|0x0000000756600000, 0x0000000756600000, 0x0000000756800000|  0%| F|  |TAMS 0x0000000756600000, 0x0000000756600000| Untracked 
| 692|0x0000000756800000, 0x0000000756800000, 0x0000000756a00000|  0%| F|  |TAMS 0x0000000756800000, 0x0000000756800000| Untracked 
| 693|0x0000000756a00000, 0x0000000756a00000, 0x0000000756c00000|  0%| F|  |TAMS 0x0000000756a00000, 0x0000000756a00000| Untracked 
| 694|0x0000000756c00000, 0x0000000756c00000, 0x0000000756e00000|  0%| F|  |TAMS 0x0000000756c00000, 0x0000000756c00000| Untracked 
| 695|0x0000000756e00000, 0x0000000756e00000, 0x0000000757000000|  0%| F|  |TAMS 0x0000000756e00000, 0x0000000756e00000| Untracked 
| 696|0x0000000757000000, 0x0000000757000000, 0x0000000757200000|  0%| F|  |TAMS 0x0000000757000000, 0x0000000757000000| Untracked 
| 697|0x0000000757200000, 0x0000000757200000, 0x0000000757400000|  0%| F|  |TAMS 0x0000000757200000, 0x0000000757200000| Untracked 
| 698|0x0000000757400000, 0x0000000757400000, 0x0000000757600000|  0%| F|  |TAMS 0x0000000757400000, 0x0000000757400000| Untracked 
| 699|0x0000000757600000, 0x0000000757600000, 0x0000000757800000|  0%| F|  |TAMS 0x0000000757600000, 0x0000000757600000| Untracked 
| 700|0x0000000757800000, 0x0000000757800000, 0x0000000757a00000|  0%| F|  |TAMS 0x0000000757800000, 0x0000000757800000| Untracked 
| 701|0x0000000757a00000, 0x0000000757a00000, 0x0000000757c00000|  0%| F|  |TAMS 0x0000000757a00000, 0x0000000757a00000| Untracked 
| 702|0x0000000757c00000, 0x0000000757c00000, 0x0000000757e00000|  0%| F|  |TAMS 0x0000000757c00000, 0x0000000757c00000| Untracked 
| 703|0x0000000757e00000, 0x0000000757e00000, 0x0000000758000000|  0%| F|  |TAMS 0x0000000757e00000, 0x0000000757e00000| Untracked 
| 704|0x0000000758000000, 0x0000000758000000, 0x0000000758200000|  0%| F|  |TAMS 0x0000000758000000, 0x0000000758000000| Untracked 
| 705|0x0000000758200000, 0x0000000758200000, 0x0000000758400000|  0%| F|  |TAMS 0x0000000758200000, 0x0000000758200000| Untracked 
| 706|0x0000000758400000, 0x0000000758400000, 0x0000000758600000|  0%| F|  |TAMS 0x0000000758400000, 0x0000000758400000| Untracked 
| 707|0x0000000758600000, 0x0000000758600000, 0x0000000758800000|  0%| F|  |TAMS 0x0000000758600000, 0x0000000758600000| Untracked 
| 708|0x0000000758800000, 0x0000000758800000, 0x0000000758a00000|  0%| F|  |TAMS 0x0000000758800000, 0x0000000758800000| Untracked 
| 709|0x0000000758a00000, 0x0000000758a00000, 0x0000000758c00000|  0%| F|  |TAMS 0x0000000758a00000, 0x0000000758a00000| Untracked 
| 710|0x0000000758c00000, 0x0000000758c00000, 0x0000000758e00000|  0%| F|  |TAMS 0x0000000758c00000, 0x0000000758c00000| Untracked 
| 711|0x0000000758e00000, 0x0000000758e00000, 0x0000000759000000|  0%| F|  |TAMS 0x0000000758e00000, 0x0000000758e00000| Untracked 
| 712|0x0000000759000000, 0x0000000759000000, 0x0000000759200000|  0%| F|  |TAMS 0x0000000759000000, 0x0000000759000000| Untracked 
| 713|0x0000000759200000, 0x0000000759200000, 0x0000000759400000|  0%| F|  |TAMS 0x0000000759200000, 0x0000000759200000| Untracked 
| 714|0x0000000759400000, 0x0000000759400000, 0x0000000759600000|  0%| F|  |TAMS 0x0000000759400000, 0x0000000759400000| Untracked 
| 715|0x0000000759600000, 0x0000000759600000, 0x0000000759800000|  0%| F|  |TAMS 0x0000000759600000, 0x0000000759600000| Untracked 
| 716|0x0000000759800000, 0x0000000759800000, 0x0000000759a00000|  0%| F|  |TAMS 0x0000000759800000, 0x0000000759800000| Untracked 
| 717|0x0000000759a00000, 0x0000000759a00000, 0x0000000759c00000|  0%| F|  |TAMS 0x0000000759a00000, 0x0000000759a00000| Untracked 
| 718|0x0000000759c00000, 0x0000000759c00000, 0x0000000759e00000|  0%| F|  |TAMS 0x0000000759c00000, 0x0000000759c00000| Untracked 
| 719|0x0000000759e00000, 0x0000000759e00000, 0x000000075a000000|  0%| F|  |TAMS 0x0000000759e00000, 0x0000000759e00000| Untracked 
| 720|0x000000075a000000, 0x000000075a000000, 0x000000075a200000|  0%| F|  |TAMS 0x000000075a000000, 0x000000075a000000| Untracked 
| 721|0x000000075a200000, 0x000000075a200000, 0x000000075a400000|  0%| F|  |TAMS 0x000000075a200000, 0x000000075a200000| Untracked 
| 722|0x000000075a400000, 0x000000075a400000, 0x000000075a600000|  0%| F|  |TAMS 0x000000075a400000, 0x000000075a400000| Untracked 
| 723|0x000000075a600000, 0x000000075a600000, 0x000000075a800000|  0%| F|  |TAMS 0x000000075a600000, 0x000000075a600000| Untracked 
| 724|0x000000075a800000, 0x000000075a800000, 0x000000075aa00000|  0%| F|  |TAMS 0x000000075a800000, 0x000000075a800000| Untracked 
| 725|0x000000075aa00000, 0x000000075aa00000, 0x000000075ac00000|  0%| F|  |TAMS 0x000000075aa00000, 0x000000075aa00000| Untracked 
| 726|0x000000075ac00000, 0x000000075ac00000, 0x000000075ae00000|  0%| F|  |TAMS 0x000000075ac00000, 0x000000075ac00000| Untracked 
| 727|0x000000075ae00000, 0x000000075ae00000, 0x000000075b000000|  0%| F|  |TAMS 0x000000075ae00000, 0x000000075ae00000| Untracked 
| 728|0x000000075b000000, 0x000000075b000000, 0x000000075b200000|  0%| F|  |TAMS 0x000000075b000000, 0x000000075b000000| Untracked 
| 729|0x000000075b200000, 0x000000075b200000, 0x000000075b400000|  0%| F|  |TAMS 0x000000075b200000, 0x000000075b200000| Untracked 
| 730|0x000000075b400000, 0x000000075b400000, 0x000000075b600000|  0%| F|  |TAMS 0x000000075b400000, 0x000000075b400000| Untracked 
| 731|0x000000075b600000, 0x000000075b600000, 0x000000075b800000|  0%| F|  |TAMS 0x000000075b600000, 0x000000075b600000| Untracked 
| 732|0x000000075b800000, 0x000000075b800000, 0x000000075ba00000|  0%| F|  |TAMS 0x000000075b800000, 0x000000075b800000| Untracked 
| 733|0x000000075ba00000, 0x000000075ba00000, 0x000000075bc00000|  0%| F|  |TAMS 0x000000075ba00000, 0x000000075ba00000| Untracked 
| 734|0x000000075bc00000, 0x000000075bc00000, 0x000000075be00000|  0%| F|  |TAMS 0x000000075bc00000, 0x000000075bc00000| Untracked 
| 735|0x000000075be00000, 0x000000075be00000, 0x000000075c000000|  0%| F|  |TAMS 0x000000075be00000, 0x000000075be00000| Untracked 
| 736|0x000000075c000000, 0x000000075c000000, 0x000000075c200000|  0%| F|  |TAMS 0x000000075c000000, 0x000000075c000000| Untracked 
| 737|0x000000075c200000, 0x000000075c200000, 0x000000075c400000|  0%| F|  |TAMS 0x000000075c200000, 0x000000075c200000| Untracked 
| 738|0x000000075c400000, 0x000000075c400000, 0x000000075c600000|  0%| F|  |TAMS 0x000000075c400000, 0x000000075c400000| Untracked 
| 739|0x000000075c600000, 0x000000075c600000, 0x000000075c800000|  0%| F|  |TAMS 0x000000075c600000, 0x000000075c600000| Untracked 
| 740|0x000000075c800000, 0x000000075c800000, 0x000000075ca00000|  0%| F|  |TAMS 0x000000075c800000, 0x000000075c800000| Untracked 
| 741|0x000000075ca00000, 0x000000075ca00000, 0x000000075cc00000|  0%| F|  |TAMS 0x000000075ca00000, 0x000000075ca00000| Untracked 
| 742|0x000000075cc00000, 0x000000075cc00000, 0x000000075ce00000|  0%| F|  |TAMS 0x000000075cc00000, 0x000000075cc00000| Untracked 
| 743|0x000000075ce00000, 0x000000075ce00000, 0x000000075d000000|  0%| F|  |TAMS 0x000000075ce00000, 0x000000075ce00000| Untracked 
| 744|0x000000075d000000, 0x000000075d000000, 0x000000075d200000|  0%| F|  |TAMS 0x000000075d000000, 0x000000075d000000| Untracked 
| 745|0x000000075d200000, 0x000000075d200000, 0x000000075d400000|  0%| F|  |TAMS 0x000000075d200000, 0x000000075d200000| Untracked 
| 746|0x000000075d400000, 0x000000075d400000, 0x000000075d600000|  0%| F|  |TAMS 0x000000075d400000, 0x000000075d400000| Untracked 
| 747|0x000000075d600000, 0x000000075d600000, 0x000000075d800000|  0%| F|  |TAMS 0x000000075d600000, 0x000000075d600000| Untracked 
| 748|0x000000075d800000, 0x000000075d800000, 0x000000075da00000|  0%| F|  |TAMS 0x000000075d800000, 0x000000075d800000| Untracked 
| 749|0x000000075da00000, 0x000000075da00000, 0x000000075dc00000|  0%| F|  |TAMS 0x000000075da00000, 0x000000075da00000| Untracked 
| 750|0x000000075dc00000, 0x000000075dc00000, 0x000000075de00000|  0%| F|  |TAMS 0x000000075dc00000, 0x000000075dc00000| Untracked 
| 751|0x000000075de00000, 0x000000075de00000, 0x000000075e000000|  0%| F|  |TAMS 0x000000075de00000, 0x000000075de00000| Untracked 
| 752|0x000000075e000000, 0x000000075e000000, 0x000000075e200000|  0%| F|  |TAMS 0x000000075e000000, 0x000000075e000000| Untracked 
| 753|0x000000075e200000, 0x000000075e200000, 0x000000075e400000|  0%| F|  |TAMS 0x000000075e200000, 0x000000075e200000| Untracked 
| 754|0x000000075e400000, 0x000000075e400000, 0x000000075e600000|  0%| F|  |TAMS 0x000000075e400000, 0x000000075e400000| Untracked 
| 755|0x000000075e600000, 0x000000075e600000, 0x000000075e800000|  0%| F|  |TAMS 0x000000075e600000, 0x000000075e600000| Untracked 
| 756|0x000000075e800000, 0x000000075e800000, 0x000000075ea00000|  0%| F|  |TAMS 0x000000075e800000, 0x000000075e800000| Untracked 
| 757|0x000000075ea00000, 0x000000075ea00000, 0x000000075ec00000|  0%| F|  |TAMS 0x000000075ea00000, 0x000000075ea00000| Untracked 
| 758|0x000000075ec00000, 0x000000075ec00000, 0x000000075ee00000|  0%| F|  |TAMS 0x000000075ec00000, 0x000000075ec00000| Untracked 
| 759|0x000000075ee00000, 0x000000075ee00000, 0x000000075f000000|  0%| F|  |TAMS 0x000000075ee00000, 0x000000075ee00000| Untracked 
| 760|0x000000075f000000, 0x000000075f000000, 0x000000075f200000|  0%| F|  |TAMS 0x000000075f000000, 0x000000075f000000| Untracked 
| 761|0x000000075f200000, 0x000000075f200000, 0x000000075f400000|  0%| F|  |TAMS 0x000000075f200000, 0x000000075f200000| Untracked 
| 762|0x000000075f400000, 0x000000075f400000, 0x000000075f600000|  0%| F|  |TAMS 0x000000075f400000, 0x000000075f400000| Untracked 
| 763|0x000000075f600000, 0x000000075f600000, 0x000000075f800000|  0%| F|  |TAMS 0x000000075f600000, 0x000000075f600000| Untracked 
| 764|0x000000075f800000, 0x000000075f800000, 0x000000075fa00000|  0%| F|  |TAMS 0x000000075f800000, 0x000000075f800000| Untracked 
| 765|0x000000075fa00000, 0x000000075fa00000, 0x000000075fc00000|  0%| F|  |TAMS 0x000000075fa00000, 0x000000075fa00000| Untracked 
| 766|0x000000075fc00000, 0x000000075fc00000, 0x000000075fe00000|  0%| F|  |TAMS 0x000000075fc00000, 0x000000075fc00000| Untracked 
| 767|0x000000075fe00000, 0x000000075fe00000, 0x0000000760000000|  0%| F|  |TAMS 0x000000075fe00000, 0x000000075fe00000| Untracked 
| 768|0x0000000760000000, 0x0000000760000000, 0x0000000760200000|  0%| F|  |TAMS 0x0000000760000000, 0x0000000760000000| Untracked 
| 769|0x0000000760200000, 0x0000000760200000, 0x0000000760400000|  0%| F|  |TAMS 0x0000000760200000, 0x0000000760200000| Untracked 
| 770|0x0000000760400000, 0x0000000760400000, 0x0000000760600000|  0%| F|  |TAMS 0x0000000760400000, 0x0000000760400000| Untracked 
| 771|0x0000000760600000, 0x0000000760600000, 0x0000000760800000|  0%| F|  |TAMS 0x0000000760600000, 0x0000000760600000| Untracked 
| 772|0x0000000760800000, 0x0000000760800000, 0x0000000760a00000|  0%| F|  |TAMS 0x0000000760800000, 0x0000000760800000| Untracked 
| 773|0x0000000760a00000, 0x0000000760a00000, 0x0000000760c00000|  0%| F|  |TAMS 0x0000000760a00000, 0x0000000760a00000| Untracked 
| 774|0x0000000760c00000, 0x0000000760c00000, 0x0000000760e00000|  0%| F|  |TAMS 0x0000000760c00000, 0x0000000760c00000| Untracked 
| 775|0x0000000760e00000, 0x0000000760e00000, 0x0000000761000000|  0%| F|  |TAMS 0x0000000760e00000, 0x0000000760e00000| Untracked 
| 776|0x0000000761000000, 0x0000000761000000, 0x0000000761200000|  0%| F|  |TAMS 0x0000000761000000, 0x0000000761000000| Untracked 
| 777|0x0000000761200000, 0x0000000761200000, 0x0000000761400000|  0%| F|  |TAMS 0x0000000761200000, 0x0000000761200000| Untracked 
| 778|0x0000000761400000, 0x0000000761400000, 0x0000000761600000|  0%| F|  |TAMS 0x0000000761400000, 0x0000000761400000| Untracked 
| 779|0x0000000761600000, 0x0000000761600000, 0x0000000761800000|  0%| F|  |TAMS 0x0000000761600000, 0x0000000761600000| Untracked 
| 780|0x0000000761800000, 0x0000000761800000, 0x0000000761a00000|  0%| F|  |TAMS 0x0000000761800000, 0x0000000761800000| Untracked 
| 781|0x0000000761a00000, 0x0000000761a00000, 0x0000000761c00000|  0%| F|  |TAMS 0x0000000761a00000, 0x0000000761a00000| Untracked 
| 782|0x0000000761c00000, 0x0000000761c00000, 0x0000000761e00000|  0%| F|  |TAMS 0x0000000761c00000, 0x0000000761c00000| Untracked 
| 783|0x0000000761e00000, 0x0000000761e00000, 0x0000000762000000|  0%| F|  |TAMS 0x0000000761e00000, 0x0000000761e00000| Untracked 
| 784|0x0000000762000000, 0x0000000762000000, 0x0000000762200000|  0%| F|  |TAMS 0x0000000762000000, 0x0000000762000000| Untracked 
| 785|0x0000000762200000, 0x0000000762200000, 0x0000000762400000|  0%| F|  |TAMS 0x0000000762200000, 0x0000000762200000| Untracked 
| 786|0x0000000762400000, 0x0000000762400000, 0x0000000762600000|  0%| F|  |TAMS 0x0000000762400000, 0x0000000762400000| Untracked 
| 787|0x0000000762600000, 0x0000000762600000, 0x0000000762800000|  0%| F|  |TAMS 0x0000000762600000, 0x0000000762600000| Untracked 
| 788|0x0000000762800000, 0x0000000762800000, 0x0000000762a00000|  0%| F|  |TAMS 0x0000000762800000, 0x0000000762800000| Untracked 
| 789|0x0000000762a00000, 0x0000000762a00000, 0x0000000762c00000|  0%| F|  |TAMS 0x0000000762a00000, 0x0000000762a00000| Untracked 
| 790|0x0000000762c00000, 0x0000000762c00000, 0x0000000762e00000|  0%| F|  |TAMS 0x0000000762c00000, 0x0000000762c00000| Untracked 
| 791|0x0000000762e00000, 0x0000000762e00000, 0x0000000763000000|  0%| F|  |TAMS 0x0000000762e00000, 0x0000000762e00000| Untracked 
| 792|0x0000000763000000, 0x0000000763000000, 0x0000000763200000|  0%| F|  |TAMS 0x0000000763000000, 0x0000000763000000| Untracked 
| 793|0x0000000763200000, 0x0000000763200000, 0x0000000763400000|  0%| F|  |TAMS 0x0000000763200000, 0x0000000763200000| Untracked 
| 794|0x0000000763400000, 0x0000000763400000, 0x0000000763600000|  0%| F|  |TAMS 0x0000000763400000, 0x0000000763400000| Untracked 
| 795|0x0000000763600000, 0x0000000763600000, 0x0000000763800000|  0%| F|  |TAMS 0x0000000763600000, 0x0000000763600000| Untracked 
| 796|0x0000000763800000, 0x0000000763800000, 0x0000000763a00000|  0%| F|  |TAMS 0x0000000763800000, 0x0000000763800000| Untracked 
| 797|0x0000000763a00000, 0x0000000763a00000, 0x0000000763c00000|  0%| F|  |TAMS 0x0000000763a00000, 0x0000000763a00000| Untracked 
| 798|0x0000000763c00000, 0x0000000763c00000, 0x0000000763e00000|  0%| F|  |TAMS 0x0000000763c00000, 0x0000000763c00000| Untracked 
| 799|0x0000000763e00000, 0x0000000763e00000, 0x0000000764000000|  0%| F|  |TAMS 0x0000000763e00000, 0x0000000763e00000| Untracked 
| 800|0x0000000764000000, 0x0000000764000000, 0x0000000764200000|  0%| F|  |TAMS 0x0000000764000000, 0x0000000764000000| Untracked 
| 801|0x0000000764200000, 0x0000000764200000, 0x0000000764400000|  0%| F|  |TAMS 0x0000000764200000, 0x0000000764200000| Untracked 
| 802|0x0000000764400000, 0x0000000764400000, 0x0000000764600000|  0%| F|  |TAMS 0x0000000764400000, 0x0000000764400000| Untracked 
| 803|0x0000000764600000, 0x0000000764600000, 0x0000000764800000|  0%| F|  |TAMS 0x0000000764600000, 0x0000000764600000| Untracked 
| 804|0x0000000764800000, 0x0000000764800000, 0x0000000764a00000|  0%| F|  |TAMS 0x0000000764800000, 0x0000000764800000| Untracked 
| 805|0x0000000764a00000, 0x0000000764a00000, 0x0000000764c00000|  0%| F|  |TAMS 0x0000000764a00000, 0x0000000764a00000| Untracked 
| 806|0x0000000764c00000, 0x0000000764c00000, 0x0000000764e00000|  0%| F|  |TAMS 0x0000000764c00000, 0x0000000764c00000| Untracked 
| 807|0x0000000764e00000, 0x0000000764e00000, 0x0000000765000000|  0%| F|  |TAMS 0x0000000764e00000, 0x0000000764e00000| Untracked 
| 808|0x0000000765000000, 0x0000000765000000, 0x0000000765200000|  0%| F|  |TAMS 0x0000000765000000, 0x0000000765000000| Untracked 
| 809|0x0000000765200000, 0x0000000765200000, 0x0000000765400000|  0%| F|  |TAMS 0x0000000765200000, 0x0000000765200000| Untracked 
| 810|0x0000000765400000, 0x0000000765400000, 0x0000000765600000|  0%| F|  |TAMS 0x0000000765400000, 0x0000000765400000| Untracked 
| 811|0x0000000765600000, 0x0000000765600000, 0x0000000765800000|  0%| F|  |TAMS 0x0000000765600000, 0x0000000765600000| Untracked 
| 812|0x0000000765800000, 0x0000000765800000, 0x0000000765a00000|  0%| F|  |TAMS 0x0000000765800000, 0x0000000765800000| Untracked 
| 813|0x0000000765a00000, 0x0000000765a00000, 0x0000000765c00000|  0%| F|  |TAMS 0x0000000765a00000, 0x0000000765a00000| Untracked 
| 814|0x0000000765c00000, 0x0000000765c00000, 0x0000000765e00000|  0%| F|  |TAMS 0x0000000765c00000, 0x0000000765c00000| Untracked 
| 815|0x0000000765e00000, 0x0000000765e00000, 0x0000000766000000|  0%| F|  |TAMS 0x0000000765e00000, 0x0000000765e00000| Untracked 
| 816|0x0000000766000000, 0x0000000766000000, 0x0000000766200000|  0%| F|  |TAMS 0x0000000766000000, 0x0000000766000000| Untracked 
| 817|0x0000000766200000, 0x0000000766200000, 0x0000000766400000|  0%| F|  |TAMS 0x0000000766200000, 0x0000000766200000| Untracked 
| 818|0x0000000766400000, 0x0000000766400000, 0x0000000766600000|  0%| F|  |TAMS 0x0000000766400000, 0x0000000766400000| Untracked 

Card table byte_map: [0x00000281f49f0000,0x00000281f51f0000] _byte_map_base: 0x00000281f11f0000

Marking Bits (Prev, Next): (CMBitMap*) 0x00000281e182f720, (CMBitMap*) 0x00000281e182f760
 Prev Bits: [0x00000281f59f0000, 0x00000281f99f0000)
 Next Bits: [0x00000281f99f0000, 0x00000281fd9f0000)

Polling page: 0x00000281df730000

Metaspace:

Usage:
  Non-class:    176.95 MB used.
      Class:     27.28 MB used.
       Both:    204.23 MB used.

Virtual space:
  Non-class space:      192.00 MB reserved,     178.19 MB ( 93%) committed,  3 nodes.
      Class space:        1.00 GB reserved,      28.31 MB (  3%) committed,  1 nodes.
             Both:        1.19 GB reserved,     206.50 MB ( 17%) committed. 

Chunk freelists:
   Non-Class:  13.27 MB
       Class:  3.70 MB
        Both:  16.97 MB

MaxMetaspaceSize: 2.00 GB
CompressedClassSpaceSize: 1.00 GB
Initial GC threshold: 21.00 MB
Current GC threshold: 335.56 MB
CDS: off
MetaspaceReclaimPolicy: balanced
 - commit_granule_bytes: 65536.
 - commit_granule_words: 8192.
 - virtual_space_node_default_size: 8388608.
 - enlarge_chunks_in_place: 1.
 - new_chunks_are_fully_committed: 0.
 - uncommit_free_chunks: 1.
 - use_allocation_guard: 0.
 - handle_deallocations: 1.


Internal statistics:

num_allocs_failed_limit: 9.
num_arena_births: 4222.
num_arena_deaths: 90.
num_vsnodes_births: 4.
num_vsnodes_deaths: 0.
num_space_committed: 3302.
num_space_uncommitted: 0.
num_chunks_returned_to_freelist: 132.
num_chunks_taken_from_freelist: 13533.
num_chunk_merges: 47.
num_chunk_splits: 8322.
num_chunks_enlarged: 4643.
num_inconsistent_stats: 0.

CodeHeap 'non-profiled nmethods': size=120000Kb used=22073Kb max_used=24008Kb free=97926Kb
 bounds [0x00000281ec770000, 0x00000281edf10000, 0x00000281f3ca0000]
CodeHeap 'profiled nmethods': size=120000Kb used=55196Kb max_used=55196Kb free=64803Kb
 bounds [0x00000281e4ca0000, 0x00000281e82e0000, 0x00000281ec1d0000]
CodeHeap 'non-nmethods': size=5760Kb used=2581Kb max_used=2659Kb free=3178Kb
 bounds [0x00000281ec1d0000, 0x00000281ec480000, 0x00000281ec770000]
 total_blobs=30636 nmethods=29496 adapters=1048
 compilation: enabled
              stopped_count=0, restarted_count=0
 full_count=0

Compilation events (20 events):
Event: 2461.996 Thread 0x000002818837b2b0 nmethod 37863 0x00000281ed4eab10 code [0x00000281ed4eaca0, 0x00000281ed4ead78]
Event: 2461.996 Thread 0x000002818837b2b0 37252       4       com.android.tools.r8.graph.D2::a0 (2 bytes)
Event: 2461.996 Thread 0x000002818837b2b0 nmethod 37252 0x00000281ec920790 code [0x00000281ec920900, 0x00000281ec920978]
Event: 2461.996 Thread 0x000002818837b2b0 37655       4       java.util.BitSet::get (69 bytes)
Event: 2461.997 Thread 0x000002818837b2b0 nmethod 37655 0x00000281ec920390 code [0x00000281ec920500, 0x00000281ec9205f8]
Event: 2461.997 Thread 0x000002818837b2b0 37515       4       com.android.tools.r8.internal.B4::k (12 bytes)
Event: 2462.000 Thread 0x000002818837b2b0 nmethod 37515 0x00000281ecdcbc10 code [0x00000281ecdcbda0, 0x00000281ecdcbf18]
Event: 2462.000 Thread 0x000002818837b2b0 37894       4       com.android.tools.r8.internal.t20::L (23 bytes)
Event: 2462.001 Thread 0x000002818837b2b0 nmethod 37894 0x00000281ed39a010 code [0x00000281ed39a180, 0x00000281ed39a258]
Event: 2462.001 Thread 0x000002818837b2b0 38060       4       com.android.tools.r8.graph.b1::G0 (20 bytes)
Event: 2462.002 Thread 0x000002818837b2b0 nmethod 38060 0x00000281ed399d10 code [0x00000281ed399e80, 0x00000281ed399f38]
Event: 2462.002 Thread 0x000002818837b2b0 37918       4       com.android.tools.r8.internal.Vq::Y0 (13 bytes)
Event: 2462.002 Thread 0x000002818837b2b0 nmethod 37918 0x00000281ed399a10 code [0x00000281ed399b80, 0x00000281ed399c18]
Event: 2462.002 Thread 0x000002818837b2b0 37896       4       com.android.tools.r8.ir.regalloc.c::compareTo (134 bytes)
Event: 2462.007 Thread 0x000002818837b2b0 nmethod 37896 0x00000281ed399190 code [0x00000281ed399340, 0x00000281ed399678]
Event: 2462.007 Thread 0x000002818837b2b0 37476       4       com.android.tools.r8.internal.zo::<init> (5 bytes)
Event: 2462.007 Thread 0x000002818837b2b0 nmethod 37476 0x00000281ed398e90 code [0x00000281ed399000, 0x00000281ed399078]
Event: 2462.007 Thread 0x000002818837b2b0 38046       4       com.android.tools.r8.internal.Pn::<init> (10 bytes)
Event: 2462.009 Thread 0x000002818837b2b0 nmethod 38046 0x00000281ed398b90 code [0x00000281ed398d00, 0x00000281ed398e38]
Event: 2462.009 Thread 0x000002818837b2b0 37927       4       com.android.tools.r8.internal.K8::<init> (7 bytes)

GC Heap History (20 events):
Event: 2451.392 GC heap after
{Heap after GC invocations=115 (full 0):
 garbage-first heap   total 559104K, used 268738K [0x0000000700000000, 0x0000000800000000)
  region size 2048K, 2 young (4096K), 2 survivors (4096K)
 Metaspace       used 143666K, committed 145984K, reserved 1179648K
  class space    used 18902K, committed 19968K, reserved 1048576K
}
Event: 2451.394 GC heap before
{Heap before GC invocations=115 (full 0):
 garbage-first heap   total 559104K, used 268738K [0x0000000700000000, 0x0000000800000000)
  region size 2048K, 3 young (6144K), 2 survivors (4096K)
 Metaspace       used 143687K, committed 145984K, reserved 1179648K
  class space    used 18908K, committed 19968K, reserved 1048576K
}
Event: 2451.401 GC heap after
{Heap after GC invocations=116 (full 0):
 garbage-first heap   total 1677312K, used 266773K [0x0000000700000000, 0x0000000800000000)
  region size 2048K, 1 young (2048K), 1 survivors (2048K)
 Metaspace       used 143687K, committed 145984K, reserved 1179648K
  class space    used 18908K, committed 19968K, reserved 1048576K
}
Event: 2454.026 GC heap before
{Heap before GC invocations=117 (full 0):
 garbage-first heap   total 956416K, used 897557K [0x0000000700000000, 0x0000000800000000)
  region size 2048K, 305 young (624640K), 1 survivors (2048K)
 Metaspace       used 165546K, committed 167936K, reserved 1245184K
  class space    used 21977K, committed 23040K, reserved 1048576K
}
Event: 2454.120 GC heap after
{Heap after GC invocations=118 (full 0):
 garbage-first heap   total 1017856K, used 390233K [0x0000000700000000, 0x0000000800000000)
  region size 2048K, 56 young (114688K), 56 survivors (114688K)
 Metaspace       used 165546K, committed 167936K, reserved 1245184K
  class space    used 21977K, committed 23040K, reserved 1048576K
}
Event: 2454.140 GC heap before
{Heap before GC invocations=118 (full 0):
 garbage-first heap   total 1017856K, used 398425K [0x0000000700000000, 0x0000000800000000)
  region size 2048K, 57 young (116736K), 56 survivors (114688K)
 Metaspace       used 165842K, committed 168192K, reserved 1245184K
  class space    used 22014K, committed 23040K, reserved 1048576K
}
Event: 2454.200 GC heap after
{Heap after GC invocations=119 (full 0):
 garbage-first heap   total 1017856K, used 401171K [0x0000000700000000, 0x0000000800000000)
  region size 2048K, 5 young (10240K), 5 survivors (10240K)
 Metaspace       used 165842K, committed 168192K, reserved 1245184K
  class space    used 22014K, committed 23040K, reserved 1048576K
}
Event: 2456.113 GC heap before
{Heap before GC invocations=119 (full 0):
 garbage-first heap   total 1017856K, used 741139K [0x0000000700000000, 0x0000000800000000)
  region size 2048K, 171 young (350208K), 5 survivors (10240K)
 Metaspace       used 181884K, committed 184192K, reserved 1245184K
  class space    used 24048K, committed 25088K, reserved 1048576K
}
Event: 2456.134 GC heap after
{Heap after GC invocations=120 (full 0):
 garbage-first heap   total 1017856K, used 419553K [0x0000000700000000, 0x0000000800000000)
  region size 2048K, 14 young (28672K), 14 survivors (28672K)
 Metaspace       used 181884K, committed 184192K, reserved 1245184K
  class space    used 24048K, committed 25088K, reserved 1048576K
}
Event: 2458.607 GC heap before
{Heap before GC invocations=121 (full 0):
 garbage-first heap   total 1017856K, used 767713K [0x0000000700000000, 0x0000000800000000)
  region size 2048K, 185 young (378880K), 14 survivors (28672K)
 Metaspace       used 196723K, committed 199040K, reserved 1245184K
  class space    used 26062K, committed 27072K, reserved 1048576K
}
Event: 2458.647 GC heap after
{Heap after GC invocations=122 (full 0):
 garbage-first heap   total 1017856K, used 459853K [0x0000000700000000, 0x0000000800000000)
  region size 2048K, 22 young (45056K), 22 survivors (45056K)
 Metaspace       used 196723K, committed 199040K, reserved 1245184K
  class space    used 26062K, committed 27072K, reserved 1048576K
}
Event: 2458.662 GC heap before
{Heap before GC invocations=122 (full 0):
 garbage-first heap   total 1017856K, used 463949K [0x0000000700000000, 0x0000000800000000)
  region size 2048K, 24 young (49152K), 22 survivors (45056K)
 Metaspace       used 196807K, committed 199104K, reserved 1245184K
  class space    used 26068K, committed 27136K, reserved 1048576K
}
Event: 2458.685 GC heap after
{Heap after GC invocations=123 (full 0):
 garbage-first heap   total 1017856K, used 462643K [0x0000000700000000, 0x0000000800000000)
  region size 2048K, 3 young (6144K), 3 survivors (6144K)
 Metaspace       used 196807K, committed 199104K, reserved 1245184K
  class space    used 26068K, committed 27136K, reserved 1048576K
}
Event: 2460.029 GC heap before
{Heap before GC invocations=123 (full 0):
 garbage-first heap   total 1017856K, used 739123K [0x0000000700000000, 0x0000000800000000)
  region size 2048K, 140 young (286720K), 3 survivors (6144K)
 Metaspace       used 203400K, committed 205760K, reserved 1245184K
  class space    used 27033K, committed 28096K, reserved 1048576K
}
Event: 2460.052 GC heap after
{Heap after GC invocations=124 (full 0):
 garbage-first heap   total 1017856K, used 486548K [0x0000000700000000, 0x0000000800000000)
  region size 2048K, 15 young (30720K), 15 survivors (30720K)
 Metaspace       used 203400K, committed 205760K, reserved 1245184K
  class space    used 27033K, committed 28096K, reserved 1048576K
}
Event: 2461.416 GC heap before
{Heap before GC invocations=125 (full 0):
 garbage-first heap   total 1017856K, used 808084K [0x0000000700000000, 0x0000000800000000)
  region size 2048K, 172 young (352256K), 15 survivors (30720K)
 Metaspace       used 208455K, committed 210816K, reserved 1245184K
  class space    used 27897K, committed 28992K, reserved 1048576K
}
Event: 2461.436 GC heap after
{Heap after GC invocations=126 (full 0):
 garbage-first heap   total 1017856K, used 494110K [0x0000000700000000, 0x0000000800000000)
  region size 2048K, 4 young (8192K), 4 survivors (8192K)
 Metaspace       used 208455K, committed 210816K, reserved 1245184K
  class space    used 27897K, committed 28992K, reserved 1048576K
}
Event: 2461.521 GC heap before
{Heap before GC invocations=126 (full 0):
 garbage-first heap   total 1017856K, used 535070K [0x0000000700000000, 0x0000000800000000)
  region size 2048K, 24 young (49152K), 4 survivors (8192K)
 Metaspace       used 208823K, committed 211200K, reserved 1245184K
  class space    used 27901K, committed 28992K, reserved 1048576K
}
Event: 2461.535 GC heap after
{Heap after GC invocations=127 (full 0):
 garbage-first heap   total 1017856K, used 488795K [0x0000000700000000, 0x0000000800000000)
  region size 2048K, 1 young (2048K), 1 survivors (2048K)
 Metaspace       used 208823K, committed 211200K, reserved 1245184K
  class space    used 27901K, committed 28992K, reserved 1048576K
}
Event: 2462.010 GC heap before
{Heap before GC invocations=127 (full 0):
 garbage-first heap   total 1017856K, used 820571K [0x0000000700000000, 0x0000000800000000)
  region size 2048K, 163 young (333824K), 1 survivors (2048K)
 Metaspace       used 209135K, committed 211456K, reserved 1245184K
  class space    used 27934K, committed 28992K, reserved 1048576K
}

Dll operation events (2 events):
Event: 0.006 Loaded shared library C:\Program Files\Android\Android Studio\jbr\bin\java.dll
Event: 0.356 Loaded shared library C:\Program Files\Android\Android Studio\jbr\bin\verify.dll

Deoptimization events (20 events):
Event: 2461.964 Thread 0x000002818ba82c80 DEOPT PACKING pc=0x00000281edecf1e8 sp=0x00000099482fe550
Event: 2461.964 Thread 0x000002818ba82c80 DEOPT UNPACKING pc=0x00000281ec2269a3 sp=0x00000099482fe558 mode 2
Event: 2461.965 Thread 0x000002818a8e4eb0 DEOPT PACKING pc=0x00000281e7785a2a sp=0x00000099483fdd20
Event: 2461.965 Thread 0x000002818a8e4eb0 DEOPT UNPACKING pc=0x00000281ec227143 sp=0x00000099483fd248 mode 0
Event: 2461.966 Thread 0x000002818ba82770 DEOPT PACKING pc=0x00000281e7785a2a sp=0x0000009947ffe060
Event: 2461.966 Thread 0x000002818ba82770 DEOPT UNPACKING pc=0x00000281ec227143 sp=0x0000009947ffd588 mode 0
Event: 2461.968 Thread 0x000002818ba82770 DEOPT PACKING pc=0x00000281e7785a2a sp=0x0000009947ffe150
Event: 2461.968 Thread 0x000002818ba82770 DEOPT UNPACKING pc=0x00000281ec227143 sp=0x0000009947ffd678 mode 0
Event: 2461.968 Thread 0x000002818ba82770 DEOPT PACKING pc=0x00000281e7785a2a sp=0x0000009947ffe060
Event: 2461.968 Thread 0x000002818ba82770 DEOPT UNPACKING pc=0x00000281ec227143 sp=0x0000009947ffd588 mode 0
Event: 2461.973 Thread 0x00000281876c1ae0 DEOPT PACKING pc=0x00000281e7785a2a sp=0x00000099480fdfe0
Event: 2461.973 Thread 0x00000281876c1ae0 DEOPT UNPACKING pc=0x00000281ec227143 sp=0x00000099480fd508 mode 0
Event: 2461.980 Thread 0x000002818c105aa0 DEOPT PACKING pc=0x00000281e7785a2a sp=0x00000099484fe2f0
Event: 2461.981 Thread 0x000002818c105aa0 DEOPT UNPACKING pc=0x00000281ec227143 sp=0x00000099484fd818 mode 0
Event: 2461.997 Thread 0x000002818ba82770 DEOPT PACKING pc=0x00000281e7785a2a sp=0x0000009947ffe150
Event: 2461.997 Thread 0x000002818ba82770 DEOPT UNPACKING pc=0x00000281ec227143 sp=0x0000009947ffd678 mode 0
Event: 2462.002 Thread 0x000002818bbfda80 DEOPT PACKING pc=0x00000281e77fad30 sp=0x00000099481fe6c0
Event: 2462.002 Thread 0x000002818bbfda80 DEOPT UNPACKING pc=0x00000281ec227143 sp=0x00000099481fdc18 mode 0
Event: 2462.003 Thread 0x000002818a8e4eb0 DEOPT PACKING pc=0x00000281e7785a2a sp=0x00000099483fde10
Event: 2462.003 Thread 0x000002818a8e4eb0 DEOPT UNPACKING pc=0x00000281ec227143 sp=0x00000099483fd338 mode 0

Classes unloaded (20 events):
Event: 2460.374 Thread 0x00000281801f5af0 Unloading class 0x0000000801984c00 'java/lang/invoke/LambdaForm$DMH+0x0000000801984c00'
Event: 2460.374 Thread 0x00000281801f5af0 Unloading class 0x0000000801985000 'java/lang/invoke/LambdaForm$DMH+0x0000000801985000'
Event: 2460.374 Thread 0x00000281801f5af0 Unloading class 0x0000000801985400 'java/lang/invoke/LambdaForm$DMH+0x0000000801985400'
Event: 2460.374 Thread 0x00000281801f5af0 Unloading class 0x0000000801984800 'java/lang/invoke/LambdaForm$DMH+0x0000000801984800'
Event: 2460.374 Thread 0x00000281801f5af0 Unloading class 0x0000000801984400 'java/lang/invoke/LambdaForm$DMH+0x0000000801984400'
Event: 2460.374 Thread 0x00000281801f5af0 Unloading class 0x0000000801979c00 'java/lang/invoke/LambdaForm$MH+0x0000000801979c00'
Event: 2460.374 Thread 0x00000281801f5af0 Unloading class 0x0000000801978c00 'java/lang/invoke/LambdaForm$DMH+0x0000000801978c00'
Event: 2460.374 Thread 0x00000281801f5af0 Unloading class 0x0000000801979000 'java/lang/invoke/LambdaForm$DMH+0x0000000801979000'
Event: 2460.374 Thread 0x00000281801f5af0 Unloading class 0x0000000801978800 'java/lang/invoke/LambdaForm$DMH+0x0000000801978800'
Event: 2460.374 Thread 0x00000281801f5af0 Unloading class 0x0000000801978000 'java/lang/invoke/LambdaForm$DMH+0x0000000801978000'
Event: 2460.374 Thread 0x00000281801f5af0 Unloading class 0x0000000801977400 'java/lang/invoke/LambdaForm$DMH+0x0000000801977400'
Event: 2460.374 Thread 0x00000281801f5af0 Unloading class 0x0000000801976c00 'java/lang/invoke/LambdaForm$MH+0x0000000801976c00'
Event: 2460.374 Thread 0x00000281801f5af0 Unloading class 0x0000000801976800 'java/lang/invoke/LambdaForm$DMH+0x0000000801976800'
Event: 2460.374 Thread 0x00000281801f5af0 Unloading class 0x0000000801976400 'java/lang/invoke/LambdaForm$MH+0x0000000801976400'
Event: 2460.374 Thread 0x00000281801f5af0 Unloading class 0x0000000801975c00 'java/lang/invoke/LambdaForm$MH+0x0000000801975c00'
Event: 2460.374 Thread 0x00000281801f5af0 Unloading class 0x0000000801975800 'java/lang/invoke/LambdaForm$DMH+0x0000000801975800'
Event: 2460.374 Thread 0x00000281801f5af0 Unloading class 0x0000000801975000 'java/lang/invoke/LambdaForm$DMH+0x0000000801975000'
Event: 2460.374 Thread 0x00000281801f5af0 Unloading class 0x0000000801974c00 'java/lang/invoke/LambdaForm$DMH+0x0000000801974c00'
Event: 2460.374 Thread 0x00000281801f5af0 Unloading class 0x0000000801974800 'java/lang/invoke/LambdaForm$DMH+0x0000000801974800'
Event: 2460.374 Thread 0x00000281801f5af0 Unloading class 0x0000000801974400 'java/lang/invoke/LambdaForm$DMH+0x0000000801974400'

Classes redefined (0 events):
No events

Internal exceptions (20 events):
Event: 2460.746 Thread 0x00000281876c1ae0 Exception <a 'java/lang/NoSuchMethodError'{0x0000000738811150}: 'java.lang.Object java.lang.invoke.DirectMethodHandle$Holder.invokeSpecial(java.lang.Object, java.lang.Object, int, java.lang.Object, java.lang.Object)'> (0x0000000738811150) 
thrown [s\src\hotspot\share\interpreter\linkResolver.cpp, line 771]
Event: 2460.746 Thread 0x000002818ba82c80 Exception <a 'java/lang/NoSuchMethodError'{0x0000000739ebc890}: 'java.lang.Object java.lang.invoke.DirectMethodHandle$Holder.invokeSpecial(java.lang.Object, java.lang.Object, int, java.lang.Object, java.lang.Object)'> (0x0000000739ebc890) 
thrown [s\src\hotspot\share\interpreter\linkResolver.cpp, line 771]
Event: 2460.746 Thread 0x000002818c105aa0 Exception <a 'java/lang/NoSuchMethodError'{0x0000000739f4bd38}: 'java.lang.Object java.lang.invoke.DirectMethodHandle$Holder.invokeSpecial(java.lang.Object, java.lang.Object, int, java.lang.Object, java.lang.Object)'> (0x0000000739f4bd38) 
thrown [s\src\hotspot\share\interpreter\linkResolver.cpp, line 771]
Event: 2460.962 Thread 0x000002818ba82770 Exception <a 'java/lang/NoSuchMethodError'{0x00000007361d8800}: 'void java.lang.invoke.DirectMethodHandle$Holder.invokeStatic(java.lang.Object, java.lang.Object, java.lang.Object, java.lang.Object, java.lang.Object, java.lang.Object, java.lang.Object, java.lang.Object)'> (0x00000007361d8800) 
thrown [s\src\hotspot\share\interpreter\linkResolver.cpp, line 771]
Event: 2460.971 Thread 0x000002818bbfda80 Exception <a 'java/lang/NoSuchMethodError'{0x0000000735163a70}: 'int java.lang.invoke.DirectMethodHandle$Holder.invokeSpecial(java.lang.Object, java.lang.Object, java.lang.Object, java.lang.Object, java.lang.Object, java.lang.Object, java.lang.Object, java.lang.Object, java.lang.Object)'> (0x0000000735163a70) 
thrown [s\src\hotspot\share\interpreter\linkResolver.cpp, line 771]
Event: 2460.986 Thread 0x000002818ba82c80 Implicit null exception at 0x00000281ede6abd7 to 0x00000281ede6ad88
Event: 2460.986 Thread 0x000002818ba82770 Implicit null exception at 0x00000281ede6abd7 to 0x00000281ede6ad88
Event: 2460.987 Thread 0x00000281876c1ae0 Exception <a 'java/lang/NoSuchMethodError'{0x0000000734e8a7a0}: 'int java.lang.invoke.DirectMethodHandle$Holder.invokeSpecial(java.lang.Object, java.lang.Object, java.lang.Object, int)'> (0x0000000734e8a7a0) 
thrown [s\src\hotspot\share\interpreter\linkResolver.cpp, line 771]
Event: 2460.987 Thread 0x000002818ba82770 Exception <a 'java/lang/NoSuchMethodError'{0x0000000734e60fc0}: 'int java.lang.invoke.DirectMethodHandle$Holder.invokeSpecial(java.lang.Object, java.lang.Object, java.lang.Object, int)'> (0x0000000734e60fc0) 
thrown [s\src\hotspot\share\interpreter\linkResolver.cpp, line 771]
Event: 2460.987 Thread 0x000002818ba82c80 Exception <a 'java/lang/NoSuchMethodError'{0x0000000734f36778}: 'int java.lang.invoke.DirectMethodHandle$Holder.invokeSpecial(java.lang.Object, java.lang.Object, java.lang.Object, int)'> (0x0000000734f36778) 
thrown [s\src\hotspot\share\interpreter\linkResolver.cpp, line 771]
Event: 2460.987 Thread 0x000002818a8e4eb0 Exception <a 'java/lang/NoSuchMethodError'{0x00000007351ba2f8}: 'int java.lang.invoke.DirectMethodHandle$Holder.invokeSpecial(java.lang.Object, java.lang.Object, java.lang.Object, int)'> (0x00000007351ba2f8) 
thrown [s\src\hotspot\share\interpreter\linkResolver.cpp, line 771]
Event: 2460.987 Thread 0x000002818c105aa0 Exception <a 'java/lang/NoSuchMethodError'{0x0000000734ec68f0}: 'int java.lang.invoke.DirectMethodHandle$Holder.invokeSpecial(java.lang.Object, java.lang.Object, java.lang.Object, int)'> (0x0000000734ec68f0) 
thrown [s\src\hotspot\share\interpreter\linkResolver.cpp, line 771]
Event: 2460.988 Thread 0x000002818bbfda80 Exception <a 'java/lang/NoSuchMethodError'{0x0000000734f836c0}: 'java.lang.Object java.lang.invoke.DirectMethodHandle$Holder.invokeInterface(java.lang.Object, java.lang.Object, int)'> (0x0000000734f836c0) 
thrown [s\src\hotspot\share\interpreter\linkResolver.cpp, line 771]
Event: 2461.043 Thread 0x000002818ba82770 Implicit null exception at 0x00000281eda8da88 to 0x00000281eda8de60
Event: 2461.113 Thread 0x000002818a8e4eb0 Exception <a 'java/lang/NoSuchMethodError'{0x00000007326b0ce8}: 'java.lang.Object java.lang.invoke.DirectMethodHandle$Holder.invokeInterface(java.lang.Object, java.lang.Object, java.lang.Object, java.lang.Object)'> (0x00000007326b0ce8) 
thrown [s\src\hotspot\share\interpreter\linkResolver.cpp, line 771]
Event: 2461.113 Thread 0x000002818a8e4eb0 Exception <a 'java/lang/IncompatibleClassChangeError'{0x00000007326b4478}: Found class java.lang.Object, but interface was expected> (0x00000007326b4478) 
thrown [s\src\hotspot\share\interpreter\linkResolver.cpp, line 838]
Event: 2461.344 Thread 0x000002818ba82770 Implicit null exception at 0x00000281ed27de10 to 0x00000281ed280730
Event: 2461.551 Thread 0x000002818ba82c80 Exception <a 'java/lang/NoSuchMethodError'{0x0000000765884ad8}: 'int java.lang.invoke.DirectMethodHandle$Holder.invokeInterface(java.lang.Object, java.lang.Object, int)'> (0x0000000765884ad8) 
thrown [s\src\hotspot\share\interpreter\linkResolver.cpp, line 771]
Event: 2461.559 Thread 0x000002818ba82770 Exception <a 'java/lang/NoSuchMethodError'{0x000000073d2706d8}: 'java.lang.Object java.lang.invoke.DirectMethodHandle$Holder.invokeStatic(java.lang.Object, java.lang.Object, java.lang.Object, long)'> (0x000000073d2706d8) 
thrown [s\src\hotspot\share\interpreter\linkResolver.cpp, line 771]
Event: 2461.664 Thread 0x000002818ba82770 Exception <a 'java/lang/NoSuchMethodError'{0x0000000736df9a80}: 'int java.lang.invoke.DirectMethodHandle$Holder.invokeStatic(java.lang.Object, java.lang.Object, int)'> (0x0000000736df9a80) 
thrown [s\src\hotspot\share\interpreter\linkResolver.cpp, line 771]

VM Operations (20 events):
Event: 2461.184 Executing VM operation: HandshakeAllThreads done
Event: 2461.189 Executing VM operation: HandshakeAllThreads
Event: 2461.189 Executing VM operation: HandshakeAllThreads done
Event: 2461.220 Executing VM operation: ICBufferFull
Event: 2461.227 Executing VM operation: ICBufferFull done
Event: 2461.317 Executing VM operation: ICBufferFull
Event: 2461.321 Executing VM operation: ICBufferFull done
Event: 2461.416 Executing VM operation: G1CollectForAllocation
Event: 2461.445 Executing VM operation: G1CollectForAllocation done
Event: 2461.521 Executing VM operation: G1CollectForAllocation
Event: 2461.539 Executing VM operation: G1CollectForAllocation done
Event: 2461.557 Executing VM operation: HandshakeAllThreads
Event: 2461.557 Executing VM operation: HandshakeAllThreads done
Event: 2461.759 Executing VM operation: ICBufferFull
Event: 2461.761 Executing VM operation: ICBufferFull done
Event: 2461.910 Executing VM operation: ICBufferFull
Event: 2461.912 Executing VM operation: ICBufferFull done
Event: 2461.912 Executing VM operation: ICBufferFull
Event: 2461.918 Executing VM operation: ICBufferFull done
Event: 2462.010 Executing VM operation: G1CollectForAllocation

Events (20 events):
Event: 2461.263 Thread 0x00000281808576b0 flushing nmethod 0x00000281e7fe3c90
Event: 2461.263 Thread 0x00000281808576b0 flushing nmethod 0x00000281e7fe6610
Event: 2461.263 Thread 0x00000281808576b0 flushing nmethod 0x00000281e7ff8b90
Event: 2461.263 Thread 0x00000281808576b0 flushing nmethod 0x00000281e7ff9690
Event: 2461.263 Thread 0x00000281808576b0 flushing nmethod 0x00000281e800cb10
Event: 2461.263 Thread 0x00000281808576b0 flushing nmethod 0x00000281e800d710
Event: 2461.263 Thread 0x00000281808576b0 flushing nmethod 0x00000281e8036f90
Event: 2461.263 Thread 0x00000281808576b0 flushing nmethod 0x00000281e805b790
Event: 2461.263 Thread 0x00000281808576b0 flushing nmethod 0x00000281e806d290
Event: 2461.263 Thread 0x00000281808576b0 flushing nmethod 0x00000281e8070d90
Event: 2461.263 Thread 0x00000281808576b0 flushing nmethod 0x00000281e8082690
Event: 2461.263 Thread 0x00000281808576b0 flushing nmethod 0x00000281e80a0390
Event: 2461.263 Thread 0x00000281808576b0 flushing nmethod 0x00000281e80a0890
Event: 2461.263 Thread 0x00000281808576b0 flushing nmethod 0x00000281e80a1e90
Event: 2461.263 Thread 0x00000281808576b0 flushing nmethod 0x00000281e80a4290
Event: 2461.263 Thread 0x00000281808576b0 flushing nmethod 0x00000281e80b1910
Event: 2461.263 Thread 0x00000281808576b0 flushing nmethod 0x00000281e80b3210
Event: 2461.263 Thread 0x00000281808576b0 flushing nmethod 0x00000281e80bbb90
Event: 2461.263 Thread 0x00000281808576b0 flushing nmethod 0x00000281e80c3f10
Event: 2461.263 Thread 0x00000281808576b0 flushing nmethod 0x00000281e80cd190


Dynamic libraries:
0x00007ff67c680000 - 0x00007ff67c68a000 	C:\Program Files\Android\Android Studio\jbr\bin\java.exe
0x00007ff96dfb0000 - 0x00007ff96e1a8000 	C:\WINDOWS\SYSTEM32\ntdll.dll
0x00007ff96cd20000 - 0x00007ff96cde1000 	C:\WINDOWS\System32\KERNEL32.DLL
0x00007ff96b9e0000 - 0x00007ff96bcdd000 	C:\WINDOWS\System32\KERNELBASE.dll
0x00007ff96b8e0000 - 0x00007ff96b9e0000 	C:\WINDOWS\System32\ucrtbase.dll
0x00007ff8e9500000 - 0x00007ff8e951b000 	C:\Program Files\Android\Android Studio\jbr\bin\VCRUNTIME140.dll
0x00007ff945410000 - 0x00007ff945427000 	C:\Program Files\Android\Android Studio\jbr\bin\jli.dll
0x00007ff96cad0000 - 0x00007ff96cc6d000 	C:\WINDOWS\System32\USER32.dll
0x00007ff94b1e0000 - 0x00007ff94b47a000 	C:\WINDOWS\WinSxS\amd64_microsoft.windows.common-controls_6595b64144ccf1df_6.0.19041.4355_none_60b8b9eb71f62e16\COMCTL32.dll
0x00007ff96b800000 - 0x00007ff96b822000 	C:\WINDOWS\System32\win32u.dll
0x00007ff96c990000 - 0x00007ff96c9bb000 	C:\WINDOWS\System32\GDI32.dll
0x00007ff96cc70000 - 0x00007ff96cd0e000 	C:\WINDOWS\System32\msvcrt.dll
0x00007ff96b690000 - 0x00007ff96b7a7000 	C:\WINDOWS\System32\gdi32full.dll
0x00007ff96bde0000 - 0x00007ff96be7d000 	C:\WINDOWS\System32\msvcp_win.dll
0x00007ff96c460000 - 0x00007ff96c48f000 	C:\WINDOWS\System32\IMM32.DLL
0x00007ff900bf0000 - 0x00007ff900bfc000 	C:\Program Files\Android\Android Studio\jbr\bin\vcruntime140_1.dll
0x00007ff8e6300000 - 0x00007ff8e638d000 	C:\Program Files\Android\Android Studio\jbr\bin\msvcp140.dll
0x00007ff91ba30000 - 0x00007ff91c6b3000 	C:\Program Files\Android\Android Studio\jbr\bin\server\jvm.dll
0x00007ff96dec0000 - 0x00007ff96df70000 	C:\WINDOWS\System32\ADVAPI32.dll
0x00007ff96d420000 - 0x00007ff96d4c0000 	C:\WINDOWS\System32\sechost.dll
0x00007ff96d260000 - 0x00007ff96d383000 	C:\WINDOWS\System32\RPCRT4.dll
0x00007ff96b660000 - 0x00007ff96b687000 	C:\WINDOWS\System32\bcrypt.dll
0x00007ff94bc00000 - 0x00007ff94bc09000 	C:\WINDOWS\SYSTEM32\WSOCK32.dll
0x00007ff962100000 - 0x00007ff962127000 	C:\WINDOWS\SYSTEM32\WINMM.dll
0x00007ff96b1d0000 - 0x00007ff96b21b000 	C:\WINDOWS\SYSTEM32\POWRPROF.dll
0x00007ff96c700000 - 0x00007ff96c76b000 	C:\WINDOWS\System32\WS2_32.dll
0x00007ff964a20000 - 0x00007ff964a2a000 	C:\WINDOWS\SYSTEM32\VERSION.dll
0x00007ff96b1b0000 - 0x00007ff96b1c2000 	C:\WINDOWS\SYSTEM32\UMPDC.dll
0x00007ff969500000 - 0x00007ff969512000 	C:\WINDOWS\SYSTEM32\kernel.appcore.dll
0x00007ff946fb0000 - 0x00007ff946fba000 	C:\Program Files\Android\Android Studio\jbr\bin\jimage.dll
0x00007ff965280000 - 0x00007ff965464000 	C:\WINDOWS\SYSTEM32\DBGHELP.DLL
0x00007ff95b660000 - 0x00007ff95b694000 	C:\WINDOWS\SYSTEM32\dbgcore.DLL
0x00007ff96bce0000 - 0x00007ff96bd62000 	C:\WINDOWS\System32\bcryptPrimitives.dll
0x00007ff946280000 - 0x00007ff9462a5000 	C:\Program Files\Android\Android Studio\jbr\bin\java.dll
0x00007ff946000000 - 0x00007ff946018000 	C:\Program Files\Android\Android Studio\jbr\bin\zip.dll
0x00007ff96d4c0000 - 0x00007ff96dc2f000 	C:\WINDOWS\System32\SHELL32.dll
0x00007ff969700000 - 0x00007ff969ea3000 	C:\WINDOWS\SYSTEM32\windows.storage.dll
0x00007ff96bfe0000 - 0x00007ff96c333000 	C:\WINDOWS\System32\combase.dll
0x00007ff96b020000 - 0x00007ff96b04e000 	C:\WINDOWS\SYSTEM32\Wldp.dll
0x00007ff96c630000 - 0x00007ff96c6fd000 	C:\WINDOWS\System32\OLEAUT32.dll
0x00007ff96c770000 - 0x00007ff96c81d000 	C:\WINDOWS\System32\SHCORE.dll
0x00007ff96dc90000 - 0x00007ff96dce5000 	C:\WINDOWS\System32\shlwapi.dll
0x00007ff96b590000 - 0x00007ff96b5b4000 	C:\WINDOWS\SYSTEM32\profapi.dll
0x00007ff945d30000 - 0x00007ff945d49000 	C:\Program Files\Android\Android Studio\jbr\bin\net.dll
0x00007ff965020000 - 0x00007ff96512d000 	C:\WINDOWS\SYSTEM32\WINHTTP.dll
0x00007ff96ad20000 - 0x00007ff96ad8a000 	C:\WINDOWS\system32\mswsock.dll
0x00007ff945a00000 - 0x00007ff945a16000 	C:\Program Files\Android\Android Studio\jbr\bin\nio.dll
0x00007ff945840000 - 0x00007ff945850000 	C:\Program Files\Android\Android Studio\jbr\bin\verify.dll
0x00007ff945870000 - 0x00007ff945897000 	C:\Users\DAVID\.gradle\native\c067742578af261105cb4f569cf0c3c89f3d7b1fecec35dd04571415982c5e48\windows-amd64\native-platform.dll
0x00007ff8e6020000 - 0x00007ff8e6164000 	C:\Users\DAVID\.gradle\native\38dada09dfb8b06ba9b0570ebf7e218e3eb74d4ef43ca46872605cf95ebc2f47\windows-amd64\native-platform-file-events.dll
0x00007ff9459f0000 - 0x00007ff9459f9000 	C:\Program Files\Android\Android Studio\jbr\bin\management.dll
0x00007ff945850000 - 0x00007ff94585b000 	C:\Program Files\Android\Android Studio\jbr\bin\management_ext.dll
0x00007ff96c5c0000 - 0x00007ff96c5c8000 	C:\WINDOWS\System32\PSAPI.DLL
0x00007ff96af10000 - 0x00007ff96af28000 	C:\WINDOWS\SYSTEM32\CRYPTSP.dll
0x00007ff96a640000 - 0x00007ff96a674000 	C:\WINDOWS\system32\rsaenh.dll
0x00007ff96b510000 - 0x00007ff96b53e000 	C:\WINDOWS\SYSTEM32\USERENV.dll
0x00007ff96af30000 - 0x00007ff96af3c000 	C:\WINDOWS\SYSTEM32\CRYPTBASE.dll
0x00007ff96aa00000 - 0x00007ff96aa3b000 	C:\WINDOWS\SYSTEM32\IPHLPAPI.DLL
0x00007ff96c820000 - 0x00007ff96c828000 	C:\WINDOWS\System32\NSI.dll
0x00007ff966a60000 - 0x00007ff966a77000 	C:\WINDOWS\SYSTEM32\dhcpcsvc6.DLL
0x00007ff9667d0000 - 0x00007ff9667ed000 	C:\WINDOWS\SYSTEM32\dhcpcsvc.DLL
0x00007ff96aa40000 - 0x00007ff96ab0a000 	C:\WINDOWS\SYSTEM32\DNSAPI.dll
0x00007ff945d20000 - 0x00007ff945d29000 	C:\Program Files\Android\Android Studio\jbr\bin\extnet.dll
0x00007ff945ff0000 - 0x00007ff945ff7000 	C:\WINDOWS\system32\wshunix.dll
0x00007ff96a890000 - 0x00007ff96a8c3000 	C:\WINDOWS\SYSTEM32\ntmarta.dll
0x00007ff9685c0000 - 0x00007ff9685de000 	C:\Users\DAVID\AppData\Local\Temp\native-platform1872846520414825774dir\native-platform.dll
0x00007ff9685b0000 - 0x00007ff9685b7000 	C:\Program Files\Android\Android Studio\jbr\bin\rmi.dll

dbghelp: loaded successfully - version: 4.0.5 - missing functions: none
symbol engine: initialized successfully - sym options: 0x614 - pdb path: .;C:\Program Files\Android\Android Studio\jbr\bin;C:\WINDOWS\SYSTEM32;C:\WINDOWS\WinSxS\amd64_microsoft.windows.common-controls_6595b64144ccf1df_6.0.19041.4355_none_60b8b9eb71f62e16;C:\Program Files\Android\Android Studio\jbr\bin\server;C:\Users\DAVID\.gradle\native\c067742578af261105cb4f569cf0c3c89f3d7b1fecec35dd04571415982c5e48\windows-amd64;C:\Users\DAVID\.gradle\native\38dada09dfb8b06ba9b0570ebf7e218e3eb74d4ef43ca46872605cf95ebc2f47\windows-amd64;C:\Users\DAVID\AppData\Local\Temp\native-platform1872846520414825774dir

VM Arguments:
jvm_args: -XX:MaxMetaspaceSize=2G -XX:+HeapDumpOnOutOfMemoryError --add-opens=java.base/java.util=ALL-UNNAMED --add-opens=java.base/java.lang=ALL-UNNAMED --add-opens=java.base/java.lang.invoke=ALL-UNNAMED --add-opens=java.prefs/java.util.prefs=ALL-UNNAMED --add-opens=java.base/java.nio.charset=ALL-UNNAMED --add-opens=java.base/java.net=ALL-UNNAMED --add-opens=java.base/java.util.concurrent.atomic=ALL-UNNAMED -Xmx4G -Dfile.encoding=windows-1252 -Duser.country=BR -Duser.language=pt -Duser.variant 
java_command: org.gradle.launcher.daemon.bootstrap.GradleDaemon 7.6.3
java_class_path (initial): C:\Users\DAVID\.gradle\wrapper\dists\gradle-7.6.3-all\aocdy2d2z8kodnny3rsumj8i8\gradle-7.6.3\lib\gradle-launcher-7.6.3.jar
Launcher Type: SUN_STANDARD

[Global flags]
     intx CICompilerCount                          = 4                                         {product} {ergonomic}
     uint ConcGCThreads                            = 3                                         {product} {ergonomic}
     uint G1ConcRefinementThreads                  = 10                                        {product} {ergonomic}
   size_t G1HeapRegionSize                         = 2097152                                   {product} {ergonomic}
    uintx GCDrainStackTargetSize                   = 64                                        {product} {ergonomic}
     bool HeapDumpOnOutOfMemoryError               = true                                   {manageable} {command line}
   size_t InitialHeapSize                          = 268435456                                 {product} {ergonomic}
   size_t MarkStackSize                            = 4194304                                   {product} {ergonomic}
   size_t MaxHeapSize                              = 4294967296                                {product} {command line}
   size_t MaxMetaspaceSize                         = 2147483648                                {product} {command line}
   size_t MaxNewSize                               = 2575302656                                {product} {ergonomic}
   size_t MinHeapDeltaBytes                        = 2097152                                   {product} {ergonomic}
   size_t MinHeapSize                              = 8388608                                   {product} {ergonomic}
    uintx NonNMethodCodeHeapSize                   = 5839372                                {pd product} {ergonomic}
    uintx NonProfiledCodeHeapSize                  = 122909434                              {pd product} {ergonomic}
    uintx ProfiledCodeHeapSize                     = 122909434                              {pd product} {ergonomic}
    uintx ReservedCodeCacheSize                    = 251658240                              {pd product} {ergonomic}
     bool SegmentedCodeCache                       = true                                      {product} {ergonomic}
   size_t SoftMaxHeapSize                          = 4294967296                             {manageable} {ergonomic}
     bool UseCompressedClassPointers               = true                           {product lp64_product} {ergonomic}
     bool UseCompressedOops                        = true                           {product lp64_product} {ergonomic}
     bool UseG1GC                                  = true                                      {product} {ergonomic}
     bool UseLargePagesIndividualAllocation        = false                                  {pd product} {ergonomic}

Logging:
Log output configuration:
 #0: stdout all=warning uptime,level,tags
 #1: stderr all=off uptime,level,tags

Environment Variables:
JAVA_HOME=C:\Program Files\Android\Android Studio\jbr
CLASSPATH=D:\DOCUMENTOS\PROJETO_FLUTTER\dmega\android\\gradle\wrapper\gradle-wrapper.jar
PATH=C:\Program Files\Android\Android Studio\jbr\bin;C:\WINDOWS\system32;C:\WINDOWS;C:\WINDOWS\System32\Wbem;C:\WINDOWS\System32\WindowsPowerShell\v1.0\;C:\WINDOWS\System32\OpenSSH\;C:\Program Files\Git\cmd;C:\Users\DAVID\AppData\Local\Microsoft\WindowsApps;C:\Users\DAVID\AppData\Local\Programs\Microsoft VS Code\bin;C:\src\flutter\bin;;C:\src\flutter\bin\mingit\cmd;C:\src\flutter\bin\mingit\cmd
USERNAME=DAVID
OS=Windows_NT
PROCESSOR_IDENTIFIER=AMD64 Family 23 Model 8 Stepping 2, AuthenticAMD
TMP=C:\Users\DAVID\AppData\Local\Temp
TEMP=C:\Users\DAVID\AppData\Local\Temp



Periodic native trim disabled

JNI global refs:
JNI global refs: 29, weak refs: 205

JNI global refs memory usage: 843, weak refs: 2737

Process memory usage:
Resident Set Size: 1520260K (9% of 16699976K total physical memory with 3605320K free physical memory)

OOME stack traces (most recent first):
Classloader memory used:
Loader java.net.URLClassLoader                                                         : 7711K
Loader org.gradle.internal.classloader.VisitableURLClassLoader                         : 7023K
Loader org.gradle.internal.classloader.VisitableURLClassLoader                         : 5504K
Loader bootstrap                                                                       : 3619K
Loader org.gradle.initialization.MixInLegacyTypesClassLoader                           : 1518K
Loader jdk.internal.reflect.DelegatingClassLoader                                      : 517K
Loader org.gradle.groovy.scripts.internal.DefaultScriptCompilationHandler$ScriptClassLoader: 85083B
Loader jdk.internal.loader.ClassLoaders$PlatformClassLoader                            : 80413B
Loader org.codehaus.groovy.runtime.callsite.CallSiteClassLoader                        : 33846B
Loader com.intellij.util.lang.UrlClassLoader                                           : 27132B
Loader jdk.internal.loader.ClassLoaders$AppClassLoader                                 : 26016B
Loader sun.reflect.misc.MethodUtil                                                     : 519B

Classes loaded by more than one classloader:
Class Program                                                                         : loaded 6 times (x 70B)
Class com.google.common.collect.AbstractMapBasedMultimap$KeySet$1                     : loaded 3 times (x 80B)
Class org.jetbrains.kotlin.config.MavenComparableVersion$ListItem                     : loaded 3 times (x 178B)
Class com.google.common.collect.NullsLastOrdering                                     : loaded 3 times (x 113B)
Class org.objectweb.asm.MethodVisitor                                                 : loaded 3 times (x 102B)
Class com.google.common.collect.AbstractMultimap$Entries                              : loaded 3 times (x 118B)
Class com.google.common.collect.Multiset                                              : loaded 3 times (x 68B)
Class com.google.common.base.CharMatcher$JavaUpperCase                                : loaded 3 times (x 109B)
Class com.google.common.collect.RegularImmutableList                                  : loaded 3 times (x 172B)
Class com.google.common.collect.ImmutableRangeSet$Builder                             : loaded 3 times (x 75B)
Class com.google.common.collect.Iterators$MergingIterator                             : loaded 3 times (x 79B)
Class com.google.common.collect.UsingToStringOrdering                                 : loaded 3 times (x 112B)
Class com.google.common.io.CharSource                                                 : loaded 3 times (x 83B)
Class com.google.common.base.CharMatcher$IsEither                                     : loaded 3 times (x 109B)
Class com.google.common.base.CharMatcher$AnyOf                                        : loaded 3 times (x 110B)
Class com.google.common.collect.ImmutableAsList                                       : loaded 3 times (x 169B)
Class com.google.common.io.Closer$SuppressingSuppressor                               : loaded 3 times (x 72B)
Class com.google.common.collect.Platform                                              : loaded 3 times (x 69B)
Class org.objectweb.asm.MethodWriter                                                  : loaded 3 times (x 103B)
Class com.google.common.collect.AbstractMapBasedMultimap$WrappedCollection$WrappedIterator: loaded 3 times (x 82B)
Class com.google.common.io.ByteSink                                                   : loaded 3 times (x 74B)
Class com.google.common.io.ByteSource                                                 : loaded 3 times (x 82B)
Class com.google.common.collect.Sets$4                                                : loaded 3 times (x 137B)
Class com.google.common.graph.SuccessorsFunction                                      : loaded 3 times (x 68B)
Class com.google.common.collect.Sets$3                                                : loaded 3 times (x 137B)
Class com.google.common.collect.Sets$2                                                : loaded 3 times (x 137B)
Class [Lcom.google.common.collect.AbstractMapEntry;                                   : loaded 3 times (x 67B)
Class com.google.common.collect.Sets$1                                                : loaded 3 times (x 137B)
Class com.google.common.collect.ImmutableRangeSet$AsSet                               : loaded 3 times (x 233B)
Class com.google.common.collect.SingletonImmutableList                                : loaded 3 times (x 167B)
Class com.google.common.io.ByteSource$EmptyByteSource                                 : loaded 3 times (x 83B)
Class com.google.common.collect.MapDifference                                         : loaded 3 times (x 68B)
Class com.google.common.collect.ImmutableMultimap$2                                   : loaded 3 times (x 79B)
Class com.google.common.collect.ImmutableMultimap$1                                   : loaded 3 times (x 80B)
Class com.google.common.base.CharMatcher$JavaLetter                                   : loaded 3 times (x 109B)
Class [Lorg.jetbrains.kotlin.config.LanguageVersion;                                  : loaded 3 times (x 67B)
Class com.google.common.base.CharMatcher$FastMatcher                                  : loaded 3 times (x 109B)
Class com.google.common.collect.ImmutableMultiset                                     : loaded 3 times (x 161B)
Class com.google.common.base.CharMatcher$Invisible                                    : loaded 3 times (x 110B)
Class com.google.common.io.ByteStreams                                                : loaded 3 times (x 69B)
Class com.google.common.collect.ImmutableMapEntry                                     : loaded 3 times (x 83B)
Class com.google.common.io.Files$2                                                    : loaded 3 times (x 74B)
Class com.google.common.collect.ImmutableRangeSet$1                                   : loaded 3 times (x 169B)
Class org.jetbrains.kotlin.config.MavenComparableVersion                              : loaded 3 times (x 76B)
Class com.google.common.base.CharMatcher$NamedFastMatcher                             : loaded 3 times (x 110B)
Class org.jetbrains.kotlin.config.LanguageVersionSettings                             : loaded 3 times (x 68B)
Class com.google.common.base.AbstractIterator$State                                   : loaded 3 times (x 77B)
Class [Lorg.objectweb.asm.Type;                                                       : loaded 3 times (x 67B)
Class com.google.common.collect.AbstractMapBasedMultimap$WrappedList                  : loaded 3 times (x 165B)
Class com.google.common.io.Closer$Suppressor                                          : loaded 3 times (x 68B)
Class com.google.common.collect.ImmutableSet                                          : loaded 3 times (x 145B)
Class com.google.common.hash.PrimitiveSink                                            : loaded 3 times (x 68B)
Class com.google.common.collect.ImmutableEnumSet                                      : loaded 3 times (x 146B)
Class com.google.common.collect.ImmutableBiMap                                        : loaded 3 times (x 142B)
Class com.google.common.collect.ImmutableMultimap$Keys                                : loaded 3 times (x 164B)
Class org.objectweb.asm.Attribute                                                     : loaded 3 times (x 75B)
Class com.google.common.collect.SortedMapDifference                                   : loaded 3 times (x 68B)
Class com.google.common.collect.ListMultimap                                          : loaded 3 times (x 68B)
Class com.google.common.base.MoreObjects                                              : loaded 3 times (x 69B)
Class com.google.common.base.CharMatcher$JavaDigit                                    : loaded 3 times (x 109B)
Class com.google.common.base.CharMatcher$Digit                                        : loaded 3 times (x 110B)
Class com.google.common.collect.AbstractMultimap                                      : loaded 3 times (x 121B)
Class com.google.common.collect.ImmutableMap$MapViewOfValuesAsSingletonSets           : loaded 3 times (x 123B)
Class com.google.common.base.CharMatcher$ForPredicate                                 : loaded 3 times (x 110B)
Class com.google.common.io.ByteSource$ConcatenatedByteSource                          : loaded 3 times (x 83B)
Class com.google.common.collect.ImmutableSet$Builder                                  : loaded 3 times (x 83B)
Class com.google.common.collect.Sets                                                  : loaded 3 times (x 69B)
Class org.jetbrains.kotlin.config.ExplicitApiMode$Companion                           : loaded 3 times (x 69B)
Class com.google.common.collect.Maps$ViewCachingAbstractMap                           : loaded 3 times (x 123B)
Class com.google.common.base.CharMatcher$Negated                                      : loaded 3 times (x 111B)
Class com.google.common.collect.ImmutableList$Builder                                 : loaded 3 times (x 75B)
Class com.google.common.collect.AbstractMapEntry                                      : loaded 3 times (x 79B)
Class com.google.common.io.LineProcessor                                              : loaded 3 times (x 68B)
Class com.google.common.io.ByteSource$SlicedByteSource                                : loaded 3 times (x 83B)
Class com.google.common.collect.AbstractIterator                                      : loaded 3 times (x 80B)
Class com.google.common.math.IntMath                                                  : loaded 3 times (x 69B)
Class com.google.common.collect.ImmutableMultimap$Values                              : loaded 3 times (x 124B)
Class com.google.common.base.CharMatcher$NegatedFastMatcher                           : loaded 3 times (x 111B)
Class com.google.common.io.ByteArrayDataOutput                                        : loaded 3 times (x 68B)
Class com.google.common.collect.ImmutableEntry                                        : loaded 3 times (x 80B)
Class com.google.common.collect.Lists$StringAsImmutableList                           : loaded 3 times (x 167B)
Class org.objectweb.asm.ClassVisitor                                                  : loaded 3 times (x 85B)
Class [Lcom.google.common.collect.Iterators$EmptyModifiableIterator;                  : loaded 3 times (x 67B)
Class com.google.common.base.CommonPattern                                            : loaded 3 times (x 72B)
Class com.google.common.collect.SingletonImmutableBiMap                               : loaded 3 times (x 142B)
Class com.google.common.io.ByteArrayDataInput                                         : loaded 3 times (x 68B)
Class com.google.common.collect.ImmutableCollection$Builder                           : loaded 3 times (x 74B)
Class com.google.common.collect.Maps$EntryTransformer                                 : loaded 3 times (x 68B)
Class org.jetbrains.kotlin.config.LanguageVersion$Companion                           : loaded 3 times (x 69B)
Class com.google.common.base.CharMatcher$JavaLowerCase                                : loaded 3 times (x 109B)
Class com.google.common.collect.Iterables                                             : loaded 3 times (x 69B)
Class com.google.common.base.CharMatcher$Or                                           : loaded 3 times (x 110B)
Class org.jetbrains.kotlin.config.JvmDefaultMode$Companion                            : loaded 3 times (x 69B)
Class org.jetbrains.kotlin.config.ApiVersion$Companion                                : loaded 3 times (x 69B)
Class com.google.common.collect.ImmutableMap$1                                        : loaded 3 times (x 79B)
Class com.google.common.base.CharMatcher$JavaIsoControl                               : loaded 3 times (x 110B)
Class com.google.common.base.CharMatcher                                              : loaded 3 times (x 109B)
Class com.google.common.collect.ImmutableSet$SetBuilderImpl                           : loaded 3 times (x 74B)
Class com.google.common.collect.Multimaps$Entries                                     : loaded 3 times (x 116B)
Class org.jetbrains.kotlin.config.LanguageOrApiVersion                                : loaded 3 times (x 68B)
Class com.google.common.collect.Maps$BiMapConverter                                   : loaded 3 times (x 88B)
Class com.google.common.collect.ReverseOrdering                                       : loaded 3 times (x 113B)
Class com.google.common.base.Splitter$1                                               : loaded 3 times (x 75B)
Class com.google.common.collect.ImmutableList$SubList                                 : loaded 3 times (x 168B)
Class com.google.common.base.CharMatcher$IsNot                                        : loaded 3 times (x 109B)
Class com.google.common.collect.AbstractMapBasedMultimap$RandomAccessWrappedList      : loaded 3 times (x 165B)
Class com.google.common.collect.RegularImmutableSortedSet                             : loaded 3 times (x 233B)
Class org.jetbrains.kotlin.config.MavenComparableVersion$IntegerItem                  : loaded 3 times (x 78B)
Class com.google.common.base.CharMatcher$RangesMatcher                                : loaded 3 times (x 110B)
Class com.google.common.collect.ArrayListMultimapGwtSerializationDependencies         : loaded 3 times (x 170B)
Class com.google.common.collect.SortedIterable                                        : loaded 3 times (x 68B)
Class com.google.common.collect.AbstractMapBasedMultimap$KeySet                       : loaded 3 times (x 135B)
Class com.google.common.collect.AbstractMapBasedMultimap                              : loaded 3 times (x 137B)
Class com.google.common.base.CharMatcher$Any                                          : loaded 3 times (x 110B)
Class com.google.common.collect.SetMultimap                                           : loaded 3 times (x 68B)
Class com.google.common.collect.AbstractListMultimap                                  : loaded 3 times (x 170B)
Class com.google.common.base.Splitter                                                 : loaded 3 times (x 70B)
Class com.google.common.collect.IndexedImmutableSet$1                                 : loaded 3 times (x 172B)
Class com.google.common.collect.IndexedImmutableSet                                   : loaded 3 times (x 148B)
Class com.google.common.io.Files$FileByteSink                                         : loaded 3 times (x 75B)
Class com.google.common.base.CharMatcher$And                                          : loaded 3 times (x 110B)
Class com.google.common.base.CharMatcher$Ascii                                        : loaded 3 times (x 110B)
Class com.google.common.collect.Iterators$ArrayItr                                    : loaded 3 times (x 95B)
Class com.google.common.base.CharMatcher$1                                            : loaded 3 times (x 111B)
Class com.google.common.collect.Iterators                                             : loaded 3 times (x 69B)
Class org.jetbrains.kotlin.config.MavenComparableVersion$Item                         : loaded 3 times (x 68B)
Class com.google.common.base.AbstractIterator$1                                       : loaded 3 times (x 69B)
Class org.jetbrains.kotlin.config.LanguageVersion                                     : loaded 3 times (x 87B)
Class com.google.common.collect.Range                                                 : loaded 3 times (x 85B)
Class com.google.common.base.AbstractIterator                                         : loaded 3 times (x 78B)
Class com.google.common.collect.ImmutableMap$Builder                                  : loaded 3 times (x 78B)
Class [Lcom.google.common.base.AbstractIterator$State;                                : loaded 3 times (x 67B)
Class com.google.common.collect.SingletonImmutableSet                                 : loaded 3 times (x 146B)
Class com.google.common.primitives.Ints$IntConverter                                  : loaded 3 times (x 88B)
Class org.objectweb.asm.Type                                                          : loaded 3 times (x 70B)
Class org.jetbrains.kotlin.utils.DescriptionAware                                     : loaded 3 times (x 68B)
Class com.google.common.base.Charsets                                                 : loaded 3 times (x 69B)
Class org.jetbrains.kotlin.config.ApiVersion                                          : loaded 3 times (x 83B)
Class com.google.common.collect.Maps$EntrySet                                         : loaded 3 times (x 134B)
Class com.google.common.base.CharMatcher$BitSetMatcher                                : loaded 3 times (x 110B)
Class com.google.common.collect.ImmutableBiMapFauxverideShim                          : loaded 3 times (x 118B)
Class com.google.common.collect.ImmutableMap$IteratorBasedImmutableMap                : loaded 3 times (x 123B)
Class com.google.common.collect.ImmutableMapEntrySet                                  : loaded 3 times (x 149B)
Class com.google.common.collect.AbstractMapBasedMultimap$WrappedSet                   : loaded 3 times (x 140B)
Class com.google.common.collect.PeekingIterator                                       : loaded 3 times (x 68B)
Class com.google.common.collect.RegularImmutableAsList                                : loaded 3 times (x 176B)
Class com.google.common.base.CharMatcher$Is                                           : loaded 3 times (x 109B)
Class org.jetbrains.kotlin.config.ExplicitApiMode                                     : loaded 3 times (x 77B)
Class com.google.common.collect.ImmutableListMultimap                                 : loaded 3 times (x 176B)
Class com.google.common.collect.ImmutableMultisetGwtSerializationDependencies         : loaded 3 times (x 123B)
Class com.google.common.io.Files$FileByteSource                                       : loaded 3 times (x 83B)
Class com.google.common.collect.ImmutableMap                                          : loaded 3 times (x 118B)
Class com.google.common.base.Splitter$SplittingIterator                               : loaded 3 times (x 82B)
Class com.google.common.collect.CollectCollectors                                     : loaded 3 times (x 69B)
Class com.google.common.collect.AbstractMapBasedMultimap$2                            : loaded 3 times (x 83B)
Class org.jetbrains.kotlin.config.LanguageFeature                                     : loaded 3 times (x 77B)
Class com.google.common.collect.AbstractMapBasedMultimap$Itr                          : loaded 3 times (x 81B)
Class com.google.common.base.Converter                                                : loaded 3 times (x 88B)
Class com.google.common.collect.AbstractSetMultimap                                   : loaded 3 times (x 172B)
Class com.google.common.collect.Sets$ImprovedAbstractSet                              : loaded 3 times (x 133B)
Class [Lcom.google.common.collect.ImmutableEntry;                                     : loaded 3 times (x 67B)
Class com.google.common.collect.ImmutableSet$RegularSetBuilderImpl                    : loaded 3 times (x 75B)
Class com.google.common.collect.ImmutableSortedSetFauxverideShim                      : loaded 3 times (x 145B)
Class [Lorg.jetbrains.kotlin.config.LanguageOrApiVersion;                             : loaded 3 times (x 67B)
Class com.google.common.collect.ImmutableSet$JdkBackedSetBuilderImpl                  : loaded 3 times (x 74B)
Class com.google.common.base.Splitter$1$1                                             : loaded 3 times (x 84B)
Class com.google.common.collect.ImmutableSortedSet                                    : loaded 3 times (x 233B)
Class com.google.common.io.ByteSource$ByteArrayByteSource                             : loaded 3 times (x 83B)
Class [Lcom.google.common.collect.ImmutableMapEntry;                                  : loaded 3 times (x 67B)
Class com.google.common.collect.ImmutableMapEntrySet$RegularEntrySet                  : loaded 3 times (x 149B)
Class com.google.common.base.Splitter$Strategy                                        : loaded 3 times (x 68B)
Class org.jetbrains.kotlin.config.JvmDefaultMode                                      : loaded 3 times (x 77B)
Class com.google.common.collect.ImmutableList$1                                       : loaded 3 times (x 95B)
Class com.google.common.io.Files                                                      : loaded 3 times (x 69B)
Class com.google.common.collect.UnmodifiableListIterator                              : loaded 3 times (x 93B)
Class com.google.common.base.CharMatcher$None                                         : loaded 3 times (x 110B)
Class com.google.common.collect.ImmutableMultimap$Builder                             : loaded 3 times (x 81B)
Class com.google.common.collect.AbstractIndexedListIterator                           : loaded 3 times (x 94B)
Class [Lorg.jetbrains.kotlin.config.JvmDefaultMode;                                   : loaded 3 times (x 67B)
Class com.google.common.collect.RegularImmutableMap                                   : loaded 3 times (x 119B)
Class com.google.common.collect.Maps                                                  : loaded 3 times (x 69B)
Class com.google.common.collect.RangeGwtSerializationDependencies                     : loaded 3 times (x 69B)
Class com.google.common.collect.LexicographicalOrdering                               : loaded 3 times (x 113B)
Class com.google.common.primitives.IntsMethodsForWeb                                  : loaded 3 times (x 69B)
Class com.google.common.collect.CollectPreconditions                                  : loaded 3 times (x 69B)
Class com.google.common.collect.RegularImmutableMap$KeySet                            : loaded 3 times (x 148B)
Class org.jetbrains.kotlin.config.LanguageFeature$State                               : loaded 3 times (x 80B)
Class com.google.common.collect.ComparatorOrdering                                    : loaded 3 times (x 113B)
Class com.google.common.collect.AllEqualOrdering                                      : loaded 3 times (x 112B)
Class com.google.common.collect.Iterators$9                                           : loaded 3 times (x 79B)
Class com.google.common.base.Function                                                 : loaded 3 times (x 68B)
Class com.google.common.base.Preconditions                                            : loaded 3 times (x 69B)
Class com.google.common.collect.Iterators$5                                           : loaded 3 times (x 80B)
Class com.google.common.collect.Iterators$4                                           : loaded 3 times (x 80B)
Class com.google.common.collect.BaseImmutableMultimap                                 : loaded 3 times (x 121B)
Class com.google.common.primitives.Ints                                               : loaded 3 times (x 69B)
Class com.google.common.collect.Iterators$1                                           : loaded 3 times (x 79B)
Class com.google.common.base.CharMatcher$Whitespace                                   : loaded 3 times (x 110B)
Class com.google.common.collect.RangeSet                                              : loaded 3 times (x 68B)
Class com.google.common.collect.ImmutableList                                         : loaded 3 times (x 166B)
Class com.google.common.collect.Iterators$EmptyModifiableIterator                     : loaded 3 times (x 84B)
Class com.google.common.collect.Iterators$10                                          : loaded 3 times (x 79B)
Class com.google.common.collect.ObjectArrays                                          : loaded 3 times (x 69B)
Class com.google.common.collect.EmptyImmutableListMultimap                            : loaded 3 times (x 176B)
Class com.google.common.collect.Ordering                                              : loaded 3 times (x 112B)
Class [Lorg.jetbrains.kotlin.config.ExplicitApiMode;                                  : loaded 3 times (x 67B)
Class [Lorg.jetbrains.kotlin.utils.DescriptionAware;                                  : loaded 3 times (x 67B)
Class com.google.common.collect.ImmutableList$ReverseImmutableList                    : loaded 3 times (x 168B)
Class com.google.common.collect.ImmutableEnumMap                                      : loaded 3 times (x 123B)
Class com.google.common.io.ByteSource$AsCharSource                                    : loaded 3 times (x 84B)
Class com.google.common.collect.RegularImmutableMap$Values                            : loaded 3 times (x 167B)
Class com.google.common.base.Predicate                                                : loaded 3 times (x 68B)
Class com.google.common.collect.ImmutableRangeSet                                     : loaded 3 times (x 113B)
Class com.google.common.collect.ImmutableCollection                                   : loaded 3 times (x 123B)
Class com.google.common.collect.CompoundOrdering                                      : loaded 3 times (x 113B)
Class com.google.common.base.CharMatcher$JavaLetterOrDigit                            : loaded 3 times (x 109B)
Class com.google.common.collect.RegularImmutableBiMap                                 : loaded 3 times (x 147B)
Class com.google.common.collect.AbstractMapBasedMultimap$WrappedCollection            : loaded 3 times (x 122B)
Class org.jetbrains.kotlin.config.AnalysisFlag                                        : loaded 3 times (x 70B)
Class com.google.common.collect.Multimap                                              : loaded 3 times (x 68B)
Class com.google.common.collect.ByFunctionOrdering                                    : loaded 3 times (x 113B)
Class com.google.common.base.JdkPattern                                               : loaded 3 times (x 73B)
Class com.google.common.collect.RegularImmutableSet                                   : loaded 3 times (x 146B)
Class com.google.common.collect.NaturalOrdering                                       : loaded 3 times (x 113B)
Class com.google.common.collect.ImmutableRangeSet$ComplementRanges                    : loaded 3 times (x 167B)
Class com.google.common.collect.NullsFirstOrdering                                    : loaded 3 times (x 113B)
Class com.google.common.io.ByteStreams$LimitedInputStream                             : loaded 3 times (x 90B)
Class com.google.common.collect.Hashing                                               : loaded 3 times (x 69B)
Class com.google.common.base.CharMatcher$SingleWidth                                  : loaded 3 times (x 110B)
Class com.google.common.collect.UnmodifiableIterator                                  : loaded 3 times (x 78B)
Class com.google.common.io.Closer                                                     : loaded 3 times (x 76B)
Class com.google.common.collect.ArrayListMultimap                                     : loaded 3 times (x 170B)
Class com.google.common.io.ByteStreams$1                                              : loaded 3 times (x 83B)
Class com.google.common.collect.AbstractRangeSet                                      : loaded 3 times (x 112B)
Class com.google.common.collect.ExplicitOrdering                                      : loaded 3 times (x 113B)
Class com.google.common.math.MathPreconditions                                        : loaded 3 times (x 69B)
Class com.google.common.collect.ImmutableMultimap                                     : loaded 3 times (x 145B)
Class org.objectweb.asm.Label                                                         : loaded 3 times (x 71B)
Class com.google.common.math.IntMath$1                                                : loaded 3 times (x 69B)
Class com.google.common.collect.Maps$8                                                : loaded 3 times (x 80B)
Class com.google.common.collect.Lists                                                 : loaded 3 times (x 69B)
Class com.google.common.collect.BiMap                                                 : loaded 3 times (x 68B)
Class com.google.common.collect.Sets$SetView                                          : loaded 3 times (x 136B)
Class com.google.common.collect.ImmutableMultimap$EntryCollection                     : loaded 3 times (x 125B)
Class com.google.common.collect.Maps$KeySet                                           : loaded 3 times (x 135B)
Class com.google.common.base.CharMatcher$InRange                                      : loaded 3 times (x 109B)
Class com.google.common.collect.ImmutableMapEntry$NonTerminalImmutableMapEntry        : loaded 3 times (x 83B)
Class org.codehaus.groovy.syntax.Token                                                : loaded 2 times (x 109B)
Class com.google.common.base.PatternCompiler                                          : loaded 2 times (x 68B)
Class com.google.common.collect.HashMultimap                                          : loaded 2 times (x 172B)
Class kotlin.Result$Failure                                                           : loaded 2 times (x 70B)
Class org.jetbrains.kotlin.storage.CacheWithNullableValues                            : loaded 2 times (x 68B)
Class org.codehaus.groovy.ast.NodeMetaDataHandler                                     : loaded 2 times (x 68B)
Class kotlin.Result$Companion                                                         : loaded 2 times (x 69B)
Class org.codehaus.groovy.reflection.CachedClass                                      : loaded 2 times (x 93B)
Class org.codehaus.groovy.runtime.dgmimpl.arrays.LongArrayGetAtMetaMethod             : loaded 2 times (x 95B)
Class com.google.gson.internal.bind.JsonTreeWriter                                    : loaded 2 times (x 95B)
Class kotlin.jvm.internal.markers.KMutableIterator                                    : loaded 2 times (x 68B)
Class kotlin.collections.builders.ListBuilderKt                                       : loaded 2 times (x 69B)
Class com.android.prefs.VariableValue                                                 : loaded 2 times (x 79B)
Class org.codehaus.groovy.runtime.metaclass.MixinInstanceMetaMethod                   : loaded 2 times (x 94B)
Class kotlin.collections.IntIterator                                                  : loaded 2 times (x 80B)
Class org.objectweb.asm.AnnotationWriter                                              : loaded 2 times (x 76B)
Class org.codehaus.groovy.util.ReferenceType                                          : loaded 2 times (x 78B)
Class kotlin.jvm.internal.markers.KMutableIterable                                    : loaded 2 times (x 68B)
Class org.codehaus.groovy.reflection.GroovyClassValue                                 : loaded 2 times (x 68B)
Class org.gradle.internal.classloader.ClassLoaderVisitor                              : loaded 2 times (x 74B)
Class org.codehaus.groovy.runtime.metaclass.MetaMethodIndex                           : loaded 2 times (x 91B)
Class com.google.common.collect.SortedSetMultimap                                     : loaded 2 times (x 68B)
Class org.jetbrains.kotlin.storage.NullableLazyValue                                  : loaded 2 times (x 68B)
Class org.jetbrains.kotlin.utils.SmartList                                            : loaded 2 times (x 161B)
Class org.jetbrains.kotlin.utils.WrappedValues                                        : loaded 2 times (x 69B)
Class kotlin.jvm.internal.TypeIntrinsics                                              : loaded 2 times (x 69B)
Class com.google.common.cache.CacheBuilder$NullListener                               : loaded 2 times (x 80B)
Class com.android.tools.lint.model.DefaultLintModelDependency                         : loaded 2 times (x 84B)
Class kotlin.reflect.jvm.internal.KPropertyImpl$Companion                             : loaded 2 times (x 69B)
Class org.codehaus.groovy.reflection.ClassInfo                                        : loaded 2 times (x 90B)
Class com.google.gson.internal.ConstructorConstructor$3                               : loaded 2 times (x 74B)
Class groovy.lang.ExpandoMetaClassCreationHandle                                      : loaded 2 times (x 74B)
Class org.codehaus.groovy.reflection.stdclasses.ArrayCachedClass                      : loaded 2 times (x 93B)
Class com.google.gson.JsonSyntaxException                                             : loaded 2 times (x 80B)
Class com.google.gson.TypeAdapter$1                                                   : loaded 2 times (x 72B)
Class [Lkotlin.reflect.KProperty;                                                     : loaded 2 times (x 67B)
Class kotlin.UninitializedPropertyAccessException                                     : loaded 2 times (x 80B)
Class com.android.tools.lint.model.DefaultLintModelArtifact                           : loaded 2 times (x 78B)
Class groovy.lang.SpreadMap                                                           : loaded 2 times (x 133B)
Class kotlin.reflect.jvm.internal.KTypeParameterOwnerImpl                             : loaded 2 times (x 68B)
Class org.jetbrains.kotlin.config.AnalysisFlags                                       : loaded 2 times (x 69B)
Class kotlin.reflect.jvm.internal.pcollections.IntTree                                : loaded 2 times (x 70B)
Class org.jetbrains.kotlin.cli.jvm.compiler.KotlinCoreEnvironment                     : loaded 2 times (x 70B)
Class org.gradle.internal.classpath.DefaultClassPath$ImmutableUniqueList$Builder      : loaded 2 times (x 73B)
Class org.jetbrains.kotlin.cli.common.CompilerSystemProperties                        : loaded 2 times (x 78B)
Class org.codehaus.groovy.ast.expr.MethodCall                                         : loaded 2 times (x 68B)
Class org.codehaus.groovy.runtime.metaclass.MethodMetaProperty                        : loaded 2 times (x 76B)
Class kotlin.text.StringsKt__RegexExtensionsKt                                        : loaded 2 times (x 69B)
Class kotlin.reflect.jvm.internal.KCallableImpl$_parameters$1                         : loaded 2 times (x 77B)
Class [Lorg.codehaus.groovy.util.AbstractConcurrentMapBase$Segment;                   : loaded 2 times (x 67B)
Class org.gradle.internal.service.DefaultServiceLocator                               : loaded 2 times (x 81B)
Class kotlin.text.StringsKt__StringBuilderJVMKt                                       : loaded 2 times (x 69B)
Class org.gradle.internal.service.UnknownServiceException                             : loaded 2 times (x 81B)
Class kotlin.collections.SetsKt___SetsKt                                              : loaded 2 times (x 69B)
Class org.codehaus.groovy.runtime.InvokerInvocationException                          : loaded 2 times (x 85B)
Class com.google.common.collect.ImmutableListMultimap$Builder                         : loaded 2 times (x 81B)
Class [Lcom.google.common.cache.LocalCache$Strength;                                  : loaded 2 times (x 67B)
Class com.android.tools.lint.model.LintModelExternalLibrary                           : loaded 2 times (x 68B)
Class com.android.prefs.QueryResult                                                   : loaded 2 times (x 79B)
Class com.google.common.util.concurrent.AbstractFuture$SynchronizedHelper             : loaded 2 times (x 74B)
Class com.google.common.collect.Collections2$FilteredCollection                       : loaded 2 times (x 117B)
Class org.codehaus.groovy.runtime.dgmimpl.arrays.CharacterArrayPutAtMetaMethod        : loaded 2 times (x 95B)
Class org.codehaus.groovy.util.Reference                                              : loaded 2 times (x 68B)
Class kotlin.text.StringsKt__StringsJVMKt                                             : loaded 2 times (x 69B)
Class groovy.lang.MetaClassImpl$1                                                     : loaded 2 times (x 73B)
Class kotlin.sequences.DropTakeSequence                                               : loaded 2 times (x 68B)
Class com.google.common.base.Strings                                                  : loaded 2 times (x 69B)
Class groovy.lang.MetaClassImpl$2                                                     : loaded 2 times (x 94B)
Class org.codehaus.groovy.util.ComplexKeyHashMap$Entry                                : loaded 2 times (x 72B)
Class org.jetbrains.kotlin.load.java.ReportLevel                                      : loaded 2 times (x 77B)
Class build_f0srlsa5vznkog7j8blhsloz4$_run_closure1$_closure3                         : loaded 2 times (x 134B)
Class groovy.lang.MetaClassImpl$3                                                     : loaded 2 times (x 76B)
Class org.codehaus.groovy.reflection.stdclasses.FloatCachedClass                      : loaded 2 times (x 93B)
Class org.jetbrains.kotlin.config.LanguageVersionSettingsImpl                         : loaded 2 times (x 78B)
Class org.codehaus.groovy.ast.expr.ConstructorCallExpression                          : loaded 2 times (x 139B)
Class groovy.lang.MetaClassImpl$4                                                     : loaded 2 times (x 75B)
Class org.codehaus.groovy.vmplugin.v9.ClassFinder$1                                   : loaded 2 times (x 82B)
Class groovy.lang.MetaClassImpl$5                                                     : loaded 2 times (x 76B)
Class kotlin.collections.AbstractMutableSet                                           : loaded 2 times (x 140B)
Class groovy.lang.MetaClassImpl$6                                                     : loaded 2 times (x 75B)
Class com.google.common.collect.HashMultimapGwtSerializationDependencies              : loaded 2 times (x 172B)
Class org.codehaus.groovy.ast.expr.ClosureExpression                                  : loaded 2 times (x 131B)
Class groovy.lang.MetaClassImpl$7                                                     : loaded 2 times (x 75B)
Class kotlin.properties.ObservableProperty                                            : loaded 2 times (x 81B)
Class groovy.lang.MetaClassImpl$8                                                     : loaded 2 times (x 75B)
Class kotlin.reflect.KCallable                                                        : loaded 2 times (x 68B)
Class kotlin.collections.CollectionsKt___CollectionsKt$asSequence$$inlined$Sequence$1 : loaded 2 times (x 73B)
Class groovy.lang.MetaClassImpl$9                                                     : loaded 2 times (x 75B)
Class com.google.common.cache.CacheLoader$InvalidCacheLoadException                   : loaded 2 times (x 80B)
Class org.jetbrains.kotlin.storage.LockBasedStorageManager$1                          : loaded 2 times (x 106B)
Class org.gradle.internal.classloader.DefaultClassLoaderFactory                       : loaded 2 times (x 80B)
Class com.google.gson.JsonNull                                                        : loaded 2 times (x 90B)
Class org.jetbrains.kotlin.config.AnalysisFlags$allowResultReturnType$2               : loaded 2 times (x 125B)
Class kotlin.reflect.KClass                                                           : loaded 2 times (x 68B)
Class com.google.common.collect.Sets$2$1                                              : loaded 2 times (x 80B)
Class com.google.common.base.Stopwatch                                                : loaded 2 times (x 70B)
Class org.jetbrains.kotlin.load.java.JavaNullabilityAnnotationsStatus$Companion       : loaded 2 times (x 69B)
Class org.codehaus.groovy.runtime.GroovyCategorySupport                               : loaded 2 times (x 69B)
Class com.google.common.reflect.Types                                                 : loaded 2 times (x 69B)
Class com.google.common.base.Platform$JdkPatternCompiler                              : loaded 2 times (x 73B)
Class groovy.lang.IntRange                                                            : loaded 2 times (x 207B)
Class net.rubygrapefruit.platform.ProcessLauncher                                     : loaded 2 times (x 68B)
Class [Lorg.jetbrains.kotlin.config.LanguageFeature$Kind;                             : loaded 2 times (x 67B)
Class org.codehaus.groovy.util.ReferenceType$WeakRef                                  : loaded 2 times (x 84B)
Class kotlin.collections.CollectionsKt__MutableCollectionsKt                          : loaded 2 times (x 69B)
Class com.google.common.cache.LocalCache$LoadingValueReference                        : loaded 2 times (x 94B)
Class org.codehaus.groovy.util.FastArray                                              : loaded 2 times (x 83B)
Class kotlin.reflect.jvm.internal.KPropertyImpl$_descriptor$1                         : loaded 2 times (x 77B)
Class org.codehaus.groovy.util.ManagedConcurrentMap                                   : loaded 2 times (x 81B)
Class kotlin.ResultKt                                                                 : loaded 2 times (x 69B)
Class org.jetbrains.kotlin.config.AnalysisFlags$allowKotlinPackage$2                  : loaded 2 times (x 125B)
Class [Lorg.codehaus.groovy.reflection.CachedConstructor;                             : loaded 2 times (x 67B)
Class kotlin.jvm.internal.markers.KMutableMap                                         : loaded 2 times (x 68B)
Class org.codehaus.groovy.ast.expr.ClassExpression                                    : loaded 2 times (x 125B)
Class org.codehaus.groovy.util.SingleKeyHashMap                                       : loaded 2 times (x 82B)
Class org.apache.groovy.io.StringBuilderWriter                                        : loaded 2 times (x 98B)
Class org.codehaus.groovy.control.ResolveVisitor$LowerCaseClass                       : loaded 2 times (x 241B)
Class kotlin.jvm.internal.Lambda                                                      : loaded 2 times (x 73B)
Class com.google.gson.JsonElement                                                     : loaded 2 times (x 90B)
Class org.objectweb.asm.Context                                                       : loaded 2 times (x 70B)
Class [Lorg.codehaus.groovy.util.LockableObject;                                      : loaded 2 times (x 67B)
Class [Lcom.google.common.reflect.Types$ClassOwnership;                               : loaded 2 times (x 67B)
Class org.codehaus.groovy.ast.stmt.ExpressionStatement                                : loaded 2 times (x 110B)
Class groovy.lang.ListWithDefault                                                     : loaded 2 times (x 135B)
Class org.jetbrains.kotlin.config.AnalysisFlags$ignoreDataFlowInAssert$2              : loaded 2 times (x 125B)
Class kotlin.collections.CollectionsKt__ReversedViewsKt                               : loaded 2 times (x 69B)
Class [Lorg.codehaus.groovy.ast.AnnotatedNode;                                        : loaded 2 times (x 67B)
Class groovy.io.FileType                                                              : loaded 2 times (x 77B)
Class com.google.common.reflect.Invokable$MethodInvokable                             : loaded 2 times (x 120B)
Class net.rubygrapefruit.platform.internal.DefaultProcessLauncher                     : loaded 2 times (x 73B)
Class kotlin.Deprecated                                                               : loaded 2 times (x 68B)
Class com.android.prefs.VariableType                                                  : loaded 2 times (x 77B)
Class groovy.lang.GroovyClassLoader                                                   : loaded 2 times (x 140B)
Class com.google.common.reflect.TypeResolver$TypeTable                                : loaded 2 times (x 71B)
Class kotlin.collections.AbstractMutableList                                          : loaded 2 times (x 166B)
Class com.google.common.base.Optional                                                 : loaded 2 times (x 78B)
Class com.google.gson.internal.bind.JsonTreeReader                                    : loaded 2 times (x 95B)
Class org.codehaus.groovy.runtime.dgmimpl.NumberNumberMinus                           : loaded 2 times (x 112B)
Class org.codehaus.groovy.runtime.m12n.ExtensionModuleScanner$ExtensionModuleListener : loaded 2 times (x 68B)
Class com.android.tools.lint.model.LintModelLintOptions                               : loaded 2 times (x 68B)
Class com.google.common.base.FunctionalEquivalence                                    : loaded 2 times (x 81B)
Class org.codehaus.groovy.ast.stmt.BlockStatement                                     : loaded 2 times (x 113B)
Class org.objectweb.asm.AnnotationVisitor                                             : loaded 2 times (x 75B)
Class org.objectweb.asm.RecordComponentWriter                                         : loaded 2 times (x 76B)
Class kotlin.sequences.SequenceScope                                                  : loaded 2 times (x 71B)
Class com.google.common.cache.LocalCache$1                                            : loaded 2 times (x 87B)
Class kotlin.reflect.jvm.internal.pcollections.ConsPStack                             : loaded 2 times (x 77B)
Class com.google.common.cache.LocalCache$2                                            : loaded 2 times (x 140B)
Class kotlin.collections.AbstractIterator$WhenMappings                                : loaded 2 times (x 69B)
Class org.codehaus.groovy.runtime.wrappers.GroovyObjectWrapper                        : loaded 2 times (x 86B)
Class org.codehaus.groovy.runtime.dgmimpl.arrays.ArrayGetAtMetaMethod                 : loaded 2 times (x 95B)
Class org.gradle.internal.classloader.FilteringClassLoader                            : loaded 2 times (x 103B)
Class [Lcom.google.common.collect.LinkedHashMultimap$ValueEntry;                      : loaded 2 times (x 67B)
Class org.codehaus.groovy.util.SingleKeyHashMap$Entry                                 : loaded 2 times (x 73B)
Class kotlin.sequences.SequencesKt__SequenceBuilderKt                                 : loaded 2 times (x 69B)
Class com.android.io.CancellableFileIo                                                : loaded 2 times (x 69B)
Class groovy.lang.MetaClassImpl                                                       : loaded 2 times (x 191B)
Class kotlin.text.StringsKt__StringNumberConversionsKt                                : loaded 2 times (x 69B)
Class org.gradle.internal.classloader.VisitableURLClassLoader$Spec                    : loaded 2 times (x 72B)
Class org.gradle.api.GradleException                                                  : loaded 2 times (x 80B)
Class com.google.common.cache.LocalCache$StrongValueReference                         : loaded 2 times (x 88B)
Class com.google.gson.internal.bind.CollectionTypeAdapterFactory$Adapter              : loaded 2 times (x 72B)
Class kotlin.reflect.jvm.internal.KCallableImpl$_annotations$1                        : loaded 2 times (x 77B)
Class org.gradle.api.internal.classpath.ModuleRegistry                                : loaded 2 times (x 68B)
Class com.android.tools.lint.model.LintModelSerialization                             : loaded 2 times (x 73B)
Class kotlin.KotlinNothingValueException                                              : loaded 2 times (x 80B)
Class org.jetbrains.kotlin.cli.common.messages.MessageCollector                       : loaded 2 times (x 68B)
Class kotlin.text.StringsKt                                                           : loaded 2 times (x 69B)
Class groovy.transform.Internal                                                       : loaded 2 times (x 68B)
Class org.jetbrains.kotlin.storage.MemoizedFunctionToNotNull                          : loaded 2 times (x 68B)
Class com.android.tools.lint.model.DefaultLintModelDependencies                       : loaded 2 times (x 76B)
Class groovyjarjarasm.asm.Label                                                       : loaded 2 times (x 71B)
Class com.google.common.reflect.TypeToken$1                                           : loaded 2 times (x 123B)
Class com.google.common.cache.CacheBuilder                                            : loaded 2 times (x 70B)
Class org.codehaus.groovy.util.AbstractConcurrentMapBase$Segment                      : loaded 2 times (x 81B)
Class com.google.common.reflect.TypeToken$2                                           : loaded 2 times (x 123B)
Class org.objectweb.asm.ByteVector                                                    : loaded 2 times (x 76B)
Class kotlin.collections.ArrayAsCollection                                            : loaded 2 times (x 103B)
Class [Lgroovy.lang.MetaMethod;                                                       : loaded 2 times (x 67B)
Class org.codehaus.groovy.util.ManagedReference$1                                     : loaded 2 times (x 74B)
Class kotlin.jvm.internal.markers.KMutableCollection                                  : loaded 2 times (x 68B)
Class org.jetbrains.kotlin.config.ConstraintSystemForOverloadResolutionMode           : loaded 2 times (x 77B)
Class org.codehaus.groovy.ast.Variable                                                : loaded 2 times (x 68B)
Class groovy.lang.MetaClassImpl$MethodIndexAction                                     : loaded 2 times (x 73B)
Class kotlin.reflect.jvm.internal.KCallableImpl$_typeParameters$1                     : loaded 2 times (x 77B)
Class groovy.lang.Reference                                                           : loaded 2 times (x 84B)
Class groovyjarjarasm.asm.Symbol                                                      : loaded 2 times (x 71B)
Class kotlin.jvm.internal.markers.KMappedMarker                                       : loaded 2 times (x 68B)
Class com.google.common.base.PairwiseEquivalence                                      : loaded 2 times (x 81B)
Class com.google.common.base.Ticker                                                   : loaded 2 times (x 70B)
Class org.codehaus.groovy.vmplugin.VMPlugin                                           : loaded 2 times (x 68B)
Class org.jetbrains.kotlin.name.FqName                                                : loaded 2 times (x 70B)
Class org.gradle.api.internal.ClassPathProvider                                       : loaded 2 times (x 68B)
Class groovy.lang.MetaArrayLengthProperty                                             : loaded 2 times (x 75B)
Class kotlin.reflect.KDeclarationContainer                                            : loaded 2 times (x 68B)
Class com.google.gson.TypeAdapterFactory                                              : loaded 2 times (x 68B)
Class org.codehaus.groovy.ast.ConstructorNode                                         : loaded 2 times (x 156B)
Class org.codehaus.groovy.ast.FieldNode                                               : loaded 2 times (x 160B)
Class org.jetbrains.kotlin.load.java.JavaTypeEnhancementState                         : loaded 2 times (x 70B)
Class com.android.utils.ILogger                                                       : loaded 2 times (x 68B)
Class org.codehaus.groovy.reflection.stdclasses.LongCachedClass                       : loaded 2 times (x 93B)
Class kotlin.KotlinVersion$Companion                                                  : loaded 2 times (x 69B)
Class com.google.gson.reflect.TypeToken                                               : loaded 2 times (x 73B)
Class [Lorg.codehaus.groovy.ast.MixinNode;                                            : loaded 2 times (x 67B)
Class org.codehaus.groovy.runtime.NumberAwareComparator                               : loaded 2 times (x 88B)
Class org.objectweb.asm.ModuleWriter                                                  : loaded 2 times (x 79B)
Class org.gradle.internal.classloader.ClasspathUtil$1                                 : loaded 2 times (x 74B)
Class com.google.gson.internal.bind.ReflectiveTypeAdapterFactory$Adapter              : loaded 2 times (x 72B)
Class org.jetbrains.kotlin.config.AnalysisFlags$expectActualLinker$2                  : loaded 2 times (x 125B)
Class com.android.ide.common.blame.SourcePosition                                     : loaded 2 times (x 69B)
Class com.google.common.cache.LocalCache$EntryFactory$8                               : loaded 2 times (x 81B)
Class groovyjarjarasm.asm.ClassWriter                                                 : loaded 2 times (x 102B)
Class org.codehaus.groovy.ast.MixinNode                                               : loaded 2 times (x 241B)
Class org.codehaus.groovy.runtime.dgmimpl.arrays.ByteArrayGetAtMetaMethod             : loaded 2 times (x 95B)
Class groovy.lang.GString                                                             : loaded 2 times (x 119B)
Class com.google.common.cache.LocalCache$EntryFactory$7                               : loaded 2 times (x 81B)
Class org.codehaus.groovy.util.TripleKeyHashMap                                       : loaded 2 times (x 80B)
Class groovy.util.BufferedIterator                                                    : loaded 2 times (x 68B)
Class groovy.lang.MetaClassRegistryChangeEvent                                        : loaded 2 times (x 77B)
Class org.codehaus.groovy.runtime.dgmimpl.arrays.DoubleArrayPutAtMetaMethod           : loaded 2 times (x 95B)
Class kotlin.reflect.jvm.internal.KPackageImpl$data$1                                 : loaded 2 times (x 77B)
Class org.codehaus.groovy.runtime.metaclass.ClosureStaticMetaMethod                   : loaded 2 times (x 100B)
Class org.codehaus.groovy.reflection.GroovyClassValueFactory                          : loaded 2 times (x 69B)
Class kotlin.sequences.TransformingSequence                                           : loaded 2 times (x 73B)
Class com.google.common.reflect.TypeResolver$TypeVariableKey                          : loaded 2 times (x 70B)
Class org.jetbrains.kotlin.load.java.JavaTypeEnhancementState$Companion$DEFAULT$1     : loaded 2 times (x 123B)
Class [Lorg.jetbrains.kotlin.config.LanguageFeature$State;                            : loaded 2 times (x 67B)
Class com.google.common.cache.LocalCache$EntryFactory$6                               : loaded 2 times (x 81B)
Class net.rubygrapefruit.platform.internal.Platform$Posix                             : loaded 2 times (x 79B)
Class org.codehaus.groovy.ast.expr.ListExpression                                     : loaded 2 times (x 130B)
Class org.jetbrains.kotlin.storage.SimpleLock$Companion                               : loaded 2 times (x 69B)
Class kotlin.collections.CollectionsKt__MutableCollectionsJVMKt                       : loaded 2 times (x 69B)
Class org.codehaus.groovy.reflection.v7.GroovyClassValueJava7                         : loaded 2 times (x 82B)
Class org.codehaus.groovy.reflection.ClassInfo$1                                      : loaded 2 times (x 74B)
Class groovy.lang.StringWriterIOException                                             : loaded 2 times (x 81B)
Class kotlin.collections.EmptyList                                                    : loaded 2 times (x 134B)
Class org.codehaus.groovy.reflection.CachedMethod                                     : loaded 2 times (x 110B)
Class groovy.lang.GroovyCallable                                                      : loaded 2 times (x 68B)
Class org.codehaus.groovy.ast.expr.MethodPointerExpression                            : loaded 2 times (x 129B)
Class groovyjarjarasm.asm.MethodWriter                                                : loaded 2 times (x 103B)
Class com.google.common.cache.AbstractCache$StatsCounter                              : loaded 2 times (x 68B)
Class com.google.common.collect.Maps$EntryFunction$1                                  : loaded 2 times (x 89B)
Class com.google.common.collect.Maps$EntryFunction$2                                  : loaded 2 times (x 89B)
Class org.objectweb.asm.FieldVisitor                                                  : loaded 2 times (x 74B)
Class org.codehaus.groovy.runtime.typehandling.DefaultTypeTransformation              : loaded 2 times (x 69B)
Class com.android.tools.lint.model.DefaultLintModelDependencyGraph                    : loaded 2 times (x 76B)
Class org.codehaus.groovy.ast.stmt.ContinueStatement                                  : loaded 2 times (x 109B)
Class org.objectweb.asm.Symbol                                                        : loaded 2 times (x 71B)
Class org.codehaus.groovy.runtime.dgmimpl.NumberNumberMultiply                        : loaded 2 times (x 112B)
Class org.codehaus.groovy.runtime.memoize.EvictableCache$Action                       : loaded 2 times (x 68B)
Class com.google.common.cache.LocalCache$EntryFactory$5                               : loaded 2 times (x 81B)
Class com.google.common.reflect.TypeToken                                             : loaded 2 times (x 71B)
Class kotlin.reflect.jvm.internal.ReflectProperties$Val$1                             : loaded 2 times (x 69B)
Class com.google.common.cache.LocalCache$Strength$1                                   : loaded 2 times (x 79B)
Class com.google.gson.GsonBuilder                                                     : loaded 2 times (x 70B)
Class com.google.common.cache.LocalCache$EntryFactory$4                               : loaded 2 times (x 81B)
Class [Lcom.google.common.base.Predicate;                                             : loaded 2 times (x 67B)
Class com.google.common.cache.LocalCache$Strength$2                                   : loaded 2 times (x 79B)
Class com.google.common.cache.LocalCache$Strength$3                                   : loaded 2 times (x 79B)
Class org.gradle.internal.classloader.ClassLoaderFactory                              : loaded 2 times (x 68B)
Class org.codehaus.groovy.runtime.dgmimpl.arrays.FloatArrayGetAtMetaMethod            : loaded 2 times (x 95B)
Class [Lcom.google.common.collect.Maps$EntryFunction;                                 : loaded 2 times (x 67B)
Class org.codehaus.groovy.ast.ClassHelper                                             : loaded 2 times (x 69B)
Class groovy.lang.MetaProperty                                                        : loaded 2 times (x 75B)
Class kotlin.io.LinesSequence$iterator$1                                              : loaded 2 times (x 77B)
Class groovy.lang.MissingFieldException                                               : loaded 2 times (x 87B)
Class com.google.common.base.Absent                                                   : loaded 2 times (x 78B)
Class com.google.common.util.concurrent.AbstractFuture$Waiter                         : loaded 2 times (x 70B)
Class com.android.tools.lint.model.LintModelSerialization$LintModelSerializationAdapter: loaded 2 times (x 68B)
Class kotlin.jvm.internal.FunctionReference                                           : loaded 2 times (x 120B)
Class com.google.gson.internal.bind.CollectionTypeAdapterFactory                      : loaded 2 times (x 73B)
Class com.google.common.util.concurrent.Uninterruptibles                              : loaded 2 times (x 69B)
Class kotlin.coroutines.EmptyCoroutineContext                                         : loaded 2 times (x 75B)
Class com.android.ide.common.repository.GradleVersion                                 : loaded 2 times (x 92B)
Class org.codehaus.groovy.util.ManagedConcurrentMap$Segment                           : loaded 2 times (x 83B)
Class org.codehaus.groovy.reflection.CachedClass$CachedMethodComparatorWithString     : loaded 2 times (x 88B)
Class com.google.common.cache.LocalCache$EntryFactory$3                               : loaded 2 times (x 81B)
Class org.jetbrains.kotlin.config.AnalysisFlags$ideMode$2                             : loaded 2 times (x 125B)
Class com.android.tools.lint.model.LintModelMavenName                                 : loaded 2 times (x 68B)
Class org.jetbrains.kotlin.load.java.JavaNullabilityAnnotationSettingsKt              : loaded 2 times (x 69B)
Class org.gradle.api.internal.classpath.ManifestUtil                                  : loaded 2 times (x 69B)
Class org.gradle.api.specs.Spec                                                       : loaded 2 times (x 68B)
Class org.codehaus.groovy.ast.stmt.DoWhileStatement                                   : loaded 2 times (x 116B)
Class org.jetbrains.kotlin.utils.KotlinExceptionWithAttachments                       : loaded 2 times (x 84B)
Class com.google.common.cache.LocalCache$EntryFactory$2                               : loaded 2 times (x 81B)
Class kotlin.jvm.internal.Intrinsics                                                  : loaded 2 times (x 69B)
Class com.google.common.cache.CacheLoader$UnsupportedLoadingOperationException        : loaded 2 times (x 80B)
Class com.google.gson.internal.bind.TypeAdapters$1                                    : loaded 2 times (x 73B)
Class com.google.gson.JsonIOException                                                 : loaded 2 times (x 80B)
Class org.codehaus.groovy.runtime.metaclass.DefaultMetaClassInfo$ConstantMetaClassVersioning: loaded 2 times (x 70B)
Class org.jetbrains.kotlin.config.AnalysisFlags$skipMetadataVersionCheck$2            : loaded 2 times (x 125B)
Class com.google.gson.internal.bind.TypeAdapters$2                                    : loaded 2 times (x 73B)
Class kotlin.collections.ArraysKt__ArraysKt                                           : loaded 2 times (x 69B)
Class com.google.gson.internal.bind.TypeAdapters$3                                    : loaded 2 times (x 73B)
Class kotlin.jvm.internal.ReflectionFactory                                           : loaded 2 times (x 86B)
Class com.google.gson.internal.bind.TypeAdapters$4                                    : loaded 2 times (x 73B)
Class com.google.gson.internal.bind.TypeAdapters$5                                    : loaded 2 times (x 73B)
Class groovy.grape.GrapeEngine                                                        : loaded 2 times (x 68B)
Class com.google.common.util.concurrent.ListenableFuture                              : loaded 2 times (x 68B)
Class com.google.gson.internal.bind.TypeAdapters$6                                    : loaded 2 times (x 73B)
Class groovyjarjarasm.asm.RecordComponentWriter                                       : loaded 2 times (x 76B)
Class org.codehaus.groovy.runtime.MetaClassHelper                                     : loaded 2 times (x 69B)
Class org.codehaus.groovy.runtime.m12n.ExtensionModuleScanner                         : loaded 2 times (x 72B)
Class com.google.gson.internal.bind.TypeAdapters$7                                    : loaded 2 times (x 73B)
Class org.codehaus.groovy.classgen.asm.BytecodeHelper                                 : loaded 2 times (x 69B)
Class org.codehaus.groovy.reflection.CachedClass$CachedMethodComparatorByName         : loaded 2 times (x 89B)
Class kotlin.jvm.internal.Ref$ObjectRef                                               : loaded 2 times (x 70B)
Class org.jetbrains.kotlin.config.AnalysisFlags$allowFullyQualifiedNameInKClass$2     : loaded 2 times (x 125B)
Class com.google.gson.internal.bind.TypeAdapters$8                                    : loaded 2 times (x 73B)
Class com.google.gson.internal.bind.TypeAdapters$9                                    : loaded 2 times (x 73B)
Class [Lorg.jetbrains.kotlin.config.LanguageFeature;                                  : loaded 2 times (x 67B)
Class kotlin.jvm.internal.ArrayIterator                                               : loaded 2 times (x 77B)
Class kotlin.text.StringsKt___StringsJvmKt                                            : loaded 2 times (x 69B)
Class groovy.lang.ClosureInvokingMethod                                               : loaded 2 times (x 68B)
Class com.google.common.cache.LocalCache$EntryFactory$1                               : loaded 2 times (x 81B)
Class org.codehaus.groovy.runtime.DefaultGroovyStaticMethods                          : loaded 2 times (x 69B)
Class com.google.gson.FieldNamingPolicy$6                                             : loaded 2 times (x 81B)
Class com.google.gson.stream.JsonReader$1                                             : loaded 2 times (x 70B)
Class com.google.common.collect.Iterators$6                                           : loaded 2 times (x 79B)
Class com.google.common.util.concurrent.AbstractFuture$UnsafeAtomicHelper             : loaded 2 times (x 74B)
Class com.google.gson.internal.reflect.ReflectionAccessor                             : loaded 2 times (x 70B)
Class com.google.common.base.Equivalence                                              : loaded 2 times (x 80B)
Class com.google.common.base.Joiner                                                   : loaded 2 times (x 77B)
Class com.google.common.base.Equivalence$Equals                                       : loaded 2 times (x 80B)
Class org.jetbrains.kotlin.config.AnalysisFlags$allowUnstableDependencies$2           : loaded 2 times (x 125B)
Class kotlin.coroutines.jvm.internal.RestrictedSuspendLambda                          : loaded 2 times (x 89B)
Class com.google.gson.FieldNamingPolicy$5                                             : loaded 2 times (x 81B)
Class org.codehaus.groovy.ast.PackageNode                                             : loaded 2 times (x 121B)
Class [Lkotlin.reflect.KClassifier;                                                   : loaded 2 times (x 67B)
Class kotlin.coroutines.CoroutineContext                                              : loaded 2 times (x 68B)
Class com.android.support.AndroidxName                                                : loaded 2 times (x 78B)
Class [Lkotlin.reflect.KClass;                                                        : loaded 2 times (x 67B)
Class [Lnet.rubygrapefruit.platform.internal.FunctionResult$Failure;                  : loaded 2 times (x 67B)
Class kotlin.jvm.internal.Reflection                                                  : loaded 2 times (x 69B)
Class net.rubygrapefruit.platform.internal.Platform$Windows                           : loaded 2 times (x 77B)
Class org.codehaus.groovy.reflection.stdclasses.CachedSAMClass                        : loaded 2 times (x 93B)
Class org.gradle.internal.IoActions                                                   : loaded 2 times (x 69B)
Class org.codehaus.groovy.ast.expr.TernaryExpression                                  : loaded 2 times (x 128B)
Class [Lcom.google.common.collect.LinkedHashMultimap$ValueSetLink;                    : loaded 2 times (x 67B)
Class kotlin.io.FileSystemException                                                   : loaded 2 times (x 80B)
Class org.codehaus.groovy.ast.tools.GeneralUtils                                      : loaded 2 times (x 69B)
Class [Lorg.codehaus.groovy.util.ComplexKeyHashMap$Entry;                             : loaded 2 times (x 67B)
Class com.android.tools.lint.model.PathVariables$Companion                            : loaded 2 times (x 69B)
Class org.codehaus.groovy.runtime.BytecodeInterface8                                  : loaded 2 times (x 69B)
Class com.google.gson.FieldNamingPolicy$4                                             : loaded 2 times (x 81B)
Class kotlin.reflect.jvm.internal.KProperty1Impl$_getter$1                            : loaded 2 times (x 77B)
Class org.jetbrains.kotlin.utils.WrappedValues$1                                      : loaded 2 times (x 69B)
Class com.google.gson.internal.$Gson$Types                                            : loaded 2 times (x 69B)
Class groovy.lang.GroovyInterceptable                                                 : loaded 2 times (x 68B)
Class com.android.sdklib.IAndroidTarget                                               : loaded 2 times (x 68B)
Class com.google.common.cache.ReferenceEntry                                          : loaded 2 times (x 68B)
Class groovy.lang.MissingMethodException                                              : loaded 2 times (x 90B)
Class [Lorg.codehaus.groovy.ast.GenericsType;                                         : loaded 2 times (x 67B)
Class kotlin.jvm.internal.PropertyReference1Impl                                      : loaded 2 times (x 125B)
Class com.android.utils.DateProvider                                                  : loaded 2 times (x 68B)
Class com.google.gson.FieldNamingPolicy$3                                             : loaded 2 times (x 81B)
Class kotlin.sequences.SequencesKt                                                    : loaded 2 times (x 69B)
Class [Lcom.google.common.base.Function;                                              : loaded 2 times (x 67B)
Class org.codehaus.groovy.reflection.CachedClass$8                                    : loaded 2 times (x 80B)
Class org.codehaus.groovy.reflection.GroovyClassValue$ComputeValue                    : loaded 2 times (x 68B)
Class kotlin.io.TextStreamsKt                                                         : loaded 2 times (x 69B)
Class kotlin.collections.EmptyIterator                                                : loaded 2 times (x 87B)
Class org.codehaus.groovy.reflection.stdclasses.BooleanCachedClass                    : loaded 2 times (x 93B)
Class com.google.gson.FieldNamingPolicy$2                                             : loaded 2 times (x 81B)
Class kotlin.collections.CollectionsKt__CollectionsKt                                 : loaded 2 times (x 69B)
Class groovy.lang.ReadOnlyPropertyException                                           : loaded 2 times (x 87B)
Class [Lgroovyjarjarasm.asm.SymbolTable$Entry;                                        : loaded 2 times (x 67B)
Class org.codehaus.groovy.reflection.CachedClass$7                                    : loaded 2 times (x 80B)
Class kotlin.jvm.internal.FunctionReferenceImpl                                       : loaded 2 times (x 120B)
Class com.google.gson.internal.$Gson$Types$ParameterizedTypeImpl                      : loaded 2 times (x 79B)
Class com.google.gson.FieldNamingPolicy$1                                             : loaded 2 times (x 81B)
Class org.codehaus.groovy.reflection.AccessPermissionChecker                          : loaded 2 times (x 69B)
Class org.codehaus.groovy.runtime.metaclass.MissingMethodExecutionFailed              : loaded 2 times (x 90B)
Class com.android.support.AndroidxMigrationParserKt                                   : loaded 2 times (x 69B)
Class com.android.tools.lint.model.DefaultLintModelSourceProvider                     : loaded 2 times (x 80B)
Class com.google.common.io.CharSource$ConcatenatedCharSource                          : loaded 2 times (x 84B)
Class net.rubygrapefruit.platform.internal.NativeLibraryLocator                       : loaded 2 times (x 71B)
Class com.android.prefs.AbstractAndroidLocations$Companion                            : loaded 2 times (x 69B)
Class org.codehaus.groovy.runtime.callsite.ClassMetaClassGetPropertySite              : loaded 2 times (x 144B)
Class org.codehaus.groovy.ast.expr.BinaryExpression                                   : loaded 2 times (x 132B)
Class groovy.lang.MetaMethod                                                          : loaded 2 times (x 94B)
Class [Lorg.objectweb.asm.Attribute;                                                  : loaded 2 times (x 67B)
Class kotlin.reflect.KType                                                            : loaded 2 times (x 68B)
Class org.gradle.api.internal.classpath.EffectiveClassPath                            : loaded 2 times (x 88B)
Class org.codehaus.groovy.runtime.dgmimpl.arrays.ObjectArrayPutAtMetaMethod           : loaded 2 times (x 95B)
Class groovy.lang.Tuple                                                               : loaded 2 times (x 166B)
Class kotlin.io.FilesKt                                                               : loaded 2 times (x 69B)
Class org.codehaus.groovy.reflection.CachedClass$6                                    : loaded 2 times (x 80B)
Class org.codehaus.groovy.reflection.GeneratedMetaMethod$DgmMethodRecord              : loaded 2 times (x 70B)
Class org.jetbrains.kotlin.config.JvmAnalysisFlags$jvmDefaultMode$2                   : loaded 2 times (x 125B)
Class org.jetbrains.kotlin.config.LanguageVersionSettingsImpl$Companion               : loaded 2 times (x 69B)
Class kotlin.jvm.internal.DefaultConstructorMarker                                    : loaded 2 times (x 69B)
Class com.google.gson.internal.bind.ReflectiveTypeAdapterFactory                      : loaded 2 times (x 73B)
Class com.google.gson.LongSerializationPolicy                                         : loaded 2 times (x 78B)
Class com.google.common.collect.LinkedHashMultimap$ValueSet                           : loaded 2 times (x 140B)
Class com.google.common.cache.CacheLoader$FunctionToCacheLoader                       : loaded 2 times (x 73B)
Class com.google.common.cache.CacheBuilder$1                                          : loaded 2 times (x 83B)
Class org.codehaus.groovy.ast.expr.Expression                                         : loaded 2 times (x 125B)
Class org.codehaus.groovy.reflection.CachedClass$5                                    : loaded 2 times (x 80B)
Class com.google.common.cache.CacheBuilder$2                                          : loaded 2 times (x 77B)
Class com.google.common.cache.CacheBuilder$3                                          : loaded 2 times (x 70B)
Class com.google.gson.internal.$Gson$Preconditions                                    : loaded 2 times (x 69B)
Class org.codehaus.groovy.util.URLStreams                                             : loaded 2 times (x 69B)
Class groovy.lang.MetaClassRegistry                                                   : loaded 2 times (x 68B)
Class org.codehaus.groovy.runtime.dgmimpl.arrays.ShortArrayPutAtMetaMethod            : loaded 2 times (x 95B)
Class org.codehaus.groovy.ast.expr.MethodCallExpression                               : loaded 2 times (x 151B)
Class org.codehaus.groovy.reflection.ClassInfo$LazyCachedClassRef                     : loaded 2 times (x 80B)
Class org.apache.groovy.util.SystemUtil                                               : loaded 2 times (x 69B)
Class kotlin.reflect.jvm.internal.KClassImpl                                          : loaded 2 times (x 113B)
Class org.codehaus.groovy.reflection.CachedClass$4                                    : loaded 2 times (x 80B)
Class com.google.common.base.Predicates$CompositionPredicate                          : loaded 2 times (x 86B)
Class [Lcom.google.common.cache.RemovalListener;                                      : loaded 2 times (x 67B)
Class net.rubygrapefruit.platform.internal.Platform$Unsupported                       : loaded 2 times (x 77B)
Class com.google.gson.internal.ConstructorConstructor                                 : loaded 2 times (x 70B)
Class org.codehaus.groovy.runtime.DefaultGroovyMethodsSupport                         : loaded 2 times (x 69B)
Class [Lkotlin.reflect.KDeclarationContainer;                                         : loaded 2 times (x 67B)
Class kotlin.reflect.jvm.internal.KProperty1Impl                                      : loaded 2 times (x 126B)
Class org.jetbrains.kotlin.cli.common.messages.GradleStyleMessageRenderer             : loaded 2 times (x 76B)
Class kotlin.jvm.internal.ClassBasedDeclarationContainer                              : loaded 2 times (x 68B)
Class kotlin.sequences.SequencesKt___SequencesKt$filterNotNull$1                      : loaded 2 times (x 76B)
Class org.codehaus.groovy.runtime.dgmimpl.arrays.IntegerArrayGetAtMetaMethod          : loaded 2 times (x 95B)
Class org.gradle.internal.installation.CurrentGradleInstallation                      : loaded 2 times (x 71B)
Class kotlin.Metadata                                                                 : loaded 2 times (x 68B)
Class org.gradle.internal.installation.CurrentGradleInstallationLocator               : loaded 2 times (x 69B)
Class kotlin.collections.CollectionsKt__IteratorsJVMKt                                : loaded 2 times (x 69B)
Class [Lcom.google.common.cache.LocalCache$Segment;                                   : loaded 2 times (x 67B)
Class org.gradle.api.internal.classpath.Module                                        : loaded 2 times (x 68B)
Class build_cj9ho4ep13kbcm4wricz0fa0v$_run_closure1$_closure3                         : loaded 2 times (x 134B)
Class org.codehaus.groovy.reflection.CachedClass$3                                    : loaded 2 times (x 80B)
Class com.android.tools.lint.model.LintModelSerialization$LintModelSerializationFileAdapter: loaded 2 times (x 85B)
Class com.google.common.collect.Multimaps$CustomSetMultimap                           : loaded 2 times (x 176B)
Class org.codehaus.groovy.runtime.GeneratedClosure                                    : loaded 2 times (x 68B)
Class [Lcom.android.prefs.VariableValue;                                              : loaded 2 times (x 67B)
Class kotlin.reflect.KProperty                                                        : loaded 2 times (x 68B)
Class kotlin.sequences.FilteringSequence                                              : loaded 2 times (x 73B)
Class com.android.tools.lint.model.DefaultLintModelAndroidLibrary                     : loaded 2 times (x 98B)
Class kotlin.annotation.Target                                                        : loaded 2 times (x 68B)
Class com.android.tools.lint.model.DefaultLintModelJavaLibrary                        : loaded 2 times (x 90B)
Class kotlin.Lazy                                                                     : loaded 2 times (x 68B)
Class [Lorg.codehaus.groovy.reflection.CachedMethod;                                  : loaded 2 times (x 67B)
Class groovy.lang.groovydoc.Groovydoc                                                 : loaded 2 times (x 74B)
Class kotlin.sequences.DistinctSequence                                               : loaded 2 times (x 73B)
Class [Lorg.jetbrains.kotlin.storage.LockBasedStorageManager$NotValue;                : loaded 2 times (x 67B)
Class groovy.lang.Tuple10                                                             : loaded 2 times (x 166B)
Class net.rubygrapefruit.platform.internal.NativeLibraryLoader                        : loaded 2 times (x 71B)
Class groovy.lang.Tuple11                                                             : loaded 2 times (x 166B)
Class org.codehaus.groovy.runtime.IOGroovyMethods                                     : loaded 2 times (x 69B)
Class groovy.lang.Tuple12                                                             : loaded 2 times (x 166B)
Class kotlin.jvm.internal.MutablePropertyReference0                                   : loaded 2 times (x 135B)
Class kotlin.sequences.SequencesKt__SequencesKt                                       : loaded 2 times (x 69B)
Class groovy.lang.Tuple13                                                             : loaded 2 times (x 166B)
Class kotlin.jvm.internal.MutablePropertyReference1                                   : loaded 2 times (x 135B)
Class kotlin.LazyKt                                                                   : loaded 2 times (x 69B)
Class kotlin.sequences.SequencesKt__SequencesJVMKt                                    : loaded 2 times (x 69B)
Class groovy.lang.Tuple14                                                             : loaded 2 times (x 166B)
Class org.codehaus.groovy.util.LazyReference                                          : loaded 2 times (x 79B)
Class kotlin.jvm.internal.MutablePropertyReference2                                   : loaded 2 times (x 135B)
Class org.codehaus.groovy.reflection.CachedClass$2                                    : loaded 2 times (x 80B)
Class com.google.gson.internal.bind.DateTypeAdapter                                   : loaded 2 times (x 72B)
Class groovy.lang.Tuple15                                                             : loaded 2 times (x 166B)
Class Dependency_version_checker_gradle                                               : loaded 2 times (x 128B)
Class groovy.lang.Tuple16                                                             : loaded 2 times (x 166B)
Class com.google.common.reflect.Types$TypeVariableInvocationHandler                   : loaded 2 times (x 73B)
Class com.google.common.reflect.Types$ClassOwnership                                  : loaded 2 times (x 78B)
Class com.android.tools.analytics.AnalyticsPaths                                      : loaded 2 times (x 69B)
Class org.codehaus.groovy.ast.stmt.SynchronizedStatement                              : loaded 2 times (x 112B)
Class org.codehaus.groovy.reflection.CachedClass$1                                    : loaded 2 times (x 80B)
Class org.codehaus.groovy.runtime.DefaultCachedMethodKey                              : loaded 2 times (x 77B)
Class build_4i8uzgpz8h55gyzt6rktcozhg                                                 : loaded 2 times (x 178B)
Class [Lorg.objectweb.asm.AnnotationWriter;                                           : loaded 2 times (x 67B)
Class org.gradle.internal.service.CachingServiceLocator                               : loaded 2 times (x 80B)
Class kotlin.sequences.GeneratorSequence$iterator$1                                   : loaded 2 times (x 77B)
Class kotlin.NoWhenBranchMatchedException                                             : loaded 2 times (x 80B)
Class build_e628fz8mk86gkrh4gl29yuvly                                                 : loaded 2 times (x 178B)
Class com.android.tools.lint.model.LintModelModuleLibrary                             : loaded 2 times (x 68B)
Class org.codehaus.groovy.runtime.metaclass.ClosureMetaMethod$AnonymousMetaMethod     : loaded 2 times (x 94B)
Class kotlin.text.StringsKt__StringBuilderKt                                          : loaded 2 times (x 69B)
Class net.rubygrapefruit.platform.internal.Platform$Linux64Bit                        : loaded 2 times (x 81B)
Class org.codehaus.groovy.runtime.dgmimpl.arrays.BooleanArrayPutAtMetaMethod          : loaded 2 times (x 95B)
Class kotlin.sequences.FilteringSequence$iterator$1                                   : loaded 2 times (x 77B)
Class org.objectweb.asm.Handle                                                        : loaded 2 times (x 70B)
Class org.codehaus.groovy.runtime.memoize.StampedCommonCache                          : loaded 2 times (x 152B)
Class groovy.lang.MetaClassImpl$Index                                                 : loaded 2 times (x 86B)
Class com.google.common.collect.AbstractMapBasedMultimap$AsMap                        : loaded 2 times (x 126B)
Class com.android.SdkConstants                                                        : loaded 2 times (x 69B)
Class org.gradle.internal.classpath.DefaultClassPath                                  : loaded 2 times (x 88B)
Class com.google.gson.JsonObject                                                      : loaded 2 times (x 91B)
Class com.google.gson.internal.reflect.UnsafeReflectionAccessor                       : loaded 2 times (x 71B)
Class org.codehaus.groovy.ast.CompileUnit$ConstructedOuterNestedClassNode             : loaded 2 times (x 243B)
Class groovy.lang.GroovyRuntimeException                                              : loaded 2 times (x 85B)
Class org.jetbrains.kotlin.load.java.NullabilityAnnotationStatesImpl                  : loaded 2 times (x 73B)
Class groovy.lang.Closure$1                                                           : loaded 2 times (x 131B)
Class kotlin.sequences.FlatteningSequence                                             : loaded 2 times (x 73B)
Class org.gradle.api.Transformer                                                      : loaded 2 times (x 68B)
Class net.rubygrapefruit.platform.internal.WindowsProcessLauncher                     : loaded 2 times (x 74B)
Class kotlin.reflect.jvm.internal.ReflectProperties$LazySoftVal                       : loaded 2 times (x 76B)
Class groovy.lang.GroovyClassLoader$1                                                 : loaded 2 times (x 74B)
Class kotlin.Result                                                                   : loaded 2 times (x 70B)
Class com.android.tools.lint.model.DefaultLintModelAndroidArtifact                    : loaded 2 times (x 83B)
Class org.codehaus.groovy.ast.expr.LambdaExpression                                   : loaded 2 times (x 133B)
Class kotlin.annotation.Retention                                                     : loaded 2 times (x 68B)
Class com.google.common.util.concurrent.AbstractFuture$SetFuture                      : loaded 2 times (x 73B)
Class org.jetbrains.kotlin.cli.common.messages.CompilerMessageSeverity                : loaded 2 times (x 77B)
Class kotlin.collections.CollectionsKt__CollectionsJVMKt                              : loaded 2 times (x 69B)
Class org.codehaus.groovy.runtime.metaclass.ThreadManagedMetaBeanProperty             : loaded 2 times (x 84B)
Class kotlin.sequences.SequencesKt___SequencesKt                                      : loaded 2 times (x 69B)
Class [Lcom.android.tools.lint.model.LintModelModuleType;                             : loaded 2 times (x 67B)
Class com.android.tools.lint.model.LintModelVariant                                   : loaded 2 times (x 68B)
Class kotlin.jvm.internal.CallableReference                                           : loaded 2 times (x 104B)
Class build_c8uv2zr4rumwgjqhqkejb7pm5$_run_closure1                                   : loaded 2 times (x 134B)
Class kotlin.jvm.internal.Ref$BooleanRef                                              : loaded 2 times (x 69B)
Class [Lorg.codehaus.groovy.runtime.callsite.CallSite;                                : loaded 2 times (x 67B)
Class org.codehaus.groovy.reflection.stdclasses.CharacterCachedClass                  : loaded 2 times (x 93B)
Class com.android.tools.lint.model.LintModelBuildFeatures                             : loaded 2 times (x 68B)
Class org.jetbrains.kotlin.config.AnalysisFlag$Delegates$Boolean                      : loaded 2 times (x 69B)
Class kotlin.sequences.FlatteningSequence$iterator$1                                  : loaded 2 times (x 77B)
Class kotlin.annotation.MustBeDocumented                                              : loaded 2 times (x 68B)
Class org.codehaus.groovy.runtime.metaclass.MetaMethodIndex$CacheEntry                : loaded 2 times (x 70B)
Class kotlin.collections.SetsKt__SetsJVMKt                                            : loaded 2 times (x 69B)
Class build_bdsyv133i9322sofoljra228k$_run_closure1                                   : loaded 2 times (x 134B)
Class kotlin.reflect.jvm.internal.KPropertyImpl                                       : loaded 2 times (x 113B)
Class com.google.common.collect.TransformedIterator                                   : loaded 2 times (x 78B)
Class com.android.utils.EnvironmentProvider                                           : loaded 2 times (x 68B)
Class groovyjarjarasm.asm.ByteVector                                                  : loaded 2 times (x 76B)
Class com.google.gson.internal.PreJava9DateFormatProvider                             : loaded 2 times (x 69B)
Class groovy.lang.Writable                                                            : loaded 2 times (x 68B)
Class com.android.sdklib.AndroidVersion                                               : loaded 2 times (x 73B)
Class kotlin.sequences.SequencesKt__SequencesKt$flatten$3                             : loaded 2 times (x 76B)
Class com.google.gson.annotations.JsonAdapter                                         : loaded 2 times (x 68B)
Class org.codehaus.groovy.control.MultipleCompilationErrorsException                  : loaded 2 times (x 88B)
Class kotlin.reflect.KTypeParameter                                                   : loaded 2 times (x 68B)
Class org.codehaus.groovy.classgen.BytecodeExpression                                 : loaded 2 times (x 126B)
Class com.google.common.reflect.TypeParameter                                         : loaded 2 times (x 70B)
Class org.codehaus.groovy.runtime.MethodClosure                                       : loaded 2 times (x 133B)
Class org.jetbrains.kotlin.load.java.JavaTypeEnhancementState$Companion               : loaded 2 times (x 69B)
Class com.google.common.cache.LocalCache$LocalManualCache$1                           : loaded 2 times (x 73B)
Class kotlin.ranges.IntProgressionIterator                                            : loaded 2 times (x 80B)
Class kotlin.jvm.JvmClassMappingKt                                                    : loaded 2 times (x 69B)
Class com.android.tools.lint.model.LintModelArtifact                                  : loaded 2 times (x 68B)
Class com.google.common.reflect.Reflection                                            : loaded 2 times (x 69B)
Class kotlin.reflect.jvm.internal.KClassImpl$data$1                                   : loaded 2 times (x 77B)
Class com.google.common.reflect.Types$ClassOwnership$1LocalClass                      : loaded 2 times (x 69B)
Class [Lcom.android.prefs.VariableType;                                               : loaded 2 times (x 67B)
Class org.jetbrains.kotlin.config.JvmAnalysisFlags                                    : loaded 2 times (x 69B)
Class kotlin.jvm.functions.Function0                                                  : loaded 2 times (x 68B)
Class kotlin.jvm.functions.Function1                                                  : loaded 2 times (x 68B)
Class kotlin.jvm.functions.Function2                                                  : loaded 2 times (x 68B)
Class org.codehaus.groovy.util.ReferenceManager                                       : loaded 2 times (x 74B)
Class kotlin.jvm.functions.Function3                                                  : loaded 2 times (x 68B)
Class [Lcom.google.common.collect.AbstractIterator$State;                             : loaded 2 times (x 67B)
Class org.objectweb.asm.SymbolTable$Entry                                             : loaded 2 times (x 72B)
Class [Lcom.google.common.cache.LocalCache$EntryFactory;                              : loaded 2 times (x 67B)
Class kotlin.jvm.functions.Function4                                                  : loaded 2 times (x 68B)
Class kotlin.sequences.ConstrainedOnceSequence                                        : loaded 2 times (x 73B)
Class net.rubygrapefruit.platform.internal.jni.NativeLibraryFunctions                 : loaded 2 times (x 69B)
Class groovyjarjarasm.asm.Opcodes                                                     : loaded 2 times (x 68B)
Class groovyjarjarasm.asm.MethodTooLargeException                                     : loaded 2 times (x 81B)
Class org.codehaus.groovy.util.ReferenceManager$CallBackedManager                     : loaded 2 times (x 74B)
Class kotlin.ranges.IntProgression                                                    : loaded 2 times (x 79B)
Class kotlin.sequences.SequencesKt__SequencesKt$flatten$1                             : loaded 2 times (x 76B)
Class com.google.common.collect.Maps$AbstractFilteredMap                              : loaded 2 times (x 125B)
Class com.google.common.base.Platform                                                 : loaded 2 times (x 69B)
Class org.codehaus.groovy.runtime.GroovyCategorySupport$CategoryMethod                : loaded 2 times (x 101B)
Class com.google.common.base.Suppliers$NonSerializableMemoizingSupplier               : loaded 2 times (x 77B)
Class org.codehaus.groovy.vmplugin.v9.ClassFinder                                     : loaded 2 times (x 69B)
Class org.codehaus.groovy.ast.stmt.IfStatement                                        : loaded 2 times (x 114B)
Class org.codehaus.groovy.control.CompilationUnit$PhaseOperation                      : loaded 2 times (x 68B)
Class org.jetbrains.kotlin.storage.MemoizedFunctionToNullable                         : loaded 2 times (x 68B)
Class com.android.prefs.PathLocator$WhenMappings                                      : loaded 2 times (x 69B)
Class [Lcom.google.common.base.Supplier;                                              : loaded 2 times (x 67B)
Class org.codehaus.groovy.util.ManagedConcurrentMap$Entry                             : loaded 2 times (x 90B)
Class [Lkotlin.sequences.Sequence;                                                    : loaded 2 times (x 67B)
Class com.google.common.collect.ImmutableSetMultimap                                  : loaded 2 times (x 180B)
Class org.codehaus.groovy.ast.PropertyNode                                            : loaded 2 times (x 153B)
Class org.codehaus.groovy.runtime.metaclass.NewStaticMetaMethod                       : loaded 2 times (x 97B)
Class kotlin._Assertions                                                              : loaded 2 times (x 69B)
Class [Lkotlin.coroutines.intrinsics.CoroutineSingletons;                             : loaded 2 times (x 67B)
Class org.codehaus.groovy.runtime.dgmimpl.NumberNumberDiv                             : loaded 2 times (x 112B)
Class org.jetbrains.kotlin.load.java.NullabilityAnnotationStates                      : loaded 2 times (x 68B)
Class kotlin.sequences.EmptySequence                                                  : loaded 2 times (x 76B)
Class org.codehaus.groovy.util.AbstractConcurrentMap$Segment                          : loaded 2 times (x 83B)
Class org.codehaus.groovy.runtime.RangeInfo                                           : loaded 2 times (x 69B)
Class org.jetbrains.kotlin.config.JvmAnalysisFlags$sanitizeParentheses$2              : loaded 2 times (x 125B)
Class kotlin.ranges.ClosedRange                                                       : loaded 2 times (x 68B)
Class com.android.tools.lint.model.LintModelLibrary                                   : loaded 2 times (x 68B)
Class build_cj9ho4ep13kbcm4wricz0fa0v                                                 : loaded 2 times (x 178B)
Class kotlin.KotlinNullPointerException                                               : loaded 2 times (x 81B)
Class com.google.gson.internal.bind.ObjectTypeAdapter$1                               : loaded 2 times (x 73B)
Class org.codehaus.groovy.util.AbstractConcurrentMapBase                              : loaded 2 times (x 75B)
Class com.google.common.collect.LinkedHashMultimap                                    : loaded 2 times (x 173B)
Class org.codehaus.groovy.runtime.metaclass.MethodSelectionException                  : loaded 2 times (x 85B)
Class com.google.common.reflect.TypeResolver$TypeTable$1                              : loaded 2 times (x 71B)
Class kotlin.collections.CharIterator                                                 : loaded 2 times (x 80B)
Class kotlin.sequences.GeneratorSequence                                              : loaded 2 times (x 73B)
Class org.jetbrains.kotlin.config.AnalysisFlags$extendedCompilerChecks$2              : loaded 2 times (x 125B)
Class kotlin.Triple                                                                   : loaded 2 times (x 70B)
Class build_c8uv2zr4rumwgjqhqkejb7pm5                                                 : loaded 2 times (x 178B)
Class org.codehaus.groovy.control.CompilationUnit$ISourceUnitOperation                : loaded 2 times (x 68B)
Class org.codehaus.groovy.ast.stmt.CatchStatement                                     : loaded 2 times (x 112B)
Class com.google.common.cache.CacheLoader                                             : loaded 2 times (x 72B)
Class org.codehaus.groovy.ast.MethodNode                                              : loaded 2 times (x 155B)
Class org.jetbrains.kotlin.name.FqNameUnsafe                                          : loaded 2 times (x 70B)
Class kotlin.jvm.internal.SpreadBuilder                                               : loaded 2 times (x 74B)
Class kotlin.reflect.KAnnotatedElement                                                : loaded 2 times (x 68B)
Class org.objectweb.asm.MethodTooLargeException                                       : loaded 2 times (x 81B)
Class kotlin.text.CharsKt                                                             : loaded 2 times (x 69B)
Class org.codehaus.groovy.runtime.ComposedClosure                                     : loaded 2 times (x 130B)
Class org.codehaus.groovy.reflection.ParameterTypes                                   : loaded 2 times (x 80B)
Class com.android.resources.Density                                                   : loaded 2 times (x 85B)
Class NativePluginLoader$getDependenciesMetadata$0                                    : loaded 2 times (x 150B)
Class kotlin.ranges.RangesKt___RangesKt                                               : loaded 2 times (x 69B)
Class com.android.tools.lint.model.LintModelSerialization$TargetFile                  : loaded 2 times (x 77B)
Class [Lorg.codehaus.groovy.reflection.CachedClass;                                   : loaded 2 times (x 67B)
Class kotlin.collections.CollectionsKt___CollectionsKt                                : loaded 2 times (x 69B)
Class com.google.gson.FieldNamingPolicy                                               : loaded 2 times (x 81B)
Class [Lorg.codehaus.groovy.reflection.ParameterTypes;                                : loaded 2 times (x 67B)
Class [Lgroovy.lang.groovydoc.GroovydocHolder;                                        : loaded 2 times (x 67B)
Class kotlin.InitializedLazyImpl                                                      : loaded 2 times (x 74B)
Class kotlin.sequences.SequencesKt__SequenceBuilderKt$sequence$$inlined$Sequence$1    : loaded 2 times (x 73B)
Class com.google.common.cache.Cache                                                   : loaded 2 times (x 68B)
Class com.android.tools.analytics.Environment$SystemProperty                          : loaded 2 times (x 77B)
Class groovy.lang.GroovySystem                                                        : loaded 2 times (x 69B)
Class org.codehaus.groovy.util.ComplexKeyHashMap                                      : loaded 2 times (x 77B)
Class [Lcom.google.gson.FieldNamingPolicy;                                            : loaded 2 times (x 67B)
Class groovy.lang.MetaClassImpl$MethodIndex                                           : loaded 2 times (x 87B)
Class kotlin.UNINITIALIZED_VALUE                                                      : loaded 2 times (x 69B)
Class com.android.tools.lint.model.LintModelDependency                                : loaded 2 times (x 68B)
Class org.gradle.internal.classloader.SystemClassLoaderSpec                           : loaded 2 times (x 69B)
Class org.codehaus.groovy.util.ReferenceBundle                                        : loaded 2 times (x 72B)
Class org.jetbrains.kotlin.load.java.Jsr305Settings                                   : loaded 2 times (x 70B)
Class org.jetbrains.kotlin.storage.LockBasedStorageManager$MapBasedMemoizedFunction   : loaded 2 times (x 80B)
Class groovyjarjarasm.asm.SymbolTable                                                 : loaded 2 times (x 70B)
Class build_ahpfki6hvmx1p6v0f9w91gw5t$_run_closure1                                   : loaded 2 times (x 134B)
Class [Lorg.codehaus.groovy.runtime.metaclass.MetaMethodIndex$Entry;                  : loaded 2 times (x 67B)
Class org.jetbrains.kotlin.utils.StringsKt                                            : loaded 2 times (x 69B)
Class com.google.common.util.concurrent.internal.InternalFutureFailureAccess          : loaded 2 times (x 70B)
Class org.codehaus.groovy.runtime.InvokerHelper$NullScript                            : loaded 2 times (x 93B)
Class [Lkotlin.reflect.KCallable;                                                     : loaded 2 times (x 67B)
Class org.codehaus.groovy.ast.ClassHelper$ClassHelperCache                            : loaded 2 times (x 69B)
Class org.codehaus.groovy.reflection.ReflectionUtils$ClassContextHelper               : loaded 2 times (x 99B)
Class org.jetbrains.kotlin.cli.common.PropertiesKt                                    : loaded 2 times (x 69B)
Class [Lcom.android.tools.lint.model.LintModelNamespacingMode;                        : loaded 2 times (x 67B)
Class com.google.common.io.CharSource$StringCharSource                                : loaded 2 times (x 84B)
Class org.jetbrains.kotlin.config.JvmAnalysisFlags$javaTypeEnhancementState$2         : loaded 2 times (x 125B)
Class org.codehaus.groovy.runtime.memoize.EvictableCache                              : loaded 2 times (x 68B)
Class org.codehaus.groovy.ast.expr.ConstantExpression                                 : loaded 2 times (x 132B)
Class org.codehaus.groovy.reflection.GeneratedMetaMethod                              : loaded 2 times (x 94B)
Class build_f0srlsa5vznkog7j8blhsloz4                                                 : loaded 2 times (x 178B)
Class net.rubygrapefruit.platform.internal.Platform$FreeBSD64Bit                      : loaded 2 times (x 80B)
Class com.google.common.util.concurrent.AbstractFuture$Failure                        : loaded 2 times (x 70B)
Class com.google.common.cache.LocalCache$AbstractReferenceEntry                       : loaded 2 times (x 105B)
Class org.codehaus.groovy.util.ManagedConcurrentMap$EntryWithValue                    : loaded 2 times (x 90B)
Class org.codehaus.groovy.runtime.callsite.CallSiteAwareMetaMethod                    : loaded 2 times (x 95B)
Class kotlin.collections.CollectionsKt___CollectionsKt$withIndex$1                    : loaded 2 times (x 77B)
Class [Lkotlin.DeprecationLevel;                                                      : loaded 2 times (x 67B)
Class org.codehaus.groovy.util.ComplexKeyHashMap$EntryIterator                        : loaded 2 times (x 68B)
Class com.google.common.reflect.Types$TypeVariableImpl                                : loaded 2 times (x 70B)
Class groovy.lang.EmptyRange                                                          : loaded 2 times (x 202B)
Class org.gradle.internal.installation.GradleInstallation$1                           : loaded 2 times (x 73B)
Class groovyjarjarasm.asm.Edge                                                        : loaded 2 times (x 70B)
Class org.jetbrains.kotlin.cli.common.messages.MessageRenderer                        : loaded 2 times (x 68B)
Class org.jetbrains.kotlin.config.AnalysisFlags$multiPlatformDoNotCheckActual$2       : loaded 2 times (x 125B)
Class net.rubygrapefruit.platform.internal.Platform$MacOs                             : loaded 2 times (x 80B)
Class org.codehaus.groovy.control.ResolveVisitor                                      : loaded 2 times (x 234B)
Class org.codehaus.groovy.util.SingleKeyHashMap$Copier                                : loaded 2 times (x 68B)
Class org.jetbrains.kotlin.cli.common.CompilerSystemProperties$Companion              : loaded 2 times (x 69B)
Class org.objectweb.asm.ClassWriter                                                   : loaded 2 times (x 102B)
Class org.codehaus.groovy.control.messages.Message                                    : loaded 2 times (x 70B)
Class org.codehaus.groovy.runtime.callsite.AbstractCallSite                           : loaded 2 times (x 143B)
Class kotlin.text.Charsets                                                            : loaded 2 times (x 69B)
Class kotlin.sequences.SequencesKt__SequencesKt$generateSequence$1                    : loaded 2 times (x 77B)
Class org.gradle.api.internal.DefaultClassPathProvider                                : loaded 2 times (x 74B)
Class org.codehaus.groovy.runtime.metaclass.MetaClassRegistryImpl                     : loaded 2 times (x 99B)
Class kotlin.sequences.SequencesKt__SequencesKt$generateSequence$2                    : loaded 2 times (x 77B)
Class com.google.common.cache.LocalCache$Segment                                      : loaded 2 times (x 152B)
Class net.rubygrapefruit.platform.internal.WrapperProcessLauncher                     : loaded 2 times (x 74B)
Class org.codehaus.groovy.ast.stmt.ForStatement                                       : loaded 2 times (x 120B)
Class kotlin.collections.SetsKt                                                       : loaded 2 times (x 69B)
Class kotlin.jvm.internal.FunctionBase                                                : loaded 2 times (x 68B)
Class com.google.gson.internal.LazilyParsedNumber                                     : loaded 2 times (x 76B)
Class org.codehaus.groovy.runtime.callsite.CallSiteArray                              : loaded 2 times (x 70B)
Class org.codehaus.groovy.util.ReferenceManager$ThreadedReferenceManager              : loaded 2 times (x 75B)
Class org.codehaus.groovy.ast.stmt.ThrowStatement                                     : loaded 2 times (x 110B)
Class com.android.prefs.AndroidPathLocator                                            : loaded 2 times (x 71B)
Class kotlin.collections.MapWithDefault                                               : loaded 2 times (x 68B)
Class kotlin.io.LinesSequence                                                         : loaded 2 times (x 73B)
Class kotlin.Function                                                                 : loaded 2 times (x 68B)
Class [Lcom.google.common.cache.CacheBuilder$OneWeigher;                              : loaded 2 times (x 67B)
Class org.codehaus.groovy.runtime.DefaultGroovyMethods$1                              : loaded 2 times (x 76B)
Class [Lkotlin.LazyThreadSafetyMode;                                                  : loaded 2 times (x 67B)
Class net.rubygrapefruit.platform.NativeIntegrationLinkageException                   : loaded 2 times (x 80B)
Class org.jetbrains.kotlin.storage.EmptySimpleLock                                    : loaded 2 times (x 73B)
Class build_cj9ho4ep13kbcm4wricz0fa0v$_run_closure1                                   : loaded 2 times (x 134B)
Class kotlin.KotlinVersion                                                            : loaded 2 times (x 72B)
Class groovyjarjarasm.asm.AnnotationVisitor                                           : loaded 2 times (x 75B)
Class com.android.tools.lint.model.DefaultLintModelLibraryResolver                    : loaded 2 times (x 74B)
Class org.gradle.api.UncheckedIOException                                             : loaded 2 times (x 80B)
Class [Lcom.google.common.cache.Weigher;                                              : loaded 2 times (x 67B)
Class com.google.gson.internal.Excluder                                               : loaded 2 times (x 73B)
Class kotlin.coroutines.jvm.internal.RestrictedContinuationImpl                       : loaded 2 times (x 85B)
Class groovyjarjarasm.asm.ClassVisitor                                                : loaded 2 times (x 85B)
Class [Lorg.codehaus.groovy.util.ReferenceType;                                       : loaded 2 times (x 67B)
Class kotlin.io.FilesKt__FileReadWriteKt                                              : loaded 2 times (x 69B)
Class [Lcom.google.common.io.FileWriteMode;                                           : loaded 2 times (x 67B)
Class org.codehaus.groovy.runtime.memoize.MemoizeCache                                : loaded 2 times (x 68B)
Class org.codehaus.groovy.ast.stmt.BreakStatement                                     : loaded 2 times (x 109B)
Class kotlin.sequences.DistinctIterator                                               : loaded 2 times (x 81B)
Class groovyjarjarasm.asm.Handler                                                     : loaded 2 times (x 70B)
Class native_plugin_loader_7dik9rqpj677pep4bin0xqtrk                                  : loaded 2 times (x 175B)
Class com.google.common.base.ExtraObjectsMethodsForWeb                                : loaded 2 times (x 69B)
Class org.codehaus.groovy.ast.stmt.WhileStatement                                     : loaded 2 times (x 116B)
Class groovyjarjarasm.asm.MethodVisitor                                               : loaded 2 times (x 102B)
Class org.codehaus.groovy.runtime.metaclass.MethodMetaProperty$GetMethodMetaProperty  : loaded 2 times (x 76B)
Class org.codehaus.groovy.ast.ClassCodeVisitorSupport                                 : loaded 2 times (x 209B)
Class org.codehaus.groovy.ast.CodeVisitorSupport                                      : loaded 2 times (x 184B)
Class org.codehaus.groovy.reflection.stdclasses.StringCachedClass                     : loaded 2 times (x 93B)
Class org.jetbrains.kotlin.storage.LockBasedStorageManager$ExceptionHandlingStrategy  : loaded 2 times (x 68B)
Class org.codehaus.groovy.control.ConfigurationException                              : loaded 2 times (x 86B)
Class com.google.gson.JsonParseException                                              : loaded 2 times (x 80B)
Class [Lcom.google.gson.LongSerializationPolicy;                                      : loaded 2 times (x 67B)
Class org.jetbrains.kotlin.load.java.Jsr305Settings$description$2                     : loaded 2 times (x 77B)
Class net.rubygrapefruit.platform.internal.FunctionResult                             : loaded 2 times (x 75B)
Class kotlin.jvm.internal.markers.KMutableList                                        : loaded 2 times (x 68B)
Class kotlin.properties.ReadOnlyProperty                                              : loaded 2 times (x 68B)
Class groovy.lang.MetaClassImpl$1MOPIter                                              : loaded 2 times (x 74B)
Class [Lorg.jetbrains.kotlin.config.ConstraintSystemForOverloadResolutionMode;        : loaded 2 times (x 67B)
Class kotlin.reflect.jvm.internal.ReflectProperties$Val                               : loaded 2 times (x 72B)
Class com.android.prefs.PathLocator                                                   : loaded 2 times (x 71B)
Class com.google.common.cache.LocalCache$Strength                                     : loaded 2 times (x 79B)
Class org.codehaus.groovy.ast.ClassCodeExpressionTransformer                          : loaded 2 times (x 213B)
Class org.jetbrains.kotlin.cli.common.messages.GradleStyleMessageRenderer$WhenMappings: loaded 2 times (x 69B)
Class org.codehaus.groovy.ast.stmt.ReturnStatement                                    : loaded 2 times (x 111B)
Class kotlin.reflect.KProperty$Getter                                                 : loaded 2 times (x 68B)
Class groovyjarjarasm.asm.ModuleVisitor                                               : loaded 2 times (x 78B)
Class org.jetbrains.kotlin.config.JvmAnalysisFlags$suppressMissingBuiltinsError$2     : loaded 2 times (x 125B)
Class groovy.lang.Binding                                                             : loaded 2 times (x 87B)
Class org.codehaus.groovy.reflection.stdclasses.ObjectCachedClass                     : loaded 2 times (x 93B)
Class groovy.lang.SpreadMapEvaluatingException                                        : loaded 2 times (x 85B)
Class com.google.common.collect.Maps$IteratorBasedAbstractMap                         : loaded 2 times (x 123B)
Class kotlin.Unit                                                                     : loaded 2 times (x 69B)
Class kotlin.reflect.jvm.internal.KMutableProperty1Impl$_setter$1                     : loaded 2 times (x 77B)
Class groovyjarjarasm.asm.ModuleWriter                                                : loaded 2 times (x 79B)
Class org.codehaus.groovy.ast.expr.BooleanExpression                                  : loaded 2 times (x 126B)
Class org.codehaus.groovy.ast.expr.ArgumentListExpression                             : loaded 2 times (x 136B)
Class org.codehaus.groovy.runtime.memoize.UnlimitedConcurrentCache                    : loaded 2 times (x 132B)
Class org.jetbrains.kotlin.config.JvmAnalysisFlags$Delegates$JavaTypeEnhancementStateWarnByDefault: loaded 2 times (x 69B)
Class org.objectweb.asm.Handler                                                       : loaded 2 times (x 70B)
Class org.codehaus.groovy.runtime.wrappers.PojoWrapper                                : loaded 2 times (x 86B)
Class org.codehaus.groovy.util.ManagedReference                                       : loaded 2 times (x 74B)
Class kotlin.collections.CollectionsKt                                                : loaded 2 times (x 69B)
Class org.jetbrains.kotlin.config.AnalysisFlags$explicitApiVersion$2                  : loaded 2 times (x 125B)
Class kotlin.collections.ArraysKt___ArraysJvmKt                                       : loaded 2 times (x 69B)
Class kotlin.sequences.SequenceBuilderIterator                                        : loaded 2 times (x 83B)
Class net.rubygrapefruit.platform.internal.Platform$Linux32Bit                        : loaded 2 times (x 81B)
Class kotlin.collections.CollectionsKt___CollectionsJvmKt                             : loaded 2 times (x 69B)
Class org.codehaus.groovy.util.ReferenceType$HardRef                                  : loaded 2 times (x 78B)
Class net.rubygrapefruit.platform.internal.Platform$MacOs64Bit                        : loaded 2 times (x 80B)
Class [Lorg.codehaus.groovy.ast.ClassNode;                                            : loaded 2 times (x 67B)
Class org.codehaus.groovy.runtime.GroovyCategorySupport$MyThreadLocal                 : loaded 2 times (x 81B)
Class org.codehaus.groovy.reflection.CachedMethod$MyComparator                        : loaded 2 times (x 88B)
Class com.google.common.cache.LocalCache$ValueReference                               : loaded 2 times (x 68B)
Class com.google.common.collect.CollectSpliterators                                   : loaded 2 times (x 69B)
Class com.google.gson.internal.bind.ArrayTypeAdapter$1                                : loaded 2 times (x 73B)
Class org.codehaus.groovy.ast.expr.CastExpression                                     : loaded 2 times (x 131B)
Class org.jetbrains.kotlin.load.java.JavaNullabilityAnnotationsStatus                 : loaded 2 times (x 70B)
Class org.codehaus.groovy.runtime.dgmimpl.arrays.CharacterArrayGetAtMetaMethod        : loaded 2 times (x 95B)
Class org.objectweb.asm.ClassReader                                                   : loaded 2 times (x 90B)
Class com.android.tools.lint.model.DefaultLintModelLintOptions                        : loaded 2 times (x 101B)
Class org.jetbrains.kotlin.utils.WrappedValues$WrappedProcessCanceledException        : loaded 2 times (x 80B)
Class groovyjarjarasm.asm.FieldVisitor                                                : loaded 2 times (x 74B)
Class org.codehaus.groovy.runtime.MethodKey                                           : loaded 2 times (x 77B)
Class groovy.lang.Buildable                                                           : loaded 2 times (x 68B)
Class org.gradle.internal.classloader.ClasspathUtil                                   : loaded 2 times (x 69B)
Class kotlin.ranges.RangesKt__RangesKt                                                : loaded 2 times (x 69B)
Class groovy.lang.MetaBeanProperty                                                    : loaded 2 times (x 81B)
Class org.objectweb.asm.CurrentFrame                                                  : loaded 2 times (x 71B)
Class org.codehaus.groovy.runtime.ProcessGroovyMethods                                : loaded 2 times (x 69B)
Class com.google.common.util.concurrent.AbstractFuture                                : loaded 2 times (x 93B)
Class com.android.tools.analytics.AnalyticsSettingsData                               : loaded 2 times (x 70B)
Class com.android.tools.analytics.Environment$Companion$SYSTEM$1                      : loaded 2 times (x 71B)
Class kotlin.NotImplementedError                                                      : loaded 2 times (x 80B)
Class com.google.common.reflect.TypeResolver                                          : loaded 2 times (x 70B)
Class org.codehaus.groovy.runtime.memoize.CommonCache                                 : loaded 2 times (x 152B)
Class org.codehaus.groovy.ast.ClassNode                                               : loaded 2 times (x 241B)
Class org.codehaus.groovy.ast.GroovyClassVisitor                                      : loaded 2 times (x 68B)
Class org.codehaus.groovy.reflection.MixinInMetaClass                                 : loaded 2 times (x 85B)
Class org.codehaus.groovy.runtime.m12n.ExtensionModuleRegistry                        : loaded 2 times (x 75B)
Class org.jetbrains.kotlin.name.FqNamesUtilKt                                         : loaded 2 times (x 69B)
Class kotlin.properties.ReadWriteProperty                                             : loaded 2 times (x 68B)
Class org.jetbrains.kotlin.config.AnalysisFlags$builtInsFromSources$2                 : loaded 2 times (x 125B)
Class com.android.support.AndroidxNameUtils                                           : loaded 2 times (x 69B)
Class com.google.gson.Gson$1                                                          : loaded 2 times (x 74B)
Class com.google.gson.Gson$2                                                          : loaded 2 times (x 74B)
Class com.google.gson.Gson$3                                                          : loaded 2 times (x 73B)
Class com.google.gson.Gson$4                                                          : loaded 2 times (x 74B)
Class groovyjarjarasm.asm.RecordComponentVisitor                                      : loaded 2 times (x 75B)
Class kotlin.reflect.jvm.internal.pcollections.IntTreePMap                            : loaded 2 times (x 70B)
Class kotlin.collections.CollectionsKt__IteratorsKt                                   : loaded 2 times (x 69B)
Class com.android.prefs.AndroidLocationsException                                     : loaded 2 times (x 80B)
Class [Lkotlin.collections.State;                                                     : loaded 2 times (x 67B)
Class com.google.gson.Gson$5                                                          : loaded 2 times (x 74B)
Class org.codehaus.groovy.util.AbstractConcurrentMap                                  : loaded 2 times (x 80B)
Class org.codehaus.groovy.runtime.metaclass.MetaMethodIndex$EntryIterator             : loaded 2 times (x 68B)
Class org.codehaus.groovy.reflection.stdclasses.BigDecimalCachedClass                 : loaded 2 times (x 93B)
Class groovy.lang.MetaClassImpl$DummyMetaMethod                                       : loaded 2 times (x 95B)
Class com.google.common.base.Ticker$1                                                 : loaded 2 times (x 70B)
Class org.gradle.api.internal.DefaultClassPathRegistry                                : loaded 2 times (x 74B)
Class com.google.gson.TypeAdapter                                                     : loaded 2 times (x 71B)
Class com.google.gson.FieldNamingStrategy                                             : loaded 2 times (x 68B)
Class [Lgroovyjarjarasm.asm.Opcodes;                                                  : loaded 2 times (x 67B)
Class com.google.common.base.Splitter$5                                               : loaded 2 times (x 78B)
Class org.codehaus.groovy.runtime.wrappers.Wrapper                                    : loaded 2 times (x 86B)
Class com.android.tools.lint.model.LintModelModuleType                                : loaded 2 times (x 77B)
Class groovy.lang.MetaObjectProtocol                                                  : loaded 2 times (x 68B)
Class com.google.common.collect.AbstractIterator$State                                : loaded 2 times (x 77B)
Class com.google.common.util.concurrent.AbstractFuture$Cancellation                   : loaded 2 times (x 70B)
Class [Lorg.objectweb.asm.Symbol;                                                     : loaded 2 times (x 67B)
Class org.codehaus.groovy.ast.Parameter                                               : loaded 2 times (x 149B)
Class org.codehaus.groovy.reflection.stdclasses.DoubleCachedClass                     : loaded 2 times (x 93B)
Class com.google.gson.internal.bind.ObjectTypeAdapter                                 : loaded 2 times (x 72B)
Class com.google.common.io.CharSource$AsByteSource                                    : loaded 2 times (x 83B)
Class com.google.common.base.Predicates                                               : loaded 2 times (x 69B)
Class com.android.support.AndroidxNameUtils$1                                         : loaded 2 times (x 80B)
Class org.codehaus.groovy.reflection.stdclasses.IntegerCachedClass                    : loaded 2 times (x 93B)
Class com.android.tools.lint.model.DefaultLintModelMavenName                          : loaded 2 times (x 82B)
Class kotlin.reflect.jvm.internal.KPackageImpl                                        : loaded 2 times (x 83B)
Class org.codehaus.groovy.reflection.stdclasses.ShortCachedClass                      : loaded 2 times (x 93B)
Class org.gradle.api.internal.classpath.DefaultModuleRegistry$DefaultModule           : loaded 2 times (x 84B)
Class net.rubygrapefruit.platform.internal.Platform                                   : loaded 2 times (x 77B)
Class groovyjarjarasm.asm.ClassTooLargeException                                      : loaded 2 times (x 81B)
Class settings_duotokjbmbnzbfkkjgkxshmti                                              : loaded 2 times (x 177B)
Class org.codehaus.groovy.runtime.dgmimpl.NumberNumberPlus                            : loaded 2 times (x 112B)
Class kotlin.jvm.internal.CallableReference$NoReceiver                                : loaded 2 times (x 69B)
Class kotlin.reflect.jvm.internal.KClassCacheKt                                       : loaded 2 times (x 69B)
Class groovyjarjarasm.asm.Attribute                                                   : loaded 2 times (x 75B)
Class com.android.utils.XmlUtils$SubTagIterator                                       : loaded 2 times (x 89B)
Class org.objectweb.asm.FieldWriter                                                   : loaded 2 times (x 75B)
Class com.google.common.cache.LocalCache$StrongEntry                                  : loaded 2 times (x 106B)
Class kotlin.reflect.KMutableProperty                                                 : loaded 2 times (x 68B)
Class kotlin.reflect.KClassifier                                                      : loaded 2 times (x 68B)
Class org.codehaus.groovy.runtime.dgm$1154                                            : loaded 2 times (x 94B)
Class org.codehaus.groovy.reflection.ReflectionCache                                  : loaded 2 times (x 69B)
Class kotlin.text.StringsKt__StringsKt                                                : loaded 2 times (x 69B)
Class org.codehaus.groovy.util.AbstractConcurrentMapBase$Entry                        : loaded 2 times (x 68B)
Class com.google.common.base.Suppliers$SupplierOfInstance                             : loaded 2 times (x 77B)
Class org.objectweb.asm.RecordComponentVisitor                                        : loaded 2 times (x 75B)
Class org.jetbrains.kotlin.config.AnalysisFlags$skipPrereleaseCheck$2                 : loaded 2 times (x 125B)
Class kotlin.text.Regex$Companion                                                     : loaded 2 times (x 69B)
Class com.google.common.reflect.Types$ClassOwnership$1                                : loaded 2 times (x 78B)
Class com.google.common.reflect.Invokable                                             : loaded 2 times (x 116B)
Class com.google.common.reflect.Types$ClassOwnership$2                                : loaded 2 times (x 78B)
Class com.google.common.reflect.Types$ClassOwnership$3                                : loaded 2 times (x 69B)
Class [Lgroovyjarjarasm.asm.Symbol;                                                   : loaded 2 times (x 67B)
Class com.google.common.collect.LinkedHashMultimapGwtSerializationDependencies        : loaded 2 times (x 172B)
Class com.android.tools.lint.model.LintModelDependencies                              : loaded 2 times (x 68B)
Class build_e628fz8mk86gkrh4gl29yuvly$_run_closure1                                   : loaded 2 times (x 134B)
Class [Lorg.jetbrains.kotlin.cli.common.CompilerSystemProperties;                     : loaded 2 times (x 67B)
Class org.codehaus.groovy.ast.stmt.SwitchStatement                                    : loaded 2 times (x 115B)
Class org.codehaus.groovy.GroovyBugError                                              : loaded 2 times (x 82B)
Class org.codehaus.groovy.reflection.CacheAccessControlException                      : loaded 2 times (x 85B)
Class com.android.tools.lint.model.DefaultLintModelModule                             : loaded 2 times (x 91B)
Class org.codehaus.groovy.runtime.dgmimpl.arrays.LongArrayPutAtMetaMethod             : loaded 2 times (x 95B)
Class org.jetbrains.kotlin.cli.common.CompilerSystemProperties$value$1                : loaded 2 times (x 123B)
Class org.codehaus.groovy.runtime.metaclass.NewMetaMethod                             : loaded 2 times (x 97B)
Class org.jetbrains.kotlin.cli.common.CompilerSystemProperties$value$2                : loaded 2 times (x 123B)
Class org.objectweb.asm.ClassTooLargeException                                        : loaded 2 times (x 81B)
Class org.codehaus.groovy.ast.expr.MethodReferenceExpression                          : loaded 2 times (x 129B)
Class org.jetbrains.kotlin.load.java.ReportLevel$Companion                            : loaded 2 times (x 69B)
Class com.android.prefs.AndroidLocationsProvider                                      : loaded 2 times (x 68B)
Class org.gradle.api.internal.classpath.UnknownModuleException                        : loaded 2 times (x 80B)
Class kotlin.coroutines.intrinsics.IntrinsicsKt__IntrinsicsJvmKt                      : loaded 2 times (x 69B)
Class [Lcom.google.gson.stream.JsonToken;                                             : loaded 2 times (x 67B)
Class com.android.tools.analytics.Environment                                         : loaded 2 times (x 71B)
Class org.codehaus.groovy.runtime.callsite.BooleanClosureWrapper                      : loaded 2 times (x 72B)
Class kotlin.collections.MapsKt__MapsJVMKt                                            : loaded 2 times (x 69B)
Class com.google.common.collect.FluentIterable                                        : loaded 2 times (x 79B)
Class com.google.common.util.concurrent.AbstractFuture$Listener                       : loaded 2 times (x 70B)
Class org.codehaus.groovy.reflection.ClassInfo$GlobalClassSet                         : loaded 2 times (x 74B)
Class kotlin.reflect.KProperty0                                                       : loaded 2 times (x 68B)
Class kotlin.reflect.KProperty1                                                       : loaded 2 times (x 68B)
Class kotlin.reflect.KProperty2                                                       : loaded 2 times (x 68B)
Class org.jetbrains.kotlin.storage.CacheWithNotNullValues                             : loaded 2 times (x 68B)
Class com.google.common.collect.Iterables$4                                           : loaded 2 times (x 79B)
Class org.codehaus.groovy.ast.ImportNode                                              : loaded 2 times (x 128B)
Class org.codehaus.groovy.control.messages.SyntaxErrorMessage                         : loaded 2 times (x 72B)
Class org.codehaus.groovy.ast.expr.TupleExpression                                    : loaded 2 times (x 136B)
Class com.google.common.collect.Iterables$5                                           : loaded 2 times (x 79B)
Class org.objectweb.asm.Edge                                                          : loaded 2 times (x 70B)
Class [Lorg.codehaus.groovy.reflection.CachedField;                                   : loaded 2 times (x 67B)
Class org.codehaus.groovy.reflection.CachedConstructor                                : loaded 2 times (x 86B)
Class org.codehaus.groovy.ast.stmt.TryCatchStatement                                  : loaded 2 times (x 119B)
Class com.google.gson.internal.bind.MapTypeAdapterFactory                             : loaded 2 times (x 73B)
Class org.codehaus.groovy.runtime.metaclass.MetaMethodIndex$Header                    : loaded 2 times (x 70B)
Class kotlin.text.StringsKt__AppendableKt                                             : loaded 2 times (x 69B)
Class org.apache.groovy.util.Maps                                                     : loaded 2 times (x 69B)
Class kotlin.jvm.internal.ArrayIteratorKt                                             : loaded 2 times (x 69B)
Class kotlin.collections.ArraysKt___ArraysKt                                          : loaded 2 times (x 69B)
Class [Lcom.android.prefs.LocationValue;                                              : loaded 2 times (x 67B)
Class org.jetbrains.kotlin.config.JvmAnalysisFlags$inheritMultifileParts$2            : loaded 2 times (x 125B)
Class [Lgroovy.lang.MetaClassRegistryChangeEventListener;                             : loaded 2 times (x 67B)
Class kotlin.jvm.internal.PropertyReference2                                          : loaded 2 times (x 125B)
Class native_plugin_loader_7dik9rqpj677pep4bin0xqtrk$_run_closure1                    : loaded 2 times (x 134B)
Class [Lorg.jetbrains.kotlin.cli.common.messages.CompilerMessageSeverity;             : loaded 2 times (x 67B)
Class org.jetbrains.kotlin.config.AnalysisFlags$explicitApiMode$2                     : loaded 2 times (x 125B)
Class kotlin.coroutines.Continuation                                                  : loaded 2 times (x 68B)
Class org.codehaus.groovy.util.ReferenceType$SoftRef                                  : loaded 2 times (x 84B)
Class kotlin.text.StringsKt__StringNumberConversionsJVMKt                             : loaded 2 times (x 69B)
Class net.rubygrapefruit.platform.internal.Platform$Window64Bit                       : loaded 2 times (x 77B)
Class [Lorg.objectweb.asm.SymbolTable$Entry;                                          : loaded 2 times (x 67B)
Class groovy.lang.MetaClass                                                           : loaded 2 times (x 68B)
Class kotlin.ranges.IntProgression$Companion                                          : loaded 2 times (x 69B)
Class com.google.common.reflect.Types$JavaVersion                                     : loaded 2 times (x 81B)
Class org.codehaus.groovy.runtime.metaclass.MethodHelper                              : loaded 2 times (x 69B)
Class org.codehaus.groovy.runtime.dgmimpl.arrays.DoubleArrayGetAtMetaMethod           : loaded 2 times (x 95B)
Class kotlin.TuplesKt                                                                 : loaded 2 times (x 69B)
Class org.codehaus.groovy.runtime.metaclass.MissingPropertyExceptionNoStack           : loaded 2 times (x 87B)
Class kotlin.KotlinVersionCurrentValue                                                : loaded 2 times (x 69B)
Class kotlin.text.CharsKt__CharJVMKt                                                  : loaded 2 times (x 69B)
Class kotlin.jvm.internal.PropertyReference1                                          : loaded 2 times (x 125B)
Class groovy.grape.GrapeIvy                                                           : loaded 2 times (x 125B)
Class groovy.lang.MetaClassImpl$MetaConstructor                                       : loaded 2 times (x 94B)
Class com.google.common.base.Suppliers$MemoizingSupplier                              : loaded 2 times (x 77B)
Class com.google.common.base.Suppliers                                                : loaded 2 times (x 69B)
Class org.codehaus.groovy.runtime.memoize.ValueConvertable                            : loaded 2 times (x 68B)
Class org.codehaus.groovy.util.ReferenceType$1                                        : loaded 2 times (x 78B)
Class org.jetbrains.kotlin.storage.LockBasedStorageManager$NotValue                   : loaded 2 times (x 77B)
Class kotlin.reflect.jvm.internal.KClassifierImpl                                     : loaded 2 times (x 68B)
Class org.codehaus.groovy.util.ReferenceType$2                                        : loaded 2 times (x 78B)
Class org.codehaus.groovy.util.ReferenceType$3                                        : loaded 2 times (x 78B)
Class net.rubygrapefruit.platform.internal.Platform$FreeBSD32Bit                      : loaded 2 times (x 80B)
Class org.codehaus.groovy.util.ReferenceType$4                                        : loaded 2 times (x 78B)
Class kotlin.jvm.internal.MutablePropertyReference1Impl                               : loaded 2 times (x 135B)
Class org.codehaus.groovy.ast.stmt.LoopingStatement                                   : loaded 2 times (x 68B)
Class kotlin.jvm.internal.PropertyReference0                                          : loaded 2 times (x 125B)
Class org.codehaus.groovy.reflection.stdclasses.BigIntegerCachedClass                 : loaded 2 times (x 93B)
Class kotlin.LazyKt__LazyJVMKt                                                        : loaded 2 times (x 69B)
Class kotlin.text.StringsKt__IndentKt                                                 : loaded 2 times (x 69B)
Class com.google.gson.internal.reflect.PreJava9ReflectionAccessor                     : loaded 2 times (x 70B)
Class com.google.common.cache.LoadingCache                                            : loaded 2 times (x 68B)
Class org.gradle.internal.service.ServiceLookupException                              : loaded 2 times (x 80B)
Class kotlin.SafePublicationLazyImpl$Companion                                        : loaded 2 times (x 69B)
Class kotlin.collections.MapsKt__MapWithDefaultKt                                     : loaded 2 times (x 69B)
Class org.codehaus.groovy.ast.stmt.AssertStatement                                    : loaded 2 times (x 112B)
Class com.android.tools.lint.model.DefaultLintModelVariant                            : loaded 2 times (x 98B)
Class org.codehaus.groovy.runtime.metaclass.DefaultMetaClassInfo                      : loaded 2 times (x 69B)
Class groovy.lang.groovydoc.GroovydocHolder                                           : loaded 2 times (x 68B)
Class org.jetbrains.org.objectweb.asm.Type                                            : loaded 2 times (x 70B)
Class com.android.prefs.LocationValue                                                 : loaded 2 times (x 68B)
Class [Lorg.codehaus.groovy.ast.ASTNode;                                              : loaded 2 times (x 67B)
Class org.codehaus.groovy.control.CompilationUnit$IPrimaryClassNodeOperation          : loaded 2 times (x 68B)
Class com.google.gson.internal.bind.ReflectiveTypeAdapterFactory$BoundField           : loaded 2 times (x 73B)
Class com.android.utils.DateProvider$1                                                : loaded 2 times (x 73B)
Class groovyjarjarasm.asm.AnnotationWriter                                            : loaded 2 times (x 76B)
Class org.gradle.cache.GlobalCache                                                    : loaded 2 times (x 68B)
Class build_4i8uzgpz8h55gyzt6rktcozhg$_run_closure1                                   : loaded 2 times (x 134B)
Class org.codehaus.groovy.ast.ClassNode$MapOfLists                                    : loaded 2 times (x 73B)
Class org.codehaus.groovy.GroovyExceptionInterface                                    : loaded 2 times (x 68B)
Class org.codehaus.groovy.runtime.callsite.CallSite                                   : loaded 2 times (x 68B)
Class com.google.gson.internal.bind.TypeAdapters                                      : loaded 2 times (x 69B)
Class [Lgroovy.lang.MetaClass;                                                        : loaded 2 times (x 67B)
Class com.google.common.base.Present                                                  : loaded 2 times (x 79B)
Class org.codehaus.groovy.runtime.EncodingGroovyMethods                               : loaded 2 times (x 69B)
Class org.codehaus.groovy.util.ReferenceManager$1                                     : loaded 2 times (x 75B)
Class kotlin.reflect.jvm.internal.KMutableProperty1Impl                               : loaded 2 times (x 133B)
Class kotlin.collections.EmptySet                                                     : loaded 2 times (x 120B)
Class com.android.ProgressManagerAdapter                                              : loaded 2 times (x 71B)
Class kotlin.reflect.jvm.internal.EmptyContainerForLocal                              : loaded 2 times (x 82B)
Class groovy.lang.Range                                                               : loaded 2 times (x 68B)
Class NativePluginLoader                                                              : loaded 2 times (x 91B)
Class groovy.lang.ObjectRange                                                         : loaded 2 times (x 204B)
Class com.android.prefs.Global                                                        : loaded 2 times (x 78B)
Class [Lorg.gradle.api.internal.ClassPathProvider;                                    : loaded 2 times (x 67B)
Class com.google.common.util.concurrent.AbstractFuture$SafeAtomicHelper               : loaded 2 times (x 75B)
Class groovy.lang.MutableMetaClass                                                    : loaded 2 times (x 68B)
Class org.jetbrains.kotlin.config.AnalysisFlag$Delegate                               : loaded 2 times (x 73B)
Class org.codehaus.groovy.ast.expr.VariableExpression                                 : loaded 2 times (x 155B)
Class org.codehaus.groovy.reflection.stdclasses.ByteCachedClass                       : loaded 2 times (x 93B)
Class kotlin.collections.MapsKt                                                       : loaded 2 times (x 69B)
Class net.rubygrapefruit.platform.internal.Platform$FreeBSD                           : loaded 2 times (x 80B)
Class org.gradle.util.internal.GUtil                                                  : loaded 2 times (x 69B)
Class org.codehaus.groovy.runtime.metaclass.MetaMethodIndex$Entry                     : loaded 2 times (x 70B)
Class kotlin.jvm.internal.CollectionToArray                                           : loaded 2 times (x 69B)
Class net.rubygrapefruit.platform.internal.Platform$Unix                              : loaded 2 times (x 80B)
Class kotlin.reflect.jvm.internal.ReflectProperties                                   : loaded 2 times (x 69B)
Class groovy.lang.Script                                                              : loaded 2 times (x 93B)
Class com.android.tools.lint.model.LintModelLibraryResolver                           : loaded 2 times (x 68B)
Class org.jetbrains.kotlin.load.java.NullabilityAnnotationStates$Companion            : loaded 2 times (x 69B)
Class [Lcom.google.common.reflect.Types$JavaVersion;                                  : loaded 2 times (x 67B)
Class com.google.gson.stream.JsonWriter                                               : loaded 2 times (x 95B)
Class org.codehaus.groovy.syntax.Types                                                : loaded 2 times (x 69B)
Class com.android.tools.lint.model.LintModelDependencyGraph                           : loaded 2 times (x 68B)
Class net.rubygrapefruit.platform.Process                                             : loaded 2 times (x 68B)
Class kotlin.ranges.RangesKt                                                          : loaded 2 times (x 69B)
Class org.gradle.internal.classloader.ClassLoaderSpec                                 : loaded 2 times (x 69B)
Class kotlin.coroutines.intrinsics.IntrinsicsKt__IntrinsicsKt                         : loaded 2 times (x 69B)
Class org.codehaus.groovy.runtime.InvokerHelper                                       : loaded 2 times (x 69B)
Class org.jetbrains.kotlin.config.AnalysisFlag$Delegates$ConstraintSystemForOverloadResolution: loaded 2 times (x 69B)
Class NativePluginLoader$_getPlugins_closure1                                         : loaded 2 times (x 134B)
Class com.android.tools.analytics.Environment$Companion                               : loaded 2 times (x 69B)
Class kotlin.jvm.JvmStatic                                                            : loaded 2 times (x 68B)
Class com.google.common.io.CharSink                                                   : loaded 2 times (x 77B)
Class org.gradle.api.Action                                                           : loaded 2 times (x 68B)
Class org.objectweb.asm.Frame                                                         : loaded 2 times (x 71B)
Class com.google.common.cache.LocalCache$LocalManualCache                             : loaded 2 times (x 97B)
Class com.google.common.cache.CacheBuilder$OneWeigher                                 : loaded 2 times (x 80B)
Class kotlin.UnsafeLazyImpl                                                           : loaded 2 times (x 74B)
Class groovyjarjarasm.asm.FieldWriter                                                 : loaded 2 times (x 75B)
Class com.google.common.collect.LinkedHashMultimap$ValueSet$1                         : loaded 2 times (x 80B)
Class [Lkotlin.reflect.KAnnotatedElement;                                             : loaded 2 times (x 67B)
Class org.codehaus.groovy.ast.expr.PropertyExpression                                 : loaded 2 times (x 138B)
Class com.android.tools.lint.model.LintModelSerialization$LintModelSerializationAdapter$DefaultImpls: loaded 2 times (x 69B)
Class net.rubygrapefruit.platform.NativeIntegrationUnavailableException               : loaded 2 times (x 80B)
Class com.google.common.cache.CacheLoader$1                                           : loaded 2 times (x 73B)
Class org.codehaus.groovy.runtime.metaclass.MetaClassRegistryImpl$DefaultModuleListener: loaded 2 times (x 74B)
Class com.google.common.collect.LinkedHashMultimap$ValueEntry                         : loaded 2 times (x 87B)
Class net.rubygrapefruit.platform.NativeIntegration                                   : loaded 2 times (x 68B)
Class groovy.lang.ExpandoMetaClass                                                    : loaded 2 times (x 225B)
Class groovy.lang.TrampolineClosure                                                   : loaded 2 times (x 130B)
Class [Lorg.codehaus.groovy.ast.NodeMetaDataHandler;                                  : loaded 2 times (x 67B)
Class org.codehaus.groovy.runtime.InvokerHelper$1                                     : loaded 2 times (x 93B)
Class com.google.common.util.concurrent.AbstractFuture$TrustedFuture                  : loaded 2 times (x 95B)
Class [Lkotlin.Pair;                                                                  : loaded 2 times (x 67B)
Class com.android.tools.lint.model.DefaultLintModelLibrary                            : loaded 2 times (x 83B)
Class kotlin.collections.IndexedValue                                                 : loaded 2 times (x 70B)
Class kotlin.SafePublicationLazyImpl                                                  : loaded 2 times (x 74B)
Class org.codehaus.groovy.ast.expr.AttributeExpression                                : loaded 2 times (x 138B)
Class com.google.gson.internal.bind.TypeAdapters$EnumTypeAdapter                      : loaded 2 times (x 72B)
Class org.codehaus.groovy.runtime.metaclass.MethodMetaProperty$GetBeanMethodMetaProperty: loaded 2 times (x 76B)
Class org.codehaus.groovy.runtime.dgmimpl.arrays.ArrayPutAtMetaMethod                 : loaded 2 times (x 95B)
Class kotlin.reflect.KProperty$Accessor                                               : loaded 2 times (x 68B)
Class kotlin.collections.State                                                        : loaded 2 times (x 77B)
Class org.jetbrains.kotlin.storage.LockBasedStorageManager$ExceptionHandlingStrategy$1: loaded 2 times (x 72B)
Class groovy.lang.GroovyObject                                                        : loaded 2 times (x 68B)
Class [Lcom.android.tools.analytics.Environment$SystemProperty;                       : loaded 2 times (x 67B)
Class org.codehaus.groovy.runtime.metaclass.MissingMethodExceptionNoStack             : loaded 2 times (x 90B)
Class org.codehaus.groovy.ast.expr.MapExpression                                      : loaded 2 times (x 129B)
Class build_f0srlsa5vznkog7j8blhsloz4$_run_closure1                                   : loaded 2 times (x 134B)
Class com.google.common.collect.AbstractMultimap$EntrySet                             : loaded 2 times (x 136B)
Class kotlin.text.StringsKt__RegexExtensionsJVMKt                                     : loaded 2 times (x 69B)
Class org.codehaus.groovy.util.ManagedConcurrentLinkedQueue$Element                   : loaded 2 times (x 74B)
Class org.jetbrains.kotlin.config.JvmAnalysisFlags$enableJvmPreview$2                 : loaded 2 times (x 125B)
Class org.codehaus.groovy.control.CompilerConfiguration$1                             : loaded 2 times (x 120B)
Class kotlin.text.Regex                                                               : loaded 2 times (x 70B)
Class com.google.gson.Gson$FutureTypeAdapter                                          : loaded 2 times (x 73B)
Class com.android.tools.lint.model.LintModelModuleLoader                              : loaded 2 times (x 68B)
Class [Lcom.android.tools.analytics.Environment$EnvironmentVariable;                  : loaded 2 times (x 67B)
Class kotlin.io.FilesKt__UtilsKt                                                      : loaded 2 times (x 69B)
Class org.codehaus.groovy.control.CompilerConfiguration                               : loaded 2 times (x 120B)
Class org.jetbrains.kotlin.util.capitalizeDecapitalize.CapitalizeDecapitalizeKt       : loaded 2 times (x 69B)
Class com.google.common.collect.Sets$FilteredSet                                      : loaded 2 times (x 135B)
Class kotlin.io.FilesKt__FilePathComponentsKt                                         : loaded 2 times (x 69B)
Class com.google.gson.internal.bind.DateTypeAdapter$1                                 : loaded 2 times (x 73B)
Class org.codehaus.groovy.reflection.stdclasses.NumberCachedClass                     : loaded 2 times (x 93B)
Class org.jetbrains.kotlin.storage.LockBasedStorageManager                            : loaded 2 times (x 106B)
Class net.rubygrapefruit.platform.internal.Platform$MacOs32Bit                        : loaded 2 times (x 80B)
Class org.codehaus.groovy.reflection.ClassInfo$LazyClassLoaderRef                     : loaded 2 times (x 80B)
Class org.jetbrains.kotlin.config.AnalysisFlags$libraryToSourceAnalysis$2             : loaded 2 times (x 125B)
Class kotlin.reflect.jvm.internal.KCallableImpl                                       : loaded 2 times (x 103B)
Class org.codehaus.groovy.runtime.ResourceGroovyMethods                               : loaded 2 times (x 69B)
Class kotlin.collections.ArraysUtilJVM                                                : loaded 2 times (x 69B)
Class com.android.ide.common.repository.GradleVersion$VersionSegment                  : loaded 2 times (x 73B)
Class kotlin.properties.Delegates                                                     : loaded 2 times (x 69B)
Class org.objectweb.asm.SymbolTable                                                   : loaded 2 times (x 70B)
Class kotlin.reflect.KMutableProperty0                                                : loaded 2 times (x 68B)
Class com.android.tools.lint.model.PathVariables$Companion$PATH_COMPARATOR$1          : loaded 2 times (x 87B)
Class kotlin.reflect.KMutableProperty1                                                : loaded 2 times (x 68B)
Class [Lorg.objectweb.asm.AnnotationVisitor;                                          : loaded 2 times (x 67B)
Class kotlin.reflect.KMutableProperty2                                                : loaded 2 times (x 68B)
Class com.google.common.cache.CacheStats                                              : loaded 2 times (x 69B)
Class org.codehaus.groovy.control.CompilationFailedException                          : loaded 2 times (x 87B)
Class kotlin.coroutines.jvm.internal.BaseContinuationImpl                             : loaded 2 times (x 85B)
Class org.gradle.internal.classloader.VisitableURLClassLoader                         : loaded 2 times (x 115B)
Class com.google.common.cache.LocalCache$LocalLoadingCache                            : loaded 2 times (x 132B)
Class com.google.common.io.CharSource$CharSequenceCharSource                          : loaded 2 times (x 84B)
Class com.google.common.base.Supplier                                                 : loaded 2 times (x 68B)
Class org.codehaus.groovy.runtime.dgmimpl.arrays.ObjectArrayGetAtMetaMethod           : loaded 2 times (x 95B)
Class kotlin.reflect.jvm.internal.KCallableImpl$_returnType$1                         : loaded 2 times (x 77B)
Class groovyjarjarasm.asm.SymbolTable$Entry                                           : loaded 2 times (x 72B)
Class org.codehaus.groovy.vmplugin.v9.Java9                                           : loaded 2 times (x 106B)
Class org.jetbrains.kotlin.storage.StorageManager                                     : loaded 2 times (x 68B)
Class kotlin.reflect.jvm.internal.KPropertyImpl$_javaField$1                          : loaded 2 times (x 77B)
Class org.codehaus.groovy.runtime.dgmimpl.arrays.ByteArrayPutAtMetaMethod             : loaded 2 times (x 95B)
Class kotlin.io.FilesKt__FileTreeWalkKt                                               : loaded 2 times (x 69B)
Class org.codehaus.groovy.classgen.GeneratorContext                                   : loaded 2 times (x 75B)
Class org.codehaus.groovy.runtime.dgmimpl.NumberNumberMetaMethod                      : loaded 2 times (x 112B)
Class org.codehaus.groovy.util.ComplexKeyHashMap$1                                    : loaded 2 times (x 77B)
Class com.google.gson.internal.JavaVersion                                            : loaded 2 times (x 69B)
Class com.android.utils.EnvironmentProvider$DirectEnvironmentProvider                 : loaded 2 times (x 78B)
Class com.google.common.base.Objects                                                  : loaded 2 times (x 69B)
Class com.google.common.util.concurrent.AbstractFuture$AtomicHelper                   : loaded 2 times (x 74B)
Class kotlin.reflect.jvm.internal.ReflectProperties$LazyVal                           : loaded 2 times (x 73B)
Class org.gradle.internal.Cast                                                        : loaded 2 times (x 69B)
Class org.codehaus.groovy.vmplugin.v8.PluginDefaultGroovyMethods                      : loaded 2 times (x 69B)
Class org.codehaus.groovy.runtime.metaclass.MultipleSetterProperty                    : loaded 2 times (x 80B)
Class kotlin.reflect.KMutableProperty$Setter                                          : loaded 2 times (x 68B)
Class javax.inject.Inject                                                             : loaded 2 times (x 68B)
Class com.google.common.io.CharSource$EmptyCharSource                                 : loaded 2 times (x 84B)
Class com.google.gson.internal.bind.ReflectiveTypeAdapterFactory$1                    : loaded 2 times (x 75B)
Class com.google.gson.LongSerializationPolicy$1                                       : loaded 2 times (x 78B)
Class org.codehaus.groovy.runtime.dgmimpl.arrays.ShortArrayGetAtMetaMethod            : loaded 2 times (x 95B)
Class Build_gradle                                                                    : loaded 2 times (x 128B)
Class com.google.gson.LongSerializationPolicy$2                                       : loaded 2 times (x 78B)
Class kotlin.reflect.jvm.internal.ReflectionFactoryImpl                               : loaded 2 times (x 86B)
Class com.android.support.InvalidDataException                                        : loaded 2 times (x 80B)
Class org.gradle.api.internal.ClassPathRegistry                                       : loaded 2 times (x 68B)
Class com.google.gson.internal.bind.TypeAdapterRuntimeTypeWrapper                     : loaded 2 times (x 72B)
Class com.google.gson.internal.Excluder$1                                             : loaded 2 times (x 72B)
Class org.codehaus.groovy.runtime.SocketGroovyMethods                                 : loaded 2 times (x 69B)
Class org.codehaus.groovy.ast.AnnotationNode                                          : loaded 2 times (x 117B)
Class com.google.gson.stream.JsonReader                                               : loaded 2 times (x 94B)
Class com.google.common.cache.LocalCache$EntryFactory                                 : loaded 2 times (x 81B)
Class com.google.gson.stream.MalformedJsonException                                   : loaded 2 times (x 80B)
Class build_ahpfki6hvmx1p6v0f9w91gw5t                                                 : loaded 2 times (x 178B)
Class com.google.common.util.concurrent.UncheckedExecutionException                   : loaded 2 times (x 80B)
Class com.google.gson.internal.bind.MapTypeAdapterFactory$Adapter                     : loaded 2 times (x 72B)
Class kotlin.coroutines.jvm.internal.DebugProbesKt                                    : loaded 2 times (x 69B)
Class com.android.tools.lint.model.PathVariables                                      : loaded 2 times (x 70B)
Class org.gradle.internal.classloader.ClassLoaderHierarchy                            : loaded 2 times (x 68B)
Class com.google.gson.internal.Primitives                                             : loaded 2 times (x 69B)
Class org.codehaus.groovy.ast.GenericsType                                            : loaded 2 times (x 116B)
Class com.android.tools.lint.model.LintModelSerialization$LintModelSerializationFileAdapter$WhenMappings: loaded 2 times (x 69B)
Class org.jetbrains.kotlin.config.LanguageFeature$Companion                           : loaded 2 times (x 69B)
Class kotlin.sequences.SequencesKt___SequencesJvmKt                                   : loaded 2 times (x 69B)
Class com.android.tools.lint.model.LintModelNamespacingMode                           : loaded 2 times (x 77B)
Class kotlin.collections.MapsKt__MapsKt                                               : loaded 2 times (x 69B)
Class kotlin.jvm.internal.MutablePropertyReference                                    : loaded 2 times (x 117B)
Class org.codehaus.groovy.vmplugin.v9.ClassFindFailedException                        : loaded 2 times (x 80B)
Class kotlin.collections.ArraysKt                                                     : loaded 2 times (x 69B)
Class org.apache.groovy.plugin.GroovyRunnerRegistry                                   : loaded 2 times (x 132B)
Class kotlin.collections.builders.MapBuilder                                          : loaded 2 times (x 110B)
Class groovy.lang.MetaClassImpl$10                                                    : loaded 2 times (x 75B)
Class org.codehaus.groovy.control.io.NullWriter                                       : loaded 2 times (x 97B)
Class org.codehaus.groovy.runtime.dgmimpl.arrays.FloatArrayPutAtMetaMethod            : loaded 2 times (x 95B)
Class kotlin.text.CharsKt__CharKt                                                     : loaded 2 times (x 69B)
Class NativePluginLoader$getPlugins                                                   : loaded 2 times (x 150B)
Class org.jetbrains.kotlin.cli.jvm.compiler.KotlinCoreEnvironment$Companion           : loaded 2 times (x 69B)
Class org.codehaus.groovy.ast.expr.ExpressionTransformer                              : loaded 2 times (x 68B)
Class groovy.lang.MissingPropertyException                                            : loaded 2 times (x 87B)
Class [Lcom.android.tools.lint.model.LintModelSerialization$TargetFile;               : loaded 2 times (x 67B)
Class org.codehaus.groovy.util.Finalizable                                            : loaded 2 times (x 68B)
Class kotlin.reflect.jvm.internal.pcollections.HashPMap                               : loaded 2 times (x 70B)
Class com.google.gson.JsonArray                                                       : loaded 2 times (x 98B)
Class org.jetbrains.kotlin.config.AnalysisFlags$constraintSystemForOverloadResolution$2: loaded 2 times (x 125B)
Class org.codehaus.groovy.ast.expr.AnnotationConstantExpression                       : loaded 2 times (x 132B)
Class org.codehaus.groovy.util.LazyReference$1                                        : loaded 2 times (x 74B)
Class groovyjarjarasm.asm.Frame                                                       : loaded 2 times (x 71B)
Class org.codehaus.groovy.util.LazyReference$2                                        : loaded 2 times (x 74B)
Class kotlin.collections.MapsKt___MapsKt                                              : loaded 2 times (x 69B)
Class com.google.common.collect.FluentIterable$3                                      : loaded 2 times (x 79B)
Class org.jetbrains.kotlin.config.AnalysisFlag$Delegates$ListOfStrings                : loaded 2 times (x 69B)
Class net.rubygrapefruit.platform.internal.LibraryDef                                 : loaded 2 times (x 70B)
Class org.codehaus.groovy.syntax.CSTNode                                              : loaded 2 times (x 102B)
Class org.codehaus.groovy.runtime.CurriedClosure                                      : loaded 2 times (x 131B)
Class org.codehaus.groovy.reflection.GeneratedMetaMethod$Proxy                        : loaded 2 times (x 94B)
Class org.codehaus.groovy.runtime.StringGroovyMethods                                 : loaded 2 times (x 69B)
Class [Lcom.android.prefs.Global;                                                     : loaded 2 times (x 67B)
Class org.codehaus.groovy.transform.ErrorCollecting                                   : loaded 2 times (x 68B)
Class kotlin.sequences.TransformingSequence$iterator$1                                : loaded 2 times (x 77B)
Class org.jetbrains.kotlin.config.JvmAnalysisFlags$Delegates$JvmDefaultModeDisabledByDefault: loaded 2 times (x 69B)
Class org.codehaus.groovy.runtime.GeneratedLambda                                     : loaded 2 times (x 68B)
Class com.android.tools.lint.model.LintModelSourceProvider                            : loaded 2 times (x 68B)
Class org.codehaus.groovy.vmplugin.VMPluginFactory                                    : loaded 2 times (x 69B)
Class com.google.common.cache.Weigher                                                 : loaded 2 times (x 68B)
Class com.google.gson.JsonPrimitive                                                   : loaded 2 times (x 91B)
Class org.codehaus.groovy.runtime.dgmimpl.arrays.BooleanArrayGetAtMetaMethod          : loaded 2 times (x 95B)
Class kotlin.collections.IndexingIterator                                             : loaded 2 times (x 77B)
Class com.google.gson.internal.ObjectConstructor                                      : loaded 2 times (x 68B)
Class com.google.gson.Gson                                                            : loaded 2 times (x 70B)
Class org.codehaus.groovy.reflection.stdclasses.CachedClosureClass                    : loaded 2 times (x 96B)
Class org.codehaus.groovy.runtime.NullObject                                          : loaded 2 times (x 89B)
Class kotlin.collections.IndexingIterable                                             : loaded 2 times (x 77B)
Class groovy.io.GroovyPrintWriter                                                     : loaded 2 times (x 127B)
Class kotlin.sequences.Sequence                                                       : loaded 2 times (x 68B)
Class org.codehaus.groovy.control.CompilationUnit$ClassgenCallback                    : loaded 2 times (x 68B)
Class groovy.transform.Generated                                                      : loaded 2 times (x 68B)
Class org.gradle.internal.service.ServiceLocator                                      : loaded 2 times (x 68B)
Class com.google.gson.internal.bind.JsonAdapterAnnotationTypeAdapterFactory           : loaded 2 times (x 73B)
Class org.codehaus.groovy.runtime.metaclass.ClosureMetaMethod                         : loaded 2 times (x 101B)
Class net.rubygrapefruit.platform.internal.Platform$Linux                             : loaded 2 times (x 81B)
Class org.jetbrains.kotlin.config.JvmAnalysisFlags$strictMetadataVersionSemantics$2   : loaded 2 times (x 125B)
Class [Lgroovyjarjarasm.asm.Type;                                                     : loaded 2 times (x 67B)
Class com.google.common.collect.FluentIterable$2                                      : loaded 2 times (x 79B)
Class com.google.common.util.concurrent.SettableFuture                                : loaded 2 times (x 95B)
Class net.rubygrapefruit.platform.NativeException                                     : loaded 2 times (x 80B)
Class com.google.common.collect.FluentIterable$1                                      : loaded 2 times (x 79B)
Class org.codehaus.groovy.ast.ASTNode                                                 : loaded 2 times (x 102B)
Class net.rubygrapefruit.platform.Native                                              : loaded 2 times (x 69B)
Class kotlin.reflect.jvm.internal.pcollections.MapEntry                               : loaded 2 times (x 70B)
Class org.gradle.api.internal.classpath.DefaultModuleRegistry                         : loaded 2 times (x 84B)
Class org.jetbrains.kotlin.config.LanguageFeature$Kind                                : loaded 2 times (x 77B)
Class org.jetbrains.kotlin.storage.SimpleLock                                         : loaded 2 times (x 68B)
Class kotlin.sequences.SequencesKt___SequencesKt$flatMap$2                            : loaded 2 times (x 123B)
Class com.google.common.collect.Maps$EntryFunction                                    : loaded 2 times (x 89B)
Class com.google.common.reflect.Types$ParameterizedTypeImpl                           : loaded 2 times (x 79B)
Class net.rubygrapefruit.platform.internal.Platform$Window32Bit                       : loaded 2 times (x 77B)
Class groovy.lang.ExpandoMetaClass$Callable                                           : loaded 2 times (x 68B)
Class com.google.common.cache.RemovalListener                                         : loaded 2 times (x 68B)
Class org.codehaus.groovy.classgen.asm.util.TypeUtil                                  : loaded 2 times (x 69B)
Class kotlin.coroutines.jvm.internal.CoroutineStackFrame                              : loaded 2 times (x 68B)
Class org.jetbrains.kotlin.storage.NotNullLazyValue                                   : loaded 2 times (x 68B)
Class com.android.tools.lint.model.LintModelAndroidLibrary                            : loaded 2 times (x 68B)
Class com.google.gson.internal.JsonReaderInternalAccess                               : loaded 2 times (x 70B)
Class org.jetbrains.kotlin.config.AnalysisFlag$Delegates$ApiModeDisabledByDefault     : loaded 2 times (x 69B)
Class kotlin.internal.ProgressionUtilKt                                               : loaded 2 times (x 69B)
Class org.jetbrains.kotlin.name.Name                                                  : loaded 2 times (x 73B)
Class com.google.common.io.FileWriteMode                                              : loaded 2 times (x 77B)
Class groovy.lang.GString$1                                                           : loaded 2 times (x 119B)
Class org.codehaus.groovy.transform.trait.Traits$Implemented                          : loaded 2 times (x 68B)
Class kotlin.reflect.KFunction                                                        : loaded 2 times (x 68B)
Class com.google.common.collect.LinkedHashMultimap$ValueSetLink                       : loaded 2 times (x 68B)
Class com.google.common.base.Joiner$1                                                 : loaded 2 times (x 78B)
Class kotlin.LazyKt__LazyKt                                                           : loaded 2 times (x 69B)
Class kotlin.jvm.KotlinReflectionNotSupportedError                                    : loaded 2 times (x 80B)
Class com.google.common.base.Joiner$2                                                 : loaded 2 times (x 77B)
Class groovy.lang.Tuple0                                                              : loaded 2 times (x 166B)
Class org.codehaus.groovy.ast.expr.ElvisOperatorExpression                            : loaded 2 times (x 128B)
Class groovy.lang.Tuple1                                                              : loaded 2 times (x 166B)
Class [Lorg.jetbrains.kotlin.load.java.ReportLevel;                                   : loaded 2 times (x 67B)
Class kotlin.io.TerminateException                                                    : loaded 2 times (x 80B)
Class com.google.gson.internal.bind.TypeAdapters$10                                   : loaded 2 times (x 73B)
Class org.codehaus.groovy.runtime.metaclass.NewInstanceMetaMethod                     : loaded 2 times (x 97B)
Class groovy.lang.Tuple2                                                              : loaded 2 times (x 166B)
Class com.google.gson.internal.bind.TypeAdapters$11                                   : loaded 2 times (x 73B)
Class groovy.lang.Tuple3                                                              : loaded 2 times (x 166B)
Class com.google.gson.internal.bind.TypeAdapters$12                                   : loaded 2 times (x 73B)
Class groovy.lang.Tuple4                                                              : loaded 2 times (x 166B)
Class [Lcom.android.resources.Density;                                                : loaded 2 times (x 67B)
Class kotlin.reflect.jvm.internal.KDeclarationContainerImpl                           : loaded 2 times (x 82B)
Class com.android.support.MigrationParserVisitor                                      : loaded 2 times (x 68B)
Class com.android.tools.lint.model.LintModelAndroidArtifact                           : loaded 2 times (x 68B)
Class org.codehaus.groovy.runtime.ScriptBytecodeAdapter                               : loaded 2 times (x 69B)
Class com.google.common.reflect.Types$JavaVersion$1                                   : loaded 2 times (x 81B)
Class com.google.gson.internal.bind.TypeAdapters$13                                   : loaded 2 times (x 73B)
Class groovy.lang.Tuple5                                                              : loaded 2 times (x 166B)
Class org.gradle.internal.classpath.ClassPath                                         : loaded 2 times (x 68B)
Class com.google.common.reflect.Types$JavaVersion$2                                   : loaded 2 times (x 81B)
Class com.google.gson.internal.bind.TypeAdapters$14                                   : loaded 2 times (x 73B)
Class groovyjarjarasm.asm.Type                                                        : loaded 2 times (x 70B)
Class groovy.lang.Tuple6                                                              : loaded 2 times (x 166B)
Class org.codehaus.groovy.ast.AnnotatedNode                                           : loaded 2 times (x 120B)
Class [Lgroovy.lang.MetaObjectProtocol;                                               : loaded 2 times (x 67B)
Class [Lorg.objectweb.asm.Label;                                                      : loaded 2 times (x 67B)
Class com.google.common.reflect.Types$JavaVersion$3                                   : loaded 2 times (x 81B)
Class org.gradle.internal.classpath.DefaultClassPath$ImmutableUniqueList              : loaded 2 times (x 159B)
Class com.google.gson.internal.bind.TypeAdapters$15                                   : loaded 2 times (x 73B)
Class groovy.lang.Tuple7                                                              : loaded 2 times (x 166B)
Class groovy.lang.GroovyResourceLoader                                                : loaded 2 times (x 68B)
Class com.google.common.reflect.Types$JavaVersion$4                                   : loaded 2 times (x 81B)
Class com.google.gson.internal.bind.TypeAdapters$16                                   : loaded 2 times (x 73B)
Class groovy.lang.Tuple8                                                              : loaded 2 times (x 166B)
Class org.codehaus.groovy.util.LockableObject                                         : loaded 2 times (x 76B)
Class org.jetbrains.kotlin.load.java.NullabilityAnnotationStatesImpl$cache$1          : loaded 2 times (x 77B)
Class com.google.common.reflect.Types$JavaVersion$5                                   : loaded 2 times (x 69B)
Class com.google.gson.internal.bind.TypeAdapters$17                                   : loaded 2 times (x 73B)
Class groovy.lang.Tuple9                                                              : loaded 2 times (x 166B)
Class com.google.gson.internal.bind.TypeAdapters$18                                   : loaded 2 times (x 73B)
Class [Lcom.google.gson.FieldNamingStrategy;                                          : loaded 2 times (x 67B)
Class groovy.lang.Closure$WritableClosure                                             : loaded 2 times (x 135B)
Class com.google.common.cache.CacheLoader$SupplierToCacheLoader                       : loaded 2 times (x 73B)
Class com.google.gson.internal.bind.TypeAdapters$19                                   : loaded 2 times (x 73B)
Class kotlin.coroutines.jvm.internal.SuspendFunction                                  : loaded 2 times (x 68B)
Class com.google.gson.annotations.SerializedName                                      : loaded 2 times (x 68B)
Class org.codehaus.groovy.ast.stmt.Statement                                          : loaded 2 times (x 108B)
Class com.android.tools.lint.model.DefaultLintModelBuildFeatures                      : loaded 2 times (x 75B)
Class com.google.gson.internal.bind.ArrayTypeAdapter                                  : loaded 2 times (x 72B)
Class com.android.tools.analytics.Environment$EnvironmentVariable                     : loaded 2 times (x 77B)
Class org.codehaus.groovy.reflection.CachedField                                      : loaded 2 times (x 80B)
Class build_bdsyv133i9322sofoljra228k                                                 : loaded 2 times (x 178B)
Class com.google.gson.internal.bind.TreeTypeAdapter                                   : loaded 2 times (x 72B)
Class org.codehaus.groovy.ast.stmt.EmptyStatement                                     : loaded 2 times (x 108B)
Class com.google.common.reflect.TypeToken$SimpleTypeToken                             : loaded 2 times (x 71B)
Class com.android.prefs.PathLocator$singlePathOf$values$2                             : loaded 2 times (x 76B)
Class com.android.prefs.PathLocator$singlePathOf$values$1                             : loaded 2 times (x 77B)
Class com.google.common.util.concurrent.AbstractFuture$Trusted                        : loaded 2 times (x 68B)
Class kotlin.collections.CollectionsKt__IterablesKt                                   : loaded 2 times (x 69B)
Class com.google.common.collect.Maps$IteratorBasedAbstractMap$1                       : loaded 2 times (x 136B)
Class org.jetbrains.kotlin.storage.DefaultSimpleLock                                  : loaded 2 times (x 76B)
Class kotlin.LazyThreadSafetyMode                                                     : loaded 2 times (x 77B)
Class [Lgroovy.lang.MetaProperty;                                                     : loaded 2 times (x 67B)
Class org.codehaus.groovy.runtime.metaclass.TransformMetaMethod                       : loaded 2 times (x 94B)
Class com.android.tools.lint.model.LintModelModule                                    : loaded 2 times (x 68B)
Class com.android.tools.analytics.AnalyticsSettings$optedIn$1                         : loaded 2 times (x 76B)
Class com.android.tools.analytics.AnalyticsSettings                                   : loaded 2 times (x 69B)
Class org.codehaus.groovy.runtime.metaclass.ReflectionMetaMethod                      : loaded 2 times (x 95B)
Class kotlin.text.StringsKt___StringsKt                                               : loaded 2 times (x 69B)
Class com.google.common.reflect.Types$NativeTypeVariableEquals                        : loaded 2 times (x 69B)
Class org.codehaus.groovy.ast.stmt.CaseStatement                                      : loaded 2 times (x 112B)
Class org.codehaus.groovy.ast.expr.DeclarationExpression                              : loaded 2 times (x 135B)
Class org.jetbrains.kotlin.config.JvmAnalysisFlags$useIR$2                            : loaded 2 times (x 125B)
Class kotlin.collections.ArraysKt___ArraysKt$asSequence$$inlined$Sequence$1           : loaded 2 times (x 73B)
Class kotlin.coroutines.intrinsics.CoroutineSingletons                                : loaded 2 times (x 77B)
Class org.codehaus.groovy.ast.GroovyCodeVisitor                                       : loaded 2 times (x 68B)
Class kotlin.Pair                                                                     : loaded 2 times (x 70B)
Class org.codehaus.groovy.vmplugin.v8.Java8                                           : loaded 2 times (x 106B)
Class com.google.gson.internal.bind.TypeAdapters$20                                   : loaded 2 times (x 73B)
Class org.codehaus.groovy.runtime.typehandling.GroovyCastException                    : loaded 2 times (x 80B)
Class kotlin.ReplaceWith                                                              : loaded 2 times (x 68B)
Class com.google.gson.internal.bind.TypeAdapters$21                                   : loaded 2 times (x 73B)
Class org.objectweb.asm.ModuleVisitor                                                 : loaded 2 times (x 78B)
Class com.google.gson.internal.bind.TypeAdapters$22                                   : loaded 2 times (x 73B)
Class com.google.gson.internal.bind.TypeAdapters$23                                   : loaded 2 times (x 73B)
Class org.jetbrains.kotlin.config.AnalysisFlags$optIn$2                               : loaded 2 times (x 125B)
Class com.google.gson.internal.bind.TypeAdapters$24                                   : loaded 2 times (x 73B)
Class org.codehaus.groovy.control.ResolveVisitor$ConstructedClassWithPackage          : loaded 2 times (x 241B)
Class com.google.gson.internal.bind.TypeAdapters$25                                   : loaded 2 times (x 73B)
Class kotlin.collections.AbstractList$Companion                                       : loaded 2 times (x 69B)
Class com.google.gson.internal.bind.TypeAdapters$26                                   : loaded 2 times (x 73B)
Class com.google.gson.internal.bind.TypeAdapters$27                                   : loaded 2 times (x 73B)
Class kotlin.jdk7.AutoCloseableKt                                                     : loaded 2 times (x 69B)
Class com.google.gson.internal.bind.TypeAdapters$28                                   : loaded 2 times (x 73B)
Class kotlin.coroutines.intrinsics.IntrinsicsKt                                       : loaded 2 times (x 69B)
Class com.google.common.collect.Multimaps                                             : loaded 2 times (x 69B)
Class com.google.gson.internal.bind.TypeAdapters$29                                   : loaded 2 times (x 73B)
Class net.rubygrapefruit.platform.internal.FunctionResult$Failure                     : loaded 2 times (x 77B)
Class org.codehaus.groovy.runtime.dgmimpl.arrays.IntegerArrayPutAtMetaMethod          : loaded 2 times (x 95B)
Class kotlin.collections.ArraysKt__ArraysJVMKt                                        : loaded 2 times (x 69B)
Class com.android.builder.model.MavenCoordinates                                      : loaded 2 times (x 68B)
Class kotlin.SynchronizedLazyImpl                                                     : loaded 2 times (x 74B)
Class kotlin.collections.AbstractIterator                                             : loaded 2 times (x 81B)
Class com.google.common.util.concurrent.ExecutionError                                : loaded 2 times (x 80B)
Class com.google.common.io.ByteSink$AsCharSink                                        : loaded 2 times (x 78B)
Class com.google.common.base.Equivalence$Identity                                     : loaded 2 times (x 80B)
Class kotlin.ranges.IntRange                                                          : loaded 2 times (x 85B)
Class kotlin.collections.AbstractCollection                                           : loaded 2 times (x 115B)
Class kotlin.collections.AbstractList                                                 : loaded 2 times (x 157B)
Class kotlin.collections.SetsKt__SetsKt                                               : loaded 2 times (x 69B)
Class kotlin.jvm.internal.markers.KMutableSet                                         : loaded 2 times (x 68B)
Class org.jetbrains.kotlin.config.JvmAnalysisFlags$disableUltraLightClasses$2         : loaded 2 times (x 125B)
Class org.codehaus.groovy.control.ResolveVisitor$ConstructedNestedClass               : loaded 2 times (x 241B)
Class com.google.common.collect.AbstractIterator$1                                    : loaded 2 times (x 69B)
Class kotlin.DeprecationLevel                                                         : loaded 2 times (x 77B)
Class groovy.lang.MetaClassRegistry$MetaClassCreationHandle                           : loaded 2 times (x 72B)
Class com.google.common.cache.LocalCache                                              : loaded 2 times (x 185B)
Class org.apache.groovy.util.BeanUtils                                                : loaded 2 times (x 69B)
Class org.codehaus.groovy.runtime.dgmimpl.arrays.ArrayMetaMethod                      : loaded 2 times (x 95B)
Class kotlin.jvm.internal.PropertyReference                                           : loaded 2 times (x 113B)
Class org.jetbrains.kotlin.name.FqNameUnsafe$1                                        : loaded 2 times (x 72B)
Class kotlin.ranges.IntRange$Companion                                                : loaded 2 times (x 69B)
Class org.codehaus.groovy.runtime.GStringImpl                                         : loaded 2 times (x 161B)
Class groovy.lang.GroovyObjectSupport                                                 : loaded 2 times (x 82B)
Class org.codehaus.groovy.reflection.ReflectionUtils                                  : loaded 2 times (x 69B)
Class org.jetbrains.kotlin.config.AnalysisFlags$eagerResolveOfLightClasses$2          : loaded 2 times (x 125B)
Class kotlin.sequences.SequencesKt___SequencesJvmKt$filterIsInstance$1                : loaded 2 times (x 77B)
Class org.codehaus.groovy.util.AbstractConcurrentMap$Entry                            : loaded 2 times (x 68B)
Class com.android.resources.ResourceEnum                                              : loaded 2 times (x 68B)
Class com.google.common.util.concurrent.AbstractFuture$UnsafeAtomicHelper$1           : loaded 2 times (x 74B)
Class [Lcom.android.resources.ResourceEnum;                                           : loaded 2 times (x 67B)
Class com.android.tools.lint.model.LintModelJavaLibrary                               : loaded 2 times (x 68B)
Class com.google.gson.internal.bind.TypeAdapters$30                                   : loaded 2 times (x 73B)
Class groovyjarjarasm.asm.CurrentFrame                                                : loaded 2 times (x 71B)
Class com.android.utils.XmlUtils                                                      : loaded 2 times (x 69B)
Class net.rubygrapefruit.platform.internal.jni.WindowsHandleFunctions                 : loaded 2 times (x 69B)
Class com.google.gson.internal.bind.TypeAdapters$32                                   : loaded 2 times (x 74B)
Class com.google.gson.internal.bind.TypeAdapters$33                                   : loaded 2 times (x 74B)
Class groovy.lang.MetaClassRegistryChangeEventListener                                : loaded 2 times (x 68B)
Class org.codehaus.groovy.util.ManagedConcurrentLinkedQueue                           : loaded 2 times (x 82B)
Class kotlin.collections.ArraysKt___ArraysKt$withIndex$1                              : loaded 2 times (x 77B)
Class com.google.gson.internal.ConstructorConstructor$13                              : loaded 2 times (x 74B)
Class com.android.sdklib.AndroidVersion$AndroidVersionException                       : loaded 2 times (x 80B)
Class org.codehaus.groovy.runtime.powerassert.PowerAssertionError                     : loaded 2 times (x 80B)
Class kotlin.reflect.jvm.internal.KDeclarationContainerImpl$Companion                 : loaded 2 times (x 69B)
Class org.codehaus.groovy.ast.tools.GeneralUtils$1                                    : loaded 2 times (x 126B)
Class kotlin.collections.EmptyMap                                                     : loaded 2 times (x 107B)
Class com.google.common.reflect.Invokable$ConstructorInvokable                        : loaded 2 times (x 120B)
Class kotlin.collections.builders.MapBuilder$Companion                                : loaded 2 times (x 69B)
Class org.codehaus.groovy.runtime.typehandling.ShortTypeHandling                      : loaded 2 times (x 69B)
Class org.gradle.internal.installation.GradleInstallation                             : loaded 2 times (x 73B)
Class org.codehaus.groovy.runtime.DefaultGroovyMethods                                : loaded 2 times (x 69B)
Class kotlin.io.ByteStreamsKt                                                         : loaded 2 times (x 69B)
Class com.google.common.reflect.TypeCapture                                           : loaded 2 times (x 69B)
Class [Lcom.google.common.cache.CacheBuilder$NullListener;                            : loaded 2 times (x 67B)
Class groovy.lang.Closure                                                             : loaded 2 times (x 130B)
Class kotlin.io.CloseableKt                                                           : loaded 2 times (x 69B)
Class com.android.prefs.AbstractAndroidLocations                                      : loaded 2 times (x 80B)
Class com.google.gson.stream.JsonToken                                                : loaded 2 times (x 77B)


---------------  S Y S T E M  ---------------

OS:
 Windows 10 , 64 bit Build 19041 (10.0.19041.4842)
OS uptime: 0 days 0:43 hours

CPU: total 12 (initial active 12) (12 cores per cpu, 2 threads per core) family 23 model 8 stepping 2 microcode 0x0, cx8, cmov, fxsr, ht, mmx, 3dnowpref, sse, sse2, sse3, ssse3, sse4a, sse4.1, sse4.2, popcnt, lzcnt, tsc, tscinvbit, avx, avx2, aes, clmul, bmi1, bmi2, adx, sha, fma, vzeroupper, clflush, clflushopt
Processor Information for all 12 processors :
  Max Mhz: 3200, Current Mhz: 3200, Mhz Limit: 3200

Memory: 4k page, system-wide physical 16308M (3520M free)
TotalPageFile size 18356M (AvailPageFile size 580M)
current process WorkingSet (physical memory assigned to process): 1484M, peak: 1485M
current process commit charge ("private bytes"): 2285M, peak: 2885M

vm_info: OpenJDK 64-Bit Server VM (17.0.11+0--11852314) for windows-amd64 JRE (17.0.11+0--11852314), built on May 16 2024 21:29:20 by "androidbuild" with MS VC++ 16.10 / 16.11 (VS2019)

END.
