#
# There is insufficient memory for the Java Runtime Environment to continue.
# Native memory allocation (mmap) failed to map 18874368 bytes. Error detail: G1 virtual space
# Possible reasons:
#   The system is out of physical RAM or swap space
#   This process is running with CompressedOops enabled, and the Java Heap may be blocking the growth of the native heap
# Possible solutions:
#   Reduce memory load on the system
#   Increase physical memory or swap space
#   Check if swap backing store is full
#   Decrease Java heap size (-Xmx/-Xms)
#   Decrease number of Java threads
#   Decrease Java thread stack sizes (-Xss)
#   Set larger code cache with -XX:ReservedCodeCacheSize=
#   JVM is running with Zero Based Compressed Oops mode in which the Java heap is
#     placed in the first 32GB address space. The Java Heap base address is the
#     maximum limit for the native heap growth. Please use -XX:HeapBaseMinAddress
#     to set the Java Heap base and to place the Java Heap above 32GB virtual address.
# This output file may be truncated or incomplete.
#
#  Out of Memory Error (os_windows.cpp:3825), pid=7576, tid=10024
#
# JRE version: OpenJDK Runtime Environment (17.0.11) (build 17.0.11+0--11852314)
# Java VM: OpenJDK 64-Bit Server VM (17.0.11+0--11852314, mixed mode, tiered, compressed oops, compressed class ptrs, g1 gc, windows-amd64)
# No core dump will be written. Minidumps are not enabled by default on client versions of Windows
#

---------------  S U M M A R Y ------------

Command Line: -XX:MaxMetaspaceSize=2G -XX:+HeapDumpOnOutOfMemoryError --add-opens=java.base/java.util=ALL-UNNAMED --add-opens=java.base/java.lang=ALL-UNNAMED --add-opens=java.base/java.lang.invoke=ALL-UNNAMED --add-opens=java.prefs/java.util.prefs=ALL-UNNAMED --add-opens=java.base/java.nio.charset=ALL-UNNAMED --add-opens=java.base/java.net=ALL-UNNAMED --add-opens=java.base/java.util.concurrent.atomic=ALL-UNNAMED -Xmx4G -Dfile.encoding=windows-1252 -Duser.country=BR -Duser.language=pt -Duser.variant org.gradle.launcher.daemon.bootstrap.GradleDaemon 7.6.3

Host: AMD Ryzen 5 1600 Six-Core Processor            , 12 cores, 15G,  Windows 10 , 64 bit Build 19041 (10.0.19041.4842)
Time: Sat Sep 21 18:38:41 2024 Hora oficial do Brasil elapsed time: 15.899040 seconds (0d 0h 0m 15s)

---------------  T H R E A D  ---------------

Current thread (0x0000018084056860):  VMThread "VM Thread" [stack: 0x0000007fd9000000,0x0000007fd9100000] [id=10024]

Stack: [0x0000007fd9000000,0x0000007fd9100000]
Native frames: (J=compiled Java code, j=interpreted, Vv=VM code, C=native code)
V  [jvm.dll+0x687bb9]
V  [jvm.dll+0x84142a]
V  [jvm.dll+0x8430ae]
V  [jvm.dll+0x843713]
V  [jvm.dll+0x24a35f]
V  [jvm.dll+0x684989]
V  [jvm.dll+0x67923a]
V  [jvm.dll+0x30af0b]
V  [jvm.dll+0x3123b6]
V  [jvm.dll+0x361dfe]
V  [jvm.dll+0x36202f]
V  [jvm.dll+0x2e0d38]
V  [jvm.dll+0x2df144]
V  [jvm.dll+0x2de74c]
V  [jvm.dll+0x32305b]
V  [jvm.dll+0x847e0b]
V  [jvm.dll+0x848b42]
V  [jvm.dll+0x84905d]
V  [jvm.dll+0x849434]
V  [jvm.dll+0x849500]
V  [jvm.dll+0x7efa4a]
V  [jvm.dll+0x686a35]
C  [ucrtbase.dll+0x21bb2]
C  [KERNEL32.DLL+0x17374]
C  [ntdll.dll+0x4cc91]

VM_Operation (0x0000007fdcef6ea0): G1CollectForAllocation, mode: safepoint, requested by thread 0x0000018087882b10


---------------  P R O C E S S  ---------------

Threads class SMR info:
_java_thread_list=0x0000018090da6dd0, length=186, elements={
0x00000180dca9c3c0, 0x000001808407c260, 0x000001808407cff0, 0x0000018084093c10,
0x00000180840ba090, 0x00000180840accd0, 0x00000180840af5b0, 0x00000180840b3380,
0x00000180840bea70, 0x00000180840c1390, 0x0000018084248020, 0x000001808425a010,
0x000001808535e720, 0x0000018086e5eb40, 0x000001808652f4c0, 0x0000018085dedc30,
0x0000018086394030, 0x00000180846f2170, 0x00000180860ed8e0, 0x00000180860eb570,
0x00000180860ee300, 0x00000180860ec4a0, 0x00000180860ed3d0, 0x00000180860ee810,
0x00000180860eb060, 0x00000180860eba80, 0x00000180860ec9b0, 0x00000180860ecec0,
0x00000180860ebf90, 0x0000018087883f50, 0x0000018087886ce0, 0x0000018087882600,
0x0000018087884e80, 0x0000018087883530, 0x0000018087881be0, 0x0000018087888120,
0x0000018087885390, 0x0000018087883a40, 0x00000180878858a0, 0x0000018087885db0,
0x00000180878867d0, 0x00000180878871f0, 0x0000018087887700, 0x0000018087880cb0,
0x0000018087888630, 0x00000180878811c0, 0x00000180878820f0, 0x00000180878816d0,
0x0000018087882b10, 0x0000018087883020, 0x0000018089dfa170, 0x0000018089dfcf00,
0x0000018089df9c60, 0x0000018089df5a90, 0x0000018089dfd410, 0x0000018089df78f0,
0x0000018089df7e00, 0x0000018089df8310, 0x0000018089dfb0a0, 0x0000018089df8820,
0x0000018089df8d30, 0x0000018089dfa680, 0x0000018089dfab90, 0x0000018089df6ed0,
0x0000018089df9240, 0x0000018089dfbac0, 0x0000018089df9750, 0x0000018089dfc4e0,
0x0000018089dfc9f0, 0x0000018089df5fa0, 0x0000018089df64b0, 0x0000018089df69c0,
0x0000018089df73e0, 0x00000180895d3a00, 0x00000180895ccfb0, 0x00000180895d1180,
0x00000180895d20b0, 0x00000180895ce900, 0x00000180895d1690, 0x00000180895cd4c0,
0x00000180895cee10, 0x00000180895d4420, 0x00000180895cf320, 0x00000180895d0760,
0x00000180895d25c0, 0x00000180895cf830, 0x00000180895cfd40, 0x00000180895d2ad0,
0x00000180895d0250, 0x00000180895d0c70, 0x00000180895ce3f0, 0x00000180895d3f10,
0x00000180895d1ba0, 0x00000180895cdee0, 0x00000180895d2fe0, 0x00000180895d34f0,
0x00000180895d4930, 0x00000180895cd9d0, 0x000001808658cf30, 0x000001808658b0d0,
0x000001808658e880, 0x000001808658ed90, 0x0000018086588850, 0x000001808658a1a0,
0x000001808658f2a0, 0x000001808658c510, 0x000001808658e370, 0x0000018086588d60,
0x000001808658ca20, 0x000001808658fcc0, 0x0000018086589270, 0x000001808658d950,
0x00000180865901d0, 0x000001808658d440, 0x000001808658de60, 0x000001808658f7b0,
0x000001808658b5e0, 0x0000018086589780, 0x0000018086589c90, 0x000001808658a6b0,
0x000001808658baf0, 0x000001808658abc0, 0x000001808658c000, 0x0000018087188820,
0x0000018087186ed0, 0x000001808718b5b0, 0x000001808718c4e0, 0x000001808718a170,
0x0000018087188d30, 0x00000180871873e0, 0x000001808718a680, 0x0000018087187e00,
0x0000018087189240, 0x000001808718b0a0, 0x000001808718c9f0, 0x000001808718de30,
0x000001808718cf00, 0x000001808718ab90, 0x000001808718bac0, 0x0000018087189750,
0x000001808718d410, 0x000001808718d920, 0x00000180871878f0, 0x0000018087188310,
0x0000018087189c60, 0x000001808718bfd0, 0x00000180871869c0, 0x000001808718e340,
0x0000018085399ed0, 0x00000180853943b0, 0x0000018085395d00, 0x0000018085397b60,
0x0000018085398a90, 0x0000018085398070, 0x0000018085398fa0, 0x00000180853994b0,
0x0000018085398580, 0x00000180853999c0, 0x000001808539a3e0, 0x00000180853957f0,
0x0000018085393990, 0x000001808539a8f0, 0x000001808539b310, 0x00000180853952e0,
0x000001808539ae00, 0x0000018085393ea0, 0x00000180853948c0, 0x0000018085394dd0,
0x0000018085396210, 0x0000018085396720, 0x0000018085396c30, 0x0000018085397140,
0x0000018085397650, 0x00000180857efae0, 0x00000180857ef0c0, 0x00000180857e9fc0,
0x00000180857ecd50, 0x00000180857efff0, 0x00000180857e9ab0, 0x00000180857eaef0,
0x00000180857ed260, 0x00000180857ed770, 0x00000180857ea9e0, 0x000001808b09ff70,
0x000001808b0a0a10, 0x00000180866d3700
}

Java Threads: ( => current thread )
  0x00000180dca9c3c0 JavaThread "main" [_thread_blocked, id=13004, stack(0x0000007fd8a00000,0x0000007fd8b00000)]
  0x000001808407c260 JavaThread "Reference Handler" daemon [_thread_blocked, id=2084, stack(0x0000007fd9100000,0x0000007fd9200000)]
  0x000001808407cff0 JavaThread "Finalizer" daemon [_thread_blocked, id=8500, stack(0x0000007fd9200000,0x0000007fd9300000)]
  0x0000018084093c10 JavaThread "Signal Dispatcher" daemon [_thread_blocked, id=6480, stack(0x0000007fd9300000,0x0000007fd9400000)]
  0x00000180840ba090 JavaThread "Attach Listener" daemon [_thread_blocked, id=10288, stack(0x0000007fd9400000,0x0000007fd9500000)]
  0x00000180840accd0 JavaThread "Service Thread" daemon [_thread_blocked, id=11980, stack(0x0000007fd9500000,0x0000007fd9600000)]
  0x00000180840af5b0 JavaThread "Monitor Deflation Thread" daemon [_thread_blocked, id=8832, stack(0x0000007fd9600000,0x0000007fd9700000)]
  0x00000180840b3380 JavaThread "C2 CompilerThread0" daemon [_thread_in_native, id=8760, stack(0x0000007fd9700000,0x0000007fd9800000)]
  0x00000180840bea70 JavaThread "C1 CompilerThread0" daemon [_thread_blocked, id=7488, stack(0x0000007fd9800000,0x0000007fd9900000)]
  0x00000180840c1390 JavaThread "Sweeper thread" daemon [_thread_blocked, id=292, stack(0x0000007fd9900000,0x0000007fd9a00000)]
  0x0000018084248020 JavaThread "Common-Cleaner" daemon [_thread_blocked, id=14688, stack(0x0000007fd9a00000,0x0000007fd9b00000)]
  0x000001808425a010 JavaThread "Notification Thread" daemon [_thread_blocked, id=7332, stack(0x0000007fd9b00000,0x0000007fd9c00000)]
  0x000001808535e720 JavaThread "Daemon health stats" [_thread_blocked, id=13496, stack(0x0000007fda400000,0x0000007fda500000)]
  0x0000018086e5eb40 JavaThread "Incoming local TCP Connector on port 58848" [_thread_in_native, id=15264, stack(0x0000007fda500000,0x0000007fda600000)]
  0x000001808652f4c0 JavaThread "Daemon periodic checks" [_thread_blocked, id=11900, stack(0x0000007fda600000,0x0000007fda700000)]
  0x0000018085dedc30 JavaThread "Daemon" [_thread_blocked, id=14824, stack(0x0000007fda700000,0x0000007fda800000)]
  0x0000018086394030 JavaThread "Handler for socket connection from /127.0.0.1:58848 to /127.0.0.1:58849" [_thread_in_native, id=7808, stack(0x0000007fda800000,0x0000007fda900000)]
  0x00000180846f2170 JavaThread "Cancel handler" [_thread_blocked, id=9208, stack(0x0000007fda900000,0x0000007fdaa00000)]
  0x00000180860ed8e0 JavaThread "Daemon worker" [_thread_blocked, id=8024, stack(0x0000007fdaa00000,0x0000007fdab00000)]
  0x00000180860eb570 JavaThread "Asynchronous log dispatcher for DefaultDaemonConnection: socket connection from /127.0.0.1:58848 to /127.0.0.1:58849" [_thread_blocked, id=12944, stack(0x0000007fdab00000,0x0000007fdac00000)]
  0x00000180860ee300 JavaThread "Stdin handler" [_thread_blocked, id=4276, stack(0x0000007fdac00000,0x0000007fdad00000)]
  0x00000180860ec4a0 JavaThread "Daemon client event forwarder" [_thread_blocked, id=13272, stack(0x0000007fdad00000,0x0000007fdae00000)]
  0x00000180860ed3d0 JavaThread "Cache worker for journal cache (C:\Users\DAVID\.gradle\caches\journal-1)" [_thread_blocked, id=12172, stack(0x0000007fdae00000,0x0000007fdaf00000)]
  0x00000180860ee810 JavaThread "File lock request listener" [_thread_in_native, id=1108, stack(0x0000007fdaf00000,0x0000007fdb000000)]
  0x00000180860eb060 JavaThread "Cache worker for file hash cache (C:\Users\DAVID\.gradle\caches\7.6.3\fileHashes)" [_thread_blocked, id=10196, stack(0x0000007fdb600000,0x0000007fdb700000)]
  0x00000180860eba80 JavaThread "File watcher server" daemon [_thread_in_native, id=7792, stack(0x0000007fdb700000,0x0000007fdb800000)]
  0x00000180860ec9b0 JavaThread "File watcher consumer" daemon [_thread_blocked, id=1200, stack(0x0000007fdb800000,0x0000007fdb900000)]
  0x00000180860ecec0 JavaThread "Cache worker for checksums cache (D:\DOCUMENTOS\PROJETO_FLUTTER\dmega\android\.gradle\7.6.3\checksums)" [_thread_blocked, id=8012, stack(0x0000007fdb900000,0x0000007fdba00000)]
  0x00000180860ebf90 JavaThread "Cache worker for cache directory md-rule (C:\Users\DAVID\.gradle\caches\7.6.3\md-rule)" [_thread_blocked, id=14208, stack(0x0000007fdba00000,0x0000007fdbb00000)]
  0x0000018087883f50 JavaThread "Cache worker for file content cache (C:\Users\DAVID\.gradle\caches\7.6.3\fileContent)" [_thread_blocked, id=5796, stack(0x0000007fdbb00000,0x0000007fdbc00000)]
  0x0000018087886ce0 JavaThread "Cache worker for file hash cache (D:\DOCUMENTOS\PROJETO_FLUTTER\dmega\android\.gradle\7.6.3\fileHashes)" [_thread_blocked, id=5936, stack(0x0000007fdbc00000,0x0000007fdbd00000)]
  0x0000018087882600 JavaThread "Cache worker for cache directory md-supplier (C:\Users\DAVID\.gradle\caches\7.6.3\md-supplier)" [_thread_blocked, id=14776, stack(0x0000007fdbd00000,0x0000007fdbe00000)]
  0x0000018087884e80 JavaThread "Cache worker for execution history cache (C:\Users\DAVID\.gradle\caches\7.6.3\executionHistory)" [_thread_blocked, id=10576, stack(0x0000007fdbe00000,0x0000007fdbf00000)]
  0x0000018087883530 JavaThread "jar transforms" [_thread_blocked, id=15184, stack(0x0000007fdbf00000,0x0000007fdc000000)]
  0x0000018087881be0 JavaThread "Cache worker for kotlin-dsl (C:\Users\DAVID\.gradle\caches\7.6.3\kotlin-dsl)" [_thread_blocked, id=4364, stack(0x0000007fdc000000,0x0000007fdc100000)]
  0x0000018087888120 JavaThread "jar transforms Thread 2" [_thread_blocked, id=7372, stack(0x0000007fdc100000,0x0000007fdc200000)]
  0x0000018087885390 JavaThread "Cache worker for dependencies-accessors (D:\DOCUMENTOS\PROJETO_FLUTTER\dmega\android\.gradle\7.6.3\dependencies-accessors)" [_thread_blocked, id=11276, stack(0x0000007fdc200000,0x0000007fdc300000)]
  0x0000018087883a40 JavaThread "Cache worker for Build Output Cleanup Cache (C:\src\flutter\packages\flutter_tools\gradle\.gradle\buildOutputCleanup)" [_thread_blocked, id=1632, stack(0x0000007fdc300000,0x0000007fdc400000)]
  0x00000180878858a0 JavaThread "jar transforms Thread 3" [_thread_blocked, id=14724, stack(0x0000007fdc400000,0x0000007fdc500000)]
  0x0000018087885db0 JavaThread "Memory manager" [_thread_blocked, id=13644, stack(0x0000007fdc500000,0x0000007fdc600000)]
  0x00000180878867d0 JavaThread "jar transforms Thread 4" [_thread_blocked, id=4244, stack(0x0000007fdc600000,0x0000007fdc700000)]
  0x00000180878871f0 JavaThread "included builds" [_thread_blocked, id=13136, stack(0x0000007fdc700000,0x0000007fdc800000)]
  0x0000018087887700 JavaThread "Execution worker" [_thread_blocked, id=2368, stack(0x0000007fdc800000,0x0000007fdc900000)]
  0x0000018087880cb0 JavaThread "Execution worker Thread 2" [_thread_blocked, id=12588, stack(0x0000007fdc900000,0x0000007fdca00000)]
  0x0000018087888630 JavaThread "Execution worker Thread 3" [_thread_blocked, id=9260, stack(0x0000007fdca00000,0x0000007fdcb00000)]
  0x00000180878811c0 JavaThread "Execution worker Thread 4" [_thread_blocked, id=14660, stack(0x0000007fdcb00000,0x0000007fdcc00000)]
  0x00000180878820f0 JavaThread "Execution worker Thread 5" [_thread_blocked, id=13992, stack(0x0000007fdcc00000,0x0000007fdcd00000)]
  0x00000180878816d0 JavaThread "Execution worker Thread 6" [_thread_blocked, id=7960, stack(0x0000007fdcd00000,0x0000007fdce00000)]
  0x0000018087882b10 JavaThread "Execution worker Thread 7" [_thread_blocked, id=5132, stack(0x0000007fdce00000,0x0000007fdcf00000)]
  0x0000018087883020 JavaThread "Execution worker Thread 8" [_thread_blocked, id=4308, stack(0x0000007fdcf00000,0x0000007fdd000000)]
  0x0000018089dfa170 JavaThread "Execution worker Thread 9" [_thread_blocked, id=2868, stack(0x0000007fdd000000,0x0000007fdd100000)]
  0x0000018089dfcf00 JavaThread "Execution worker Thread 10" [_thread_blocked, id=9948, stack(0x0000007fdd100000,0x0000007fdd200000)]
  0x0000018089df9c60 JavaThread "Execution worker Thread 11" [_thread_blocked, id=4164, stack(0x0000007fdd200000,0x0000007fdd300000)]
  0x0000018089df5a90 JavaThread "Cache worker for execution history cache (C:\src\flutter\packages\flutter_tools\gradle\.gradle\7.6.3\executionHistory)" [_thread_blocked, id=10268, stack(0x0000007fdd300000,0x0000007fdd400000)]
  0x0000018089dfd410 JavaThread "Unconstrained build operations" [_thread_blocked, id=12748, stack(0x0000007fdd400000,0x0000007fdd500000)]
  0x0000018089df78f0 JavaThread "Unconstrained build operations Thread 2" [_thread_blocked, id=11916, stack(0x0000007fdd500000,0x0000007fdd600000)]
  0x0000018089df7e00 JavaThread "Unconstrained build operations Thread 3" [_thread_blocked, id=12208, stack(0x0000007fdd600000,0x0000007fdd700000)]
  0x0000018089df8310 JavaThread "Unconstrained build operations Thread 4" [_thread_blocked, id=9116, stack(0x0000007fdd700000,0x0000007fdd800000)]
  0x0000018089dfb0a0 JavaThread "Unconstrained build operations Thread 5" [_thread_blocked, id=3896, stack(0x0000007fdd800000,0x0000007fdd900000)]
  0x0000018089df8820 JavaThread "Unconstrained build operations Thread 6" [_thread_blocked, id=13784, stack(0x0000007fdd900000,0x0000007fdda00000)]
  0x0000018089df8d30 JavaThread "Unconstrained build operations Thread 7" [_thread_blocked, id=3804, stack(0x0000007fdda00000,0x0000007fddb00000)]
  0x0000018089dfa680 JavaThread "Unconstrained build operations Thread 8" [_thread_blocked, id=15124, stack(0x0000007fddb00000,0x0000007fddc00000)]
  0x0000018089dfab90 JavaThread "Unconstrained build operations Thread 9" [_thread_blocked, id=12112, stack(0x0000007fddc00000,0x0000007fddd00000)]
  0x0000018089df6ed0 JavaThread "Unconstrained build operations Thread 10" [_thread_blocked, id=7616, stack(0x0000007fddd00000,0x0000007fdde00000)]
  0x0000018089df9240 JavaThread "Unconstrained build operations Thread 11" [_thread_blocked, id=13840, stack(0x0000007fdde00000,0x0000007fddf00000)]
  0x0000018089dfbac0 JavaThread "Unconstrained build operations Thread 12" [_thread_blocked, id=5568, stack(0x0000007fddf00000,0x0000007fde000000)]
  0x0000018089df9750 JavaThread "Unconstrained build operations Thread 13" [_thread_blocked, id=13128, stack(0x0000007fde000000,0x0000007fde100000)]
  0x0000018089dfc4e0 JavaThread "Unconstrained build operations Thread 14" [_thread_blocked, id=6312, stack(0x0000007fde100000,0x0000007fde200000)]
  0x0000018089dfc9f0 JavaThread "Unconstrained build operations Thread 15" [_thread_blocked, id=5196, stack(0x0000007fde200000,0x0000007fde300000)]
  0x0000018089df5fa0 JavaThread "Unconstrained build operations Thread 16" [_thread_blocked, id=12896, stack(0x0000007fde300000,0x0000007fde400000)]
  0x0000018089df64b0 JavaThread "Unconstrained build operations Thread 17" [_thread_blocked, id=14140, stack(0x0000007fde400000,0x0000007fde500000)]
  0x0000018089df69c0 JavaThread "Unconstrained build operations Thread 18" [_thread_blocked, id=14800, stack(0x0000007fde500000,0x0000007fde600000)]
  0x0000018089df73e0 JavaThread "Unconstrained build operations Thread 19" [_thread_blocked, id=11728, stack(0x0000007fde600000,0x0000007fde700000)]
  0x00000180895d3a00 JavaThread "Unconstrained build operations Thread 20" [_thread_blocked, id=6276, stack(0x0000007fde700000,0x0000007fde800000)]
  0x00000180895ccfb0 JavaThread "Unconstrained build operations Thread 21" [_thread_blocked, id=14912, stack(0x0000007fde800000,0x0000007fde900000)]
  0x00000180895d1180 JavaThread "Unconstrained build operations Thread 22" [_thread_blocked, id=14656, stack(0x0000007fde900000,0x0000007fdea00000)]
  0x00000180895d20b0 JavaThread "Unconstrained build operations Thread 23" [_thread_blocked, id=2316, stack(0x0000007fdea00000,0x0000007fdeb00000)]
  0x00000180895ce900 JavaThread "Unconstrained build operations Thread 24" [_thread_blocked, id=13288, stack(0x0000007fdeb00000,0x0000007fdec00000)]
  0x00000180895d1690 JavaThread "Unconstrained build operations Thread 25" [_thread_blocked, id=4004, stack(0x0000007fdec00000,0x0000007fded00000)]
  0x00000180895cd4c0 JavaThread "Unconstrained build operations Thread 26" [_thread_blocked, id=11844, stack(0x0000007fded00000,0x0000007fdee00000)]
  0x00000180895cee10 JavaThread "Unconstrained build operations Thread 27" [_thread_blocked, id=14428, stack(0x0000007fdee00000,0x0000007fdef00000)]
  0x00000180895d4420 JavaThread "Unconstrained build operations Thread 28" [_thread_blocked, id=2332, stack(0x0000007fdef00000,0x0000007fdf000000)]
  0x00000180895cf320 JavaThread "Unconstrained build operations Thread 29" [_thread_blocked, id=13260, stack(0x0000007fdf000000,0x0000007fdf100000)]
  0x00000180895d0760 JavaThread "Unconstrained build operations Thread 30" [_thread_blocked, id=11088, stack(0x0000007fdf100000,0x0000007fdf200000)]
  0x00000180895d25c0 JavaThread "Unconstrained build operations Thread 31" [_thread_blocked, id=876, stack(0x0000007fdf200000,0x0000007fdf300000)]
  0x00000180895cf830 JavaThread "Unconstrained build operations Thread 32" [_thread_blocked, id=5456, stack(0x0000007fdf300000,0x0000007fdf400000)]
  0x00000180895cfd40 JavaThread "Unconstrained build operations Thread 33" [_thread_blocked, id=2184, stack(0x0000007fdf400000,0x0000007fdf500000)]
  0x00000180895d2ad0 JavaThread "Unconstrained build operations Thread 34" [_thread_blocked, id=15220, stack(0x0000007fdf500000,0x0000007fdf600000)]
  0x00000180895d0250 JavaThread "Unconstrained build operations Thread 35" [_thread_blocked, id=14760, stack(0x0000007fdf600000,0x0000007fdf700000)]
  0x00000180895d0c70 JavaThread "Unconstrained build operations Thread 36" [_thread_blocked, id=3660, stack(0x0000007fdf700000,0x0000007fdf800000)]
  0x00000180895ce3f0 JavaThread "Unconstrained build operations Thread 37" [_thread_blocked, id=6052, stack(0x0000007fdf800000,0x0000007fdf900000)]
  0x00000180895d3f10 JavaThread "Unconstrained build operations Thread 38" [_thread_blocked, id=12728, stack(0x0000007fdf900000,0x0000007fdfa00000)]
  0x00000180895d1ba0 JavaThread "Unconstrained build operations Thread 39" [_thread_blocked, id=13976, stack(0x0000007fdfa00000,0x0000007fdfb00000)]
  0x00000180895cdee0 JavaThread "Unconstrained build operations Thread 40" [_thread_blocked, id=13460, stack(0x0000007fdfb00000,0x0000007fdfc00000)]
  0x00000180895d2fe0 JavaThread "Unconstrained build operations Thread 41" [_thread_blocked, id=13424, stack(0x0000007fdfc00000,0x0000007fdfd00000)]
  0x00000180895d34f0 JavaThread "Unconstrained build operations Thread 42" [_thread_blocked, id=3932, stack(0x0000007fdfd00000,0x0000007fdfe00000)]
  0x00000180895d4930 JavaThread "Unconstrained build operations Thread 43" [_thread_blocked, id=10296, stack(0x0000007fdfe00000,0x0000007fdff00000)]
  0x00000180895cd9d0 JavaThread "Unconstrained build operations Thread 44" [_thread_blocked, id=13472, stack(0x0000007fdff00000,0x0000007fe0000000)]
  0x000001808658cf30 JavaThread "Unconstrained build operations Thread 45" [_thread_blocked, id=7880, stack(0x0000007fe0000000,0x0000007fe0100000)]
  0x000001808658b0d0 JavaThread "Unconstrained build operations Thread 46" [_thread_blocked, id=13252, stack(0x0000007fe0100000,0x0000007fe0200000)]
  0x000001808658e880 JavaThread "Unconstrained build operations Thread 47" [_thread_blocked, id=14816, stack(0x0000007fe0200000,0x0000007fe0300000)]
  0x000001808658ed90 JavaThread "Unconstrained build operations Thread 48" [_thread_blocked, id=14980, stack(0x0000007fe0300000,0x0000007fe0400000)]
  0x0000018086588850 JavaThread "Unconstrained build operations Thread 49" [_thread_blocked, id=12388, stack(0x0000007fe0400000,0x0000007fe0500000)]
  0x000001808658a1a0 JavaThread "Unconstrained build operations Thread 50" [_thread_blocked, id=11428, stack(0x0000007fe0500000,0x0000007fe0600000)]
  0x000001808658f2a0 JavaThread "Unconstrained build operations Thread 51" [_thread_blocked, id=12584, stack(0x0000007fe0600000,0x0000007fe0700000)]
  0x000001808658c510 JavaThread "Unconstrained build operations Thread 52" [_thread_blocked, id=9324, stack(0x0000007fe0700000,0x0000007fe0800000)]
  0x000001808658e370 JavaThread "Unconstrained build operations Thread 53" [_thread_blocked, id=11876, stack(0x0000007fe0800000,0x0000007fe0900000)]
  0x0000018086588d60 JavaThread "Unconstrained build operations Thread 54" [_thread_blocked, id=4992, stack(0x0000007fe0900000,0x0000007fe0a00000)]
  0x000001808658ca20 JavaThread "Unconstrained build operations Thread 55" [_thread_blocked, id=14332, stack(0x0000007fe0a00000,0x0000007fe0b00000)]
  0x000001808658fcc0 JavaThread "Unconstrained build operations Thread 56" [_thread_blocked, id=14008, stack(0x0000007fe0b00000,0x0000007fe0c00000)]
  0x0000018086589270 JavaThread "Unconstrained build operations Thread 57" [_thread_blocked, id=8260, stack(0x0000007fe0c00000,0x0000007fe0d00000)]
  0x000001808658d950 JavaThread "Unconstrained build operations Thread 58" [_thread_blocked, id=4984, stack(0x0000007fe0d00000,0x0000007fe0e00000)]
  0x00000180865901d0 JavaThread "Unconstrained build operations Thread 59" [_thread_blocked, id=12752, stack(0x0000007fe0e00000,0x0000007fe0f00000)]
  0x000001808658d440 JavaThread "Unconstrained build operations Thread 60" [_thread_blocked, id=5376, stack(0x0000007fe0f00000,0x0000007fe1000000)]
  0x000001808658de60 JavaThread "Unconstrained build operations Thread 61" [_thread_blocked, id=9328, stack(0x0000007fe1000000,0x0000007fe1100000)]
  0x000001808658f7b0 JavaThread "Unconstrained build operations Thread 62" [_thread_blocked, id=780, stack(0x0000007fe1100000,0x0000007fe1200000)]
  0x000001808658b5e0 JavaThread "Unconstrained build operations Thread 63" [_thread_blocked, id=1908, stack(0x0000007fe1200000,0x0000007fe1300000)]
  0x0000018086589780 JavaThread "Unconstrained build operations Thread 64" [_thread_blocked, id=9288, stack(0x0000007fe1300000,0x0000007fe1400000)]
  0x0000018086589c90 JavaThread "Unconstrained build operations Thread 65" [_thread_blocked, id=12408, stack(0x0000007fe1400000,0x0000007fe1500000)]
  0x000001808658a6b0 JavaThread "Unconstrained build operations Thread 66" [_thread_blocked, id=14852, stack(0x0000007fe1500000,0x0000007fe1600000)]
  0x000001808658baf0 JavaThread "Unconstrained build operations Thread 67" [_thread_blocked, id=10228, stack(0x0000007fe1600000,0x0000007fe1700000)]
  0x000001808658abc0 JavaThread "Unconstrained build operations Thread 68" [_thread_blocked, id=2016, stack(0x0000007fe1700000,0x0000007fe1800000)]
  0x000001808658c000 JavaThread "Unconstrained build operations Thread 69" [_thread_blocked, id=14168, stack(0x0000007fe1800000,0x0000007fe1900000)]
  0x0000018087188820 JavaThread "Unconstrained build operations Thread 70" [_thread_blocked, id=11712, stack(0x0000007fe1900000,0x0000007fe1a00000)]
  0x0000018087186ed0 JavaThread "Unconstrained build operations Thread 71" [_thread_blocked, id=10464, stack(0x0000007fe1a00000,0x0000007fe1b00000)]
  0x000001808718b5b0 JavaThread "Unconstrained build operations Thread 72" [_thread_blocked, id=5240, stack(0x0000007fe1b00000,0x0000007fe1c00000)]
  0x000001808718c4e0 JavaThread "Unconstrained build operations Thread 73" [_thread_blocked, id=10704, stack(0x0000007fe1c00000,0x0000007fe1d00000)]
  0x000001808718a170 JavaThread "Unconstrained build operations Thread 74" [_thread_blocked, id=14360, stack(0x0000007fe1d00000,0x0000007fe1e00000)]
  0x0000018087188d30 JavaThread "Unconstrained build operations Thread 75" [_thread_blocked, id=14664, stack(0x0000007fe1e00000,0x0000007fe1f00000)]
  0x00000180871873e0 JavaThread "Unconstrained build operations Thread 76" [_thread_blocked, id=9080, stack(0x0000007fe1f00000,0x0000007fe2000000)]
  0x000001808718a680 JavaThread "Unconstrained build operations Thread 77" [_thread_blocked, id=13876, stack(0x0000007fe2000000,0x0000007fe2100000)]
  0x0000018087187e00 JavaThread "Unconstrained build operations Thread 78" [_thread_blocked, id=15000, stack(0x0000007fe2100000,0x0000007fe2200000)]
  0x0000018087189240 JavaThread "Unconstrained build operations Thread 79" [_thread_blocked, id=4784, stack(0x0000007fe2200000,0x0000007fe2300000)]
  0x000001808718b0a0 JavaThread "Unconstrained build operations Thread 80" [_thread_blocked, id=9516, stack(0x0000007fe2300000,0x0000007fe2400000)]
  0x000001808718c9f0 JavaThread "Unconstrained build operations Thread 81" [_thread_blocked, id=15020, stack(0x0000007fe2400000,0x0000007fe2500000)]
  0x000001808718de30 JavaThread "Unconstrained build operations Thread 82" [_thread_blocked, id=11968, stack(0x0000007fe2500000,0x0000007fe2600000)]
  0x000001808718cf00 JavaThread "Unconstrained build operations Thread 83" [_thread_blocked, id=11256, stack(0x0000007fe2600000,0x0000007fe2700000)]
  0x000001808718ab90 JavaThread "Unconstrained build operations Thread 84" [_thread_blocked, id=14856, stack(0x0000007fe2700000,0x0000007fe2800000)]
  0x000001808718bac0 JavaThread "Unconstrained build operations Thread 85" [_thread_blocked, id=10036, stack(0x0000007fe2800000,0x0000007fe2900000)]
  0x0000018087189750 JavaThread "Unconstrained build operations Thread 86" [_thread_blocked, id=11340, stack(0x0000007fe2900000,0x0000007fe2a00000)]
  0x000001808718d410 JavaThread "Unconstrained build operations Thread 87" [_thread_blocked, id=12508, stack(0x0000007fe2a00000,0x0000007fe2b00000)]
  0x000001808718d920 JavaThread "Unconstrained build operations Thread 88" [_thread_blocked, id=14504, stack(0x0000007fe2b00000,0x0000007fe2c00000)]
  0x00000180871878f0 JavaThread "Unconstrained build operations Thread 89" [_thread_blocked, id=13344, stack(0x0000007fe2c00000,0x0000007fe2d00000)]
  0x0000018087188310 JavaThread "Unconstrained build operations Thread 90" [_thread_blocked, id=7280, stack(0x0000007fe2d00000,0x0000007fe2e00000)]
  0x0000018087189c60 JavaThread "Unconstrained build operations Thread 91" [_thread_blocked, id=12248, stack(0x0000007fe2e00000,0x0000007fe2f00000)]
  0x000001808718bfd0 JavaThread "Unconstrained build operations Thread 92" [_thread_blocked, id=10772, stack(0x0000007fe2f00000,0x0000007fe3000000)]
  0x00000180871869c0 JavaThread "Unconstrained build operations Thread 93" [_thread_blocked, id=7452, stack(0x0000007fe3000000,0x0000007fe3100000)]
  0x000001808718e340 JavaThread "Unconstrained build operations Thread 94" [_thread_blocked, id=3988, stack(0x0000007fe3100000,0x0000007fe3200000)]
  0x0000018085399ed0 JavaThread "Unconstrained build operations Thread 95" [_thread_blocked, id=12704, stack(0x0000007fe3200000,0x0000007fe3300000)]
  0x00000180853943b0 JavaThread "Unconstrained build operations Thread 96" [_thread_blocked, id=14144, stack(0x0000007fe3300000,0x0000007fe3400000)]
  0x0000018085395d00 JavaThread "Unconstrained build operations Thread 97" [_thread_blocked, id=11644, stack(0x0000007fe3400000,0x0000007fe3500000)]
  0x0000018085397b60 JavaThread "Unconstrained build operations Thread 98" [_thread_blocked, id=14804, stack(0x0000007fe3500000,0x0000007fe3600000)]
  0x0000018085398a90 JavaThread "Unconstrained build operations Thread 99" [_thread_blocked, id=14176, stack(0x0000007fe3600000,0x0000007fe3700000)]
  0x0000018085398070 JavaThread "Unconstrained build operations Thread 100" [_thread_blocked, id=11904, stack(0x0000007fe3700000,0x0000007fe3800000)]
  0x0000018085398fa0 JavaThread "Unconstrained build operations Thread 101" [_thread_blocked, id=992, stack(0x0000007fe3800000,0x0000007fe3900000)]
  0x00000180853994b0 JavaThread "Unconstrained build operations Thread 102" [_thread_blocked, id=5632, stack(0x0000007fe3900000,0x0000007fe3a00000)]
  0x0000018085398580 JavaThread "Unconstrained build operations Thread 103" [_thread_blocked, id=4372, stack(0x0000007fe3a00000,0x0000007fe3b00000)]
  0x00000180853999c0 JavaThread "Unconstrained build operations Thread 104" [_thread_blocked, id=3416, stack(0x0000007fe3b00000,0x0000007fe3c00000)]
  0x000001808539a3e0 JavaThread "Unconstrained build operations Thread 105" [_thread_blocked, id=7336, stack(0x0000007fe3c00000,0x0000007fe3d00000)]
  0x00000180853957f0 JavaThread "Unconstrained build operations Thread 106" [_thread_blocked, id=2804, stack(0x0000007fe3d00000,0x0000007fe3e00000)]
  0x0000018085393990 JavaThread "Unconstrained build operations Thread 107" [_thread_blocked, id=14952, stack(0x0000007fe3e00000,0x0000007fe3f00000)]
  0x000001808539a8f0 JavaThread "Unconstrained build operations Thread 108" [_thread_blocked, id=5432, stack(0x0000007fe3f00000,0x0000007fe4000000)]
  0x000001808539b310 JavaThread "Unconstrained build operations Thread 109" [_thread_blocked, id=11464, stack(0x0000007fe4000000,0x0000007fe4100000)]
  0x00000180853952e0 JavaThread "Unconstrained build operations Thread 110" [_thread_blocked, id=7732, stack(0x0000007fe4100000,0x0000007fe4200000)]
  0x000001808539ae00 JavaThread "Unconstrained build operations Thread 111" [_thread_blocked, id=1580, stack(0x0000007fe4200000,0x0000007fe4300000)]
  0x0000018085393ea0 JavaThread "Unconstrained build operations Thread 112" [_thread_blocked, id=15240, stack(0x0000007fe4300000,0x0000007fe4400000)]
  0x00000180853948c0 JavaThread "Unconstrained build operations Thread 113" [_thread_blocked, id=744, stack(0x0000007fe4400000,0x0000007fe4500000)]
  0x0000018085394dd0 JavaThread "Unconstrained build operations Thread 114" [_thread_blocked, id=8644, stack(0x0000007fe4500000,0x0000007fe4600000)]
  0x0000018085396210 JavaThread "Unconstrained build operations Thread 115" [_thread_blocked, id=13108, stack(0x0000007fe4600000,0x0000007fe4700000)]
  0x0000018085396720 JavaThread "Unconstrained build operations Thread 116" [_thread_blocked, id=7832, stack(0x0000007fe4700000,0x0000007fe4800000)]
  0x0000018085396c30 JavaThread "Unconstrained build operations Thread 117" [_thread_blocked, id=15304, stack(0x0000007fe4800000,0x0000007fe4900000)]
  0x0000018085397140 JavaThread "Unconstrained build operations Thread 118" [_thread_blocked, id=9572, stack(0x0000007fe4900000,0x0000007fe4a00000)]
  0x0000018085397650 JavaThread "Unconstrained build operations Thread 119" [_thread_blocked, id=15112, stack(0x0000007fe4a00000,0x0000007fe4b00000)]
  0x00000180857efae0 JavaThread "Unconstrained build operations Thread 120" [_thread_blocked, id=9408, stack(0x0000007fe4b00000,0x0000007fe4c00000)]
  0x00000180857ef0c0 JavaThread "jar transforms Thread 5" [_thread_blocked, id=13640, stack(0x0000007fe4c00000,0x0000007fe4d00000)]
  0x00000180857e9fc0 JavaThread "jar transforms Thread 6" [_thread_blocked, id=11800, stack(0x0000007fe4d00000,0x0000007fe4e00000)]
  0x00000180857ecd50 JavaThread "jar transforms Thread 7" [_thread_blocked, id=14020, stack(0x0000007fe4e00000,0x0000007fe4f00000)]
  0x00000180857efff0 JavaThread "jar transforms Thread 8" [_thread_blocked, id=8296, stack(0x0000007fe4f00000,0x0000007fe5000000)]
  0x00000180857e9ab0 JavaThread "jar transforms Thread 9" [_thread_blocked, id=11996, stack(0x0000007fe5000000,0x0000007fe5100000)]
  0x00000180857eaef0 JavaThread "jar transforms Thread 10" [_thread_blocked, id=8132, stack(0x0000007fe5100000,0x0000007fe5200000)]
  0x00000180857ed260 JavaThread "jar transforms Thread 11" [_thread_blocked, id=12968, stack(0x0000007fe5200000,0x0000007fe5300000)]
  0x00000180857ed770 JavaThread "jar transforms Thread 12" [_thread_blocked, id=14180, stack(0x0000007fe5300000,0x0000007fe5400000)]
  0x00000180857ea9e0 JavaThread "Cache worker for Build Output Cleanup Cache (D:\DOCUMENTOS\PROJETO_FLUTTER\dmega\android\.gradle\buildOutputCleanup)" [_thread_blocked, id=11392, stack(0x0000007fe5400000,0x0000007fe5500000)]
  0x000001808b09ff70 JavaThread "C2 CompilerThread1" daemon [_thread_blocked, id=10716, stack(0x0000007fd9d00000,0x0000007fd9e00000)]
  0x000001808b0a0a10 JavaThread "C2 CompilerThread2" daemon [_thread_blocked, id=7480, stack(0x0000007fd9e00000,0x0000007fd9f00000)]
  0x00000180866d3700 JavaThread "Cache worker for execution history cache (D:\DOCUMENTOS\PROJETO_FLUTTER\dmega\android\.gradle\7.6.3\executionHistory)" [_thread_blocked, id=2268, stack(0x0000007fe5500000,0x0000007fe5600000)]

Other Threads:
=>0x0000018084056860 VMThread "VM Thread" [stack: 0x0000007fd9000000,0x0000007fd9100000] [id=10024]
  0x00000180fb94f6c0 WatcherThread [stack: 0x0000007fd9c00000,0x0000007fd9d00000] [id=4996]
  0x00000180dcb0c350 GCTaskThread "GC Thread#0" [stack: 0x0000007fd8b00000,0x0000007fd8c00000] [id=7884]
  0x0000018085210c00 GCTaskThread "GC Thread#1" [stack: 0x0000007fd9f00000,0x0000007fda000000] [id=12516]
  0x000001808516e670 GCTaskThread "GC Thread#2" [stack: 0x0000007fda000000,0x0000007fda100000] [id=9644]
  0x000001808516de30 GCTaskThread "GC Thread#3" [stack: 0x0000007fda100000,0x0000007fda200000] [id=7160]
  0x000001808516d8b0 GCTaskThread "GC Thread#4" [stack: 0x0000007fda200000,0x0000007fda300000] [id=8452]
  0x000001808516d070 GCTaskThread "GC Thread#5" [stack: 0x0000007fda300000,0x0000007fda400000] [id=12596]
  0x000001808516ebf0 GCTaskThread "GC Thread#6" [stack: 0x0000007fdb000000,0x0000007fdb100000] [id=15260]
  0x000001808516d330 GCTaskThread "GC Thread#7" [stack: 0x0000007fdb100000,0x0000007fdb200000] [id=9920]
  0x000001808516e0f0 GCTaskThread "GC Thread#8" [stack: 0x0000007fdb200000,0x0000007fdb300000] [id=13256]
  0x000001808516d5f0 GCTaskThread "GC Thread#9" [stack: 0x0000007fdb300000,0x0000007fdb400000] [id=3636]
  0x00000180dcb1e1c0 ConcurrentGCThread "G1 Main Marker" [stack: 0x0000007fd8c00000,0x0000007fd8d00000] [id=13956]
  0x00000180dcb1f290 ConcurrentGCThread "G1 Conc#0" [stack: 0x0000007fd8d00000,0x0000007fd8e00000] [id=13924]
  0x000001808516e3b0 ConcurrentGCThread "G1 Conc#1" [stack: 0x0000007fdb400000,0x0000007fdb500000] [id=11760]
  0x00000180854fd300 ConcurrentGCThread "G1 Conc#2" [stack: 0x0000007fdb500000,0x0000007fdb600000] [id=800]
  0x00000180dcb5e750 ConcurrentGCThread "G1 Refine#0" [stack: 0x0000007fd8e00000,0x0000007fd8f00000] [id=8928]
  0x00000180fb8102b0 ConcurrentGCThread "G1 Service" [stack: 0x0000007fd8f00000,0x0000007fd9000000] [id=4572]

Threads with active compile tasks:
C2 CompilerThread0    15929 13713       4       org.gradle.internal.service.DefaultServiceRegistry$ClassInspector$ClassDetails::collectTypes (63 bytes)
C1 CompilerThread0    15929 14053       3       java.nio.charset.CharsetDecoder::replaceWith (68 bytes)
C2 CompilerThread1    15929 13976       4       org.gradle.api.internal.cache.StringInterner::intern (9 bytes)
C2 CompilerThread2    15929 13977       4       org.gradle.internal.file.FileHierarchySet$Node::contains (101 bytes)

VM state: at safepoint (normal execution)

VM Mutex/Monitor currently owned by a thread:  ([mutex/lock_event])
[0x00000180dca99a40] Threads_lock - owner thread: 0x0000018084056860
[0x00000180dca97d00] Heap_lock - owner thread: 0x0000018087882b10

Heap address: 0x0000000700000000, size: 4096 MB, Compressed Oops mode: Zero based, Oop shift amount: 3

CDS archive(s) not mapped
Compressed class space mapped at: 0x0000000800000000-0x0000000840000000, reserved size: 1073741824
Narrow klass base: 0x0000000800000000, Narrow klass shift: 0, Narrow klass range: 0x40000000

GC Precious Log:
 CPUs: 12 total, 12 available
 Memory: 16308M
 Large Page Support: Disabled
 NUMA Support: Disabled
 Compressed Oops: Enabled (Zero based)
 Heap Region Size: 2M
 Heap Min Capacity: 8M
 Heap Initial Capacity: 256M
 Heap Max Capacity: 4G
 Pre-touch: Disabled
 Parallel Workers: 10
 Concurrent Workers: 3
 Concurrent Refinement Workers: 10
 Periodic GC: Disabled

Heap:
 garbage-first heap   total 243712K, used 163967K [0x0000000700000000, 0x0000000800000000)
  region size 2048K, 2 young (4096K), 2 survivors (4096K)
 Metaspace       used 104776K, committed 105856K, reserved 1179648K
  class space    used 14452K, committed 14912K, reserved 1048576K

Heap Regions: E=young(eden), S=young(survivor), O=old, HS=humongous(starts), HC=humongous(continues), CS=collection set, F=free, OA=open archive, CA=closed archive, TAMS=top-at-mark-start (previous, next)
|   0|0x0000000700000000, 0x0000000700200000, 0x0000000700200000|100%|HS|  |TAMS 0x0000000700200000, 0x0000000700000000| Complete 
|   1|0x0000000700200000, 0x0000000700400000, 0x0000000700400000|100%|HC|  |TAMS 0x0000000700400000, 0x0000000700200000| Complete 
|   2|0x0000000700400000, 0x0000000700600000, 0x0000000700600000|100%| O|  |TAMS 0x0000000700600000, 0x0000000700400000| Untracked 
|   3|0x0000000700600000, 0x0000000700800000, 0x0000000700800000|100%| O|  |TAMS 0x0000000700800000, 0x0000000700600000| Untracked 
|   4|0x0000000700800000, 0x0000000700a00000, 0x0000000700a00000|100%| O|  |TAMS 0x0000000700a00000, 0x0000000700800000| Untracked 
|   5|0x0000000700a00000, 0x0000000700c00000, 0x0000000700c00000|100%| O|  |TAMS 0x0000000700c00000, 0x0000000700a00000| Untracked 
|   6|0x0000000700c00000, 0x0000000700e00000, 0x0000000700e00000|100%| O|  |TAMS 0x0000000700e00000, 0x0000000700c00000| Untracked 
|   7|0x0000000700e00000, 0x0000000701000000, 0x0000000701000000|100%| O|  |TAMS 0x0000000701000000, 0x0000000700e00000| Untracked 
|   8|0x0000000701000000, 0x0000000701200000, 0x0000000701200000|100%| O|  |TAMS 0x0000000701200000, 0x0000000701000000| Untracked 
|   9|0x0000000701200000, 0x0000000701400000, 0x0000000701400000|100%| O|  |TAMS 0x0000000701400000, 0x0000000701200000| Untracked 
|  10|0x0000000701400000, 0x0000000701600000, 0x0000000701600000|100%| O|  |TAMS 0x0000000701600000, 0x0000000701400000| Untracked 
|  11|0x0000000701600000, 0x0000000701800000, 0x0000000701800000|100%| O|  |TAMS 0x0000000701800000, 0x0000000701600000| Untracked 
|  12|0x0000000701800000, 0x0000000701a00000, 0x0000000701a00000|100%| O|  |TAMS 0x0000000701a00000, 0x0000000701800000| Untracked 
|  13|0x0000000701a00000, 0x0000000701c00000, 0x0000000701c00000|100%| O|  |TAMS 0x0000000701c00000, 0x0000000701a00000| Untracked 
|  14|0x0000000701c00000, 0x0000000701e00000, 0x0000000701e00000|100%| O|  |TAMS 0x0000000701e00000, 0x0000000701c00000| Untracked 
|  15|0x0000000701e00000, 0x0000000702000000, 0x0000000702000000|100%| O|  |TAMS 0x0000000702000000, 0x0000000701e00000| Untracked 
|  16|0x0000000702000000, 0x0000000702200000, 0x0000000702200000|100%| O|  |TAMS 0x0000000702200000, 0x0000000702000000| Untracked 
|  17|0x0000000702200000, 0x0000000702400000, 0x0000000702400000|100%|HS|  |TAMS 0x0000000702400000, 0x0000000702200000| Complete 
|  18|0x0000000702400000, 0x0000000702600000, 0x0000000702600000|100%|HC|  |TAMS 0x0000000702600000, 0x0000000702400000| Complete 
|  19|0x0000000702600000, 0x0000000702800000, 0x0000000702800000|100%|HS|  |TAMS 0x0000000702800000, 0x0000000702600000| Complete 
|  20|0x0000000702800000, 0x0000000702a00000, 0x0000000702a00000|100%| O|  |TAMS 0x0000000702a00000, 0x0000000702800000| Untracked 
|  21|0x0000000702a00000, 0x0000000702c00000, 0x0000000702c00000|100%| O|  |TAMS 0x0000000702c00000, 0x0000000702a00000| Untracked 
|  22|0x0000000702c00000, 0x0000000702e00000, 0x0000000702e00000|100%| O|  |TAMS 0x0000000702e00000, 0x0000000702c00000| Untracked 
|  23|0x0000000702e00000, 0x0000000703000000, 0x0000000703000000|100%| O|  |TAMS 0x0000000703000000, 0x0000000702e00000| Untracked 
|  24|0x0000000703000000, 0x0000000703200000, 0x0000000703200000|100%| O|  |TAMS 0x0000000703200000, 0x0000000703000000| Untracked 
|  25|0x0000000703200000, 0x0000000703400000, 0x0000000703400000|100%| O|  |TAMS 0x0000000703400000, 0x0000000703200000| Untracked 
|  26|0x0000000703400000, 0x0000000703600000, 0x0000000703600000|100%| O|  |TAMS 0x0000000703600000, 0x0000000703400000| Untracked 
|  27|0x0000000703600000, 0x0000000703800000, 0x0000000703800000|100%| O|  |TAMS 0x0000000703800000, 0x0000000703600000| Untracked 
|  28|0x0000000703800000, 0x0000000703a00000, 0x0000000703a00000|100%| O|  |TAMS 0x0000000703a00000, 0x0000000703800000| Untracked 
|  29|0x0000000703a00000, 0x0000000703c00000, 0x0000000703c00000|100%| O|  |TAMS 0x0000000703a00000, 0x0000000703a00000| Untracked 
|  30|0x0000000703c00000, 0x0000000703e00000, 0x0000000703e00000|100%| O|  |TAMS 0x0000000703e00000, 0x0000000703c00000| Untracked 
|  31|0x0000000703e00000, 0x0000000704000000, 0x0000000704000000|100%| O|  |TAMS 0x0000000704000000, 0x0000000703e00000| Untracked 
|  32|0x0000000704000000, 0x0000000704200000, 0x0000000704200000|100%| O|  |TAMS 0x0000000704200000, 0x0000000704000000| Untracked 
|  33|0x0000000704200000, 0x0000000704400000, 0x0000000704400000|100%| O|  |TAMS 0x0000000704400000, 0x0000000704200000| Untracked 
|  34|0x0000000704400000, 0x0000000704600000, 0x0000000704600000|100%| O|  |TAMS 0x0000000704600000, 0x0000000704400000| Untracked 
|  35|0x0000000704600000, 0x0000000704800000, 0x0000000704800000|100%| O|  |TAMS 0x0000000704800000, 0x0000000704600000| Untracked 
|  36|0x0000000704800000, 0x0000000704a00000, 0x0000000704a00000|100%| O|  |TAMS 0x0000000704a00000, 0x0000000704800000| Untracked 
|  37|0x0000000704a00000, 0x0000000704c00000, 0x0000000704c00000|100%| O|  |TAMS 0x0000000704c00000, 0x0000000704a00000| Untracked 
|  38|0x0000000704c00000, 0x0000000704e00000, 0x0000000704e00000|100%| O|  |TAMS 0x0000000704e00000, 0x0000000704c00000| Untracked 
|  39|0x0000000704e00000, 0x0000000705000000, 0x0000000705000000|100%| O|  |TAMS 0x0000000705000000, 0x0000000704e00000| Untracked 
|  40|0x0000000705000000, 0x0000000705200000, 0x0000000705200000|100%| O|  |TAMS 0x0000000705200000, 0x0000000705000000| Untracked 
|  41|0x0000000705200000, 0x0000000705400000, 0x0000000705400000|100%| O|  |TAMS 0x0000000705400000, 0x0000000705200000| Untracked 
|  42|0x0000000705400000, 0x0000000705600000, 0x0000000705600000|100%| O|  |TAMS 0x0000000705600000, 0x0000000705400000| Untracked 
|  43|0x0000000705600000, 0x0000000705800000, 0x0000000705800000|100%| O|  |TAMS 0x0000000705800000, 0x0000000705600000| Untracked 
|  44|0x0000000705800000, 0x0000000705a00000, 0x0000000705a00000|100%|HS|  |TAMS 0x0000000705a00000, 0x0000000705800000| Complete 
|  45|0x0000000705a00000, 0x0000000705c00000, 0x0000000705c00000|100%|HC|  |TAMS 0x0000000705c00000, 0x0000000705a00000| Complete 
|  46|0x0000000705c00000, 0x0000000705e00000, 0x0000000705e00000|100%|HS|  |TAMS 0x0000000705e00000, 0x0000000705c00000| Complete 
|  47|0x0000000705e00000, 0x0000000706000000, 0x0000000706000000|100%| O|  |TAMS 0x0000000706000000, 0x0000000705e00000| Untracked 
|  48|0x0000000706000000, 0x0000000706200000, 0x0000000706200000|100%| O|  |TAMS 0x0000000706200000, 0x0000000706000000| Untracked 
|  49|0x0000000706200000, 0x0000000706400000, 0x0000000706400000|100%| O|  |TAMS 0x0000000706400000, 0x0000000706200000| Untracked 
|  50|0x0000000706400000, 0x0000000706600000, 0x0000000706600000|100%| O|  |TAMS 0x0000000706600000, 0x0000000706400000| Untracked 
|  51|0x0000000706600000, 0x0000000706800000, 0x0000000706800000|100%| O|  |TAMS 0x0000000706698000, 0x0000000706600000| Untracked 
|  52|0x0000000706800000, 0x0000000706a00000, 0x0000000706a00000|100%| O|  |TAMS 0x0000000706800000, 0x0000000706800000| Untracked 
|  53|0x0000000706a00000, 0x0000000706c00000, 0x0000000706c00000|100%| O|  |TAMS 0x0000000706a00000, 0x0000000706a00000| Untracked 
|  54|0x0000000706c00000, 0x0000000706e00000, 0x0000000706e00000|100%| O|  |TAMS 0x0000000706c00000, 0x0000000706c00000| Untracked 
|  55|0x0000000706e00000, 0x0000000707000000, 0x0000000707000000|100%| O|  |TAMS 0x0000000706e00000, 0x0000000706e00000| Untracked 
|  56|0x0000000707000000, 0x0000000707200000, 0x0000000707200000|100%| O|  |TAMS 0x0000000707000000, 0x0000000707000000| Untracked 
|  57|0x0000000707200000, 0x0000000707400000, 0x0000000707400000|100%| O|  |TAMS 0x0000000707200000, 0x0000000707200000| Untracked 
|  58|0x0000000707400000, 0x0000000707600000, 0x0000000707600000|100%| O|  |TAMS 0x0000000707400000, 0x0000000707400000| Untracked 
|  59|0x0000000707600000, 0x0000000707800000, 0x0000000707800000|100%| O|  |TAMS 0x0000000707600000, 0x0000000707600000| Untracked 
|  60|0x0000000707800000, 0x0000000707a00000, 0x0000000707a00000|100%| O|  |TAMS 0x0000000707800000, 0x0000000707800000| Untracked 
|  61|0x0000000707a00000, 0x0000000707c00000, 0x0000000707c00000|100%| O|  |TAMS 0x0000000707a00000, 0x0000000707a00000| Untracked 
|  62|0x0000000707c00000, 0x0000000707e00000, 0x0000000707e00000|100%| O|  |TAMS 0x0000000707c00000, 0x0000000707c00000| Untracked 
|  63|0x0000000707e00000, 0x0000000708000000, 0x0000000708000000|100%| O|  |TAMS 0x0000000707e00000, 0x0000000707e00000| Untracked 
|  64|0x0000000708000000, 0x0000000708200000, 0x0000000708200000|100%| O|  |TAMS 0x0000000708000000, 0x0000000708000000| Untracked 
|  65|0x0000000708200000, 0x0000000708400000, 0x0000000708400000|100%| O|  |TAMS 0x0000000708200000, 0x0000000708200000| Untracked 
|  66|0x0000000708400000, 0x0000000708600000, 0x0000000708600000|100%| O|  |TAMS 0x0000000708400000, 0x0000000708400000| Untracked 
|  67|0x0000000708600000, 0x0000000708800000, 0x0000000708800000|100%| O|  |TAMS 0x0000000708600000, 0x0000000708600000| Untracked 
|  68|0x0000000708800000, 0x0000000708a00000, 0x0000000708a00000|100%| O|  |TAMS 0x0000000708800000, 0x0000000708800000| Untracked 
|  69|0x0000000708a00000, 0x0000000708c00000, 0x0000000708c00000|100%| O|  |TAMS 0x0000000708a00000, 0x0000000708a00000| Untracked 
|  70|0x0000000708c00000, 0x0000000708e00000, 0x0000000708e00000|100%| O|  |TAMS 0x0000000708c00000, 0x0000000708c00000| Untracked 
|  71|0x0000000708e00000, 0x0000000709000000, 0x0000000709000000|100%| O|  |TAMS 0x0000000708e00000, 0x0000000708e00000| Untracked 
|  72|0x0000000709000000, 0x0000000709200000, 0x0000000709200000|100%| O|  |TAMS 0x0000000709000000, 0x0000000709000000| Untracked 
|  73|0x0000000709200000, 0x0000000709400000, 0x0000000709400000|100%| O|  |TAMS 0x0000000709200000, 0x0000000709200000| Untracked 
|  74|0x0000000709400000, 0x0000000709600000, 0x0000000709600000|100%| O|  |TAMS 0x0000000709400000, 0x0000000709400000| Untracked 
|  75|0x0000000709600000, 0x0000000709800000, 0x0000000709800000|100%| O|  |TAMS 0x0000000709600000, 0x0000000709600000| Untracked 
|  76|0x0000000709800000, 0x0000000709a00000, 0x0000000709a00000|100%| O|  |TAMS 0x0000000709800000, 0x0000000709800000| Untracked 
|  77|0x0000000709a00000, 0x0000000709c00000, 0x0000000709c00000|100%| O|  |TAMS 0x0000000709a00000, 0x0000000709a00000| Untracked 
|  78|0x0000000709c00000, 0x0000000709c1fe00, 0x0000000709e00000|  6%| O|  |TAMS 0x0000000709c00000, 0x0000000709c00000| Untracked 
|  79|0x0000000709e00000, 0x0000000709e00000, 0x000000070a000000|  0%| F|  |TAMS 0x0000000709e00000, 0x0000000709e00000| Untracked 
|  80|0x000000070a000000, 0x000000070a000000, 0x000000070a200000|  0%| F|  |TAMS 0x000000070a000000, 0x000000070a000000| Untracked 
|  81|0x000000070a200000, 0x000000070a200000, 0x000000070a400000|  0%| F|  |TAMS 0x000000070a200000, 0x000000070a200000| Untracked 
|  82|0x000000070a400000, 0x000000070a400000, 0x000000070a600000|  0%| F|  |TAMS 0x000000070a400000, 0x000000070a400000| Untracked 
|  83|0x000000070a600000, 0x000000070a600000, 0x000000070a800000|  0%| F|  |TAMS 0x000000070a600000, 0x000000070a600000| Untracked 
|  84|0x000000070a800000, 0x000000070a800000, 0x000000070aa00000|  0%| F|  |TAMS 0x000000070a800000, 0x000000070a800000| Untracked 
|  85|0x000000070aa00000, 0x000000070aa00000, 0x000000070ac00000|  0%| F|  |TAMS 0x000000070aa00000, 0x000000070aa00000| Untracked 
|  86|0x000000070ac00000, 0x000000070ac00000, 0x000000070ae00000|  0%| F|  |TAMS 0x000000070ac00000, 0x000000070ac00000| Untracked 
|  87|0x000000070ae00000, 0x000000070ae00000, 0x000000070b000000|  0%| F|  |TAMS 0x000000070ae00000, 0x000000070ae00000| Untracked 
|  88|0x000000070b000000, 0x000000070b000000, 0x000000070b200000|  0%| F|  |TAMS 0x000000070b000000, 0x000000070b000000| Untracked 
|  89|0x000000070b200000, 0x000000070b200000, 0x000000070b400000|  0%| F|  |TAMS 0x000000070b200000, 0x000000070b200000| Untracked 
|  90|0x000000070b400000, 0x000000070b400000, 0x000000070b600000|  0%| F|  |TAMS 0x000000070b400000, 0x000000070b400000| Untracked 
|  91|0x000000070b600000, 0x000000070b600000, 0x000000070b800000|  0%| F|  |TAMS 0x000000070b600000, 0x000000070b600000| Untracked 
|  92|0x000000070b800000, 0x000000070b800000, 0x000000070ba00000|  0%| F|  |TAMS 0x000000070b800000, 0x000000070b800000| Untracked 
|  93|0x000000070ba00000, 0x000000070ba00000, 0x000000070bc00000|  0%| F|  |TAMS 0x000000070ba00000, 0x000000070ba00000| Untracked 
|  94|0x000000070bc00000, 0x000000070bc00000, 0x000000070be00000|  0%| F|  |TAMS 0x000000070bc00000, 0x000000070bc00000| Untracked 
|  95|0x000000070be00000, 0x000000070be00000, 0x000000070c000000|  0%| F|  |TAMS 0x000000070be00000, 0x000000070be00000| Untracked 
|  96|0x000000070c000000, 0x000000070c200000, 0x000000070c200000|100%| S|CS|TAMS 0x000000070c000000, 0x000000070c000000| Complete 
|  97|0x000000070c200000, 0x000000070c200000, 0x000000070c400000|  0%| F|  |TAMS 0x000000070c200000, 0x000000070c200000| Untracked 
|  98|0x000000070c400000, 0x000000070c400000, 0x000000070c600000|  0%| F|  |TAMS 0x000000070c400000, 0x000000070c400000| Untracked 
|  99|0x000000070c600000, 0x000000070c600000, 0x000000070c800000|  0%| F|  |TAMS 0x000000070c600000, 0x000000070c600000| Untracked 
| 100|0x000000070c800000, 0x000000070ca00000, 0x000000070ca00000|100%| S|CS|TAMS 0x000000070c800000, 0x000000070c800000| Complete 
| 101|0x000000070ca00000, 0x000000070ca00000, 0x000000070cc00000|  0%| F|  |TAMS 0x000000070ca00000, 0x000000070ca00000| Untracked 
| 102|0x000000070cc00000, 0x000000070cc00000, 0x000000070ce00000|  0%| F|  |TAMS 0x000000070cc00000, 0x000000070cc00000| Untracked 
| 103|0x000000070ce00000, 0x000000070ce00000, 0x000000070d000000|  0%| F|  |TAMS 0x000000070ce00000, 0x000000070ce00000| Untracked 
| 104|0x000000070d000000, 0x000000070d000000, 0x000000070d200000|  0%| F|  |TAMS 0x000000070d000000, 0x000000070d000000| Untracked 
| 105|0x000000070d200000, 0x000000070d200000, 0x000000070d400000|  0%| F|  |TAMS 0x000000070d200000, 0x000000070d200000| Untracked 
| 106|0x000000070d400000, 0x000000070d400000, 0x000000070d600000|  0%| F|  |TAMS 0x000000070d400000, 0x000000070d400000| Untracked 
| 107|0x000000070d600000, 0x000000070d600000, 0x000000070d800000|  0%| F|  |TAMS 0x000000070d600000, 0x000000070d600000| Untracked 
| 108|0x000000070d800000, 0x000000070d800000, 0x000000070da00000|  0%| F|  |TAMS 0x000000070d800000, 0x000000070d800000| Untracked 
| 109|0x000000070da00000, 0x000000070da00000, 0x000000070dc00000|  0%| F|  |TAMS 0x000000070da00000, 0x000000070da00000| Untracked 
| 110|0x000000070dc00000, 0x000000070dc00000, 0x000000070de00000|  0%| F|  |TAMS 0x000000070dc00000, 0x000000070dc00000| Untracked 
| 111|0x000000070de00000, 0x000000070de00000, 0x000000070e000000|  0%| F|  |TAMS 0x000000070de00000, 0x000000070de00000| Untracked 
| 112|0x000000070e000000, 0x000000070e000000, 0x000000070e200000|  0%| F|  |TAMS 0x000000070e000000, 0x000000070e000000| Untracked 
| 113|0x000000070e200000, 0x000000070e200000, 0x000000070e400000|  0%| F|  |TAMS 0x000000070e200000, 0x000000070e200000| Untracked 
| 114|0x000000070e400000, 0x000000070e400000, 0x000000070e600000|  0%| F|  |TAMS 0x000000070e400000, 0x000000070e400000| Untracked 
| 115|0x000000070e600000, 0x000000070e600000, 0x000000070e800000|  0%| F|  |TAMS 0x000000070e600000, 0x000000070e600000| Untracked 
| 116|0x000000070e800000, 0x000000070e800000, 0x000000070ea00000|  0%| F|  |TAMS 0x000000070e800000, 0x000000070e800000| Untracked 
| 117|0x000000070ea00000, 0x000000070ea00000, 0x000000070ec00000|  0%| F|  |TAMS 0x000000070ea00000, 0x000000070ea00000| Untracked 
| 127|0x000000070fe00000, 0x000000070fe00000, 0x0000000710000000|  0%| F|  |TAMS 0x000000070fe00000, 0x000000070fe00000| Untracked 

Card table byte_map: [0x00000180efcd0000,0x00000180f04d0000] _byte_map_base: 0x00000180ec4d0000

Marking Bits (Prev, Next): (CMBitMap*) 0x00000180dcb0d8d0, (CMBitMap*) 0x00000180dcb0d890
 Prev Bits: [0x00000180f4cd0000, 0x00000180f8cd0000)
 Next Bits: [0x00000180f0cd0000, 0x00000180f4cd0000)

Polling page: 0x00000180dc260000

Metaspace:

Usage:
  Non-class:     88.21 MB used.
      Class:     14.11 MB used.
       Both:    102.32 MB used.

Virtual space:
  Non-class space:      128.00 MB reserved,      88.81 MB ( 69%) committed,  2 nodes.
      Class space:        1.00 GB reserved,      14.56 MB (  1%) committed,  1 nodes.
             Both:        1.12 GB reserved,     103.38 MB (  9%) committed. 

Chunk freelists:
   Non-Class:  6.59 MB
       Class:  1.48 MB
        Both:  8.08 MB

MaxMetaspaceSize: 2.00 GB
CompressedClassSpaceSize: 1.00 GB
Initial GC threshold: 21.00 MB
Current GC threshold: 153.88 MB
CDS: off
MetaspaceReclaimPolicy: balanced
 - commit_granule_bytes: 65536.
 - commit_granule_words: 8192.
 - virtual_space_node_default_size: 8388608.
 - enlarge_chunks_in_place: 1.
 - new_chunks_are_fully_committed: 0.
 - uncommit_free_chunks: 1.
 - use_allocation_guard: 0.
 - handle_deallocations: 1.


Internal statistics:

num_allocs_failed_limit: 9.
num_arena_births: 1234.
num_arena_deaths: 0.
num_vsnodes_births: 3.
num_vsnodes_deaths: 0.
num_space_committed: 1654.
num_space_uncommitted: 0.
num_chunks_returned_to_freelist: 9.
num_chunks_taken_from_freelist: 5333.
num_chunk_merges: 6.
num_chunk_splits: 3435.
num_chunks_enlarged: 2218.
num_inconsistent_stats: 0.

CodeHeap 'non-profiled nmethods': size=120000Kb used=8064Kb max_used=8329Kb free=111935Kb
 bounds [0x00000180e7a50000, 0x00000180e8290000, 0x00000180eef80000]
CodeHeap 'profiled nmethods': size=120000Kb used=23193Kb max_used=24662Kb free=96807Kb
 bounds [0x00000180dff80000, 0x00000180e17a0000, 0x00000180e74b0000]
CodeHeap 'non-nmethods': size=5760Kb used=2412Kb max_used=2497Kb free=3348Kb
 bounds [0x00000180e74b0000, 0x00000180e7730000, 0x00000180e7a50000]
 total_blobs=12740 nmethods=11795 adapters=857
 compilation: enabled
              stopped_count=0, restarted_count=0
 full_count=0

Compilation events (20 events):
Event: 15.887 Thread 0x00000180840bea70 nmethod 14043 0x00000180e0929110 code [0x00000180e09292c0, 0x00000180e09295f8]
Event: 15.887 Thread 0x00000180840bea70 14035       1       org.gradle.internal.snapshot.MerkleDirectorySnapshotBuilder::getResult (5 bytes)
Event: 15.887 Thread 0x00000180840bea70 nmethod 14035 0x00000180e7d24790 code [0x00000180e7d24920, 0x00000180e7d249f8]
Event: 15.887 Thread 0x00000180840bea70 14044       1       org.gradle.internal.snapshot.SnapshottingFilter$1::isEmpty (2 bytes)
Event: 15.887 Thread 0x00000180840bea70 nmethod 14044 0x00000180e7d24310 code [0x00000180e7d244a0, 0x00000180e7d24578]
Event: 15.887 Thread 0x00000180840bea70 14046       1       org.gradle.internal.fingerprint.impl.AbstractFingerprintingStrategy::getIdentifier (5 bytes)
Event: 15.888 Thread 0x00000180840bea70 nmethod 14046 0x00000180e7d23d10 code [0x00000180e7d23ea0, 0x00000180e7d23f78]
Event: 15.888 Thread 0x00000180840bea70 14047       3       jdk.internal.misc.Unsafe::allocateMemory (65 bytes)
Event: 15.888 Thread 0x00000180840bea70 nmethod 14047 0x00000180dff80010 code [0x00000180dff802a0, 0x00000180dff80d38]
Event: 15.888 Thread 0x00000180840bea70 14050       3       sun.nio.ch.FileChannelImpl::beginBlocking (12 bytes)
Event: 15.889 Thread 0x00000180840bea70 nmethod 14050 0x00000180e0a26990 code [0x00000180e0a26b40, 0x00000180e0a26ca8]
Event: 15.889 Thread 0x00000180840bea70 14051       3       sun.nio.ch.FileChannelImpl::endBlocking (13 bytes)
Event: 15.889 Thread 0x00000180840bea70 nmethod 14051 0x00000180e0a31710 code [0x00000180e0a318c0, 0x00000180e0a31a28]
Event: 15.889 Thread 0x00000180840bea70 14048       3       jdk.internal.misc.Unsafe::alignToHeapWordSize (29 bytes)
Event: 15.889 Thread 0x00000180840bea70 nmethod 14048 0x00000180e0ceee10 code [0x00000180e0ceefc0, 0x00000180e0cef268]
Event: 15.889 Thread 0x00000180840bea70 14049       3       java.nio.MappedByteBuffer::limit (6 bytes)
Event: 15.889 Thread 0x00000180840bea70 nmethod 14049 0x00000180e08ca510 code [0x00000180e08ca6c0, 0x00000180e08ca8c8]
Event: 15.889 Thread 0x00000180840bea70 14052       3       java.nio.charset.CharsetDecoder::<init> (100 bytes)
Event: 15.890 Thread 0x00000180840bea70 nmethod 14052 0x00000180e14e7a10 code [0x00000180e14e7c20, 0x00000180e14e82f8]
Event: 15.890 Thread 0x00000180840bea70 14053       3       java.nio.charset.CharsetDecoder::replaceWith (68 bytes)

GC Heap History (20 events):
Event: 12.043 GC heap after
{Heap after GC invocations=39 (full 0):
 garbage-first heap   total 159744K, used 111200K [0x0000000700000000, 0x0000000800000000)
  region size 2048K, 3 young (6144K), 3 survivors (6144K)
 Metaspace       used 93358K, committed 94144K, reserved 1179648K
  class space    used 12892K, committed 13184K, reserved 1048576K
}
Event: 12.367 GC heap before
{Heap before GC invocations=39 (full 0):
 garbage-first heap   total 159744K, used 127584K [0x0000000700000000, 0x0000000800000000)
  region size 2048K, 11 young (22528K), 3 survivors (6144K)
 Metaspace       used 93679K, committed 94528K, reserved 1179648K
  class space    used 12920K, committed 13248K, reserved 1048576K
}
Event: 12.371 GC heap after
{Heap after GC invocations=40 (full 0):
 garbage-first heap   total 159744K, used 114658K [0x0000000700000000, 0x0000000800000000)
  region size 2048K, 2 young (4096K), 2 survivors (4096K)
 Metaspace       used 93679K, committed 94528K, reserved 1179648K
  class space    used 12920K, committed 13248K, reserved 1048576K
}
Event: 12.566 GC heap before
{Heap before GC invocations=41 (full 0):
 garbage-first heap   total 202752K, used 128994K [0x0000000700000000, 0x0000000800000000)
  region size 2048K, 9 young (18432K), 2 survivors (4096K)
 Metaspace       used 93826K, committed 94656K, reserved 1179648K
  class space    used 12938K, committed 13248K, reserved 1048576K
}
Event: 12.569 GC heap after
{Heap after GC invocations=42 (full 0):
 garbage-first heap   total 202752K, used 115809K [0x0000000700000000, 0x0000000800000000)
  region size 2048K, 1 young (2048K), 1 survivors (2048K)
 Metaspace       used 93826K, committed 94656K, reserved 1179648K
  class space    used 12938K, committed 13248K, reserved 1048576K
}
Event: 12.641 GC heap before
{Heap before GC invocations=42 (full 0):
 garbage-first heap   total 202752K, used 121953K [0x0000000700000000, 0x0000000800000000)
  region size 2048K, 4 young (8192K), 1 survivors (2048K)
 Metaspace       used 93864K, committed 94656K, reserved 1179648K
  class space    used 12941K, committed 13248K, reserved 1048576K
}
Event: 12.643 GC heap after
{Heap after GC invocations=43 (full 0):
 garbage-first heap   total 202752K, used 116378K [0x0000000700000000, 0x0000000800000000)
  region size 2048K, 1 young (2048K), 1 survivors (2048K)
 Metaspace       used 93864K, committed 94656K, reserved 1179648K
  class space    used 12941K, committed 13248K, reserved 1048576K
}
Event: 13.357 GC heap before
{Heap before GC invocations=43 (full 0):
 garbage-first heap   total 202752K, used 157338K [0x0000000700000000, 0x0000000800000000)
  region size 2048K, 22 young (45056K), 1 survivors (2048K)
 Metaspace       used 94206K, committed 95104K, reserved 1179648K
  class space    used 12998K, committed 13376K, reserved 1048576K
}
Event: 13.362 GC heap after
{Heap after GC invocations=44 (full 0):
 garbage-first heap   total 202752K, used 127455K [0x0000000700000000, 0x0000000800000000)
  region size 2048K, 3 young (6144K), 3 survivors (6144K)
 Metaspace       used 94206K, committed 95104K, reserved 1179648K
  class space    used 12998K, committed 13376K, reserved 1048576K
}
Event: 13.737 GC heap before
{Heap before GC invocations=44 (full 0):
 garbage-first heap   total 202752K, used 156127K [0x0000000700000000, 0x0000000800000000)
  region size 2048K, 18 young (36864K), 3 survivors (6144K)
 Metaspace       used 94600K, committed 95552K, reserved 1179648K
  class space    used 13046K, committed 13440K, reserved 1048576K
}
Event: 13.742 GC heap after
{Heap after GC invocations=45 (full 0):
 garbage-first heap   total 202752K, used 136809K [0x0000000700000000, 0x0000000800000000)
  region size 2048K, 3 young (6144K), 3 survivors (6144K)
 Metaspace       used 94600K, committed 95552K, reserved 1179648K
  class space    used 13046K, committed 13440K, reserved 1048576K
}
Event: 13.941 GC heap before
{Heap before GC invocations=45 (full 0):
 garbage-first heap   total 202752K, used 161385K [0x0000000700000000, 0x0000000800000000)
  region size 2048K, 15 young (30720K), 3 survivors (6144K)
 Metaspace       used 95540K, committed 96384K, reserved 1179648K
  class space    used 13160K, committed 13504K, reserved 1048576K
}
Event: 13.947 GC heap after
{Heap after GC invocations=46 (full 0):
 garbage-first heap   total 243712K, used 141300K [0x0000000700000000, 0x0000000800000000)
  region size 2048K, 2 young (4096K), 2 survivors (4096K)
 Metaspace       used 95540K, committed 96384K, reserved 1179648K
  class space    used 13160K, committed 13504K, reserved 1048576K
}
Event: 14.429 GC heap before
{Heap before GC invocations=46 (full 0):
 garbage-first heap   total 243712K, used 188404K [0x0000000700000000, 0x0000000800000000)
  region size 2048K, 25 young (51200K), 2 survivors (4096K)
 Metaspace       used 98292K, committed 99264K, reserved 1179648K
  class space    used 13554K, committed 13952K, reserved 1048576K
}
Event: 14.435 GC heap after
{Heap after GC invocations=47 (full 0):
 garbage-first heap   total 243712K, used 147056K [0x0000000700000000, 0x0000000800000000)
  region size 2048K, 4 young (8192K), 4 survivors (8192K)
 Metaspace       used 98292K, committed 99264K, reserved 1179648K
  class space    used 13554K, committed 13952K, reserved 1048576K
}
Event: 14.941 GC heap before
{Heap before GC invocations=47 (full 0):
 garbage-first heap   total 243712K, used 192112K [0x0000000700000000, 0x0000000800000000)
  region size 2048K, 26 young (53248K), 4 survivors (8192K)
 Metaspace       used 102572K, committed 103552K, reserved 1179648K
  class space    used 14147K, committed 14528K, reserved 1048576K
}
Event: 14.949 GC heap after
{Heap after GC invocations=48 (full 0):
 garbage-first heap   total 243712K, used 154131K [0x0000000700000000, 0x0000000800000000)
  region size 2048K, 4 young (8192K), 4 survivors (8192K)
 Metaspace       used 102572K, committed 103552K, reserved 1179648K
  class space    used 14147K, committed 14528K, reserved 1048576K
}
Event: 15.278 GC heap before
{Heap before GC invocations=48 (full 0):
 garbage-first heap   total 243712K, used 193043K [0x0000000700000000, 0x0000000800000000)
  region size 2048K, 23 young (47104K), 4 survivors (8192K)
 Metaspace       used 103839K, committed 104832K, reserved 1179648K
  class space    used 14319K, committed 14720K, reserved 1048576K
}
Event: 15.285 GC heap after
{Heap after GC invocations=49 (full 0):
 garbage-first heap   total 243712K, used 160220K [0x0000000700000000, 0x0000000800000000)
  region size 2048K, 3 young (6144K), 3 survivors (6144K)
 Metaspace       used 103839K, committed 104832K, reserved 1179648K
  class space    used 14319K, committed 14720K, reserved 1048576K
}
Event: 15.890 GC heap before
{Heap before GC invocations=49 (full 0):
 garbage-first heap   total 243712K, used 195036K [0x0000000700000000, 0x0000000800000000)
  region size 2048K, 21 young (43008K), 3 survivors (6144K)
 Metaspace       used 104776K, committed 105856K, reserved 1179648K
  class space    used 14452K, committed 14912K, reserved 1048576K
}

Dll operation events (2 events):
Event: 0.005 Loaded shared library C:\Program Files\Android\Android Studio\jbr\bin\java.dll
Event: 0.376 Loaded shared library C:\Program Files\Android\Android Studio\jbr\bin\verify.dll

Deoptimization events (20 events):
Event: 15.780 Thread 0x0000018085398a90 Uncommon trap: trap_request=0xffffffde fr.pc=0x00000180e7e41180 relative=0x00000000000002c0
Event: 15.780 Thread 0x0000018085398a90 Uncommon trap: reason=class_check action=maybe_recompile pc=0x00000180e7e41180 method=java.util.concurrent.ConcurrentHashMap.get(Ljava/lang/Object;)Ljava/lang/Object; @ 93 c2
Event: 15.780 Thread 0x0000018085398a90 DEOPT PACKING pc=0x00000180e7e41180 sp=0x0000007fe36fe340
Event: 15.780 Thread 0x0000018085398a90 DEOPT UNPACKING pc=0x00000180e75069a3 sp=0x0000007fe36fe2a8 mode 2
Event: 15.787 Thread 0x000001808658a6b0 Uncommon trap: trap_request=0xffffff45 fr.pc=0x00000180e7e679f0 relative=0x0000000000000170
Event: 15.787 Thread 0x000001808658a6b0 Uncommon trap: reason=unstable_if action=reinterpret pc=0x00000180e7e679f0 method=java.util.concurrent.locks.ReentrantLock$Sync.tryLock()Z @ 34 c2
Event: 15.787 Thread 0x000001808658a6b0 DEOPT PACKING pc=0x00000180e7e679f0 sp=0x0000007fe15fe850
Event: 15.787 Thread 0x000001808658a6b0 DEOPT UNPACKING pc=0x00000180e75069a3 sp=0x0000007fe15fe800 mode 2
Event: 15.797 Thread 0x000001808658a6b0 Uncommon trap: trap_request=0xffffffde fr.pc=0x00000180e7e41180 relative=0x00000000000002c0
Event: 15.797 Thread 0x000001808658a6b0 Uncommon trap: reason=class_check action=maybe_recompile pc=0x00000180e7e41180 method=java.util.concurrent.ConcurrentHashMap.get(Ljava/lang/Object;)Ljava/lang/Object; @ 93 c2
Event: 15.797 Thread 0x000001808658a6b0 DEOPT PACKING pc=0x00000180e7e41180 sp=0x0000007fe15fdf30
Event: 15.797 Thread 0x000001808658a6b0 DEOPT UNPACKING pc=0x00000180e75069a3 sp=0x0000007fe15fde98 mode 2
Event: 15.859 Thread 0x0000018087884e80 Uncommon trap: trap_request=0xffffff45 fr.pc=0x00000180e7d7fc58 relative=0x0000000000000218
Event: 15.859 Thread 0x0000018087884e80 Uncommon trap: reason=unstable_if action=reinterpret pc=0x00000180e7d7fc58 method=com.esotericsoftware.kryo.io.Input.readVarInt(Z)I @ 42 c2
Event: 15.859 Thread 0x0000018087884e80 DEOPT PACKING pc=0x00000180e7d7fc58 sp=0x0000007fdbefe750
Event: 15.859 Thread 0x0000018087884e80 DEOPT UNPACKING pc=0x00000180e75069a3 sp=0x0000007fdbefe640 mode 2
Event: 15.863 Thread 0x0000018089dfa170 Uncommon trap: trap_request=0xffffff54 fr.pc=0x00000180e7b24980 relative=0x0000000000006640
Event: 15.863 Thread 0x0000018089dfa170 Uncommon trap: reason=speculate_null_assert action=make_not_entrant pc=0x00000180e7b24980 method=org.gradle.api.internal.file.collections.UnpackingVisitor.add(Ljava/lang/Object;)V @ 346 c2
Event: 15.863 Thread 0x0000018089dfa170 DEOPT PACKING pc=0x00000180e7b24980 sp=0x0000007fdd0fc740
Event: 15.863 Thread 0x0000018089dfa170 DEOPT UNPACKING pc=0x00000180e75069a3 sp=0x0000007fdd0fc728 mode 2

Classes unloaded (0 events):
No events

Classes redefined (0 events):
No events

Internal exceptions (20 events):
Event: 14.710 Thread 0x00000180860ed8e0 Exception <a 'sun/nio/fs/WindowsException'{0x000000070da6e9d8}> (0x000000070da6e9d8) 
thrown [s\src\hotspot\share\prims\jni.cpp, line 531]
Event: 14.711 Thread 0x00000180860ed8e0 Exception <a 'sun/nio/fs/WindowsException'{0x000000070da6fda0}> (0x000000070da6fda0) 
thrown [s\src\hotspot\share\prims\jni.cpp, line 531]
Event: 14.711 Thread 0x00000180860ed8e0 Exception <a 'sun/nio/fs/WindowsException'{0x000000070da71168}> (0x000000070da71168) 
thrown [s\src\hotspot\share\prims\jni.cpp, line 531]
Event: 14.867 Thread 0x00000180860ed8e0 Exception <a 'java/lang/IncompatibleClassChangeError'{0x000000070cac3320}: Found class java.lang.Object, but interface was expected> (0x000000070cac3320) 
thrown [s\src\hotspot\share\interpreter\linkResolver.cpp, line 838]
Event: 14.949 Thread 0x000001808407cff0 Implicit null exception at 0x00000180e7f95b7d to 0x00000180e7f962d8
Event: 14.988 Thread 0x00000180860ed8e0 Exception <a 'java/lang/ClassNotFoundException'{0x000000070e8e0f00}: org/gradle/api/internal/file/collections/DefaultConfigurableFileCollectionBeanInfo> (0x000000070e8e0f00) 
thrown [s\src\hotspot\share\classfile\systemDictionary.cpp, line 256]
Event: 14.988 Thread 0x00000180860ed8e0 Exception <a 'java/lang/ClassNotFoundException'{0x000000070e8eb588}: org/gradle/api/internal/file/CompositeFileCollectionBeanInfo> (0x000000070e8eb588) 
thrown [s\src\hotspot\share\classfile\systemDictionary.cpp, line 256]
Event: 14.988 Thread 0x00000180860ed8e0 Exception <a 'java/lang/ClassNotFoundException'{0x000000070e8f5bd0}: org/gradle/api/internal/file/CompositeFileCollectionCustomizer> (0x000000070e8f5bd0) 
thrown [s\src\hotspot\share\classfile\systemDictionary.cpp, line 256]
Event: 14.989 Thread 0x00000180860ed8e0 Exception <a 'java/lang/ClassNotFoundException'{0x000000070e908de8}: org/gradle/api/internal/file/collections/DefaultConfigurableFileCollectionCustomizer> (0x000000070e908de8) 
thrown [s\src\hotspot\share\classfile\systemDictionary.cpp, line 256]
Event: 14.991 Thread 0x00000180860ed8e0 Exception <a 'java/lang/ClassNotFoundException'{0x000000070e995610}: org/gradle/api/internal/file/UnionFileCollectionBeanInfo> (0x000000070e995610) 
thrown [s\src\hotspot\share\classfile\systemDictionary.cpp, line 256]
Event: 14.991 Thread 0x00000180860ed8e0 Exception <a 'java/lang/ClassNotFoundException'{0x000000070e99e9a0}: org/gradle/api/internal/file/UnionFileCollectionCustomizer> (0x000000070e99e9a0) 
thrown [s\src\hotspot\share\classfile\systemDictionary.cpp, line 256]
Event: 15.024 Thread 0x00000180860ed8e0 Exception <a 'java/lang/ClassNotFoundException'{0x000000070e6cc9f0}: java/util/regex/MatcherBeanInfo> (0x000000070e6cc9f0) 
thrown [s\src\hotspot\share\classfile\systemDictionary.cpp, line 256]
Event: 15.025 Thread 0x00000180860ed8e0 Exception <a 'java/lang/ClassNotFoundException'{0x000000070e6d24a0}: java/util/regex/MatcherCustomizer> (0x000000070e6d24a0) 
thrown [s\src\hotspot\share\classfile\systemDictionary.cpp, line 256]
Event: 15.060 Thread 0x00000180860ed8e0 Implicit null exception at 0x00000180e821aa10 to 0x00000180e821aad8
Event: 15.210 Thread 0x00000180860ed8e0 Implicit null exception at 0x00000180e824ca5c to 0x00000180e824da5c
Event: 15.309 Thread 0x0000018087888630 Exception <a 'java/lang/NoSuchMethodError'{0x000000070ffbdb38}: 'void java.lang.invoke.DirectMethodHandle$Holder.invokeStatic(java.lang.Object, java.lang.Object, java.lang.Object, java.lang.Object, int, java.lang.Object, java.lang.Object)'> (0x000000070ffbdb38) 
thrown [s\src\hotspot\share\interpreter\linkResolver.cpp, line 771]
Event: 15.317 Thread 0x0000018087888630 Exception <a 'java/lang/NoSuchMethodError'{0x000000070ffefe28}: static Ljava/lang/Object;.<clinit>()V> (0x000000070ffefe28) 
thrown [s\src\hotspot\share\prims\jni.cpp, line 1127]
Event: 15.319 Thread 0x0000018087888630 Exception <a 'java/lang/NoSuchMethodError'{0x000000070fffc968}: 'void java.lang.invoke.DirectMethodHandle$Holder.invokeSpecial(java.lang.Object, java.lang.Object, java.lang.Object, int)'> (0x000000070fffc968) 
thrown [s\src\hotspot\share\interpreter\linkResolver.cpp, line 771]
Event: 15.761 Thread 0x00000180895d1ba0 Exception <a 'java/lang/NoSuchMethodError'{0x000000070dd1bf50}: 'java.lang.Object java.lang.invoke.DirectMethodHandle$Holder.invokeSpecialIFC(java.lang.Object, java.lang.Object, java.lang.Object)'> (0x000000070dd1bf50) 
thrown [s\src\hotspot\share\interpreter\linkResolver.cpp, line 771]
Event: 15.787 Thread 0x000001808658a6b0 Exception <a 'java/lang/NoSuchMethodError'{0x000000070d653880}: 'void java.lang.invoke.DirectMethodHandle$Holder.invokeVirtual(java.lang.Object, java.lang.Object)'> (0x000000070d653880) 
thrown [s\src\hotspot\share\interpreter\linkResolver.cpp, line 771]

VM Operations (20 events):
Event: 15.409 Executing VM operation: HandshakeAllThreads done
Event: 15.410 Executing VM operation: HandshakeAllThreads
Event: 15.410 Executing VM operation: HandshakeAllThreads done
Event: 15.425 Executing VM operation: HandshakeAllThreads
Event: 15.426 Executing VM operation: HandshakeAllThreads done
Event: 15.526 Executing VM operation: HandshakeAllThreads
Event: 15.526 Executing VM operation: HandshakeAllThreads done
Event: 15.538 Executing VM operation: HandshakeAllThreads
Event: 15.538 Executing VM operation: HandshakeAllThreads done
Event: 15.553 Executing VM operation: HandshakeAllThreads
Event: 15.553 Executing VM operation: HandshakeAllThreads done
Event: 15.554 Executing VM operation: HandshakeAllThreads
Event: 15.554 Executing VM operation: HandshakeAllThreads done
Event: 15.609 Executing VM operation: ICBufferFull
Event: 15.610 Executing VM operation: ICBufferFull done
Event: 15.741 Executing VM operation: HandshakeAllThreads
Event: 15.741 Executing VM operation: HandshakeAllThreads done
Event: 15.863 Executing VM operation: ICBufferFull
Event: 15.863 Executing VM operation: ICBufferFull done
Event: 15.890 Executing VM operation: G1CollectForAllocation

Events (20 events):
Event: 15.440 Thread 0x00000180840c1390 flushing nmethod 0x00000180e15e1b90
Event: 15.440 Thread 0x00000180840c1390 flushing nmethod 0x00000180e15e2190
Event: 15.440 Thread 0x00000180840c1390 flushing nmethod 0x00000180e15e4510
Event: 15.440 Thread 0x00000180840c1390 flushing nmethod 0x00000180e1638d90
Event: 15.440 Thread 0x00000180840c1390 flushing nmethod 0x00000180e169d810
Event: 15.440 Thread 0x00000180840c1390 flushing nmethod 0x00000180e16c8310
Event: 15.440 Thread 0x00000180840c1390 flushing nmethod 0x00000180e16d5110
Event: 15.440 Thread 0x00000180840c1390 flushing nmethod 0x00000180e16da590
Event: 15.440 Thread 0x00000180840c1390 flushing nmethod 0x00000180e16db510
Event: 15.440 Thread 0x00000180840c1390 flushing nmethod 0x00000180e16dbb10
Event: 15.525 loading class java/util/stream/SortedOps
Event: 15.525 loading class java/util/stream/SortedOps done
Event: 15.525 loading class java/util/stream/SortedOps$OfRef
Event: 15.525 loading class java/util/stream/ReferencePipeline$StatefulOp
Event: 15.525 loading class java/util/stream/ReferencePipeline$StatefulOp done
Event: 15.525 loading class java/util/stream/SortedOps$OfRef done
Event: 15.526 loading class java/util/stream/SortedOps$SizedRefSortingSink
Event: 15.527 loading class java/util/stream/SortedOps$AbstractRefSortingSink
Event: 15.527 loading class java/util/stream/SortedOps$AbstractRefSortingSink done
Event: 15.527 loading class java/util/stream/SortedOps$SizedRefSortingSink done


Dynamic libraries:
0x00007ff78c980000 - 0x00007ff78c98a000 	C:\Program Files\Android\Android Studio\jbr\bin\java.exe
0x00007ffa36bb0000 - 0x00007ffa36da8000 	C:\WINDOWS\SYSTEM32\ntdll.dll
0x00007ffa35650000 - 0x00007ffa35711000 	C:\WINDOWS\System32\KERNEL32.DLL
0x00007ffa34320000 - 0x00007ffa3461d000 	C:\WINDOWS\System32\KERNELBASE.dll
0x00007ffa34620000 - 0x00007ffa34720000 	C:\WINDOWS\System32\ucrtbase.dll
0x00007ff9fc600000 - 0x00007ff9fc617000 	C:\Program Files\Android\Android Studio\jbr\bin\jli.dll
0x00007ffa18340000 - 0x00007ffa1835b000 	C:\Program Files\Android\Android Studio\jbr\bin\VCRUNTIME140.dll
0x00007ffa34ed0000 - 0x00007ffa3506d000 	C:\WINDOWS\System32\USER32.dll
0x00007ffa1f150000 - 0x00007ffa1f3ea000 	C:\WINDOWS\WinSxS\amd64_microsoft.windows.common-controls_6595b64144ccf1df_6.0.19041.4355_none_60b8b9eb71f62e16\COMCTL32.dll
0x00007ffa34a80000 - 0x00007ffa34aa2000 	C:\WINDOWS\System32\win32u.dll
0x00007ffa355b0000 - 0x00007ffa355db000 	C:\WINDOWS\System32\GDI32.dll
0x00007ffa35720000 - 0x00007ffa357be000 	C:\WINDOWS\System32\msvcrt.dll
0x00007ffa34750000 - 0x00007ffa34867000 	C:\WINDOWS\System32\gdi32full.dll
0x00007ffa34ab0000 - 0x00007ffa34b4d000 	C:\WINDOWS\System32\msvcp_win.dll
0x00007ffa36880000 - 0x00007ffa368af000 	C:\WINDOWS\System32\IMM32.DLL
0x00007ffa27050000 - 0x00007ffa2705c000 	C:\Program Files\Android\Android Studio\jbr\bin\vcruntime140_1.dll
0x00007ff9dc9d0000 - 0x00007ff9dca5d000 	C:\Program Files\Android\Android Studio\jbr\bin\msvcp140.dll
0x00007ff9dba90000 - 0x00007ff9dc713000 	C:\Program Files\Android\Android Studio\jbr\bin\server\jvm.dll
0x00007ffa35080000 - 0x00007ffa35130000 	C:\WINDOWS\System32\ADVAPI32.dll
0x00007ffa35aa0000 - 0x00007ffa35b40000 	C:\WINDOWS\System32\sechost.dll
0x00007ffa34d20000 - 0x00007ffa34e43000 	C:\WINDOWS\System32\RPCRT4.dll
0x00007ffa34720000 - 0x00007ffa34747000 	C:\WINDOWS\System32\bcrypt.dll
0x00007ffa33ce0000 - 0x00007ffa33d2b000 	C:\WINDOWS\SYSTEM32\POWRPROF.dll
0x00007ffa23d10000 - 0x00007ffa23d19000 	C:\WINDOWS\SYSTEM32\WSOCK32.dll
0x00007ffa355e0000 - 0x00007ffa3564b000 	C:\WINDOWS\System32\WS2_32.dll
0x00007ffa2a850000 - 0x00007ffa2a877000 	C:\WINDOWS\SYSTEM32\WINMM.dll
0x00007ffa2db30000 - 0x00007ffa2db3a000 	C:\WINDOWS\SYSTEM32\VERSION.dll
0x00007ffa33cc0000 - 0x00007ffa33cd2000 	C:\WINDOWS\SYSTEM32\UMPDC.dll
0x00007ffa32100000 - 0x00007ffa32112000 	C:\WINDOWS\SYSTEM32\kernel.appcore.dll
0x00007ffa23ce0000 - 0x00007ffa23cea000 	C:\Program Files\Android\Android Studio\jbr\bin\jimage.dll
0x00007ffa2e4e0000 - 0x00007ffa2e6c4000 	C:\WINDOWS\SYSTEM32\DBGHELP.DLL
0x00007ffa24930000 - 0x00007ffa24964000 	C:\WINDOWS\SYSTEM32\dbgcore.DLL
0x00007ffa34b50000 - 0x00007ffa34bd2000 	C:\WINDOWS\System32\bcryptPrimitives.dll
0x00007ffa23cb0000 - 0x00007ffa23cd5000 	C:\Program Files\Android\Android Studio\jbr\bin\java.dll
0x00007ffa23c90000 - 0x00007ffa23ca8000 	C:\Program Files\Android\Android Studio\jbr\bin\zip.dll
0x00007ffa36110000 - 0x00007ffa3687f000 	C:\WINDOWS\System32\SHELL32.dll
0x00007ffa32300000 - 0x00007ffa32aa3000 	C:\WINDOWS\SYSTEM32\windows.storage.dll
0x00007ffa35d50000 - 0x00007ffa360a3000 	C:\WINDOWS\System32\combase.dll
0x00007ffa33c20000 - 0x00007ffa33c4e000 	C:\WINDOWS\SYSTEM32\Wldp.dll
0x00007ffa36970000 - 0x00007ffa36a3d000 	C:\WINDOWS\System32\OLEAUT32.dll
0x00007ffa34be0000 - 0x00007ffa34c8d000 	C:\WINDOWS\System32\SHCORE.dll
0x00007ffa36910000 - 0x00007ffa36965000 	C:\WINDOWS\System32\shlwapi.dll
0x00007ffa34190000 - 0x00007ffa341b4000 	C:\WINDOWS\SYSTEM32\profapi.dll
0x00007ffa23c70000 - 0x00007ffa23c89000 	C:\Program Files\Android\Android Studio\jbr\bin\net.dll
0x00007ffa2df40000 - 0x00007ffa2e04d000 	C:\WINDOWS\SYSTEM32\WINHTTP.dll
0x00007ffa33920000 - 0x00007ffa3398a000 	C:\WINDOWS\system32\mswsock.dll
0x00007ffa23c50000 - 0x00007ffa23c66000 	C:\Program Files\Android\Android Studio\jbr\bin\nio.dll
0x00007ffa20e40000 - 0x00007ffa20e50000 	C:\Program Files\Android\Android Studio\jbr\bin\verify.dll
0x00007ffa14460000 - 0x00007ffa14487000 	C:\Users\DAVID\.gradle\native\c067742578af261105cb4f569cf0c3c89f3d7b1fecec35dd04571415982c5e48\windows-amd64\native-platform.dll
0x00007ffa11fa0000 - 0x00007ffa120e4000 	C:\Users\DAVID\.gradle\native\38dada09dfb8b06ba9b0570ebf7e218e3eb74d4ef43ca46872605cf95ebc2f47\windows-amd64\native-platform-file-events.dll
0x00007ffa188b0000 - 0x00007ffa188b9000 	C:\Program Files\Android\Android Studio\jbr\bin\management.dll
0x00007ffa16480000 - 0x00007ffa1648b000 	C:\Program Files\Android\Android Studio\jbr\bin\management_ext.dll
0x00007ffa35070000 - 0x00007ffa35078000 	C:\WINDOWS\System32\PSAPI.DLL
0x00007ffa33b10000 - 0x00007ffa33b28000 	C:\WINDOWS\SYSTEM32\CRYPTSP.dll
0x00007ffa33240000 - 0x00007ffa33274000 	C:\WINDOWS\system32\rsaenh.dll
0x00007ffa34110000 - 0x00007ffa3413e000 	C:\WINDOWS\SYSTEM32\USERENV.dll
0x00007ffa33b30000 - 0x00007ffa33b3c000 	C:\WINDOWS\SYSTEM32\CRYPTBASE.dll
0x00007ffa33600000 - 0x00007ffa3363b000 	C:\WINDOWS\SYSTEM32\IPHLPAPI.DLL
0x00007ffa355a0000 - 0x00007ffa355a8000 	C:\WINDOWS\System32\NSI.dll
0x00007ffa30180000 - 0x00007ffa30197000 	C:\WINDOWS\SYSTEM32\dhcpcsvc6.DLL
0x00007ffa2fa80000 - 0x00007ffa2fa9d000 	C:\WINDOWS\SYSTEM32\dhcpcsvc.DLL
0x00007ffa33640000 - 0x00007ffa3370a000 	C:\WINDOWS\SYSTEM32\DNSAPI.dll
0x00007ffa18b60000 - 0x00007ffa18b69000 	C:\Program Files\Android\Android Studio\jbr\bin\extnet.dll
0x00007ffa23dc0000 - 0x00007ffa23dc7000 	C:\WINDOWS\system32\wshunix.dll

dbghelp: loaded successfully - version: 4.0.5 - missing functions: none
symbol engine: initialized successfully - sym options: 0x614 - pdb path: .;C:\Program Files\Android\Android Studio\jbr\bin;C:\WINDOWS\SYSTEM32;C:\WINDOWS\WinSxS\amd64_microsoft.windows.common-controls_6595b64144ccf1df_6.0.19041.4355_none_60b8b9eb71f62e16;C:\Program Files\Android\Android Studio\jbr\bin\server;C:\Users\DAVID\.gradle\native\c067742578af261105cb4f569cf0c3c89f3d7b1fecec35dd04571415982c5e48\windows-amd64;C:\Users\DAVID\.gradle\native\38dada09dfb8b06ba9b0570ebf7e218e3eb74d4ef43ca46872605cf95ebc2f47\windows-amd64

VM Arguments:
jvm_args: -XX:MaxMetaspaceSize=2G -XX:+HeapDumpOnOutOfMemoryError --add-opens=java.base/java.util=ALL-UNNAMED --add-opens=java.base/java.lang=ALL-UNNAMED --add-opens=java.base/java.lang.invoke=ALL-UNNAMED --add-opens=java.prefs/java.util.prefs=ALL-UNNAMED --add-opens=java.base/java.nio.charset=ALL-UNNAMED --add-opens=java.base/java.net=ALL-UNNAMED --add-opens=java.base/java.util.concurrent.atomic=ALL-UNNAMED -Xmx4G -Dfile.encoding=windows-1252 -Duser.country=BR -Duser.language=pt -Duser.variant 
java_command: org.gradle.launcher.daemon.bootstrap.GradleDaemon 7.6.3
java_class_path (initial): C:\Users\DAVID\.gradle\wrapper\dists\gradle-7.6.3-all\aocdy2d2z8kodnny3rsumj8i8\gradle-7.6.3\lib\gradle-launcher-7.6.3.jar
Launcher Type: SUN_STANDARD

[Global flags]
     intx CICompilerCount                          = 4                                         {product} {ergonomic}
     uint ConcGCThreads                            = 3                                         {product} {ergonomic}
     uint G1ConcRefinementThreads                  = 10                                        {product} {ergonomic}
   size_t G1HeapRegionSize                         = 2097152                                   {product} {ergonomic}
    uintx GCDrainStackTargetSize                   = 64                                        {product} {ergonomic}
     bool HeapDumpOnOutOfMemoryError               = true                                   {manageable} {command line}
   size_t InitialHeapSize                          = 268435456                                 {product} {ergonomic}
   size_t MarkStackSize                            = 4194304                                   {product} {ergonomic}
   size_t MaxHeapSize                              = 4294967296                                {product} {command line}
   size_t MaxMetaspaceSize                         = 2147483648                                {product} {command line}
   size_t MaxNewSize                               = 2575302656                                {product} {ergonomic}
   size_t MinHeapDeltaBytes                        = 2097152                                   {product} {ergonomic}
   size_t MinHeapSize                              = 8388608                                   {product} {ergonomic}
    uintx NonNMethodCodeHeapSize                   = 5839372                                {pd product} {ergonomic}
    uintx NonProfiledCodeHeapSize                  = 122909434                              {pd product} {ergonomic}
    uintx ProfiledCodeHeapSize                     = 122909434                              {pd product} {ergonomic}
    uintx ReservedCodeCacheSize                    = 251658240                              {pd product} {ergonomic}
     bool SegmentedCodeCache                       = true                                      {product} {ergonomic}
   size_t SoftMaxHeapSize                          = 4294967296                             {manageable} {ergonomic}
     bool UseCompressedClassPointers               = true                           {product lp64_product} {ergonomic}
     bool UseCompressedOops                        = true                           {product lp64_product} {ergonomic}
     bool UseG1GC                                  = true                                      {product} {ergonomic}
     bool UseLargePagesIndividualAllocation        = false                                  {pd product} {ergonomic}

Logging:
Log output configuration:
 #0: stdout all=warning uptime,level,tags
 #1: stderr all=off uptime,level,tags

Environment Variables:
JAVA_HOME=C:\Program Files\Android\Android Studio\jbr
CLASSPATH=D:\DOCUMENTOS\PROJETO_FLUTTER\dmega\android\\gradle\wrapper\gradle-wrapper.jar
PATH=C:\Program Files\Android\Android Studio\jbr\bin;C:\src\flutter\bin\;C:\WINDOWS\system32;C:\WINDOWS;C:\WINDOWS\System32\Wbem;C:\WINDOWS\System32\WindowsPowerShell\v1.0\;C:\WINDOWS\System32\OpenSSH\;C:\Program Files\Git\cmd;C:\Users\DAVID\AppData\Local\Microsoft\WindowsApps;C:\Users\DAVID\AppData\Local\Programs\Microsoft VS Code\bin;C:\src\flutter\bin;;C:\src\flutter\bin\mingit\cmd
USERNAME=DAVID
LANG=pt_BR.UTF-8
OS=Windows_NT
PROCESSOR_IDENTIFIER=AMD64 Family 23 Model 8 Stepping 2, AuthenticAMD
TMP=C:\Users\DAVID\AppData\Local\Temp
TEMP=C:\Users\DAVID\AppData\Local\Temp



Periodic native trim disabled

JNI global refs:
JNI global refs: 28, weak refs: 9

JNI global refs memory usage: 843, weak refs: 841

Process memory usage:
Resident Set Size: 567384K (3% of 16699980K total physical memory with 3908088K free physical memory)

OOME stack traces (most recent first):
Classloader memory used:
Loader org.gradle.internal.classloader.VisitableURLClassLoader                         : 4978K
Loader org.gradle.internal.classloader.VisitableURLClassLoader                         : 3379K
Loader bootstrap                                                                       : 3046K
Loader org.gradle.initialization.MixInLegacyTypesClassLoader                           : 1392K
Loader jdk.internal.reflect.DelegatingClassLoader                                      : 99018B
Loader org.gradle.groovy.scripts.internal.DefaultScriptCompilationHandler$ScriptClassLoader: 85484B
Loader jdk.internal.loader.ClassLoaders$PlatformClassLoader                            : 66787B
Loader org.codehaus.groovy.runtime.callsite.CallSiteClassLoader                        : 29614B
Loader jdk.internal.loader.ClassLoaders$AppClassLoader                                 : 26016B
Loader sun.reflect.misc.MethodUtil                                                     : 373B

Classes loaded by more than one classloader:
Class Program                                                                         : loaded 6 times (x 70B)
Class org.jetbrains.kotlin.config.MavenComparableVersion$ListItem                     : loaded 2 times (x 178B)
Class org.gradle.internal.installation.GradleInstallation                             : loaded 2 times (x 73B)
Class com.google.common.collect.UsingToStringOrdering                                 : loaded 2 times (x 112B)
Class com.google.common.collect.Iterators$MergingIterator                             : loaded 2 times (x 79B)
Class org.objectweb.asm.ModuleVisitor                                                 : loaded 2 times (x 78B)
Class [Lcom.google.common.collect.AbstractMapEntry;                                   : loaded 2 times (x 67B)
Class build_bdsyv133i9322sofoljra228k                                                 : loaded 2 times (x 178B)
Class com.google.common.collect.ImmutableRangeSet$AsSet                               : loaded 2 times (x 233B)
Class com.google.common.collect.SingletonImmutableList                                : loaded 2 times (x 167B)
Class com.google.common.cache.CacheLoader$SupplierToCacheLoader                       : loaded 2 times (x 73B)
Class org.gradle.internal.classpath.ClassPath                                         : loaded 2 times (x 68B)
Class com.google.common.cache.RemovalListener                                         : loaded 2 times (x 68B)
Class org.gradle.api.internal.classpath.DefaultModuleRegistry                         : loaded 2 times (x 84B)
Class build_ahpfki6hvmx1p6v0f9w91gw5t                                                 : loaded 2 times (x 178B)
Class com.google.common.collect.ImmutableEnumSet                                      : loaded 2 times (x 146B)
Class com.google.common.collect.ListMultimap                                          : loaded 2 times (x 68B)
Class com.google.common.base.CharMatcher$JavaDigit                                    : loaded 2 times (x 109B)
Class com.google.common.base.CharMatcher$Digit                                        : loaded 2 times (x 110B)
Class com.google.common.collect.AbstractMultimap                                      : loaded 2 times (x 121B)
Class com.google.common.cache.CacheBuilder$OneWeigher                                 : loaded 2 times (x 80B)
Class org.gradle.api.Action                                                           : loaded 2 times (x 68B)
Class com.google.common.collect.ImmutableEntry                                        : loaded 2 times (x 80B)
Class com.google.common.collect.Lists$StringAsImmutableList                           : loaded 2 times (x 167B)
Class com.google.common.cache.LocalCache$StrongEntry                                  : loaded 2 times (x 106B)
Class org.objectweb.asm.FieldWriter                                                   : loaded 2 times (x 75B)
Class settings_duotokjbmbnzbfkkjgkxshmti                                              : loaded 2 times (x 177B)
Class com.google.common.base.CharMatcher                                              : loaded 2 times (x 109B)
Class com.google.common.base.CharMatcher$IsNot                                        : loaded 2 times (x 109B)
Class com.google.common.collect.RegularImmutableSortedSet                             : loaded 2 times (x 233B)
Class org.jetbrains.kotlin.config.MavenComparableVersion$IntegerItem                  : loaded 2 times (x 78B)
Class com.google.common.collect.SetMultimap                                           : loaded 2 times (x 68B)
Class com.google.common.base.Splitter                                                 : loaded 2 times (x 70B)
Class [Lcom.google.common.cache.Weigher;                                              : loaded 2 times (x 67B)
Class build_cj9ho4ep13kbcm4wricz0fa0v$_run_closure1                                   : loaded 2 times (x 134B)
Class com.google.common.collect.Iterators$ArrayItr                                    : loaded 2 times (x 95B)
Class com.google.common.cache.LocalCache$Segment                                      : loaded 2 times (x 152B)
Class org.gradle.api.internal.DefaultClassPathProvider                                : loaded 2 times (x 74B)
Class org.gradle.internal.installation.GradleInstallation$1                           : loaded 2 times (x 73B)
Class com.google.common.cache.LocalCache$AbstractReferenceEntry                       : loaded 2 times (x 105B)
Class org.objectweb.asm.Type                                                          : loaded 2 times (x 70B)
Class com.google.common.util.concurrent.AbstractFuture$Failure                        : loaded 2 times (x 70B)
Class com.google.common.base.CharMatcher$BitSetMatcher                                : loaded 2 times (x 110B)
Class com.google.common.collect.ImmutableMap$IteratorBasedImmutableMap                : loaded 2 times (x 123B)
Class com.google.common.reflect.Reflection                                            : loaded 2 times (x 69B)
Class com.google.common.collect.ImmutableMap                                          : loaded 2 times (x 118B)
Class com.google.common.collect.AbstractMapBasedMultimap$Itr                          : loaded 2 times (x 81B)
Class com.google.common.base.Converter                                                : loaded 2 times (x 88B)
Class com.google.common.collect.ImmutableSortedSetFauxverideShim                      : loaded 2 times (x 145B)
Class com.google.common.base.Equivalence                                              : loaded 2 times (x 80B)
Class com.google.common.cache.LocalCache$EntryFactory$1                               : loaded 2 times (x 81B)
Class com.google.common.primitives.Ints                                               : loaded 2 times (x 69B)
Class com.google.common.cache.LocalCache$EntryFactory$2                               : loaded 2 times (x 81B)
Class com.google.common.cache.LocalCache$EntryFactory$3                               : loaded 2 times (x 81B)
Class com.google.common.cache.LocalCache$EntryFactory$4                               : loaded 2 times (x 81B)
Class com.google.common.cache.LocalCache$EntryFactory$5                               : loaded 2 times (x 81B)
Class com.google.common.cache.LocalCache$EntryFactory$6                               : loaded 2 times (x 81B)
Class com.google.common.reflect.TypeResolver$TypeVariableKey                          : loaded 2 times (x 70B)
Class com.google.common.cache.LocalCache$EntryFactory$7                               : loaded 2 times (x 81B)
Class com.google.common.cache.LocalCache$EntryFactory$8                               : loaded 2 times (x 81B)
Class com.google.common.base.Predicate                                                : loaded 2 times (x 68B)
Class com.google.common.cache.LocalCache$StrongValueReference                         : loaded 2 times (x 88B)
Class org.gradle.internal.classloader.FilteringClassLoader                            : loaded 2 times (x 103B)
Class com.google.common.reflect.TypeResolver$TypeTable                                : loaded 2 times (x 71B)
Class com.google.common.reflect.Invokable$MethodInvokable                             : loaded 2 times (x 120B)
Class com.google.common.collect.RegularImmutableSet                                   : loaded 2 times (x 146B)
Class [Lcom.google.common.cache.LocalCache$Strength;                                  : loaded 2 times (x 67B)
Class org.gradle.internal.classpath.DefaultClassPath$ImmutableUniqueList$Builder      : loaded 2 times (x 73B)
Class com.google.common.collect.AbstractRangeSet                                      : loaded 2 times (x 112B)
Class com.google.common.collect.ExplicitOrdering                                      : loaded 2 times (x 113B)
Class com.google.common.collect.Maps$8                                                : loaded 2 times (x 80B)
Class com.google.common.base.PatternCompiler                                          : loaded 2 times (x 68B)
Class [Lcom.google.common.cache.CacheBuilder$NullListener;                            : loaded 2 times (x 67B)
Class com.google.common.base.CharMatcher$InRange                                      : loaded 2 times (x 109B)
Class com.google.common.collect.Maps$KeySet                                           : loaded 2 times (x 135B)
Class com.google.common.collect.Sets$SetView                                          : loaded 2 times (x 136B)
Class com.google.common.collect.BiMap                                                 : loaded 2 times (x 68B)
Class com.google.common.collect.Lists                                                 : loaded 2 times (x 69B)
Class org.objectweb.asm.AnnotationWriter                                              : loaded 2 times (x 76B)
Class com.google.common.math.IntMath$1                                                : loaded 2 times (x 69B)
Class org.gradle.internal.classloader.ClassLoaderVisitor                              : loaded 2 times (x 74B)
Class org.objectweb.asm.Label                                                         : loaded 2 times (x 71B)
Class com.google.common.cache.CacheBuilder$NullListener                               : loaded 2 times (x 80B)
Class com.google.common.math.MathPreconditions                                        : loaded 2 times (x 69B)
Class org.gradle.internal.service.DefaultServiceLocator                               : loaded 2 times (x 81B)
Class org.gradle.internal.service.UnknownServiceException                             : loaded 2 times (x 81B)
Class com.google.common.util.concurrent.AbstractFuture$SynchronizedHelper             : loaded 2 times (x 74B)
Class com.google.common.collect.ArrayListMultimap                                     : loaded 2 times (x 170B)
Class com.google.common.base.Strings                                                  : loaded 2 times (x 69B)
Class build_f0srlsa5vznkog7j8blhsloz4$_run_closure1$_closure3                         : loaded 2 times (x 134B)
Class com.google.common.cache.CacheLoader$InvalidCacheLoadException                   : loaded 2 times (x 80B)
Class org.gradle.internal.classloader.DefaultClassLoaderFactory                       : loaded 2 times (x 80B)
Class com.google.common.collect.UnmodifiableIterator                                  : loaded 2 times (x 78B)
Class com.google.common.collect.Sets$2$1                                              : loaded 2 times (x 80B)
Class com.google.common.base.Stopwatch                                                : loaded 2 times (x 70B)
Class com.google.common.reflect.Types                                                 : loaded 2 times (x 69B)
Class com.google.common.base.Platform$JdkPatternCompiler                              : loaded 2 times (x 73B)
Class com.google.common.cache.LocalCache$LoadingValueReference                        : loaded 2 times (x 94B)
Class com.google.common.base.CharMatcher$SingleWidth                                  : loaded 2 times (x 110B)
Class com.google.common.collect.Hashing                                               : loaded 2 times (x 69B)
Class com.google.common.collect.NullsFirstOrdering                                    : loaded 2 times (x 113B)
Class com.google.common.collect.ImmutableRangeSet$ComplementRanges                    : loaded 2 times (x 167B)
Class [Lcom.google.common.reflect.Types$ClassOwnership;                               : loaded 2 times (x 67B)
Class com.google.common.collect.NaturalOrdering                                       : loaded 2 times (x 113B)
Class com.google.common.base.JdkPattern                                               : loaded 2 times (x 73B)
Class com.google.common.collect.ByFunctionOrdering                                    : loaded 2 times (x 113B)
Class com.google.common.collect.Multimap                                              : loaded 2 times (x 68B)
Class com.google.common.base.FunctionalEquivalence                                    : loaded 2 times (x 81B)
Class org.objectweb.asm.AnnotationVisitor                                             : loaded 2 times (x 75B)
Class org.objectweb.asm.RecordComponentWriter                                         : loaded 2 times (x 76B)
Class com.google.common.cache.LocalCache$1                                            : loaded 2 times (x 87B)
Class com.google.common.cache.LocalCache$2                                            : loaded 2 times (x 140B)
Class com.google.common.collect.RegularImmutableBiMap                                 : loaded 2 times (x 147B)
Class org.gradle.internal.classloader.VisitableURLClassLoader$Spec                    : loaded 2 times (x 72B)
Class org.gradle.api.GradleException                                                  : loaded 2 times (x 80B)
Class com.google.common.base.CharMatcher$JavaLetterOrDigit                            : loaded 2 times (x 109B)
Class org.gradle.api.internal.classpath.ModuleRegistry                                : loaded 2 times (x 68B)
Class com.google.common.collect.CompoundOrdering                                      : loaded 2 times (x 113B)
Class com.google.common.reflect.TypeToken$1                                           : loaded 2 times (x 123B)
Class com.google.common.cache.CacheBuilder                                            : loaded 2 times (x 70B)
Class com.google.common.reflect.TypeToken$2                                           : loaded 2 times (x 123B)
Class org.objectweb.asm.ByteVector                                                    : loaded 2 times (x 76B)
Class com.google.common.collect.ImmutableCollection                                   : loaded 2 times (x 123B)
Class com.google.common.collect.ImmutableRangeSet                                     : loaded 2 times (x 113B)
Class com.google.common.base.PairwiseEquivalence                                      : loaded 2 times (x 81B)
Class com.google.common.base.Ticker                                                   : loaded 2 times (x 70B)
Class org.gradle.api.internal.ClassPathProvider                                       : loaded 2 times (x 68B)
Class com.google.common.collect.RegularImmutableMap$Values                            : loaded 2 times (x 167B)
Class org.objectweb.asm.ModuleWriter                                                  : loaded 2 times (x 79B)
Class org.gradle.internal.classloader.ClasspathUtil$1                                 : loaded 2 times (x 74B)
Class com.google.common.collect.ImmutableEnumMap                                      : loaded 2 times (x 123B)
Class com.google.common.collect.ImmutableList$ReverseImmutableList                    : loaded 2 times (x 168B)
Class [Lorg.jetbrains.kotlin.utils.DescriptionAware;                                  : loaded 2 times (x 67B)
Class com.google.common.cache.AbstractCache$StatsCounter                              : loaded 2 times (x 68B)
Class org.objectweb.asm.FieldVisitor                                                  : loaded 2 times (x 74B)
Class org.objectweb.asm.Symbol                                                        : loaded 2 times (x 71B)
Class com.google.common.reflect.TypeToken                                             : loaded 2 times (x 71B)
Class com.google.common.collect.Ordering                                              : loaded 2 times (x 112B)
Class com.google.common.cache.LocalCache$Strength$1                                   : loaded 2 times (x 79B)
Class com.google.common.cache.LocalCache$Strength$2                                   : loaded 2 times (x 79B)
Class com.google.common.cache.LocalCache$Strength$3                                   : loaded 2 times (x 79B)
Class org.gradle.internal.classloader.ClassLoaderFactory                              : loaded 2 times (x 68B)
Class com.google.common.collect.ObjectArrays                                          : loaded 2 times (x 69B)
Class com.google.common.util.concurrent.AbstractFuture$Waiter                         : loaded 2 times (x 70B)
Class com.google.common.util.concurrent.Uninterruptibles                              : loaded 2 times (x 69B)
Class com.google.common.collect.Iterators$10                                          : loaded 2 times (x 79B)
Class com.google.common.collect.Iterators$EmptyModifiableIterator                     : loaded 2 times (x 84B)
Class com.google.common.collect.ImmutableList                                         : loaded 2 times (x 166B)
Class org.gradle.api.internal.classpath.ManifestUtil                                  : loaded 2 times (x 69B)
Class org.gradle.api.specs.Spec                                                       : loaded 2 times (x 68B)
Class com.google.common.collect.RangeSet                                              : loaded 2 times (x 68B)
Class com.google.common.cache.CacheLoader$UnsupportedLoadingOperationException        : loaded 2 times (x 80B)
Class com.google.common.base.CharMatcher$Whitespace                                   : loaded 2 times (x 110B)
Class com.google.common.util.concurrent.ListenableFuture                              : loaded 2 times (x 68B)
Class com.google.common.collect.Iterators$1                                           : loaded 2 times (x 79B)
Class com.google.common.collect.Iterators$4                                           : loaded 2 times (x 80B)
Class com.google.common.collect.Iterators$5                                           : loaded 2 times (x 80B)
Class com.google.common.util.concurrent.AbstractFuture$UnsafeAtomicHelper             : loaded 2 times (x 74B)
Class com.google.common.base.Joiner                                                   : loaded 2 times (x 77B)
Class com.google.common.base.Equivalence$Equals                                       : loaded 2 times (x 80B)
Class com.google.common.base.Preconditions                                            : loaded 2 times (x 69B)
Class com.google.common.base.Function                                                 : loaded 2 times (x 68B)
Class com.google.common.collect.Iterators$9                                           : loaded 2 times (x 79B)
Class org.gradle.internal.IoActions                                                   : loaded 2 times (x 69B)
Class com.google.common.collect.AllEqualOrdering                                      : loaded 2 times (x 112B)
Class com.google.common.collect.ComparatorOrdering                                    : loaded 2 times (x 113B)
Class com.google.common.cache.ReferenceEntry                                          : loaded 2 times (x 68B)
Class com.google.common.collect.RegularImmutableMap$KeySet                            : loaded 2 times (x 148B)
Class com.google.common.collect.CollectPreconditions                                  : loaded 2 times (x 69B)
Class com.google.common.primitives.IntsMethodsForWeb                                  : loaded 2 times (x 69B)
Class com.google.common.collect.LexicographicalOrdering                               : loaded 2 times (x 113B)
Class com.google.common.collect.RangeGwtSerializationDependencies                     : loaded 2 times (x 69B)
Class com.google.common.collect.Maps                                                  : loaded 2 times (x 69B)
Class com.google.common.collect.RegularImmutableMap                                   : loaded 2 times (x 119B)
Class com.google.common.collect.AbstractIndexedListIterator                           : loaded 2 times (x 94B)
Class com.google.common.base.CharMatcher$None                                         : loaded 2 times (x 110B)
Class org.gradle.api.internal.classpath.EffectiveClassPath                            : loaded 2 times (x 88B)
Class com.google.common.collect.UnmodifiableListIterator                              : loaded 2 times (x 93B)
Class com.google.common.cache.CacheLoader$FunctionToCacheLoader                       : loaded 2 times (x 73B)
Class com.google.common.cache.CacheBuilder$1                                          : loaded 2 times (x 83B)
Class com.google.common.cache.CacheBuilder$2                                          : loaded 2 times (x 77B)
Class com.google.common.collect.ImmutableList$1                                       : loaded 2 times (x 95B)
Class com.google.common.base.Splitter$Strategy                                        : loaded 2 times (x 68B)
Class com.google.common.cache.CacheBuilder$3                                          : loaded 2 times (x 70B)
Class com.google.common.collect.ImmutableMapEntrySet$RegularEntrySet                  : loaded 2 times (x 149B)
Class [Lcom.google.common.cache.RemovalListener;                                      : loaded 2 times (x 67B)
Class [Lcom.google.common.collect.ImmutableMapEntry;                                  : loaded 2 times (x 67B)
Class org.gradle.internal.installation.CurrentGradleInstallation                      : loaded 2 times (x 71B)
Class org.gradle.internal.installation.CurrentGradleInstallationLocator               : loaded 2 times (x 69B)
Class [Lcom.google.common.cache.LocalCache$Segment;                                   : loaded 2 times (x 67B)
Class org.gradle.api.internal.classpath.Module                                        : loaded 2 times (x 68B)
Class build_cj9ho4ep13kbcm4wricz0fa0v$_run_closure1$_closure3                         : loaded 2 times (x 134B)
Class com.google.common.collect.ImmutableSortedSet                                    : loaded 2 times (x 233B)
Class com.google.common.base.Splitter$1$1                                             : loaded 2 times (x 84B)
Class com.google.common.collect.ImmutableSet$JdkBackedSetBuilderImpl                  : loaded 2 times (x 74B)
Class Dependency_version_checker_gradle                                               : loaded 2 times (x 128B)
Class com.google.common.reflect.Types$TypeVariableInvocationHandler                   : loaded 2 times (x 73B)
Class com.google.common.reflect.Types$ClassOwnership                                  : loaded 2 times (x 78B)
Class [Lorg.jetbrains.kotlin.config.LanguageOrApiVersion;                             : loaded 2 times (x 67B)
Class com.google.common.collect.ImmutableSet$RegularSetBuilderImpl                    : loaded 2 times (x 75B)
Class build_4i8uzgpz8h55gyzt6rktcozhg                                                 : loaded 2 times (x 178B)
Class [Lorg.objectweb.asm.AnnotationWriter;                                           : loaded 2 times (x 67B)
Class org.gradle.internal.service.CachingServiceLocator                               : loaded 2 times (x 80B)
Class build_e628fz8mk86gkrh4gl29yuvly                                                 : loaded 2 times (x 178B)
Class [Lcom.google.common.collect.ImmutableEntry;                                     : loaded 2 times (x 67B)
Class com.google.common.collect.Sets$ImprovedAbstractSet                              : loaded 2 times (x 133B)
Class org.gradle.internal.classpath.DefaultClassPath                                  : loaded 2 times (x 88B)
Class org.gradle.api.Transformer                                                      : loaded 2 times (x 68B)
Class com.google.common.util.concurrent.AbstractFuture$SetFuture                      : loaded 2 times (x 73B)
Class build_c8uv2zr4rumwgjqhqkejb7pm5$_run_closure1                                   : loaded 2 times (x 134B)
Class com.google.common.collect.CollectCollectors                                     : loaded 2 times (x 69B)
Class build_bdsyv133i9322sofoljra228k$_run_closure1                                   : loaded 2 times (x 134B)
Class com.google.common.base.Splitter$SplittingIterator                               : loaded 2 times (x 82B)
Class com.google.common.reflect.TypeParameter                                         : loaded 2 times (x 70B)
Class com.google.common.cache.LocalCache$LocalManualCache$1                           : loaded 2 times (x 73B)
Class com.google.common.reflect.Types$ClassOwnership$1LocalClass                      : loaded 2 times (x 69B)
Class org.objectweb.asm.SymbolTable$Entry                                             : loaded 2 times (x 72B)
Class [Lcom.google.common.cache.LocalCache$EntryFactory;                              : loaded 2 times (x 67B)
Class com.google.common.base.CharMatcher$Is                                           : loaded 2 times (x 109B)
Class com.google.common.base.Platform                                                 : loaded 2 times (x 69B)
Class com.google.common.collect.RegularImmutableAsList                                : loaded 2 times (x 176B)
Class com.google.common.collect.PeekingIterator                                       : loaded 2 times (x 68B)
Class build_cj9ho4ep13kbcm4wricz0fa0v                                                 : loaded 2 times (x 178B)
Class com.google.common.reflect.TypeResolver$TypeTable$1                              : loaded 2 times (x 71B)
Class com.google.common.collect.ImmutableMapEntrySet                                  : loaded 2 times (x 149B)
Class build_c8uv2zr4rumwgjqhqkejb7pm5                                                 : loaded 2 times (x 178B)
Class com.google.common.cache.CacheLoader                                             : loaded 2 times (x 72B)
Class com.google.common.collect.ImmutableBiMapFauxverideShim                          : loaded 2 times (x 118B)
Class org.objectweb.asm.MethodTooLargeException                                       : loaded 2 times (x 81B)
Class NativePluginLoader$getDependenciesMetadata$0                                    : loaded 2 times (x 150B)
Class com.google.common.cache.Cache                                                   : loaded 2 times (x 68B)
Class org.jetbrains.kotlin.config.ApiVersion                                          : loaded 2 times (x 83B)
Class org.gradle.internal.classloader.SystemClassLoaderSpec                           : loaded 2 times (x 69B)
Class build_ahpfki6hvmx1p6v0f9w91gw5t$_run_closure1                                   : loaded 2 times (x 134B)
Class com.google.common.util.concurrent.internal.InternalFutureFailureAccess          : loaded 2 times (x 70B)
Class build_f0srlsa5vznkog7j8blhsloz4                                                 : loaded 2 times (x 178B)
Class com.google.common.base.Charsets                                                 : loaded 2 times (x 69B)
Class org.jetbrains.kotlin.utils.DescriptionAware                                     : loaded 2 times (x 68B)
Class com.google.common.primitives.Ints$IntConverter                                  : loaded 2 times (x 88B)
Class com.google.common.collect.SingletonImmutableSet                                 : loaded 2 times (x 146B)
Class com.google.common.reflect.Types$TypeVariableImpl                                : loaded 2 times (x 70B)
Class [Lcom.google.common.base.AbstractIterator$State;                                : loaded 2 times (x 67B)
Class com.google.common.collect.ImmutableMap$Builder                                  : loaded 2 times (x 78B)
Class com.google.common.base.AbstractIterator                                         : loaded 2 times (x 78B)
Class org.objectweb.asm.ClassWriter                                                   : loaded 2 times (x 102B)
Class com.google.common.collect.Range                                                 : loaded 2 times (x 85B)
Class org.jetbrains.kotlin.config.LanguageVersion                                     : loaded 2 times (x 87B)
Class com.google.common.base.AbstractIterator$1                                       : loaded 2 times (x 69B)
Class org.jetbrains.kotlin.config.MavenComparableVersion$Item                         : loaded 2 times (x 68B)
Class [Lcom.google.common.cache.CacheBuilder$OneWeigher;                              : loaded 2 times (x 67B)
Class com.google.common.collect.Iterators                                             : loaded 2 times (x 69B)
Class com.google.common.base.CharMatcher$Ascii                                        : loaded 2 times (x 110B)
Class com.google.common.base.CharMatcher$1                                            : loaded 2 times (x 111B)
Class org.gradle.api.UncheckedIOException                                             : loaded 2 times (x 80B)
Class com.google.common.base.CharMatcher$And                                          : loaded 2 times (x 110B)
Class com.google.common.collect.IndexedImmutableSet                                   : loaded 2 times (x 148B)
Class native_plugin_loader_7dik9rqpj677pep4bin0xqtrk                                  : loaded 2 times (x 175B)
Class com.google.common.base.ExtraObjectsMethodsForWeb                                : loaded 2 times (x 69B)
Class com.google.common.collect.IndexedImmutableSet$1                                 : loaded 2 times (x 172B)
Class com.google.common.collect.AbstractListMultimap                                  : loaded 2 times (x 170B)
Class com.google.common.base.CharMatcher$Any                                          : loaded 2 times (x 110B)
Class com.google.common.reflect.TypeCapture                                           : loaded 2 times (x 69B)
Class com.google.common.cache.LocalCache$Strength                                     : loaded 2 times (x 79B)
Class com.google.common.collect.AbstractMapBasedMultimap$KeySet                       : loaded 2 times (x 135B)
Class com.google.common.collect.SortedIterable                                        : loaded 2 times (x 68B)
Class com.google.common.collect.ArrayListMultimapGwtSerializationDependencies         : loaded 2 times (x 170B)
Class com.google.common.base.CharMatcher$RangesMatcher                                : loaded 2 times (x 110B)
Class org.objectweb.asm.Handler                                                       : loaded 2 times (x 70B)
Class com.google.common.collect.ImmutableList$SubList                                 : loaded 2 times (x 168B)
Class com.google.common.cache.LocalCache$ValueReference                               : loaded 2 times (x 68B)
Class org.gradle.internal.classloader.ClasspathUtil                                   : loaded 2 times (x 69B)
Class org.objectweb.asm.CurrentFrame                                                  : loaded 2 times (x 71B)
Class com.google.common.util.concurrent.AbstractFuture                                : loaded 2 times (x 93B)
Class com.google.common.reflect.TypeResolver                                          : loaded 2 times (x 70B)
Class com.google.common.base.Splitter$1                                               : loaded 2 times (x 75B)
Class com.google.common.collect.ReverseOrdering                                       : loaded 2 times (x 113B)
Class com.google.common.base.Ticker$1                                                 : loaded 2 times (x 70B)
Class com.google.common.collect.Maps$BiMapConverter                                   : loaded 2 times (x 88B)
Class org.gradle.api.internal.DefaultClassPathRegistry                                : loaded 2 times (x 74B)
Class org.jetbrains.kotlin.config.LanguageOrApiVersion                                : loaded 2 times (x 68B)
Class com.google.common.util.concurrent.AbstractFuture$Cancellation                   : loaded 2 times (x 70B)
Class [Lorg.objectweb.asm.Symbol;                                                     : loaded 2 times (x 67B)
Class com.google.common.collect.Multimaps$Entries                                     : loaded 2 times (x 116B)
Class com.google.common.collect.ImmutableSet$SetBuilderImpl                           : loaded 2 times (x 74B)
Class org.gradle.api.internal.classpath.DefaultModuleRegistry$DefaultModule           : loaded 2 times (x 84B)
Class com.google.common.base.CharMatcher$JavaIsoControl                               : loaded 2 times (x 110B)
Class com.google.common.collect.ImmutableMap$1                                        : loaded 2 times (x 79B)
Class org.jetbrains.kotlin.config.ApiVersion$Companion                                : loaded 2 times (x 69B)
Class com.google.common.base.CharMatcher$Or                                           : loaded 2 times (x 110B)
Class com.google.common.base.Suppliers$SupplierOfInstance                             : loaded 2 times (x 77B)
Class org.objectweb.asm.RecordComponentVisitor                                        : loaded 2 times (x 75B)
Class com.google.common.reflect.Types$ClassOwnership$1                                : loaded 2 times (x 78B)
Class com.google.common.reflect.Invokable                                             : loaded 2 times (x 116B)
Class com.google.common.reflect.Types$ClassOwnership$2                                : loaded 2 times (x 78B)
Class com.google.common.reflect.Types$ClassOwnership$3                                : loaded 2 times (x 69B)
Class build_e628fz8mk86gkrh4gl29yuvly$_run_closure1                                   : loaded 2 times (x 134B)
Class com.google.common.collect.Iterables                                             : loaded 2 times (x 69B)
Class com.google.common.base.CharMatcher$JavaLowerCase                                : loaded 2 times (x 109B)
Class org.objectweb.asm.ClassTooLargeException                                        : loaded 2 times (x 81B)
Class org.jetbrains.kotlin.config.LanguageVersion$Companion                           : loaded 2 times (x 69B)
Class org.gradle.api.internal.classpath.UnknownModuleException                        : loaded 2 times (x 80B)
Class com.google.common.util.concurrent.AbstractFuture$Listener                       : loaded 2 times (x 70B)
Class org.objectweb.asm.Edge                                                          : loaded 2 times (x 70B)
Class com.google.common.collect.Maps$EntryTransformer                                 : loaded 2 times (x 68B)
Class com.google.common.collect.ImmutableCollection$Builder                           : loaded 2 times (x 74B)
Class native_plugin_loader_7dik9rqpj677pep4bin0xqtrk$_run_closure1                    : loaded 2 times (x 134B)
Class [Lorg.objectweb.asm.SymbolTable$Entry;                                          : loaded 2 times (x 67B)
Class com.google.common.reflect.Types$JavaVersion                                     : loaded 2 times (x 81B)
Class com.google.common.collect.SingletonImmutableBiMap                               : loaded 2 times (x 142B)
Class com.google.common.base.CommonPattern                                            : loaded 2 times (x 72B)
Class com.google.common.base.Suppliers                                                : loaded 2 times (x 69B)
Class [Lcom.google.common.collect.Iterators$EmptyModifiableIterator;                  : loaded 2 times (x 67B)
Class org.objectweb.asm.ClassVisitor                                                  : loaded 2 times (x 85B)
Class com.google.common.cache.LoadingCache                                            : loaded 2 times (x 68B)
Class org.gradle.internal.service.ServiceLookupException                              : loaded 2 times (x 80B)
Class org.gradle.cache.GlobalCache                                                    : loaded 2 times (x 68B)
Class build_4i8uzgpz8h55gyzt6rktcozhg$_run_closure1                                   : loaded 2 times (x 134B)
Class NativePluginLoader                                                              : loaded 2 times (x 91B)
Class com.google.common.base.CharMatcher$NegatedFastMatcher                           : loaded 2 times (x 111B)
Class [Lorg.gradle.api.internal.ClassPathProvider;                                    : loaded 2 times (x 67B)
Class com.google.common.util.concurrent.AbstractFuture$SafeAtomicHelper               : loaded 2 times (x 75B)
Class org.gradle.util.internal.GUtil                                                  : loaded 2 times (x 69B)
Class com.google.common.math.IntMath                                                  : loaded 2 times (x 69B)
Class [Lcom.google.common.reflect.Types$JavaVersion;                                  : loaded 2 times (x 67B)
Class com.google.common.collect.AbstractIterator                                      : loaded 2 times (x 80B)
Class org.gradle.internal.classloader.ClassLoaderSpec                                 : loaded 2 times (x 69B)
Class NativePluginLoader$_getPlugins_closure1                                         : loaded 2 times (x 134B)
Class org.objectweb.asm.Frame                                                         : loaded 2 times (x 71B)
Class com.google.common.cache.LocalCache$LocalManualCache                             : loaded 2 times (x 97B)
Class com.google.common.collect.AbstractMapEntry                                      : loaded 2 times (x 79B)
Class com.google.common.collect.ImmutableList$Builder                                 : loaded 2 times (x 75B)
Class com.google.common.base.CharMatcher$Negated                                      : loaded 2 times (x 111B)
Class com.google.common.cache.CacheLoader$1                                           : loaded 2 times (x 73B)
Class com.google.common.util.concurrent.AbstractFuture$TrustedFuture                  : loaded 2 times (x 95B)
Class build_f0srlsa5vznkog7j8blhsloz4$_run_closure1                                   : loaded 2 times (x 134B)
Class com.google.common.collect.Sets                                                  : loaded 2 times (x 69B)
Class com.google.common.collect.ImmutableSet$Builder                                  : loaded 2 times (x 83B)
Class com.google.common.base.CharMatcher$ForPredicate                                 : loaded 2 times (x 110B)
Class com.google.common.collect.ImmutableMap$MapViewOfValuesAsSingletonSets           : loaded 2 times (x 123B)
Class com.google.common.base.MoreObjects                                              : loaded 2 times (x 69B)
Class com.google.common.collect.SortedMapDifference                                   : loaded 2 times (x 68B)
Class org.objectweb.asm.SymbolTable                                                   : loaded 2 times (x 70B)
Class [Lorg.objectweb.asm.AnnotationVisitor;                                          : loaded 2 times (x 67B)
Class com.google.common.cache.CacheStats                                              : loaded 2 times (x 69B)
Class org.objectweb.asm.Attribute                                                     : loaded 2 times (x 75B)
Class org.gradle.internal.classloader.VisitableURLClassLoader                         : loaded 2 times (x 115B)
Class com.google.common.cache.LocalCache$LocalLoadingCache                            : loaded 2 times (x 132B)
Class com.google.common.base.Supplier                                                 : loaded 2 times (x 68B)
Class com.google.common.base.Objects                                                  : loaded 2 times (x 69B)
Class com.google.common.util.concurrent.AbstractFuture$AtomicHelper                   : loaded 2 times (x 74B)
Class com.google.common.collect.ImmutableBiMap                                        : loaded 2 times (x 142B)
Class org.gradle.internal.Cast                                                        : loaded 2 times (x 69B)
Class Build_gradle                                                                    : loaded 2 times (x 128B)
Class org.gradle.api.internal.ClassPathRegistry                                       : loaded 2 times (x 68B)
Class com.google.common.cache.LocalCache$EntryFactory                                 : loaded 2 times (x 81B)
Class com.google.common.util.concurrent.UncheckedExecutionException                   : loaded 2 times (x 80B)
Class com.google.common.collect.ImmutableSet                                          : loaded 2 times (x 145B)
Class org.gradle.internal.classloader.ClassLoaderHierarchy                            : loaded 2 times (x 68B)
Class NativePluginLoader$getPlugins                                                   : loaded 2 times (x 150B)
Class [Lorg.objectweb.asm.Type;                                                       : loaded 2 times (x 67B)
Class com.google.common.base.AbstractIterator$State                                   : loaded 2 times (x 77B)
Class org.jetbrains.kotlin.config.LanguageVersionSettings                             : loaded 2 times (x 68B)
Class com.google.common.cache.Weigher                                                 : loaded 2 times (x 68B)
Class com.google.common.base.CharMatcher$NamedFastMatcher                             : loaded 2 times (x 110B)
Class org.gradle.internal.service.ServiceLocator                                      : loaded 2 times (x 68B)
Class org.jetbrains.kotlin.config.MavenComparableVersion                              : loaded 2 times (x 76B)
Class com.google.common.collect.ImmutableRangeSet$1                                   : loaded 2 times (x 169B)
Class com.google.common.util.concurrent.SettableFuture                                : loaded 2 times (x 95B)
Class com.google.common.collect.ImmutableMapEntry                                     : loaded 2 times (x 83B)
Class com.google.common.reflect.Types$ParameterizedTypeImpl                           : loaded 2 times (x 79B)
Class com.google.common.base.CharMatcher$Invisible                                    : loaded 2 times (x 110B)
Class com.google.common.base.Joiner$1                                                 : loaded 2 times (x 78B)
Class com.google.common.base.Joiner$2                                                 : loaded 2 times (x 77B)
Class com.google.common.reflect.Types$JavaVersion$1                                   : loaded 2 times (x 81B)
Class com.google.common.base.CharMatcher$FastMatcher                                  : loaded 2 times (x 109B)
Class com.google.common.reflect.Types$JavaVersion$2                                   : loaded 2 times (x 81B)
Class [Lorg.jetbrains.kotlin.config.LanguageVersion;                                  : loaded 2 times (x 67B)
Class com.google.common.reflect.Types$JavaVersion$3                                   : loaded 2 times (x 81B)
Class org.gradle.internal.classpath.DefaultClassPath$ImmutableUniqueList              : loaded 2 times (x 159B)
Class com.google.common.reflect.Types$JavaVersion$4                                   : loaded 2 times (x 81B)
Class com.google.common.reflect.Types$JavaVersion$5                                   : loaded 2 times (x 69B)
Class com.google.common.base.CharMatcher$JavaLetter                                   : loaded 2 times (x 109B)
Class com.google.common.collect.MapDifference                                         : loaded 2 times (x 68B)
Class com.google.common.reflect.TypeToken$SimpleTypeToken                             : loaded 2 times (x 71B)
Class com.google.common.collect.Sets$1                                                : loaded 2 times (x 137B)
Class com.google.common.collect.Sets$2                                                : loaded 2 times (x 137B)
Class com.google.common.util.concurrent.AbstractFuture$Trusted                        : loaded 2 times (x 68B)
Class com.google.common.collect.Sets$3                                                : loaded 2 times (x 137B)
Class com.google.common.collect.Sets$4                                                : loaded 2 times (x 137B)
Class com.google.common.reflect.Types$NativeTypeVariableEquals                        : loaded 2 times (x 69B)
Class org.objectweb.asm.MethodWriter                                                  : loaded 2 times (x 103B)
Class com.google.common.collect.Platform                                              : loaded 2 times (x 69B)
Class com.google.common.collect.ImmutableAsList                                       : loaded 2 times (x 169B)
Class com.google.common.util.concurrent.ExecutionError                                : loaded 2 times (x 80B)
Class com.google.common.base.Equivalence$Identity                                     : loaded 2 times (x 80B)
Class com.google.common.base.CharMatcher$AnyOf                                        : loaded 2 times (x 110B)
Class com.google.common.base.CharMatcher$IsEither                                     : loaded 2 times (x 109B)
Class com.google.common.cache.LocalCache                                              : loaded 2 times (x 185B)
Class com.google.common.collect.ImmutableRangeSet$Builder                             : loaded 2 times (x 75B)
Class com.google.common.collect.RegularImmutableList                                  : loaded 2 times (x 172B)
Class com.google.common.util.concurrent.AbstractFuture$UnsafeAtomicHelper$1           : loaded 2 times (x 74B)
Class com.google.common.base.CharMatcher$JavaUpperCase                                : loaded 2 times (x 109B)
Class com.google.common.collect.Multiset                                              : loaded 2 times (x 68B)
Class com.google.common.collect.AbstractMultimap$Entries                              : loaded 2 times (x 118B)
Class com.google.common.reflect.Invokable$ConstructorInvokable                        : loaded 2 times (x 120B)
Class org.objectweb.asm.MethodVisitor                                                 : loaded 2 times (x 102B)
Class com.google.common.collect.NullsLastOrdering                                     : loaded 2 times (x 113B)
Class com.google.common.collect.AbstractMapBasedMultimap$KeySet$1                     : loaded 2 times (x 80B)
Class com.google.common.collect.ImmutableMapEntry$NonTerminalImmutableMapEntry        : loaded 2 times (x 83B)
Class com.google.common.collect.AbstractMapBasedMultimap                              : loaded 2 times (x 137B)


---------------  S Y S T E M  ---------------

OS:
 Windows 10 , 64 bit Build 19041 (10.0.19041.4842)
OS uptime: 0 days 15:24 hours

CPU: total 12 (initial active 12) (12 cores per cpu, 2 threads per core) family 23 model 8 stepping 2 microcode 0x0, cx8, cmov, fxsr, ht, mmx, 3dnowpref, sse, sse2, sse3, ssse3, sse4a, sse4.1, sse4.2, popcnt, lzcnt, tsc, tscinvbit, avx, avx2, aes, clmul, bmi1, bmi2, adx, sha, fma, vzeroupper, clflush, clflushopt
Processor Information for all 12 processors :
  Max Mhz: 3200, Current Mhz: 3200, Mhz Limit: 3200

Memory: 4k page, system-wide physical 16308M (3816M free)
TotalPageFile size 18356M (AvailPageFile size 18M)
current process WorkingSet (physical memory assigned to process): 554M, peak: 560M
current process commit charge ("private bytes"): 598M, peak: 619M

vm_info: OpenJDK 64-Bit Server VM (17.0.11+0--11852314) for windows-amd64 JRE (17.0.11+0--11852314), built on May 16 2024 21:29:20 by "androidbuild" with MS VC++ 16.10 / 16.11 (VS2019)

END.
