#
# There is insufficient memory for the Java Runtime Environment to continue.
# Native memory allocation (mmap) failed to map 18153472 bytes. Error detail: G1 virtual space
# Possible reasons:
#   The system is out of physical RAM or swap space
#   This process is running with CompressedOops enabled, and the Java Heap may be blocking the growth of the native heap
# Possible solutions:
#   Reduce memory load on the system
#   Increase physical memory or swap space
#   Check if swap backing store is full
#   Decrease Java heap size (-Xmx/-Xms)
#   Decrease number of Java threads
#   Decrease Java thread stack sizes (-Xss)
#   Set larger code cache with -XX:ReservedCodeCacheSize=
#   JVM is running with Zero Based Compressed Oops mode in which the Java heap is
#     placed in the first 32GB address space. The Java Heap base address is the
#     maximum limit for the native heap growth. Please use -XX:HeapBaseMinAddress
#     to set the Java Heap base and to place the Java Heap above 32GB virtual address.
# This output file may be truncated or incomplete.
#
#  Out of Memory Error (os_windows.cpp:3825), pid=13208, tid=11780
#
# JRE version: OpenJDK Runtime Environment (17.0.11) (build 17.0.11+0--11852314)
# Java VM: OpenJDK 64-Bit Server VM (17.0.11+0--11852314, mixed mode, tiered, compressed oops, compressed class ptrs, g1 gc, windows-amd64)
# No core dump will be written. Minidumps are not enabled by default on client versions of Windows
#

---------------  S U M M A R Y ------------

Command Line: -XX:MaxMetaspaceSize=2G -XX:+HeapDumpOnOutOfMemoryError --add-opens=java.base/java.util=ALL-UNNAMED --add-opens=java.base/java.lang=ALL-UNNAMED --add-opens=java.base/java.lang.invoke=ALL-UNNAMED --add-opens=java.prefs/java.util.prefs=ALL-UNNAMED --add-opens=java.base/java.nio.charset=ALL-UNNAMED --add-opens=java.base/java.net=ALL-UNNAMED --add-opens=java.base/java.util.concurrent.atomic=ALL-UNNAMED -Xmx4G -Dfile.encoding=windows-1252 -Duser.country=BR -Duser.language=pt -Duser.variant org.gradle.launcher.daemon.bootstrap.GradleDaemon 7.6.3

Host: AMD Ryzen 5 1600 Six-Core Processor            , 12 cores, 15G,  Windows 10 , 64 bit Build 19041 (10.0.19041.4842)
Time: Sat Sep 21 22:10:51 2024 Hora oficial do Brasil elapsed time: 2426.413087 seconds (0d 0h 40m 26s)

---------------  T H R E A D  ---------------

Current thread (0x000002aeca425050):  VMThread "VM Thread" [stack: 0x000000f372c00000,0x000000f372d00000] [id=11780]

Stack: [0x000000f372c00000,0x000000f372d00000]
Native frames: (J=compiled Java code, j=interpreted, Vv=VM code, C=native code)
V  [jvm.dll+0x687bb9]
V  [jvm.dll+0x84142a]
V  [jvm.dll+0x8430ae]
V  [jvm.dll+0x843713]
V  [jvm.dll+0x24a35f]
V  [jvm.dll+0x684989]
V  [jvm.dll+0x67923a]
V  [jvm.dll+0x30af0b]
V  [jvm.dll+0x3123b6]
V  [jvm.dll+0x361e28]
V  [jvm.dll+0x36202f]
V  [jvm.dll+0x2e0d38]
V  [jvm.dll+0x2df144]
V  [jvm.dll+0x2de74c]
V  [jvm.dll+0x32305b]
V  [jvm.dll+0x847e0b]
V  [jvm.dll+0x848b42]
V  [jvm.dll+0x84905d]
V  [jvm.dll+0x849434]
V  [jvm.dll+0x849500]
V  [jvm.dll+0x7efa4a]
V  [jvm.dll+0x686a35]
C  [ucrtbase.dll+0x21bb2]
C  [KERNEL32.DLL+0x17374]
C  [ntdll.dll+0x4cc91]

VM_Operation (0x000000f30b8fdfd0): G1CollectForAllocation, mode: safepoint, requested by thread 0x000002aed53453d0


---------------  P R O C E S S  ---------------

Threads class SMR info:
_java_thread_list=0x000002aed49f1de0, length=220, elements={
0x000002aeab3d2ae0, 0x000002aeca427a60, 0x000002aeca4287f0, 0x000002aeca4324e0,
0x000002aeca433ec0, 0x000002aeca479400, 0x000002aeca479cd0, 0x000002aeca47a8d0,
0x000002aeca47cd10, 0x000002aeca498930, 0x000002aeca632040, 0x000002aeca632d30,
0x000002aecff27610, 0x000002aed06ac3e0, 0x000002aed028d2b0, 0x000002aed0fa3330,
0x000002aed0fa2400, 0x000002aed0fa3840, 0x000002aed0fa0fc0, 0x000002aed0fa1ef0,
0x000002aed0fa4c80, 0x000002aed0fa4260, 0x000002aed0fa5190, 0x000002aed0fa0090,
0x000002aed0fa14d0, 0x000002aed21236e0, 0x000002aed2121370, 0x000002aed211c780,
0x000002aed451edb0, 0x000002aed4520700, 0x000002aed451a6d0, 0x000002aed4520c10,
0x000002aed4521120, 0x000002aed451b0f0, 0x000002aed4519cb0, 0x000002aed4521630,
0x000002aed1790df0, 0x000002aedcd804d0, 0x000002aedb878270, 0x000002aed4523c10,
0x000002aed4522ce0, 0x000002aedb8791a0, 0x000002aedcd7eee0, 0x000002aedc504da0,
0x000002aedb8796b0, 0x000002aed451cf50, 0x000002aed451f2c0, 0x000002aed451f7d0,
0x000002aedb877d60, 0x000002aed3301f40, 0x000002aed3303380, 0x000002aed3303da0,
0x000002aed33042b0, 0x000002aed33047c0, 0x000002aed3301010, 0x000002aed3301520,
0x000002aed3302960, 0x000002aed3302450, 0x000002aed178fec0, 0x000002aed1791300,
0x000002aed178ea80, 0x000002aed178ef90, 0x000002aed178f4a0, 0x000002aed17903d0,
0x000002aed4525f80, 0x000002aed4524120, 0x000002aed4524630, 0x000002aed4526490,
0x000002aed4524b40, 0x000002aed3144650, 0x000002aed3143720, 0x000002aed31422e0,
0x000002aed3140ea0, 0x000002aed31413b0, 0x000002aed31418c0, 0x000002aed3141dd0,
0x000002aed31427f0, 0x000002aed3143c30, 0x000002aed3142d00, 0x000002aed4525560,
0x000002aed3143210, 0x000002aedbbd0b00, 0x000002aedbbd1520, 0x000002aedbbd1a30,
0x000002aedabe1da0, 0x000002aedabe2cd0, 0x000002aedabe4110, 0x000002aedabe31e0,
0x000002aedabe0e70, 0x000002aedabe36f0, 0x000002aedabe4620, 0x000002aedabe1380,
0x000002aedabe3c00, 0x000002aedabe1890, 0x000002aedabe22b0, 0x000002aedabe27c0,
0x000002aedbe33470, 0x000002aedbe35cf0, 0x000002aedbe343a0, 0x000002aedbe357e0,
0x000002aedbe33e90, 0x000002aedbe36200, 0x000002aedbe352d0, 0x000002aedbe36710,
0x000002aedbe32f60, 0x000002aedbe33980, 0x000002aedbe348b0, 0x000002aedbe34dc0,
0x000002aed1831140, 0x000002aed1831650, 0x000002aed1831b60, 0x000002aed1830c30,
0x000002aed1832fa0, 0x000002aed1832a90, 0x000002aed1832070, 0x000002aed18343e0,
0x000002aed1832580, 0x000002aed18334b0, 0x000002aed18339c0, 0x000002aedcd7dfb0,
0x000002aedcd7f900, 0x000002aedcd7e4c0, 0x000002aedcd7f3f0, 0x000002aedcd7e9d0,
0x000002aedcd809e0, 0x000002aedcd7ffc0, 0x000002aed15a7c90, 0x000002aed15aaa20,
0x000002aed15a90d0, 0x000002aed15a81a0, 0x000002aed15aa000, 0x000002aed15aaf30,
0x000002aed15a86b0, 0x000002aed15ab440, 0x000002aed1791810, 0x000002aed178e060,
0x000002aed178e570, 0x000002aed178f9b0, 0x000002aed301da20, 0x000002aed301c0d0,
0x000002aed301d510, 0x000002aed301caf0, 0x000002aed301d000, 0x000002aed55739d0,
0x000002aed55734c0, 0x000002aed5572590, 0x000002aed5571660, 0x000002aed5570c40,
0x000002aed5572aa0, 0x000002aed5573ee0, 0x000002aed5572fb0, 0x000002aed55743f0,
0x000002aed5572080, 0x000002aed5571b70, 0x000002aedbd2b860, 0x000002aedbd2c790,
0x000002aedbd2eb00, 0x000002aedbd2c280, 0x000002aedbd2cca0, 0x000002aedbd2bd70,
0x000002aedbd2d1b0, 0x000002aedbd2b350, 0x000002aedbd2e0e0, 0x000002aedbd2d6c0,
0x000002aedbd2dbd0, 0x000002aed4525a70, 0x000002aed45231f0, 0x000002aed4523700,
0x000002aed427c810, 0x000002aed427cd20, 0x000002aed427d230, 0x000002aed427b8e0,
0x000002aed427bdf0, 0x000002aed427c300, 0x000002aecfbc4040, 0x000002aecfbc5990,
0x000002aecfbc4550, 0x000002aecfbc68c0, 0x000002aecfbc5ea0, 0x000002aecfbc4a60,
0x000002aecfbc4f70, 0x000002aecfbc6dd0, 0x000002aecfbc5480, 0x000002aecfbc63b0,
0x000002aecfbc72e0, 0x000002aecfbc77f0, 0x000002aeda1cae80, 0x000002aeda1cd1f0,
0x000002aeda1cb390, 0x000002aeda1ca970, 0x000002aedbd2e5f0, 0x000002aedc504380,
0x000002aed15a8bc0, 0x000002aed451e390, 0x000002aed451ca40, 0x000002aedba40090,
0x000002aedba405a0, 0x000002aedc5052b0, 0x000002aed3c40fa0, 0x000002aedba3ec50,
0x000002aedbb6d7f0, 0x000002aedbb6c3b0, 0x000002aedbb6dd00, 0x000002aed3301a30,
0x000002aedbb6d2e0, 0x000002aedb5805b0, 0x000002aed3302e70, 0x000002aedb878c90,
0x000002aed458d530, 0x000002aeda1cc2c0, 0x000002aed148fbd0, 0x000002aed5571150,
0x000002aed0906990, 0x000002aed09039c0, 0x000002aed5346810, 0x000002aed451bb10,
0x000002aed53453d0, 0x000002aeda1cc7d0, 0x000002aed13254a0, 0x000002aed451de80
}

Java Threads: ( => current thread )
  0x000002aeab3d2ae0 JavaThread "main" [_thread_blocked, id=12480, stack(0x000000f372600000,0x000000f372700000)]
  0x000002aeca427a60 JavaThread "Reference Handler" daemon [_thread_blocked, id=8008, stack(0x000000f372d00000,0x000000f372e00000)]
  0x000002aeca4287f0 JavaThread "Finalizer" daemon [_thread_blocked, id=1492, stack(0x000000f372e00000,0x000000f372f00000)]
  0x000002aeca4324e0 JavaThread "Signal Dispatcher" daemon [_thread_blocked, id=4112, stack(0x000000f372f00000,0x000000f373000000)]
  0x000002aeca433ec0 JavaThread "Attach Listener" daemon [_thread_blocked, id=12192, stack(0x000000f373000000,0x000000f373100000)]
  0x000002aeca479400 JavaThread "Service Thread" daemon [_thread_blocked, id=1428, stack(0x000000f373100000,0x000000f373200000)]
  0x000002aeca479cd0 JavaThread "Monitor Deflation Thread" daemon [_thread_blocked, id=13180, stack(0x000000f373200000,0x000000f373300000)]
  0x000002aeca47a8d0 JavaThread "C2 CompilerThread0" daemon [_thread_blocked, id=13300, stack(0x000000f373300000,0x000000f373400000)]
  0x000002aeca47cd10 JavaThread "C1 CompilerThread0" daemon [_thread_blocked, id=9344, stack(0x000000f373400000,0x000000f373500000)]
  0x000002aeca498930 JavaThread "Sweeper thread" daemon [_thread_blocked, id=7428, stack(0x000000f373500000,0x000000f373600000)]
  0x000002aeca632040 JavaThread "Common-Cleaner" daemon [_thread_blocked, id=2316, stack(0x000000f373600000,0x000000f373700000)]
  0x000002aeca632d30 JavaThread "Notification Thread" daemon [_thread_blocked, id=1332, stack(0x000000f373700000,0x000000f373800000)]
  0x000002aecff27610 JavaThread "Daemon health stats" [_thread_blocked, id=13104, stack(0x000000f373a00000,0x000000f373b00000)]
  0x000002aed06ac3e0 JavaThread "Incoming local TCP Connector on port 50309" [_thread_in_native, id=11360, stack(0x000000f374000000,0x000000f374100000)]
  0x000002aed028d2b0 JavaThread "Daemon periodic checks" [_thread_blocked, id=12184, stack(0x000000f374100000,0x000000f374200000)]
  0x000002aed0fa3330 JavaThread "Cache worker for journal cache (C:\Users\DAVID\.gradle\caches\journal-1)" [_thread_blocked, id=5060, stack(0x000000f374900000,0x000000f374a00000)]
  0x000002aed0fa2400 JavaThread "File lock request listener" [_thread_in_native, id=2772, stack(0x000000f374a00000,0x000000f374b00000)]
  0x000002aed0fa3840 JavaThread "Cache worker for file hash cache (C:\Users\DAVID\.gradle\caches\7.6.3\fileHashes)" [_thread_blocked, id=7372, stack(0x000000f375100000,0x000000f375200000)]
  0x000002aed0fa0fc0 JavaThread "File watcher server" daemon [_thread_blocked, id=9632, stack(0x000000f375200000,0x000000f375300000)]
  0x000002aed0fa1ef0 JavaThread "File watcher consumer" daemon [_thread_blocked, id=12372, stack(0x000000f375300000,0x000000f375400000)]
  0x000002aed0fa4c80 JavaThread "Cache worker for file content cache (C:\Users\DAVID\.gradle\caches\7.6.3\fileContent)" [_thread_blocked, id=12300, stack(0x000000f375600000,0x000000f375700000)]
  0x000002aed0fa4260 JavaThread "Cache worker for execution history cache (C:\Users\DAVID\.gradle\caches\7.6.3\executionHistory)" [_thread_blocked, id=9544, stack(0x000000f375900000,0x000000f375a00000)]
  0x000002aed0fa5190 JavaThread "jar transforms" [_thread_blocked, id=1804, stack(0x000000f375b00000,0x000000f375c00000)]
  0x000002aed0fa0090 JavaThread "Cache worker for kotlin-dsl (C:\Users\DAVID\.gradle\caches\7.6.3\kotlin-dsl)" [_thread_blocked, id=12212, stack(0x000000f375c00000,0x000000f375d00000)]
  0x000002aed0fa14d0 JavaThread "jar transforms Thread 2" [_thread_blocked, id=2540, stack(0x000000f375d00000,0x000000f375e00000)]
  0x000002aed21236e0 JavaThread "jar transforms Thread 3" [_thread_blocked, id=5416, stack(0x000000f376000000,0x000000f376100000)]
  0x000002aed2121370 JavaThread "Memory manager" [_thread_blocked, id=6980, stack(0x000000f376100000,0x000000f376200000)]
  0x000002aed211c780 JavaThread "jar transforms Thread 4" [_thread_blocked, id=12056, stack(0x000000f376200000,0x000000f376300000)]
  0x000002aed451edb0 JavaThread "jar transforms Thread 5" [_thread_blocked, id=9000, stack(0x000000f37e800000,0x000000f37e900000)]
  0x000002aed4520700 JavaThread "jar transforms Thread 6" [_thread_blocked, id=13056, stack(0x000000f37e900000,0x000000f37ea00000)]
  0x000002aed451a6d0 JavaThread "jar transforms Thread 7" [_thread_blocked, id=1048, stack(0x000000f37ea00000,0x000000f37eb00000)]
  0x000002aed4520c10 JavaThread "jar transforms Thread 8" [_thread_blocked, id=744, stack(0x000000f37eb00000,0x000000f37ec00000)]
  0x000002aed4521120 JavaThread "jar transforms Thread 9" [_thread_blocked, id=9616, stack(0x000000f37ec00000,0x000000f37ed00000)]
  0x000002aed451b0f0 JavaThread "jar transforms Thread 10" [_thread_blocked, id=4860, stack(0x000000f37ed00000,0x000000f37ee00000)]
  0x000002aed4519cb0 JavaThread "jar transforms Thread 11" [_thread_blocked, id=5900, stack(0x000000f37ee00000,0x000000f37ef00000)]
  0x000002aed4521630 JavaThread "jar transforms Thread 12" [_thread_blocked, id=6844, stack(0x000000f37ef00000,0x000000f37f000000)]
  0x000002aed1790df0 JavaThread "ForkJoinPool.commonPool-worker-28" daemon [_thread_blocked, id=6952, stack(0x000000f30a100000,0x000000f30a200000)]
  0x000002aedcd804d0 JavaThread "ForkJoinPool.commonPool-worker-29" daemon [_thread_blocked, id=2244, stack(0x000000f30a200000,0x000000f30a300000)]
  0x000002aedb878270 JavaThread "ForkJoinPool.commonPool-worker-37" daemon [_thread_blocked, id=12812, stack(0x000000f309f00000,0x000000f30a000000)]
  0x000002aed4523c10 JavaThread "ForkJoinPool.commonPool-worker-38" daemon [_thread_blocked, id=9580, stack(0x000000f30a000000,0x000000f30a100000)]
  0x000002aed4522ce0 JavaThread "ForkJoinPool.commonPool-worker-40" daemon [_thread_blocked, id=12204, stack(0x000000f30a400000,0x000000f30a500000)]
  0x000002aedb8791a0 JavaThread "ForkJoinPool.commonPool-worker-41" daemon [_thread_blocked, id=11488, stack(0x000000f30a500000,0x000000f30a600000)]
  0x000002aedcd7eee0 JavaThread "ForkJoinPool.commonPool-worker-42" daemon [_thread_blocked, id=7412, stack(0x000000f30a600000,0x000000f30a700000)]
  0x000002aedc504da0 JavaThread "ForkJoinPool.commonPool-worker-43" daemon [_thread_blocked, id=12248, stack(0x000000f30a700000,0x000000f30a800000)]
  0x000002aedb8796b0 JavaThread "Daemon Thread 6" [_thread_blocked, id=8360, stack(0x000000f300000000,0x000000f300100000)]
  0x000002aed451cf50 JavaThread "Handler for socket connection from /127.0.0.1:50309 to /127.0.0.1:54353" [_thread_in_native, id=8820, stack(0x000000f300100000,0x000000f300200000)]
  0x000002aed451f2c0 JavaThread "Cancel handler" [_thread_blocked, id=8224, stack(0x000000f300200000,0x000000f300300000)]
  0x000002aed451f7d0 JavaThread "Daemon worker Thread 6" [_thread_blocked, id=8184, stack(0x000000f300300000,0x000000f300400000)]
  0x000002aedb877d60 JavaThread "Asynchronous log dispatcher for DefaultDaemonConnection: socket connection from /127.0.0.1:50309 to /127.0.0.1:54353" [_thread_blocked, id=3028, stack(0x000000f300400000,0x000000f300500000)]
  0x000002aed3301f40 JavaThread "Stdin handler" [_thread_blocked, id=6868, stack(0x000000f300500000,0x000000f300600000)]
  0x000002aed3303380 JavaThread "Daemon client event forwarder" [_thread_blocked, id=1216, stack(0x000000f300600000,0x000000f300700000)]
  0x000002aed3303da0 JavaThread "Cache worker for checksums cache (D:\DOCUMENTOS\PROJETO_FLUTTER\dmega\android\.gradle\7.6.3\checksums)" [_thread_blocked, id=8240, stack(0x000000f300700000,0x000000f300800000)]
  0x000002aed33042b0 JavaThread "Cache worker for cache directory md-rule (C:\Users\DAVID\.gradle\caches\7.6.3\md-rule)" [_thread_blocked, id=8348, stack(0x000000f300800000,0x000000f300900000)]
  0x000002aed33047c0 JavaThread "Cache worker for file hash cache (D:\DOCUMENTOS\PROJETO_FLUTTER\dmega\android\.gradle\7.6.3\fileHashes)" [_thread_blocked, id=9284, stack(0x000000f300900000,0x000000f300a00000)]
  0x000002aed3301010 JavaThread "Cache worker for cache directory md-supplier (C:\Users\DAVID\.gradle\caches\7.6.3\md-supplier)" [_thread_blocked, id=4068, stack(0x000000f300a00000,0x000000f300b00000)]
  0x000002aed3301520 JavaThread "Cache worker for dependencies-accessors (D:\DOCUMENTOS\PROJETO_FLUTTER\dmega\android\.gradle\7.6.3\dependencies-accessors)" [_thread_blocked, id=11724, stack(0x000000f300b00000,0x000000f300c00000)]
  0x000002aed3302960 JavaThread "Cache worker for Build Output Cleanup Cache (C:\src\flutter\packages\flutter_tools\gradle\.gradle\buildOutputCleanup)" [_thread_blocked, id=9836, stack(0x000000f300c00000,0x000000f300d00000)]
  0x000002aed3302450 JavaThread "included builds" [_thread_blocked, id=4072, stack(0x000000f300e00000,0x000000f300f00000)]
  0x000002aed178fec0 JavaThread "Execution worker" [_thread_blocked, id=7852, stack(0x000000f300f00000,0x000000f301000000)]
  0x000002aed1791300 JavaThread "Execution worker Thread 2" [_thread_blocked, id=2392, stack(0x000000f301000000,0x000000f301100000)]
  0x000002aed178ea80 JavaThread "Execution worker Thread 3" [_thread_blocked, id=5876, stack(0x000000f301100000,0x000000f301200000)]
  0x000002aed178ef90 JavaThread "Execution worker Thread 4" [_thread_blocked, id=8148, stack(0x000000f301200000,0x000000f301300000)]
  0x000002aed178f4a0 JavaThread "Execution worker Thread 5" [_thread_blocked, id=9268, stack(0x000000f301300000,0x000000f301400000)]
  0x000002aed17903d0 JavaThread "Execution worker Thread 6" [_thread_blocked, id=7608, stack(0x000000f301400000,0x000000f301500000)]
  0x000002aed4525f80 JavaThread "Execution worker Thread 7" [_thread_blocked, id=8656, stack(0x000000f301500000,0x000000f301600000)]
  0x000002aed4524120 JavaThread "Execution worker Thread 8" [_thread_blocked, id=7768, stack(0x000000f301600000,0x000000f301700000)]
  0x000002aed4524630 JavaThread "Execution worker Thread 9" [_thread_blocked, id=7408, stack(0x000000f301700000,0x000000f301800000)]
  0x000002aed4526490 JavaThread "Execution worker Thread 10" [_thread_blocked, id=9824, stack(0x000000f301800000,0x000000f301900000)]
  0x000002aed4524b40 JavaThread "Execution worker Thread 11" [_thread_blocked, id=6132, stack(0x000000f301900000,0x000000f301a00000)]
  0x000002aed3144650 JavaThread "Cache worker for execution history cache (C:\src\flutter\packages\flutter_tools\gradle\.gradle\7.6.3\executionHistory)" [_thread_blocked, id=560, stack(0x000000f301a00000,0x000000f301b00000)]
  0x000002aed3143720 JavaThread "Unconstrained build operations" [_thread_blocked, id=13240, stack(0x000000f301b00000,0x000000f301c00000)]
  0x000002aed31422e0 JavaThread "Unconstrained build operations Thread 2" [_thread_blocked, id=7016, stack(0x000000f301c00000,0x000000f301d00000)]
  0x000002aed3140ea0 JavaThread "Unconstrained build operations Thread 3" [_thread_blocked, id=3752, stack(0x000000f301d00000,0x000000f301e00000)]
  0x000002aed31413b0 JavaThread "Unconstrained build operations Thread 4" [_thread_blocked, id=4064, stack(0x000000f301e00000,0x000000f301f00000)]
  0x000002aed31418c0 JavaThread "Unconstrained build operations Thread 5" [_thread_blocked, id=6208, stack(0x000000f301f00000,0x000000f302000000)]
  0x000002aed3141dd0 JavaThread "Unconstrained build operations Thread 6" [_thread_blocked, id=9988, stack(0x000000f302000000,0x000000f302100000)]
  0x000002aed31427f0 JavaThread "Unconstrained build operations Thread 7" [_thread_blocked, id=11012, stack(0x000000f302100000,0x000000f302200000)]
  0x000002aed3143c30 JavaThread "Unconstrained build operations Thread 8" [_thread_blocked, id=7612, stack(0x000000f302200000,0x000000f302300000)]
  0x000002aed3142d00 JavaThread "Unconstrained build operations Thread 9" [_thread_blocked, id=2352, stack(0x000000f302300000,0x000000f302400000)]
  0x000002aed4525560 JavaThread "Unconstrained build operations Thread 10" [_thread_blocked, id=3936, stack(0x000000f302400000,0x000000f302500000)]
  0x000002aed3143210 JavaThread "Unconstrained build operations Thread 11" [_thread_blocked, id=888, stack(0x000000f302500000,0x000000f302600000)]
  0x000002aedbbd0b00 JavaThread "Unconstrained build operations Thread 12" [_thread_blocked, id=1664, stack(0x000000f302600000,0x000000f302700000)]
  0x000002aedbbd1520 JavaThread "Unconstrained build operations Thread 13" [_thread_blocked, id=2752, stack(0x000000f302700000,0x000000f302800000)]
  0x000002aedbbd1a30 JavaThread "Unconstrained build operations Thread 14" [_thread_blocked, id=8032, stack(0x000000f302800000,0x000000f302900000)]
  0x000002aedabe1da0 JavaThread "Unconstrained build operations Thread 15" [_thread_blocked, id=6164, stack(0x000000f302900000,0x000000f302a00000)]
  0x000002aedabe2cd0 JavaThread "Unconstrained build operations Thread 16" [_thread_blocked, id=3948, stack(0x000000f302a00000,0x000000f302b00000)]
  0x000002aedabe4110 JavaThread "Unconstrained build operations Thread 17" [_thread_blocked, id=7528, stack(0x000000f302b00000,0x000000f302c00000)]
  0x000002aedabe31e0 JavaThread "Unconstrained build operations Thread 18" [_thread_blocked, id=8476, stack(0x000000f302c00000,0x000000f302d00000)]
  0x000002aedabe0e70 JavaThread "Unconstrained build operations Thread 19" [_thread_blocked, id=6880, stack(0x000000f302d00000,0x000000f302e00000)]
  0x000002aedabe36f0 JavaThread "Unconstrained build operations Thread 20" [_thread_blocked, id=8744, stack(0x000000f302e00000,0x000000f302f00000)]
  0x000002aedabe4620 JavaThread "Unconstrained build operations Thread 21" [_thread_blocked, id=2820, stack(0x000000f302f00000,0x000000f303000000)]
  0x000002aedabe1380 JavaThread "Unconstrained build operations Thread 22" [_thread_blocked, id=7592, stack(0x000000f303000000,0x000000f303100000)]
  0x000002aedabe3c00 JavaThread "Unconstrained build operations Thread 23" [_thread_blocked, id=7204, stack(0x000000f303100000,0x000000f303200000)]
  0x000002aedabe1890 JavaThread "Unconstrained build operations Thread 24" [_thread_blocked, id=12544, stack(0x000000f303200000,0x000000f303300000)]
  0x000002aedabe22b0 JavaThread "Unconstrained build operations Thread 25" [_thread_blocked, id=12180, stack(0x000000f303300000,0x000000f303400000)]
  0x000002aedabe27c0 JavaThread "Unconstrained build operations Thread 26" [_thread_blocked, id=10032, stack(0x000000f303400000,0x000000f303500000)]
  0x000002aedbe33470 JavaThread "Unconstrained build operations Thread 27" [_thread_blocked, id=6604, stack(0x000000f303500000,0x000000f303600000)]
  0x000002aedbe35cf0 JavaThread "Unconstrained build operations Thread 28" [_thread_blocked, id=3544, stack(0x000000f303600000,0x000000f303700000)]
  0x000002aedbe343a0 JavaThread "Unconstrained build operations Thread 29" [_thread_blocked, id=9468, stack(0x000000f303700000,0x000000f303800000)]
  0x000002aedbe357e0 JavaThread "Unconstrained build operations Thread 30" [_thread_blocked, id=5672, stack(0x000000f303800000,0x000000f303900000)]
  0x000002aedbe33e90 JavaThread "Unconstrained build operations Thread 31" [_thread_blocked, id=7896, stack(0x000000f303900000,0x000000f303a00000)]
  0x000002aedbe36200 JavaThread "Unconstrained build operations Thread 32" [_thread_blocked, id=12156, stack(0x000000f303a00000,0x000000f303b00000)]
  0x000002aedbe352d0 JavaThread "Unconstrained build operations Thread 33" [_thread_blocked, id=8340, stack(0x000000f303b00000,0x000000f303c00000)]
  0x000002aedbe36710 JavaThread "Unconstrained build operations Thread 34" [_thread_blocked, id=2928, stack(0x000000f303c00000,0x000000f303d00000)]
  0x000002aedbe32f60 JavaThread "Unconstrained build operations Thread 35" [_thread_blocked, id=5776, stack(0x000000f303d00000,0x000000f303e00000)]
  0x000002aedbe33980 JavaThread "Unconstrained build operations Thread 36" [_thread_blocked, id=6084, stack(0x000000f303e00000,0x000000f303f00000)]
  0x000002aedbe348b0 JavaThread "Unconstrained build operations Thread 37" [_thread_blocked, id=10116, stack(0x000000f303f00000,0x000000f304000000)]
  0x000002aedbe34dc0 JavaThread "Unconstrained build operations Thread 38" [_thread_blocked, id=9880, stack(0x000000f304000000,0x000000f304100000)]
  0x000002aed1831140 JavaThread "Unconstrained build operations Thread 39" [_thread_blocked, id=10144, stack(0x000000f304100000,0x000000f304200000)]
  0x000002aed1831650 JavaThread "Unconstrained build operations Thread 40" [_thread_blocked, id=1108, stack(0x000000f304200000,0x000000f304300000)]
  0x000002aed1831b60 JavaThread "Unconstrained build operations Thread 41" [_thread_blocked, id=6840, stack(0x000000f304300000,0x000000f304400000)]
  0x000002aed1830c30 JavaThread "Unconstrained build operations Thread 42" [_thread_blocked, id=8840, stack(0x000000f304400000,0x000000f304500000)]
  0x000002aed1832fa0 JavaThread "Unconstrained build operations Thread 43" [_thread_blocked, id=5584, stack(0x000000f304500000,0x000000f304600000)]
  0x000002aed1832a90 JavaThread "Unconstrained build operations Thread 44" [_thread_blocked, id=9504, stack(0x000000f304600000,0x000000f304700000)]
  0x000002aed1832070 JavaThread "Unconstrained build operations Thread 45" [_thread_blocked, id=7356, stack(0x000000f304700000,0x000000f304800000)]
  0x000002aed18343e0 JavaThread "Unconstrained build operations Thread 46" [_thread_blocked, id=9388, stack(0x000000f304800000,0x000000f304900000)]
  0x000002aed1832580 JavaThread "Unconstrained build operations Thread 47" [_thread_blocked, id=2664, stack(0x000000f304900000,0x000000f304a00000)]
  0x000002aed18334b0 JavaThread "Unconstrained build operations Thread 48" [_thread_blocked, id=13148, stack(0x000000f304a00000,0x000000f304b00000)]
  0x000002aed18339c0 JavaThread "Unconstrained build operations Thread 49" [_thread_blocked, id=9928, stack(0x000000f304b00000,0x000000f304c00000)]
  0x000002aedcd7dfb0 JavaThread "Unconstrained build operations Thread 50" [_thread_blocked, id=7440, stack(0x000000f304c00000,0x000000f304d00000)]
  0x000002aedcd7f900 JavaThread "Unconstrained build operations Thread 51" [_thread_blocked, id=5520, stack(0x000000f304d00000,0x000000f304e00000)]
  0x000002aedcd7e4c0 JavaThread "Unconstrained build operations Thread 52" [_thread_blocked, id=8480, stack(0x000000f304e00000,0x000000f304f00000)]
  0x000002aedcd7f3f0 JavaThread "Unconstrained build operations Thread 53" [_thread_blocked, id=3008, stack(0x000000f304f00000,0x000000f305000000)]
  0x000002aedcd7e9d0 JavaThread "Unconstrained build operations Thread 54" [_thread_blocked, id=11236, stack(0x000000f305000000,0x000000f305100000)]
  0x000002aedcd809e0 JavaThread "Unconstrained build operations Thread 55" [_thread_blocked, id=8324, stack(0x000000f305100000,0x000000f305200000)]
  0x000002aedcd7ffc0 JavaThread "Unconstrained build operations Thread 56" [_thread_blocked, id=9220, stack(0x000000f305200000,0x000000f305300000)]
  0x000002aed15a7c90 JavaThread "Unconstrained build operations Thread 57" [_thread_blocked, id=1636, stack(0x000000f305300000,0x000000f305400000)]
  0x000002aed15aaa20 JavaThread "Unconstrained build operations Thread 58" [_thread_blocked, id=1352, stack(0x000000f305400000,0x000000f305500000)]
  0x000002aed15a90d0 JavaThread "Unconstrained build operations Thread 59" [_thread_blocked, id=4416, stack(0x000000f305500000,0x000000f305600000)]
  0x000002aed15a81a0 JavaThread "Unconstrained build operations Thread 60" [_thread_blocked, id=3016, stack(0x000000f305600000,0x000000f305700000)]
  0x000002aed15aa000 JavaThread "Unconstrained build operations Thread 61" [_thread_blocked, id=12400, stack(0x000000f305700000,0x000000f305800000)]
  0x000002aed15aaf30 JavaThread "Unconstrained build operations Thread 62" [_thread_blocked, id=5688, stack(0x000000f305800000,0x000000f305900000)]
  0x000002aed15a86b0 JavaThread "Unconstrained build operations Thread 63" [_thread_blocked, id=8484, stack(0x000000f305900000,0x000000f305a00000)]
  0x000002aed15ab440 JavaThread "Unconstrained build operations Thread 64" [_thread_blocked, id=8160, stack(0x000000f305a00000,0x000000f305b00000)]
  0x000002aed1791810 JavaThread "Unconstrained build operations Thread 65" [_thread_blocked, id=8276, stack(0x000000f305b00000,0x000000f305c00000)]
  0x000002aed178e060 JavaThread "Unconstrained build operations Thread 66" [_thread_blocked, id=13164, stack(0x000000f305c00000,0x000000f305d00000)]
  0x000002aed178e570 JavaThread "Unconstrained build operations Thread 67" [_thread_blocked, id=9524, stack(0x000000f305d00000,0x000000f305e00000)]
  0x000002aed178f9b0 JavaThread "Unconstrained build operations Thread 68" [_thread_blocked, id=12324, stack(0x000000f305e00000,0x000000f305f00000)]
  0x000002aed301da20 JavaThread "Unconstrained build operations Thread 69" [_thread_blocked, id=5884, stack(0x000000f305f00000,0x000000f306000000)]
  0x000002aed301c0d0 JavaThread "Unconstrained build operations Thread 70" [_thread_blocked, id=7424, stack(0x000000f306000000,0x000000f306100000)]
  0x000002aed301d510 JavaThread "Unconstrained build operations Thread 71" [_thread_blocked, id=4864, stack(0x000000f306100000,0x000000f306200000)]
  0x000002aed301caf0 JavaThread "Unconstrained build operations Thread 72" [_thread_blocked, id=10708, stack(0x000000f306200000,0x000000f306300000)]
  0x000002aed301d000 JavaThread "Unconstrained build operations Thread 73" [_thread_blocked, id=2964, stack(0x000000f306300000,0x000000f306400000)]
  0x000002aed55739d0 JavaThread "Unconstrained build operations Thread 74" [_thread_blocked, id=7488, stack(0x000000f306400000,0x000000f306500000)]
  0x000002aed55734c0 JavaThread "Unconstrained build operations Thread 75" [_thread_blocked, id=6640, stack(0x000000f306500000,0x000000f306600000)]
  0x000002aed5572590 JavaThread "Unconstrained build operations Thread 76" [_thread_blocked, id=7892, stack(0x000000f306600000,0x000000f306700000)]
  0x000002aed5571660 JavaThread "Unconstrained build operations Thread 77" [_thread_blocked, id=4028, stack(0x000000f306700000,0x000000f306800000)]
  0x000002aed5570c40 JavaThread "Unconstrained build operations Thread 78" [_thread_blocked, id=8428, stack(0x000000f306800000,0x000000f306900000)]
  0x000002aed5572aa0 JavaThread "Unconstrained build operations Thread 79" [_thread_blocked, id=13092, stack(0x000000f306900000,0x000000f306a00000)]
  0x000002aed5573ee0 JavaThread "Unconstrained build operations Thread 80" [_thread_blocked, id=12064, stack(0x000000f306a00000,0x000000f306b00000)]
  0x000002aed5572fb0 JavaThread "Unconstrained build operations Thread 81" [_thread_blocked, id=7000, stack(0x000000f306b00000,0x000000f306c00000)]
  0x000002aed55743f0 JavaThread "Unconstrained build operations Thread 82" [_thread_blocked, id=9200, stack(0x000000f306c00000,0x000000f306d00000)]
  0x000002aed5572080 JavaThread "Unconstrained build operations Thread 83" [_thread_blocked, id=1592, stack(0x000000f306d00000,0x000000f306e00000)]
  0x000002aed5571b70 JavaThread "Unconstrained build operations Thread 84" [_thread_blocked, id=9316, stack(0x000000f306e00000,0x000000f306f00000)]
  0x000002aedbd2b860 JavaThread "Unconstrained build operations Thread 85" [_thread_blocked, id=2172, stack(0x000000f306f00000,0x000000f307000000)]
  0x000002aedbd2c790 JavaThread "Unconstrained build operations Thread 86" [_thread_blocked, id=9756, stack(0x000000f307000000,0x000000f307100000)]
  0x000002aedbd2eb00 JavaThread "Unconstrained build operations Thread 87" [_thread_blocked, id=8056, stack(0x000000f307100000,0x000000f307200000)]
  0x000002aedbd2c280 JavaThread "Unconstrained build operations Thread 88" [_thread_blocked, id=8172, stack(0x000000f307200000,0x000000f307300000)]
  0x000002aedbd2cca0 JavaThread "Unconstrained build operations Thread 89" [_thread_blocked, id=6228, stack(0x000000f307300000,0x000000f307400000)]
  0x000002aedbd2bd70 JavaThread "Unconstrained build operations Thread 90" [_thread_blocked, id=12712, stack(0x000000f307400000,0x000000f307500000)]
  0x000002aedbd2d1b0 JavaThread "Unconstrained build operations Thread 91" [_thread_blocked, id=8544, stack(0x000000f307500000,0x000000f307600000)]
  0x000002aedbd2b350 JavaThread "Unconstrained build operations Thread 92" [_thread_blocked, id=3864, stack(0x000000f307600000,0x000000f307700000)]
  0x000002aedbd2e0e0 JavaThread "Unconstrained build operations Thread 93" [_thread_blocked, id=6856, stack(0x000000f307700000,0x000000f307800000)]
  0x000002aedbd2d6c0 JavaThread "Unconstrained build operations Thread 94" [_thread_blocked, id=9900, stack(0x000000f307800000,0x000000f307900000)]
  0x000002aedbd2dbd0 JavaThread "Unconstrained build operations Thread 95" [_thread_blocked, id=8732, stack(0x000000f307900000,0x000000f307a00000)]
  0x000002aed4525a70 JavaThread "Unconstrained build operations Thread 96" [_thread_blocked, id=2708, stack(0x000000f307a00000,0x000000f307b00000)]
  0x000002aed45231f0 JavaThread "Unconstrained build operations Thread 97" [_thread_blocked, id=2184, stack(0x000000f307b00000,0x000000f307c00000)]
  0x000002aed4523700 JavaThread "Unconstrained build operations Thread 98" [_thread_blocked, id=7748, stack(0x000000f307c00000,0x000000f307d00000)]
  0x000002aed427c810 JavaThread "Unconstrained build operations Thread 99" [_thread_blocked, id=8264, stack(0x000000f307d00000,0x000000f307e00000)]
  0x000002aed427cd20 JavaThread "Unconstrained build operations Thread 100" [_thread_blocked, id=8604, stack(0x000000f307e00000,0x000000f307f00000)]
  0x000002aed427d230 JavaThread "Unconstrained build operations Thread 101" [_thread_blocked, id=8432, stack(0x000000f307f00000,0x000000f308000000)]
  0x000002aed427b8e0 JavaThread "Unconstrained build operations Thread 102" [_thread_blocked, id=2696, stack(0x000000f308000000,0x000000f308100000)]
  0x000002aed427bdf0 JavaThread "Unconstrained build operations Thread 103" [_thread_blocked, id=4820, stack(0x000000f308100000,0x000000f308200000)]
  0x000002aed427c300 JavaThread "Unconstrained build operations Thread 104" [_thread_blocked, id=8536, stack(0x000000f308200000,0x000000f308300000)]
  0x000002aecfbc4040 JavaThread "Unconstrained build operations Thread 105" [_thread_blocked, id=1628, stack(0x000000f308300000,0x000000f308400000)]
  0x000002aecfbc5990 JavaThread "Unconstrained build operations Thread 106" [_thread_blocked, id=2984, stack(0x000000f308400000,0x000000f308500000)]
  0x000002aecfbc4550 JavaThread "Unconstrained build operations Thread 107" [_thread_blocked, id=10036, stack(0x000000f308500000,0x000000f308600000)]
  0x000002aecfbc68c0 JavaThread "Unconstrained build operations Thread 108" [_thread_blocked, id=6440, stack(0x000000f308600000,0x000000f308700000)]
  0x000002aecfbc5ea0 JavaThread "Unconstrained build operations Thread 109" [_thread_blocked, id=5560, stack(0x000000f308700000,0x000000f308800000)]
  0x000002aecfbc4a60 JavaThread "Unconstrained build operations Thread 110" [_thread_blocked, id=3556, stack(0x000000f308800000,0x000000f308900000)]
  0x000002aecfbc4f70 JavaThread "Unconstrained build operations Thread 111" [_thread_blocked, id=9208, stack(0x000000f308900000,0x000000f308a00000)]
  0x000002aecfbc6dd0 JavaThread "Unconstrained build operations Thread 112" [_thread_blocked, id=7308, stack(0x000000f308a00000,0x000000f308b00000)]
  0x000002aecfbc5480 JavaThread "Unconstrained build operations Thread 113" [_thread_blocked, id=4452, stack(0x000000f308b00000,0x000000f308c00000)]
  0x000002aecfbc63b0 JavaThread "Unconstrained build operations Thread 114" [_thread_blocked, id=7676, stack(0x000000f308c00000,0x000000f308d00000)]
  0x000002aecfbc72e0 JavaThread "Unconstrained build operations Thread 115" [_thread_blocked, id=288, stack(0x000000f308d00000,0x000000f308e00000)]
  0x000002aecfbc77f0 JavaThread "Unconstrained build operations Thread 116" [_thread_blocked, id=5488, stack(0x000000f308e00000,0x000000f308f00000)]
  0x000002aeda1cae80 JavaThread "Unconstrained build operations Thread 117" [_thread_blocked, id=7940, stack(0x000000f308f00000,0x000000f309000000)]
  0x000002aeda1cd1f0 JavaThread "Unconstrained build operations Thread 118" [_thread_blocked, id=7640, stack(0x000000f309000000,0x000000f309100000)]
  0x000002aeda1cb390 JavaThread "Unconstrained build operations Thread 119" [_thread_blocked, id=8936, stack(0x000000f309100000,0x000000f309200000)]
  0x000002aeda1ca970 JavaThread "Unconstrained build operations Thread 120" [_thread_blocked, id=10528, stack(0x000000f309200000,0x000000f309300000)]
  0x000002aedbd2e5f0 JavaThread "Cache worker for Build Output Cleanup Cache (D:\DOCUMENTOS\PROJETO_FLUTTER\dmega\android\.gradle\buildOutputCleanup)" [_thread_blocked, id=4760, stack(0x000000f309400000,0x000000f309500000)]
  0x000002aedc504380 JavaThread "Cache worker for execution history cache (D:\DOCUMENTOS\PROJETO_FLUTTER\dmega\android\.gradle\7.6.3\executionHistory)" [_thread_blocked, id=9184, stack(0x000000f309500000,0x000000f309600000)]
  0x000002aed15a8bc0 JavaThread "Exec process Thread 16" [_thread_blocked, id=8204, stack(0x000000f309900000,0x000000f309a00000)]
  0x000002aed451e390 JavaThread "Exec process Thread 17" [_thread_blocked, id=2968, stack(0x000000f309a00000,0x000000f309b00000)]
  0x000002aed451ca40 JavaThread "Exec process Thread 18" [_thread_blocked, id=2800, stack(0x000000f309b00000,0x000000f309c00000)]
  0x000002aedba40090 JavaThread "WorkerExecutor Queue" [_thread_blocked, id=3972, stack(0x000000f300d00000,0x000000f300e00000)]
  0x000002aedba405a0 JavaThread "WorkerExecutor Queue Thread 2" [_thread_blocked, id=12080, stack(0x000000f309300000,0x000000f309400000)]
  0x000002aedc5052b0 JavaThread "WorkerExecutor Queue Thread 3" [_thread_blocked, id=13052, stack(0x000000f309d00000,0x000000f309e00000)]
  0x000002aed3c40fa0 JavaThread "WorkerExecutor Queue Thread 4" [_thread_blocked, id=4032, stack(0x000000f30a300000,0x000000f30a400000)]
  0x000002aedba3ec50 JavaThread "WorkerExecutor Queue Thread 5" [_thread_blocked, id=6636, stack(0x000000f30aa00000,0x000000f30ab00000)]
  0x000002aedbb6d7f0 JavaThread "WorkerExecutor Queue Thread 6" [_thread_blocked, id=5812, stack(0x000000f30ab00000,0x000000f30ac00000)]
  0x000002aedbb6c3b0 JavaThread "WorkerExecutor Queue Thread 7" [_thread_blocked, id=6184, stack(0x000000f30ac00000,0x000000f30ad00000)]
  0x000002aedbb6dd00 JavaThread "WorkerExecutor Queue Thread 8" [_thread_blocked, id=12440, stack(0x000000f30ad00000,0x000000f30ae00000)]
  0x000002aed3301a30 JavaThread "RMI Scheduler(0)" daemon [_thread_blocked, id=11412, stack(0x000000f309e00000,0x000000f309f00000)]
  0x000002aedbb6d2e0 JavaThread "RMI GC Daemon" daemon [_thread_blocked, id=1728, stack(0x000000f30af00000,0x000000f30b000000)]
  0x000002aedb5805b0 JavaThread "WorkerExecutor Queue Thread 9" [_thread_blocked, id=4948, stack(0x000000f30b000000,0x000000f30b100000)]
  0x000002aed3302e70 JavaThread "RMI TCP Accept-0" daemon [_thread_in_native, id=4556, stack(0x000000f30b100000,0x000000f30b200000)]
  0x000002aedb878c90 JavaThread "RMI Reaper" [_thread_blocked, id=2112, stack(0x000000f30b200000,0x000000f30b300000)]
  0x000002aed458d530 JavaThread "RMI TCP Connection(1)-127.0.0.1" daemon [_thread_in_native, id=1376, stack(0x000000f30b300000,0x000000f30b400000)]
  0x000002aeda1cc2c0 JavaThread "WorkerExecutor Queue Thread 10" [_thread_blocked, id=6620, stack(0x000000f30b400000,0x000000f30b500000)]
  0x000002aed148fbd0 JavaThread "WorkerExecutor Queue Thread 11" [_thread_blocked, id=4356, stack(0x000000f30b500000,0x000000f30b600000)]
  0x000002aed5571150 JavaThread "WorkerExecutor Queue Thread 12" [_thread_blocked, id=8216, stack(0x000000f30ae00000,0x000000f30af00000)]
  0x000002aed0906990 JavaThread "C2 CompilerThread1" daemon [_thread_blocked, id=4504, stack(0x000000f30a800000,0x000000f30a900000)]
  0x000002aed09039c0 JavaThread "C2 CompilerThread2" daemon [_thread_blocked, id=8200, stack(0x000000f30a900000,0x000000f30aa00000)]
  0x000002aed5346810 JavaThread "ForkJoinPool-1-worker-1" daemon [_thread_blocked, id=6916, stack(0x000000f30b600000,0x000000f30b700000)]
  0x000002aed451bb10 JavaThread "ForkJoinPool-1-worker-2" daemon [_thread_blocked, id=8992, stack(0x000000f30b700000,0x000000f30b800000)]
  0x000002aed53453d0 JavaThread "ForkJoinPool-1-worker-3" daemon [_thread_blocked, id=10076, stack(0x000000f30b800000,0x000000f30b900000)]
  0x000002aeda1cc7d0 JavaThread "ForkJoinPool-1-worker-4" daemon [_thread_blocked, id=5492, stack(0x000000f30b900000,0x000000f30ba00000)]
  0x000002aed13254a0 JavaThread "ForkJoinPool-1-worker-5" daemon [_thread_blocked, id=6324, stack(0x000000f30ba00000,0x000000f30bb00000)]
  0x000002aed451de80 JavaThread "ForkJoinPool-1-worker-6" daemon [_thread_blocked, id=2684, stack(0x000000f30bb00000,0x000000f30bc00000)]

Other Threads:
=>0x000002aeca425050 VMThread "VM Thread" [stack: 0x000000f372c00000,0x000000f372d00000] [id=11780]
  0x000002aeca4db3a0 WatcherThread [stack: 0x000000f373800000,0x000000f373900000] [id=7132]
  0x000002aeab43f950 GCTaskThread "GC Thread#0" [stack: 0x000000f372700000,0x000000f372800000] [id=9736]
  0x000002aecf8d6cb0 GCTaskThread "GC Thread#1" [stack: 0x000000f373b00000,0x000000f373c00000] [id=11936]
  0x000002aecf645c60 GCTaskThread "GC Thread#2" [stack: 0x000000f373c00000,0x000000f373d00000] [id=1368]
  0x000002aecfc415f0 GCTaskThread "GC Thread#3" [stack: 0x000000f373d00000,0x000000f373e00000] [id=11256]
  0x000002aecfc41cb0 GCTaskThread "GC Thread#4" [stack: 0x000000f373e00000,0x000000f373f00000] [id=13184]
  0x000002aecfc71a70 GCTaskThread "GC Thread#5" [stack: 0x000000f373f00000,0x000000f374000000] [id=9600]
  0x000002aed0dbc510 GCTaskThread "GC Thread#6" [stack: 0x000000f374b00000,0x000000f374c00000] [id=4468]
  0x000002aed0e13b30 GCTaskThread "GC Thread#7" [stack: 0x000000f374c00000,0x000000f374d00000] [id=3004]
  0x000002aed02139a0 GCTaskThread "GC Thread#8" [stack: 0x000000f374d00000,0x000000f374e00000] [id=13124]
  0x000002aed0d4bbb0 GCTaskThread "GC Thread#9" [stack: 0x000000f374e00000,0x000000f374f00000] [id=3560]
  0x000002aeab4507b0 ConcurrentGCThread "G1 Main Marker" [stack: 0x000000f372800000,0x000000f372900000] [id=11240]
  0x000002aeab4510e0 ConcurrentGCThread "G1 Conc#0" [stack: 0x000000f372900000,0x000000f372a00000] [id=1668]
  0x000002aed09c6810 ConcurrentGCThread "G1 Conc#1" [stack: 0x000000f374f00000,0x000000f375000000] [id=12752]
  0x000002aed09c6ad0 ConcurrentGCThread "G1 Conc#2" [stack: 0x000000f375000000,0x000000f375100000] [id=9868]
  0x000002aeab48e5f0 ConcurrentGCThread "G1 Refine#0" [stack: 0x000000f372a00000,0x000000f372b00000] [id=12772]
  0x000002aed3f2fc40 ConcurrentGCThread "G1 Refine#1" [stack: 0x000000f37f100000,0x000000f37f200000] [id=7128]
  0x000002aed3f2ca50 ConcurrentGCThread "G1 Refine#2" [stack: 0x000000f37f200000,0x000000f37f300000] [id=1984]
  0x000002aed125b7b0 ConcurrentGCThread "G1 Refine#3" [stack: 0x000000f37f300000,0x000000f37f400000] [id=4008]
  0x000002aedc2d5c30 ConcurrentGCThread "G1 Refine#4" [stack: 0x000000f309600000,0x000000f309700000] [id=5264]
  0x000002aedc2d5f20 ConcurrentGCThread "G1 Refine#5" [stack: 0x000000f309700000,0x000000f309800000] [id=8872]
  0x000002aedc2d6210 ConcurrentGCThread "G1 Refine#6" [stack: 0x000000f309800000,0x000000f309900000] [id=7924]
  0x000002aeddb24e90 ConcurrentGCThread "G1 Refine#7" [stack: 0x000000f30bc00000,0x000000f30bd00000] [id=5912]
  0x000002aeca1571b0 ConcurrentGCThread "G1 Service" [stack: 0x000000f372b00000,0x000000f372c00000] [id=9016]

Threads with active compile tasks:
C2 CompilerThread0  2426462 26639       4       com.android.tools.r8.graph.u2::b (147 bytes)
C1 CompilerThread0  2426463 26742       2       com.android.tools.r8.graph.a1::a (129 bytes)
C2 CompilerThread1  2426463 26705       4       com.android.tools.r8.internal.Pa::a (1069 bytes)
C2 CompilerThread2  2426463 26713       4       com.android.tools.r8.internal.Ef::e (297 bytes)

VM state: at safepoint (normal execution)

VM Mutex/Monitor currently owned by a thread:  ([mutex/lock_event])
[0x000002aeab3d1e10] Threads_lock - owner thread: 0x000002aeca425050
[0x000002aeab3d04c0] Heap_lock - owner thread: 0x000002aed53453d0

Heap address: 0x0000000700000000, size: 4096 MB, Compressed Oops mode: Zero based, Oop shift amount: 3

CDS archive(s) not mapped
Compressed class space mapped at: 0x0000000800000000-0x0000000840000000, reserved size: 1073741824
Narrow klass base: 0x0000000800000000, Narrow klass shift: 0, Narrow klass range: 0x40000000

GC Precious Log:
 CPUs: 12 total, 12 available
 Memory: 16308M
 Large Page Support: Disabled
 NUMA Support: Disabled
 Compressed Oops: Enabled (Zero based)
 Heap Region Size: 2M
 Heap Min Capacity: 8M
 Heap Initial Capacity: 256M
 Heap Max Capacity: 4G
 Pre-touch: Disabled
 Parallel Workers: 10
 Concurrent Workers: 3
 Concurrent Refinement Workers: 10
 Periodic GC: Disabled

Heap:
 garbage-first heap   total 567296K, used 296851K [0x0000000700000000, 0x0000000800000000)
  region size 2048K, 2 young (4096K), 2 survivors (4096K)
 Metaspace       used 153070K, committed 155072K, reserved 1245184K
  class space    used 20326K, committed 21248K, reserved 1048576K

Heap Regions: E=young(eden), S=young(survivor), O=old, HS=humongous(starts), HC=humongous(continues), CS=collection set, F=free, OA=open archive, CA=closed archive, TAMS=top-at-mark-start (previous, next)
|   0|0x0000000700000000, 0x0000000700200000, 0x0000000700200000|100%|HS|  |TAMS 0x0000000700200000, 0x0000000700000000| Complete 
|   1|0x0000000700200000, 0x0000000700400000, 0x0000000700400000|100%|HC|  |TAMS 0x0000000700400000, 0x0000000700200000| Complete 
|   2|0x0000000700400000, 0x0000000700600000, 0x0000000700600000|100%| O|  |TAMS 0x0000000700600000, 0x0000000700400000| Untracked 
|   3|0x0000000700600000, 0x0000000700800000, 0x0000000700800000|100%| O|  |TAMS 0x0000000700800000, 0x0000000700600000| Untracked 
|   4|0x0000000700800000, 0x00000007009ce200, 0x0000000700a00000| 90%| O|  |TAMS 0x00000007009ce200, 0x0000000700800000| Untracked 
|   5|0x0000000700a00000, 0x0000000700c00000, 0x0000000700c00000|100%| O|  |TAMS 0x0000000700c00000, 0x0000000700a00000| Untracked 
|   6|0x0000000700c00000, 0x0000000700e00000, 0x0000000700e00000|100%| O|  |TAMS 0x0000000700e00000, 0x0000000700c00000| Untracked 
|   7|0x0000000700e00000, 0x0000000701000000, 0x0000000701000000|100%| O|  |TAMS 0x0000000701000000, 0x0000000700e00000| Untracked 
|   8|0x0000000701000000, 0x0000000701200000, 0x0000000701200000|100%| O|  |TAMS 0x0000000701200000, 0x0000000701000000| Untracked 
|   9|0x0000000701200000, 0x0000000701400000, 0x0000000701400000|100%| O|  |TAMS 0x0000000701400000, 0x0000000701200000| Untracked 
|  10|0x0000000701400000, 0x0000000701600000, 0x0000000701600000|100%| O|  |TAMS 0x0000000701600000, 0x0000000701400000| Untracked 
|  11|0x0000000701600000, 0x0000000701800000, 0x0000000701800000|100%| O|  |TAMS 0x0000000701800000, 0x0000000701600000| Untracked 
|  12|0x0000000701800000, 0x0000000701a00000, 0x0000000701a00000|100%| O|  |TAMS 0x0000000701a00000, 0x0000000701800000| Untracked 
|  13|0x0000000701a00000, 0x0000000701c00000, 0x0000000701c00000|100%| O|  |TAMS 0x0000000701c00000, 0x0000000701a00000| Untracked 
|  14|0x0000000701c00000, 0x0000000701e00000, 0x0000000701e00000|100%| O|  |TAMS 0x0000000701e00000, 0x0000000701c00000| Untracked 
|  15|0x0000000701e00000, 0x0000000702000000, 0x0000000702000000|100%| O|  |TAMS 0x0000000702000000, 0x0000000701e00000| Untracked 
|  16|0x0000000702000000, 0x0000000702200000, 0x0000000702200000|100%| O|  |TAMS 0x0000000702200000, 0x0000000702000000| Untracked 
|  17|0x0000000702200000, 0x0000000702400000, 0x0000000702400000|100%| O|  |TAMS 0x0000000702400000, 0x0000000702200000| Untracked 
|  18|0x0000000702400000, 0x0000000702600000, 0x0000000702600000|100%| O|  |TAMS 0x0000000702600000, 0x0000000702400000| Untracked 
|  19|0x0000000702600000, 0x0000000702800000, 0x0000000702800000|100%| O|  |TAMS 0x0000000702800000, 0x0000000702600000| Untracked 
|  20|0x0000000702800000, 0x0000000702a00000, 0x0000000702a00000|100%| O|  |TAMS 0x0000000702a00000, 0x0000000702800000| Untracked 
|  21|0x0000000702a00000, 0x0000000702c00000, 0x0000000702c00000|100%|HS|  |TAMS 0x0000000702c00000, 0x0000000702a00000| Complete 
|  22|0x0000000702c00000, 0x0000000702e00000, 0x0000000702e00000|100%|HC|  |TAMS 0x0000000702e00000, 0x0000000702c00000| Complete 
|  23|0x0000000702e00000, 0x0000000703000000, 0x0000000703000000|100%| O|  |TAMS 0x0000000703000000, 0x0000000702e00000| Untracked 
|  24|0x0000000703000000, 0x0000000703200000, 0x0000000703200000|100%| O|  |TAMS 0x0000000703200000, 0x0000000703000000| Untracked 
|  25|0x0000000703200000, 0x0000000703400000, 0x0000000703400000|100%|HS|  |TAMS 0x0000000703400000, 0x0000000703200000| Complete 
|  26|0x0000000703400000, 0x0000000703600000, 0x0000000703600000|100%| O|  |TAMS 0x0000000703600000, 0x0000000703400000| Untracked 
|  27|0x0000000703600000, 0x0000000703800000, 0x0000000703800000|100%| O|  |TAMS 0x0000000703800000, 0x0000000703600000| Untracked 
|  28|0x0000000703800000, 0x0000000703a00000, 0x0000000703a00000|100%| O|  |TAMS 0x0000000703a00000, 0x0000000703800000| Untracked 
|  29|0x0000000703a00000, 0x0000000703c00000, 0x0000000703c00000|100%| O|  |TAMS 0x0000000703c00000, 0x0000000703a00000| Untracked 
|  30|0x0000000703c00000, 0x0000000703e00000, 0x0000000703e00000|100%| O|  |TAMS 0x0000000703e00000, 0x0000000703c00000| Untracked 
|  31|0x0000000703e00000, 0x0000000704000000, 0x0000000704000000|100%| O|  |TAMS 0x0000000704000000, 0x0000000703e00000| Untracked 
|  32|0x0000000704000000, 0x0000000704200000, 0x0000000704200000|100%| O|  |TAMS 0x0000000704200000, 0x0000000704000000| Untracked 
|  33|0x0000000704200000, 0x0000000704400000, 0x0000000704400000|100%| O|  |TAMS 0x0000000704400000, 0x0000000704200000| Untracked 
|  34|0x0000000704400000, 0x0000000704600000, 0x0000000704600000|100%| O|  |TAMS 0x0000000704600000, 0x0000000704400000| Untracked 
|  35|0x0000000704600000, 0x0000000704800000, 0x0000000704800000|100%| O|  |TAMS 0x0000000704800000, 0x0000000704600000| Untracked 
|  36|0x0000000704800000, 0x0000000704a00000, 0x0000000704a00000|100%| O|  |TAMS 0x0000000704a00000, 0x0000000704800000| Untracked 
|  37|0x0000000704a00000, 0x0000000704c00000, 0x0000000704c00000|100%| O|  |TAMS 0x0000000704c00000, 0x0000000704a00000| Untracked 
|  38|0x0000000704c00000, 0x0000000704e00000, 0x0000000704e00000|100%| O|  |TAMS 0x0000000704e00000, 0x0000000704c00000| Untracked 
|  39|0x0000000704e00000, 0x0000000705000000, 0x0000000705000000|100%| O|  |TAMS 0x0000000705000000, 0x0000000704e00000| Untracked 
|  40|0x0000000705000000, 0x0000000705200000, 0x0000000705200000|100%| O|  |TAMS 0x0000000705200000, 0x0000000705000000| Untracked 
|  41|0x0000000705200000, 0x0000000705400000, 0x0000000705400000|100%| O|  |TAMS 0x0000000705400000, 0x0000000705200000| Untracked 
|  42|0x0000000705400000, 0x0000000705600000, 0x0000000705600000|100%| O|  |TAMS 0x0000000705600000, 0x0000000705400000| Untracked 
|  43|0x0000000705600000, 0x0000000705800000, 0x0000000705800000|100%|HS|  |TAMS 0x0000000705800000, 0x0000000705600000| Complete 
|  44|0x0000000705800000, 0x0000000705a00000, 0x0000000705a00000|100%|HC|  |TAMS 0x0000000705a00000, 0x0000000705800000| Complete 
|  45|0x0000000705a00000, 0x0000000705c00000, 0x0000000705c00000|100%|HS|  |TAMS 0x0000000705c00000, 0x0000000705a00000| Complete 
|  46|0x0000000705c00000, 0x0000000705e00000, 0x0000000705e00000|100%| O|  |TAMS 0x0000000705e00000, 0x0000000705c00000| Untracked 
|  47|0x0000000705e00000, 0x0000000706000000, 0x0000000706000000|100%| O|  |TAMS 0x0000000706000000, 0x0000000705e00000| Untracked 
|  48|0x0000000706000000, 0x0000000706000000, 0x0000000706200000|  0%| F|  |TAMS 0x0000000706000000, 0x0000000706000000| Untracked 
|  49|0x0000000706200000, 0x0000000706400000, 0x0000000706400000|100%|HS|  |TAMS 0x0000000706200000, 0x0000000706200000| Complete 
|  50|0x0000000706400000, 0x0000000706600000, 0x0000000706600000|100%| O|  |TAMS 0x0000000706600000, 0x0000000706400000| Untracked 
|  51|0x0000000706600000, 0x0000000706800000, 0x0000000706800000|100%| O|  |TAMS 0x0000000706800000, 0x0000000706600000| Untracked 
|  52|0x0000000706800000, 0x0000000706a00000, 0x0000000706a00000|100%| O|  |TAMS 0x0000000706800000, 0x0000000706800000| Untracked 
|  53|0x0000000706a00000, 0x0000000706c00000, 0x0000000706c00000|100%| O|  |TAMS 0x0000000706c00000, 0x0000000706a00000| Untracked 
|  54|0x0000000706c00000, 0x0000000706e00000, 0x0000000706e00000|100%|HS|  |TAMS 0x0000000706e00000, 0x0000000706c00000| Complete 
|  55|0x0000000706e00000, 0x0000000707000000, 0x0000000707000000|100%| O|  |TAMS 0x0000000706e00000, 0x0000000706e00000| Untracked 
|  56|0x0000000707000000, 0x0000000707200000, 0x0000000707200000|100%| O|  |TAMS 0x0000000707000000, 0x0000000707000000| Untracked 
|  57|0x0000000707200000, 0x0000000707400000, 0x0000000707400000|100%| O|  |TAMS 0x0000000707400000, 0x0000000707200000| Untracked 
|  58|0x0000000707400000, 0x0000000707600000, 0x0000000707600000|100%| O|  |TAMS 0x0000000707600000, 0x0000000707400000| Untracked 
|  59|0x0000000707600000, 0x0000000707800000, 0x0000000707800000|100%| O|  |TAMS 0x0000000707800000, 0x0000000707600000| Untracked 
|  60|0x0000000707800000, 0x0000000707a00000, 0x0000000707a00000|100%| O|  |TAMS 0x0000000707a00000, 0x0000000707800000| Untracked 
|  61|0x0000000707a00000, 0x0000000707c00000, 0x0000000707c00000|100%| O|  |TAMS 0x0000000707c00000, 0x0000000707a00000| Untracked 
|  62|0x0000000707c00000, 0x0000000707e00000, 0x0000000707e00000|100%| O|  |TAMS 0x0000000707e00000, 0x0000000707c00000| Untracked 
|  63|0x0000000707e00000, 0x0000000708000000, 0x0000000708000000|100%| O|  |TAMS 0x0000000708000000, 0x0000000707e00000| Untracked 
|  64|0x0000000708000000, 0x0000000708200000, 0x0000000708200000|100%| O|  |TAMS 0x0000000708200000, 0x0000000708000000| Untracked 
|  65|0x0000000708200000, 0x0000000708400000, 0x0000000708400000|100%| O|  |TAMS 0x0000000708400000, 0x0000000708200000| Untracked 
|  66|0x0000000708400000, 0x0000000708600000, 0x0000000708600000|100%| O|  |TAMS 0x0000000708600000, 0x0000000708400000| Untracked 
|  67|0x0000000708600000, 0x0000000708800000, 0x0000000708800000|100%| O|  |TAMS 0x0000000708800000, 0x0000000708600000| Untracked 
|  68|0x0000000708800000, 0x0000000708a00000, 0x0000000708a00000|100%| O|  |TAMS 0x0000000708a00000, 0x0000000708800000| Untracked 
|  69|0x0000000708a00000, 0x0000000708c00000, 0x0000000708c00000|100%| O|  |TAMS 0x0000000708c00000, 0x0000000708a00000| Untracked 
|  70|0x0000000708c00000, 0x0000000708e00000, 0x0000000708e00000|100%| O|  |TAMS 0x0000000708e00000, 0x0000000708c00000| Untracked 
|  71|0x0000000708e00000, 0x0000000709000000, 0x0000000709000000|100%| O|  |TAMS 0x0000000709000000, 0x0000000708e00000| Untracked 
|  72|0x0000000709000000, 0x0000000709200000, 0x0000000709200000|100%| O|  |TAMS 0x0000000709200000, 0x0000000709000000| Untracked 
|  73|0x0000000709200000, 0x0000000709400000, 0x0000000709400000|100%| O|  |TAMS 0x0000000709400000, 0x0000000709200000| Untracked 
|  74|0x0000000709400000, 0x0000000709600000, 0x0000000709600000|100%| O|  |TAMS 0x0000000709600000, 0x0000000709400000| Untracked 
|  75|0x0000000709600000, 0x0000000709800000, 0x0000000709800000|100%| O|  |TAMS 0x0000000709800000, 0x0000000709600000| Untracked 
|  76|0x0000000709800000, 0x0000000709a00000, 0x0000000709a00000|100%| O|  |TAMS 0x0000000709a00000, 0x0000000709800000| Untracked 
|  77|0x0000000709a00000, 0x0000000709c00000, 0x0000000709c00000|100%| O|  |TAMS 0x0000000709c00000, 0x0000000709a00000| Untracked 
|  78|0x0000000709c00000, 0x0000000709e00000, 0x0000000709e00000|100%| O|  |TAMS 0x0000000709e00000, 0x0000000709c00000| Untracked 
|  79|0x0000000709e00000, 0x000000070a000000, 0x000000070a000000|100%| O|  |TAMS 0x000000070a000000, 0x0000000709e00000| Untracked 
|  80|0x000000070a000000, 0x000000070a200000, 0x000000070a200000|100%| O|  |TAMS 0x000000070a200000, 0x000000070a000000| Untracked 
|  81|0x000000070a200000, 0x000000070a400000, 0x000000070a400000|100%| O|  |TAMS 0x000000070a400000, 0x000000070a200000| Untracked 
|  82|0x000000070a400000, 0x000000070a600000, 0x000000070a600000|100%| O|  |TAMS 0x000000070a600000, 0x000000070a400000| Untracked 
|  83|0x000000070a600000, 0x000000070a800000, 0x000000070a800000|100%| O|  |TAMS 0x000000070a800000, 0x000000070a600000| Untracked 
|  84|0x000000070a800000, 0x000000070a800000, 0x000000070aa00000|  0%| F|  |TAMS 0x000000070a800000, 0x000000070a800000| Untracked 
|  85|0x000000070aa00000, 0x000000070ac00000, 0x000000070ac00000|100%| O|  |TAMS 0x000000070ac00000, 0x000000070aa00000| Untracked 
|  86|0x000000070ac00000, 0x000000070ae00000, 0x000000070ae00000|100%| O|  |TAMS 0x000000070ae00000, 0x000000070ac00000| Untracked 
|  87|0x000000070ae00000, 0x000000070b000000, 0x000000070b000000|100%| O|  |TAMS 0x000000070b000000, 0x000000070ae00000| Untracked 
|  88|0x000000070b000000, 0x000000070b200000, 0x000000070b200000|100%| O|  |TAMS 0x000000070b200000, 0x000000070b000000| Untracked 
|  89|0x000000070b200000, 0x000000070b400000, 0x000000070b400000|100%| O|  |TAMS 0x000000070b400000, 0x000000070b200000| Untracked 
|  90|0x000000070b400000, 0x000000070b600000, 0x000000070b600000|100%| O|  |TAMS 0x000000070b600000, 0x000000070b400000| Untracked 
|  91|0x000000070b600000, 0x000000070b600000, 0x000000070b800000|  0%| F|  |TAMS 0x000000070b600000, 0x000000070b600000| Untracked 
|  92|0x000000070b800000, 0x000000070ba00000, 0x000000070ba00000|100%| O|  |TAMS 0x000000070ba00000, 0x000000070b800000| Untracked 
|  93|0x000000070ba00000, 0x000000070bc00000, 0x000000070bc00000|100%| O|  |TAMS 0x000000070bc00000, 0x000000070ba00000| Untracked 
|  94|0x000000070bc00000, 0x000000070be00000, 0x000000070be00000|100%| O|  |TAMS 0x000000070be00000, 0x000000070bc00000| Untracked 
|  95|0x000000070be00000, 0x000000070be00000, 0x000000070c000000|  0%| F|  |TAMS 0x000000070be00000, 0x000000070be00000| Untracked 
|  96|0x000000070c000000, 0x000000070c200000, 0x000000070c200000|100%| O|  |TAMS 0x000000070c200000, 0x000000070c000000| Untracked 
|  97|0x000000070c200000, 0x000000070c400000, 0x000000070c400000|100%| O|  |TAMS 0x000000070c400000, 0x000000070c200000| Untracked 
|  98|0x000000070c400000, 0x000000070c600000, 0x000000070c600000|100%| O|  |TAMS 0x000000070c600000, 0x000000070c400000| Untracked 
|  99|0x000000070c600000, 0x000000070c800000, 0x000000070c800000|100%| O|  |TAMS 0x000000070c800000, 0x000000070c600000| Untracked 
| 100|0x000000070c800000, 0x000000070ca00000, 0x000000070ca00000|100%| O|  |TAMS 0x000000070ca00000, 0x000000070c800000| Untracked 
| 101|0x000000070ca00000, 0x000000070cc00000, 0x000000070cc00000|100%| O|  |TAMS 0x000000070cc00000, 0x000000070ca00000| Untracked 
| 102|0x000000070cc00000, 0x000000070ce00000, 0x000000070ce00000|100%| O|  |TAMS 0x000000070ce00000, 0x000000070cc00000| Untracked 
| 103|0x000000070ce00000, 0x000000070d000000, 0x000000070d000000|100%| O|  |TAMS 0x000000070d000000, 0x000000070ce00000| Untracked 
| 104|0x000000070d000000, 0x000000070d200000, 0x000000070d200000|100%| O|  |TAMS 0x000000070d200000, 0x000000070d000000| Untracked 
| 105|0x000000070d200000, 0x000000070d400000, 0x000000070d400000|100%| O|  |TAMS 0x000000070d200000, 0x000000070d200000| Untracked 
| 106|0x000000070d400000, 0x000000070d600000, 0x000000070d600000|100%| O|  |TAMS 0x000000070d600000, 0x000000070d400000| Untracked 
| 107|0x000000070d600000, 0x000000070d800000, 0x000000070d800000|100%| O|  |TAMS 0x000000070d600000, 0x000000070d600000| Untracked 
| 108|0x000000070d800000, 0x000000070d800000, 0x000000070da00000|  0%| F|  |TAMS 0x000000070d800000, 0x000000070d800000| Untracked 
| 109|0x000000070da00000, 0x000000070dc00000, 0x000000070dc00000|100%| O|  |TAMS 0x000000070dc00000, 0x000000070da00000| Untracked 
| 110|0x000000070dc00000, 0x000000070de00000, 0x000000070de00000|100%| O|  |TAMS 0x000000070de00000, 0x000000070dc00000| Untracked 
| 111|0x000000070de00000, 0x000000070e000000, 0x000000070e000000|100%| O|  |TAMS 0x000000070e000000, 0x000000070de00000| Untracked 
| 112|0x000000070e000000, 0x000000070e200000, 0x000000070e200000|100%| O|  |TAMS 0x000000070e200000, 0x000000070e000000| Untracked 
| 113|0x000000070e200000, 0x000000070e400000, 0x000000070e400000|100%| O|  |TAMS 0x000000070e400000, 0x000000070e200000| Untracked 
| 114|0x000000070e400000, 0x000000070e600000, 0x000000070e600000|100%| O|  |TAMS 0x000000070e600000, 0x000000070e400000| Untracked 
| 115|0x000000070e600000, 0x000000070e800000, 0x000000070e800000|100%| O|  |TAMS 0x000000070e800000, 0x000000070e600000| Untracked 
| 116|0x000000070e800000, 0x000000070ea00000, 0x000000070ea00000|100%|HS|  |TAMS 0x000000070ea00000, 0x000000070e800000| Complete 
| 117|0x000000070ea00000, 0x000000070ec00000, 0x000000070ec00000|100%|HC|  |TAMS 0x000000070ec00000, 0x000000070ea00000| Complete 
| 118|0x000000070ec00000, 0x000000070ee00000, 0x000000070ee00000|100%| O|  |TAMS 0x000000070ee00000, 0x000000070ec00000| Untracked 
| 119|0x000000070ee00000, 0x000000070f000000, 0x000000070f000000|100%| O|  |TAMS 0x000000070f000000, 0x000000070ee00000| Untracked 
| 120|0x000000070f000000, 0x000000070f200000, 0x000000070f200000|100%| O|  |TAMS 0x000000070f1b6a00, 0x000000070f000000| Untracked 
| 121|0x000000070f200000, 0x000000070f400000, 0x000000070f400000|100%| O|  |TAMS 0x000000070f200000, 0x000000070f200000| Untracked 
| 122|0x000000070f400000, 0x000000070f600000, 0x000000070f600000|100%| O|  |TAMS 0x000000070f400000, 0x000000070f400000| Untracked 
| 123|0x000000070f600000, 0x000000070f800000, 0x000000070f800000|100%| O|  |TAMS 0x000000070f600000, 0x000000070f600000| Untracked 
| 124|0x000000070f800000, 0x000000070fa00000, 0x000000070fa00000|100%| O|  |TAMS 0x000000070f800000, 0x000000070f800000| Untracked 
| 125|0x000000070fa00000, 0x000000070fc00000, 0x000000070fc00000|100%| O|  |TAMS 0x000000070fa00000, 0x000000070fa00000| Untracked 
| 126|0x000000070fc00000, 0x000000070fe00000, 0x000000070fe00000|100%| O|  |TAMS 0x000000070fc00000, 0x000000070fc00000| Untracked 
| 127|0x000000070fe00000, 0x0000000710000000, 0x0000000710000000|100%| O|  |TAMS 0x000000070fe00000, 0x000000070fe00000| Untracked 
| 128|0x0000000710000000, 0x0000000710200000, 0x0000000710200000|100%| O|  |TAMS 0x0000000710000000, 0x0000000710000000| Untracked 
| 129|0x0000000710200000, 0x0000000710400000, 0x0000000710400000|100%| O|  |TAMS 0x0000000710200000, 0x0000000710200000| Untracked 
| 130|0x0000000710400000, 0x0000000710600000, 0x0000000710600000|100%| O|  |TAMS 0x0000000710600000, 0x0000000710400000| Untracked 
| 131|0x0000000710600000, 0x0000000710800000, 0x0000000710800000|100%| O|  |TAMS 0x0000000710800000, 0x0000000710600000| Untracked 
| 132|0x0000000710800000, 0x0000000710a00000, 0x0000000710a00000|100%| O|  |TAMS 0x0000000710a00000, 0x0000000710800000| Untracked 
| 133|0x0000000710a00000, 0x0000000710c00000, 0x0000000710c00000|100%| O|  |TAMS 0x0000000710a00000, 0x0000000710a00000| Untracked 
| 134|0x0000000710c00000, 0x0000000710e00000, 0x0000000710e00000|100%| O|  |TAMS 0x0000000710c00000, 0x0000000710c00000| Untracked 
| 135|0x0000000710e00000, 0x0000000711000000, 0x0000000711000000|100%| O|  |TAMS 0x0000000710e00000, 0x0000000710e00000| Untracked 
| 136|0x0000000711000000, 0x0000000711200000, 0x0000000711200000|100%| O|  |TAMS 0x0000000711000000, 0x0000000711000000| Untracked 
| 137|0x0000000711200000, 0x0000000711400000, 0x0000000711400000|100%| O|  |TAMS 0x0000000711200000, 0x0000000711200000| Untracked 
| 138|0x0000000711400000, 0x0000000711600000, 0x0000000711600000|100%| O|  |TAMS 0x0000000711400000, 0x0000000711400000| Untracked 
| 139|0x0000000711600000, 0x0000000711631c00, 0x0000000711800000|  9%| O|  |TAMS 0x0000000711600000, 0x0000000711600000| Untracked 
| 140|0x0000000711800000, 0x0000000711800000, 0x0000000711a00000|  0%| F|  |TAMS 0x0000000711800000, 0x0000000711800000| Untracked 
| 141|0x0000000711a00000, 0x0000000711a00000, 0x0000000711c00000|  0%| F|  |TAMS 0x0000000711a00000, 0x0000000711a00000| Untracked 
| 142|0x0000000711c00000, 0x0000000711c00000, 0x0000000711e00000|  0%| F|  |TAMS 0x0000000711c00000, 0x0000000711c00000| Untracked 
| 143|0x0000000711e00000, 0x0000000711e00000, 0x0000000712000000|  0%| F|  |TAMS 0x0000000711e00000, 0x0000000711e00000| Untracked 
| 144|0x0000000712000000, 0x0000000712000000, 0x0000000712200000|  0%| F|  |TAMS 0x0000000712000000, 0x0000000712000000| Untracked 
| 145|0x0000000712200000, 0x0000000712200000, 0x0000000712400000|  0%| F|  |TAMS 0x0000000712200000, 0x0000000712200000| Untracked 
| 146|0x0000000712400000, 0x0000000712400000, 0x0000000712600000|  0%| F|  |TAMS 0x0000000712400000, 0x0000000712400000| Untracked 
| 147|0x0000000712600000, 0x0000000712600000, 0x0000000712800000|  0%| F|  |TAMS 0x0000000712600000, 0x0000000712600000| Untracked 
| 148|0x0000000712800000, 0x0000000712800000, 0x0000000712a00000|  0%| F|  |TAMS 0x0000000712800000, 0x0000000712800000| Untracked 
| 149|0x0000000712a00000, 0x0000000712a00000, 0x0000000712c00000|  0%| F|  |TAMS 0x0000000712a00000, 0x0000000712a00000| Untracked 
| 150|0x0000000712c00000, 0x0000000712c00000, 0x0000000712e00000|  0%| F|  |TAMS 0x0000000712c00000, 0x0000000712c00000| Untracked 
| 151|0x0000000712e00000, 0x0000000712e00000, 0x0000000713000000|  0%| F|  |TAMS 0x0000000712e00000, 0x0000000712e00000| Untracked 
| 152|0x0000000713000000, 0x0000000713200000, 0x0000000713200000|100%| O|  |TAMS 0x0000000713200000, 0x0000000713000000| Untracked 
| 153|0x0000000713200000, 0x0000000713400000, 0x0000000713400000|100%| O|  |TAMS 0x0000000713400000, 0x0000000713200000| Untracked 
| 154|0x0000000713400000, 0x0000000713600000, 0x0000000713600000|100%| O|  |TAMS 0x0000000713600000, 0x0000000713400000| Untracked 
| 155|0x0000000713600000, 0x0000000713800000, 0x0000000713800000|100%| O|  |TAMS 0x0000000713800000, 0x0000000713600000| Untracked 
| 156|0x0000000713800000, 0x0000000713a00000, 0x0000000713a00000|100%| O|  |TAMS 0x0000000713a00000, 0x0000000713800000| Untracked 
| 157|0x0000000713a00000, 0x0000000713c00000, 0x0000000713c00000|100%| O|  |TAMS 0x0000000713c00000, 0x0000000713a00000| Untracked 
| 158|0x0000000713c00000, 0x0000000713e00000, 0x0000000713e00000|100%| O|  |TAMS 0x0000000713e00000, 0x0000000713c00000| Untracked 
| 159|0x0000000713e00000, 0x0000000714000000, 0x0000000714000000|100%| O|  |TAMS 0x0000000714000000, 0x0000000713e00000| Untracked 
| 160|0x0000000714000000, 0x0000000714000000, 0x0000000714200000|  0%| F|  |TAMS 0x0000000714000000, 0x0000000714000000| Untracked 
| 161|0x0000000714200000, 0x0000000714200000, 0x0000000714400000|  0%| F|  |TAMS 0x0000000714200000, 0x0000000714200000| Untracked 
| 162|0x0000000714400000, 0x0000000714400000, 0x0000000714600000|  0%| F|  |TAMS 0x0000000714400000, 0x0000000714400000| Untracked 
| 163|0x0000000714600000, 0x0000000714600000, 0x0000000714800000|  0%| F|  |TAMS 0x0000000714600000, 0x0000000714600000| Untracked 
| 164|0x0000000714800000, 0x0000000714800000, 0x0000000714a00000|  0%| F|  |TAMS 0x0000000714800000, 0x0000000714800000| Untracked 
| 165|0x0000000714a00000, 0x0000000714a00000, 0x0000000714c00000|  0%| F|  |TAMS 0x0000000714a00000, 0x0000000714a00000| Untracked 
| 166|0x0000000714c00000, 0x0000000714c00000, 0x0000000714e00000|  0%| F|  |TAMS 0x0000000714c00000, 0x0000000714c00000| Untracked 
| 167|0x0000000714e00000, 0x0000000714e00000, 0x0000000715000000|  0%| F|  |TAMS 0x0000000714e00000, 0x0000000714e00000| Untracked 
| 168|0x0000000715000000, 0x0000000715000000, 0x0000000715200000|  0%| F|  |TAMS 0x0000000715000000, 0x0000000715000000| Untracked 
| 169|0x0000000715200000, 0x0000000715200000, 0x0000000715400000|  0%| F|  |TAMS 0x0000000715200000, 0x0000000715200000| Untracked 
| 170|0x0000000715400000, 0x0000000715400000, 0x0000000715600000|  0%| F|  |TAMS 0x0000000715400000, 0x0000000715400000| Untracked 
| 171|0x0000000715600000, 0x0000000715600000, 0x0000000715800000|  0%| F|  |TAMS 0x0000000715600000, 0x0000000715600000| Untracked 
| 172|0x0000000715800000, 0x0000000715800000, 0x0000000715a00000|  0%| F|  |TAMS 0x0000000715800000, 0x0000000715800000| Untracked 
| 173|0x0000000715a00000, 0x0000000715a00000, 0x0000000715c00000|  0%| F|  |TAMS 0x0000000715a00000, 0x0000000715a00000| Untracked 
| 174|0x0000000715c00000, 0x0000000715c00000, 0x0000000715e00000|  0%| F|  |TAMS 0x0000000715c00000, 0x0000000715c00000| Untracked 
| 175|0x0000000715e00000, 0x0000000715e00000, 0x0000000716000000|  0%| F|  |TAMS 0x0000000715e00000, 0x0000000715e00000| Untracked 
| 176|0x0000000716000000, 0x0000000716000000, 0x0000000716200000|  0%| F|  |TAMS 0x0000000716000000, 0x0000000716000000| Untracked 
| 177|0x0000000716200000, 0x0000000716200000, 0x0000000716400000|  0%| F|  |TAMS 0x0000000716200000, 0x0000000716200000| Untracked 
| 178|0x0000000716400000, 0x0000000716400000, 0x0000000716600000|  0%| F|  |TAMS 0x0000000716400000, 0x0000000716400000| Untracked 
| 179|0x0000000716600000, 0x0000000716600000, 0x0000000716800000|  0%| F|  |TAMS 0x0000000716600000, 0x0000000716600000| Untracked 
| 180|0x0000000716800000, 0x0000000716a00000, 0x0000000716a00000|100%| O|  |TAMS 0x0000000716a00000, 0x0000000716800000| Untracked 
| 181|0x0000000716a00000, 0x0000000716a00000, 0x0000000716c00000|  0%| F|  |TAMS 0x0000000716a00000, 0x0000000716a00000| Untracked 
| 182|0x0000000716c00000, 0x0000000716c00000, 0x0000000716e00000|  0%| F|  |TAMS 0x0000000716c00000, 0x0000000716c00000| Untracked 
| 183|0x0000000716e00000, 0x0000000716e00000, 0x0000000717000000|  0%| F|  |TAMS 0x0000000716e00000, 0x0000000716e00000| Untracked 
| 184|0x0000000717000000, 0x0000000717000000, 0x0000000717200000|  0%| F|  |TAMS 0x0000000717000000, 0x0000000717000000| Untracked 
| 185|0x0000000717200000, 0x0000000717200000, 0x0000000717400000|  0%| F|  |TAMS 0x0000000717200000, 0x0000000717200000| Untracked 
| 186|0x0000000717400000, 0x0000000717400000, 0x0000000717600000|  0%| F|  |TAMS 0x0000000717400000, 0x0000000717400000| Untracked 
| 187|0x0000000717600000, 0x0000000717600000, 0x0000000717800000|  0%| F|  |TAMS 0x0000000717600000, 0x0000000717600000| Untracked 
| 188|0x0000000717800000, 0x0000000717800000, 0x0000000717a00000|  0%| F|  |TAMS 0x0000000717800000, 0x0000000717800000| Untracked 
| 189|0x0000000717a00000, 0x0000000717a00000, 0x0000000717c00000|  0%| F|  |TAMS 0x0000000717a00000, 0x0000000717a00000| Untracked 
| 190|0x0000000717c00000, 0x0000000717c00000, 0x0000000717e00000|  0%| F|  |TAMS 0x0000000717c00000, 0x0000000717c00000| Untracked 
| 191|0x0000000717e00000, 0x0000000717e00000, 0x0000000718000000|  0%| F|  |TAMS 0x0000000717e00000, 0x0000000717e00000| Untracked 
| 192|0x0000000718000000, 0x0000000718000000, 0x0000000718200000|  0%| F|  |TAMS 0x0000000718000000, 0x0000000718000000| Untracked 
| 193|0x0000000718200000, 0x0000000718200000, 0x0000000718400000|  0%| F|  |TAMS 0x0000000718200000, 0x0000000718200000| Untracked 
| 194|0x0000000718400000, 0x0000000718400000, 0x0000000718600000|  0%| F|  |TAMS 0x0000000718400000, 0x0000000718400000| Untracked 
| 195|0x0000000718600000, 0x0000000718600000, 0x0000000718800000|  0%| F|  |TAMS 0x0000000718600000, 0x0000000718600000| Untracked 
| 196|0x0000000718800000, 0x0000000718800000, 0x0000000718a00000|  0%| F|  |TAMS 0x0000000718800000, 0x0000000718800000| Untracked 
| 197|0x0000000718a00000, 0x0000000718a00000, 0x0000000718c00000|  0%| F|  |TAMS 0x0000000718a00000, 0x0000000718a00000| Untracked 
| 198|0x0000000718c00000, 0x0000000718c00000, 0x0000000718e00000|  0%| F|  |TAMS 0x0000000718c00000, 0x0000000718c00000| Untracked 
| 199|0x0000000718e00000, 0x0000000718e00000, 0x0000000719000000|  0%| F|  |TAMS 0x0000000718e00000, 0x0000000718e00000| Untracked 
| 200|0x0000000719000000, 0x0000000719000000, 0x0000000719200000|  0%| F|  |TAMS 0x0000000719000000, 0x0000000719000000| Untracked 
| 201|0x0000000719200000, 0x0000000719200000, 0x0000000719400000|  0%| F|  |TAMS 0x0000000719200000, 0x0000000719200000| Untracked 
| 202|0x0000000719400000, 0x0000000719400000, 0x0000000719600000|  0%| F|  |TAMS 0x0000000719400000, 0x0000000719400000| Untracked 
| 203|0x0000000719600000, 0x0000000719600000, 0x0000000719800000|  0%| F|  |TAMS 0x0000000719600000, 0x0000000719600000| Untracked 
| 204|0x0000000719800000, 0x0000000719800000, 0x0000000719a00000|  0%| F|  |TAMS 0x0000000719800000, 0x0000000719800000| Untracked 
| 205|0x0000000719a00000, 0x0000000719a00000, 0x0000000719c00000|  0%| F|  |TAMS 0x0000000719a00000, 0x0000000719a00000| Untracked 
| 206|0x0000000719c00000, 0x0000000719c00000, 0x0000000719e00000|  0%| F|  |TAMS 0x0000000719c00000, 0x0000000719c00000| Untracked 
| 207|0x0000000719e00000, 0x0000000719e00000, 0x000000071a000000|  0%| F|  |TAMS 0x0000000719e00000, 0x0000000719e00000| Untracked 
| 208|0x000000071a000000, 0x000000071a000000, 0x000000071a200000|  0%| F|  |TAMS 0x000000071a000000, 0x000000071a000000| Untracked 
| 209|0x000000071a200000, 0x000000071a200000, 0x000000071a400000|  0%| F|  |TAMS 0x000000071a200000, 0x000000071a200000| Untracked 
| 210|0x000000071a400000, 0x000000071a400000, 0x000000071a600000|  0%| F|  |TAMS 0x000000071a400000, 0x000000071a400000| Untracked 
| 211|0x000000071a600000, 0x000000071a600000, 0x000000071a800000|  0%| F|  |TAMS 0x000000071a600000, 0x000000071a600000| Untracked 
| 212|0x000000071a800000, 0x000000071a800000, 0x000000071aa00000|  0%| F|  |TAMS 0x000000071a800000, 0x000000071a800000| Untracked 
| 213|0x000000071aa00000, 0x000000071aa00000, 0x000000071ac00000|  0%| F|  |TAMS 0x000000071aa00000, 0x000000071aa00000| Untracked 
| 214|0x000000071ac00000, 0x000000071ac00000, 0x000000071ae00000|  0%| F|  |TAMS 0x000000071ac00000, 0x000000071ac00000| Untracked 
| 215|0x000000071ae00000, 0x000000071ae00000, 0x000000071b000000|  0%| F|  |TAMS 0x000000071ae00000, 0x000000071ae00000| Untracked 
| 216|0x000000071b000000, 0x000000071b000000, 0x000000071b200000|  0%| F|  |TAMS 0x000000071b000000, 0x000000071b000000| Untracked 
| 217|0x000000071b200000, 0x000000071b200000, 0x000000071b400000|  0%| F|  |TAMS 0x000000071b200000, 0x000000071b200000| Untracked 
| 218|0x000000071b400000, 0x000000071b400000, 0x000000071b600000|  0%| F|  |TAMS 0x000000071b400000, 0x000000071b400000| Untracked 
| 219|0x000000071b600000, 0x000000071b600000, 0x000000071b800000|  0%| F|  |TAMS 0x000000071b600000, 0x000000071b600000| Untracked 
| 220|0x000000071b800000, 0x000000071b800000, 0x000000071ba00000|  0%| F|  |TAMS 0x000000071b800000, 0x000000071b800000| Untracked 
| 221|0x000000071ba00000, 0x000000071ba00000, 0x000000071bc00000|  0%| F|  |TAMS 0x000000071ba00000, 0x000000071ba00000| Untracked 
| 222|0x000000071bc00000, 0x000000071bc00000, 0x000000071be00000|  0%| F|  |TAMS 0x000000071bc00000, 0x000000071bc00000| Untracked 
| 223|0x000000071be00000, 0x000000071be00000, 0x000000071c000000|  0%| F|  |TAMS 0x000000071be00000, 0x000000071be00000| Untracked 
| 224|0x000000071c000000, 0x000000071c000000, 0x000000071c200000|  0%| F|  |TAMS 0x000000071c000000, 0x000000071c000000| Untracked 
| 225|0x000000071c200000, 0x000000071c200000, 0x000000071c400000|  0%| F|  |TAMS 0x000000071c200000, 0x000000071c200000| Untracked 
| 226|0x000000071c400000, 0x000000071c400000, 0x000000071c600000|  0%| F|  |TAMS 0x000000071c400000, 0x000000071c400000| Untracked 
| 227|0x000000071c600000, 0x000000071c600000, 0x000000071c800000|  0%| F|  |TAMS 0x000000071c600000, 0x000000071c600000| Untracked 
| 228|0x000000071c800000, 0x000000071c800000, 0x000000071ca00000|  0%| F|  |TAMS 0x000000071c800000, 0x000000071c800000| Untracked 
| 229|0x000000071ca00000, 0x000000071ca00000, 0x000000071cc00000|  0%| F|  |TAMS 0x000000071ca00000, 0x000000071ca00000| Untracked 
| 230|0x000000071cc00000, 0x000000071cc00000, 0x000000071ce00000|  0%| F|  |TAMS 0x000000071cc00000, 0x000000071cc00000| Untracked 
| 231|0x000000071ce00000, 0x000000071ce00000, 0x000000071d000000|  0%| F|  |TAMS 0x000000071ce00000, 0x000000071ce00000| Untracked 
| 232|0x000000071d000000, 0x000000071d000000, 0x000000071d200000|  0%| F|  |TAMS 0x000000071d000000, 0x000000071d000000| Untracked 
| 233|0x000000071d200000, 0x000000071d200000, 0x000000071d400000|  0%| F|  |TAMS 0x000000071d200000, 0x000000071d200000| Untracked 
| 234|0x000000071d400000, 0x000000071d400000, 0x000000071d600000|  0%| F|  |TAMS 0x000000071d400000, 0x000000071d400000| Untracked 
| 235|0x000000071d600000, 0x000000071d600000, 0x000000071d800000|  0%| F|  |TAMS 0x000000071d600000, 0x000000071d600000| Untracked 
| 236|0x000000071d800000, 0x000000071d800000, 0x000000071da00000|  0%| F|  |TAMS 0x000000071d800000, 0x000000071d800000| Untracked 
| 237|0x000000071da00000, 0x000000071da00000, 0x000000071dc00000|  0%| F|  |TAMS 0x000000071da00000, 0x000000071da00000| Untracked 
| 238|0x000000071dc00000, 0x000000071dc00000, 0x000000071de00000|  0%| F|  |TAMS 0x000000071dc00000, 0x000000071dc00000| Untracked 
| 239|0x000000071de00000, 0x000000071de00000, 0x000000071e000000|  0%| F|  |TAMS 0x000000071de00000, 0x000000071de00000| Untracked 
| 240|0x000000071e000000, 0x000000071e000000, 0x000000071e200000|  0%| F|  |TAMS 0x000000071e000000, 0x000000071e000000| Untracked 
| 241|0x000000071e200000, 0x000000071e200000, 0x000000071e400000|  0%| F|  |TAMS 0x000000071e200000, 0x000000071e200000| Untracked 
| 242|0x000000071e400000, 0x000000071e400000, 0x000000071e600000|  0%| F|  |TAMS 0x000000071e400000, 0x000000071e400000| Untracked 
| 243|0x000000071e600000, 0x000000071e600000, 0x000000071e800000|  0%| F|  |TAMS 0x000000071e600000, 0x000000071e600000| Untracked 
| 244|0x000000071e800000, 0x000000071e800000, 0x000000071ea00000|  0%| F|  |TAMS 0x000000071e800000, 0x000000071e800000| Untracked 
| 245|0x000000071ea00000, 0x000000071ea00000, 0x000000071ec00000|  0%| F|  |TAMS 0x000000071ea00000, 0x000000071ea00000| Untracked 
| 246|0x000000071ec00000, 0x000000071ec00000, 0x000000071ee00000|  0%| F|  |TAMS 0x000000071ec00000, 0x000000071ec00000| Untracked 
| 247|0x000000071ee00000, 0x000000071ee00000, 0x000000071f000000|  0%| F|  |TAMS 0x000000071ee00000, 0x000000071ee00000| Untracked 
| 248|0x000000071f000000, 0x000000071f000000, 0x000000071f200000|  0%| F|  |TAMS 0x000000071f000000, 0x000000071f000000| Untracked 
| 249|0x000000071f200000, 0x000000071f200000, 0x000000071f400000|  0%| F|  |TAMS 0x000000071f200000, 0x000000071f200000| Untracked 
| 250|0x000000071f400000, 0x000000071f400000, 0x000000071f600000|  0%| F|  |TAMS 0x000000071f400000, 0x000000071f400000| Untracked 
| 251|0x000000071f600000, 0x000000071f600000, 0x000000071f800000|  0%| F|  |TAMS 0x000000071f600000, 0x000000071f600000| Untracked 
| 252|0x000000071f800000, 0x000000071f800000, 0x000000071fa00000|  0%| F|  |TAMS 0x000000071f800000, 0x000000071f800000| Untracked 
| 253|0x000000071fa00000, 0x000000071fa00000, 0x000000071fc00000|  0%| F|  |TAMS 0x000000071fa00000, 0x000000071fa00000| Untracked 
| 254|0x000000071fc00000, 0x000000071fc00000, 0x000000071fe00000|  0%| F|  |TAMS 0x000000071fc00000, 0x000000071fc00000| Untracked 
| 255|0x000000071fe00000, 0x000000071fe00000, 0x0000000720000000|  0%| F|  |TAMS 0x000000071fe00000, 0x000000071fe00000| Untracked 
| 256|0x0000000720000000, 0x0000000720000000, 0x0000000720200000|  0%| F|  |TAMS 0x0000000720000000, 0x0000000720000000| Untracked 
| 257|0x0000000720200000, 0x0000000720200000, 0x0000000720400000|  0%| F|  |TAMS 0x0000000720200000, 0x0000000720200000| Untracked 
| 258|0x0000000720400000, 0x0000000720400000, 0x0000000720600000|  0%| F|  |TAMS 0x0000000720400000, 0x0000000720400000| Untracked 
| 259|0x0000000720600000, 0x0000000720600000, 0x0000000720800000|  0%| F|  |TAMS 0x0000000720600000, 0x0000000720600000| Untracked 
| 260|0x0000000720800000, 0x0000000720800000, 0x0000000720a00000|  0%| F|  |TAMS 0x0000000720800000, 0x0000000720800000| Untracked 
| 261|0x0000000720a00000, 0x0000000720a00000, 0x0000000720c00000|  0%| F|  |TAMS 0x0000000720a00000, 0x0000000720a00000| Untracked 
| 262|0x0000000720c00000, 0x0000000720c00000, 0x0000000720e00000|  0%| F|  |TAMS 0x0000000720c00000, 0x0000000720c00000| Untracked 
| 263|0x0000000720e00000, 0x0000000720e00000, 0x0000000721000000|  0%| F|  |TAMS 0x0000000720e00000, 0x0000000720e00000| Untracked 
| 264|0x0000000721000000, 0x0000000721000000, 0x0000000721200000|  0%| F|  |TAMS 0x0000000721000000, 0x0000000721000000| Untracked 
| 265|0x0000000721200000, 0x0000000721200000, 0x0000000721400000|  0%| F|  |TAMS 0x0000000721200000, 0x0000000721200000| Untracked 
| 266|0x0000000721400000, 0x0000000721400000, 0x0000000721600000|  0%| F|  |TAMS 0x0000000721400000, 0x0000000721400000| Untracked 
| 267|0x0000000721600000, 0x0000000721600000, 0x0000000721800000|  0%| F|  |TAMS 0x0000000721600000, 0x0000000721600000| Untracked 
| 268|0x0000000721800000, 0x0000000721800000, 0x0000000721a00000|  0%| F|  |TAMS 0x0000000721800000, 0x0000000721800000| Untracked 
| 269|0x0000000721a00000, 0x0000000721a00000, 0x0000000721c00000|  0%| F|  |TAMS 0x0000000721a00000, 0x0000000721a00000| Untracked 
| 270|0x0000000721c00000, 0x0000000721c00000, 0x0000000721e00000|  0%| F|  |TAMS 0x0000000721c00000, 0x0000000721c00000| Untracked 
| 271|0x0000000721e00000, 0x0000000721e00000, 0x0000000722000000|  0%| F|  |TAMS 0x0000000721e00000, 0x0000000721e00000| Untracked 
| 272|0x0000000722000000, 0x0000000722000000, 0x0000000722200000|  0%| F|  |TAMS 0x0000000722000000, 0x0000000722000000| Untracked 
| 273|0x0000000722200000, 0x00000007223e4fe0, 0x0000000722400000| 94%| S|CS|TAMS 0x0000000722200000, 0x0000000722200000| Complete 
| 274|0x0000000722400000, 0x0000000722600000, 0x0000000722600000|100%| S|CS|TAMS 0x0000000722400000, 0x0000000722400000| Complete 
| 275|0x0000000722600000, 0x0000000722600000, 0x0000000722800000|  0%| F|  |TAMS 0x0000000722600000, 0x0000000722600000| Untracked 
| 276|0x0000000722800000, 0x0000000722800000, 0x0000000722a00000|  0%| F|  |TAMS 0x0000000722800000, 0x0000000722800000| Untracked 

Card table byte_map: [0x000002aebe600000,0x000002aebee00000] _byte_map_base: 0x000002aebae00000

Marking Bits (Prev, Next): (CMBitMap*) 0x000002aeab43fec0, (CMBitMap*) 0x000002aeab43fe80
 Prev Bits: [0x000002aec3600000, 0x000002aec7600000)
 Next Bits: [0x000002aebf600000, 0x000002aec3600000)

Polling page: 0x000002aea93c0000

Metaspace:

Usage:
  Non-class:    129.63 MB used.
      Class:     19.85 MB used.
       Both:    149.48 MB used.

Virtual space:
  Non-class space:      192.00 MB reserved,     130.69 MB ( 68%) committed,  3 nodes.
      Class space:        1.00 GB reserved,      20.75 MB (  2%) committed,  1 nodes.
             Both:        1.19 GB reserved,     151.44 MB ( 12%) committed. 

Chunk freelists:
   Non-Class:  13.09 MB
       Class:  11.09 MB
        Both:  24.19 MB

MaxMetaspaceSize: 2.00 GB
CompressedClassSpaceSize: 1.00 GB
Initial GC threshold: 21.00 MB
Current GC threshold: 237.81 MB
CDS: off
MetaspaceReclaimPolicy: balanced
 - commit_granule_bytes: 65536.
 - commit_granule_words: 8192.
 - virtual_space_node_default_size: 8388608.
 - enlarge_chunks_in_place: 1.
 - new_chunks_are_fully_committed: 0.
 - uncommit_free_chunks: 1.
 - use_allocation_guard: 0.
 - handle_deallocations: 1.


Internal statistics:

num_allocs_failed_limit: 9.
num_arena_births: 3388.
num_arena_deaths: 10.
num_vsnodes_births: 4.
num_vsnodes_deaths: 0.
num_space_committed: 2422.
num_space_uncommitted: 0.
num_chunks_returned_to_freelist: 22.
num_chunks_taken_from_freelist: 10173.
num_chunk_merges: 14.
num_chunk_splits: 6129.
num_chunks_enlarged: 3298.
num_inconsistent_stats: 0.

CodeHeap 'non-profiled nmethods': size=120000Kb used=18898Kb max_used=21573Kb free=101101Kb
 bounds [0x000002aeb6380000, 0x000002aeb78a0000, 0x000002aebd8b0000]
CodeHeap 'profiled nmethods': size=120000Kb used=39155Kb max_used=39594Kb free=80844Kb
 bounds [0x000002aeae8b0000, 0x000002aeb1020000, 0x000002aeb5de0000]
CodeHeap 'non-nmethods': size=5760Kb used=2532Kb max_used=2618Kb free=3227Kb
 bounds [0x000002aeb5de0000, 0x000002aeb6080000, 0x000002aeb6380000]
 total_blobs=21878 nmethods=20795 adapters=994
 compilation: enabled
              stopped_count=0, restarted_count=0
 full_count=0

Compilation events (20 events):
Event: 2426.377 Thread 0x000002aeca47cd10 nmethod 26714% 0x000002aeaf983d10 code [0x000002aeaf983fa0, 0x000002aeaf985058]
Event: 2426.377 Thread 0x000002aeca47cd10 26707       2       com.android.tools.r8.internal.ml::a (48 bytes)
Event: 2426.378 Thread 0x000002aeca47cd10 nmethod 26707 0x000002aeb0163390 code [0x000002aeb0163540, 0x000002aeb0163a38]
Event: 2426.378 Thread 0x000002aeca47cd10 26718   !   2       java.util.concurrent.ForkJoinTask::awaitDone (656 bytes)
Event: 2426.381 Thread 0x000002aeca47cd10 nmethod 26718 0x000002aeb0f0cc90 code [0x000002aeb0f0d0a0, 0x000002aeb0f0ed88]
Event: 2426.381 Thread 0x000002aeca47cd10 26711       2       java.util.concurrent.ForkJoinTask::signalWaiters (61 bytes)
Event: 2426.382 Thread 0x000002aeca47cd10 nmethod 26711 0x000002aeae936190 code [0x000002aeae936380, 0x000002aeae936908]
Event: 2426.382 Thread 0x000002aeca47cd10 26627       2       com.android.tools.r8.internal.qK::hasNext (14 bytes)
Event: 2426.382 Thread 0x000002aeca47cd10 nmethod 26627 0x000002aeb0bd3e90 code [0x000002aeb0bd4020, 0x000002aeb0bd4138]
Event: 2426.382 Thread 0x000002aeca47cd10 26736       2       com.android.tools.r8.graph.I::<init> (354 bytes)
Event: 2426.384 Thread 0x000002aeca47cd10 nmethod 26736 0x000002aeb0406510 code [0x000002aeb04068a0, 0x000002aeb0407a68]
Event: 2426.384 Thread 0x000002aeca47cd10 26587       2       com.android.tools.r8.internal.Pa::a (414 bytes)
Event: 2426.386 Thread 0x000002aeca47cd10 nmethod 26587 0x000002aeb069e490 code [0x000002aeb069e840, 0x000002aeb069fed8]
Event: 2426.386 Thread 0x000002aeca47cd10 26740       3       com.android.tools.r8.graph.t2::a (122 bytes)
Event: 2426.387 Thread 0x000002aeca47cd10 nmethod 26740 0x000002aeaed16990 code [0x000002aeaed16c20, 0x000002aeaed17bd8]
Event: 2426.387 Thread 0x000002aeca47cd10 26741       2       com.android.tools.r8.internal.Pa::a (148 bytes)
Event: 2426.388 Thread 0x000002aeca47cd10 nmethod 26741 0x000002aeaecb4590 code [0x000002aeaecb4760, 0x000002aeaecb4b88]
Event: 2426.388 Thread 0x000002aeca47cd10 26743       2       com.android.tools.r8.graph.a1::a (117 bytes)
Event: 2426.388 Thread 0x000002aeca47cd10 nmethod 26743 0x000002aeaedf0690 code [0x000002aeaedf0880, 0x000002aeaedf0f48]
Event: 2426.388 Thread 0x000002aeca47cd10 26742       2       com.android.tools.r8.graph.a1::a (129 bytes)

GC Heap History (20 events):
Event: 2416.832 GC heap after
{Heap after GC invocations=98 (full 0):
 garbage-first heap   total 567296K, used 288365K [0x0000000700000000, 0x0000000800000000)
  region size 2048K, 10 young (20480K), 10 survivors (20480K)
 Metaspace       used 117777K, committed 119552K, reserved 1179648K
  class space    used 15884K, committed 16640K, reserved 1048576K
}
Event: 2417.435 GC heap before
{Heap before GC invocations=98 (full 0):
 garbage-first heap   total 567296K, used 298605K [0x0000000700000000, 0x0000000800000000)
  region size 2048K, 13 young (26624K), 10 survivors (20480K)
 Metaspace       used 117984K, committed 119808K, reserved 1179648K
  class space    used 15920K, committed 16768K, reserved 1048576K
}
Event: 2417.449 GC heap after
{Heap after GC invocations=99 (full 0):
 garbage-first heap   total 567296K, used 262814K [0x0000000700000000, 0x0000000800000000)
  region size 2048K, 2 young (4096K), 2 survivors (4096K)
 Metaspace       used 117984K, committed 119808K, reserved 1179648K
  class space    used 15920K, committed 16768K, reserved 1048576K
}
Event: 2418.139 GC heap before
{Heap before GC invocations=99 (full 0):
 garbage-first heap   total 567296K, used 289438K [0x0000000700000000, 0x0000000800000000)
  region size 2048K, 17 young (34816K), 2 survivors (4096K)
 Metaspace       used 119577K, committed 121408K, reserved 1179648K
  class space    used 16150K, committed 16960K, reserved 1048576K
}
Event: 2418.143 GC heap after
{Heap after GC invocations=100 (full 0):
 garbage-first heap   total 567296K, used 261898K [0x0000000700000000, 0x0000000800000000)
  region size 2048K, 2 young (4096K), 2 survivors (4096K)
 Metaspace       used 119577K, committed 121408K, reserved 1179648K
  class space    used 16150K, committed 16960K, reserved 1048576K
}
Event: 2424.548 GC heap before
{Heap before GC invocations=101 (full 0):
 garbage-first heap   total 567296K, used 470794K [0x0000000700000000, 0x0000000800000000)
  region size 2048K, 93 young (190464K), 2 survivors (4096K)
 Metaspace       used 132834K, committed 134720K, reserved 1179648K
  class space    used 17533K, committed 18432K, reserved 1048576K
}
Event: 2424.563 GC heap after
{Heap after GC invocations=102 (full 0):
 garbage-first heap   total 567296K, used 268078K [0x0000000700000000, 0x0000000800000000)
  region size 2048K, 12 young (24576K), 12 survivors (24576K)
 Metaspace       used 132834K, committed 134720K, reserved 1179648K
  class space    used 17533K, committed 18432K, reserved 1048576K
}
Event: 2424.574 GC heap before
{Heap before GC invocations=102 (full 0):
 garbage-first heap   total 567296K, used 270126K [0x0000000700000000, 0x0000000800000000)
  region size 2048K, 13 young (26624K), 12 survivors (24576K)
 Metaspace       used 132911K, committed 134784K, reserved 1179648K
  class space    used 17549K, committed 18432K, reserved 1048576K
}
Event: 2424.586 GC heap after
{Heap after GC invocations=103 (full 0):
 garbage-first heap   total 567296K, used 241980K [0x0000000700000000, 0x0000000800000000)
  region size 2048K, 2 young (4096K), 2 survivors (4096K)
 Metaspace       used 132911K, committed 134784K, reserved 1179648K
  class space    used 17549K, committed 18432K, reserved 1048576K
}
Event: 2424.914 GC heap before
{Heap before GC invocations=103 (full 0):
 garbage-first heap   total 567296K, used 444732K [0x0000000700000000, 0x0000000800000000)
  region size 2048K, 101 young (206848K), 2 survivors (4096K)
 Metaspace       used 137458K, committed 139392K, reserved 1179648K
  class space    used 18044K, committed 18944K, reserved 1048576K
}
Event: 2424.916 GC heap after
{Heap after GC invocations=104 (full 0):
 garbage-first heap   total 567296K, used 240453K [0x0000000700000000, 0x0000000800000000)
  region size 2048K, 1 young (2048K), 1 survivors (2048K)
 Metaspace       used 137458K, committed 139392K, reserved 1179648K
  class space    used 18044K, committed 18944K, reserved 1048576K
}
Event: 2425.615 GC heap before
{Heap before GC invocations=105 (full 0):
 garbage-first heap   total 567296K, used 455493K [0x0000000700000000, 0x0000000800000000)
  region size 2048K, 106 young (217088K), 1 survivors (2048K)
 Metaspace       used 142656K, committed 144640K, reserved 1179648K
  class space    used 18734K, committed 19648K, reserved 1048576K
}
Event: 2425.621 GC heap after
{Heap after GC invocations=106 (full 0):
 garbage-first heap   total 567296K, used 268267K [0x0000000700000000, 0x0000000800000000)
  region size 2048K, 14 young (28672K), 14 survivors (28672K)
 Metaspace       used 142656K, committed 144640K, reserved 1179648K
  class space    used 18734K, committed 19648K, reserved 1048576K
}
Event: 2425.625 GC heap before
{Heap before GC invocations=106 (full 0):
 garbage-first heap   total 567296K, used 270315K [0x0000000700000000, 0x0000000800000000)
  region size 2048K, 15 young (30720K), 14 survivors (28672K)
 Metaspace       used 142709K, committed 144640K, reserved 1179648K
  class space    used 18741K, committed 19648K, reserved 1048576K
}
Event: 2425.632 GC heap after
{Heap after GC invocations=107 (full 0):
 garbage-first heap   total 567296K, used 265747K [0x0000000700000000, 0x0000000800000000)
  region size 2048K, 1 young (2048K), 1 survivors (2048K)
 Metaspace       used 142709K, committed 144640K, reserved 1179648K
  class space    used 18741K, committed 19648K, reserved 1048576K
}
Event: 2425.681 GC heap before
{Heap before GC invocations=107 (full 0):
 garbage-first heap   total 567296K, used 278035K [0x0000000700000000, 0x0000000800000000)
  region size 2048K, 8 young (16384K), 1 survivors (2048K)
 Metaspace       used 143062K, committed 145024K, reserved 1179648K
  class space    used 18752K, committed 19648K, reserved 1048576K
}
Event: 2425.683 GC heap after
{Heap after GC invocations=108 (full 0):
 garbage-first heap   total 567296K, used 267442K [0x0000000700000000, 0x0000000800000000)
  region size 2048K, 2 young (4096K), 2 survivors (4096K)
 Metaspace       used 143062K, committed 145024K, reserved 1179648K
  class space    used 18752K, committed 19648K, reserved 1048576K
}
Event: 2426.349 GC heap before
{Heap before GC invocations=109 (full 0):
 garbage-first heap   total 567296K, used 441522K [0x0000000700000000, 0x0000000800000000)
  region size 2048K, 88 young (180224K), 2 survivors (4096K)
 Metaspace       used 153001K, committed 155008K, reserved 1245184K
  class space    used 20317K, committed 21248K, reserved 1048576K
}
Event: 2426.374 GC heap after
{Heap after GC invocations=110 (full 0):
 garbage-first heap   total 567296K, used 298719K [0x0000000700000000, 0x0000000800000000)
  region size 2048K, 11 young (22528K), 11 survivors (22528K)
 Metaspace       used 153001K, committed 155008K, reserved 1245184K
  class space    used 20317K, committed 21248K, reserved 1048576K
}
Event: 2426.389 GC heap before
{Heap before GC invocations=110 (full 0):
 garbage-first heap   total 567296K, used 302815K [0x0000000700000000, 0x0000000800000000)
  region size 2048K, 13 young (26624K), 11 survivors (22528K)
 Metaspace       used 153070K, committed 155072K, reserved 1245184K
  class space    used 20326K, committed 21248K, reserved 1048576K
}

Dll operation events (2 events):
Event: 0.008 Loaded shared library C:\Program Files\Android\Android Studio\jbr\bin\java.dll
Event: 0.402 Loaded shared library C:\Program Files\Android\Android Studio\jbr\bin\verify.dll

Deoptimization events (20 events):
Event: 2426.340 Thread 0x000002aed451bb10 DEOPT PACKING pc=0x000002aeafb403a8 sp=0x000000f30b7fe300
Event: 2426.340 Thread 0x000002aed451bb10 DEOPT UNPACKING pc=0x000002aeb5e37143 sp=0x000000f30b7fd860 mode 0
Event: 2426.343 Thread 0x000002aed53453d0 DEOPT PACKING pc=0x000002aeafb08aff sp=0x000000f30b8fdfc0
Event: 2426.343 Thread 0x000002aed53453d0 DEOPT UNPACKING pc=0x000002aeb5e37143 sp=0x000000f30b8fd538 mode 0
Event: 2426.375 Thread 0x000002aed5346810 DEOPT PACKING pc=0x000002aeafb08aff sp=0x000000f30b6fe400
Event: 2426.375 Thread 0x000002aed5346810 DEOPT UNPACKING pc=0x000002aeb5e37143 sp=0x000000f30b6fd978 mode 0
Event: 2426.386 Thread 0x000002aeda1cc7d0 Uncommon trap: trap_request=0xffffff45 fr.pc=0x000002aeb723f4c8 relative=0x0000000000000888
Event: 2426.386 Thread 0x000002aeda1cc7d0 Uncommon trap: reason=unstable_if action=reinterpret pc=0x000002aeb723f4c8 method=com.android.tools.r8.internal.Pa.a([CII)Ljava/lang/String; @ 59 c2
Event: 2426.386 Thread 0x000002aeda1cc7d0 DEOPT PACKING pc=0x000002aeb723f4c8 sp=0x000000f30b9fe740
Event: 2426.386 Thread 0x000002aeda1cc7d0 DEOPT UNPACKING pc=0x000002aeb5e369a3 sp=0x000000f30b9fe6f8 mode 2
Event: 2426.387 Thread 0x000002aeda1cc7d0 Uncommon trap: trap_request=0xffffff45 fr.pc=0x000002aeb6f65c30 relative=0x0000000000000890
Event: 2426.387 Thread 0x000002aeda1cc7d0 Uncommon trap: reason=unstable_if action=reinterpret pc=0x000002aeb6f65c30 method=com.android.tools.r8.graph.a1.a(Ljava/lang/String;)[B @ 37 c2
Event: 2426.387 Thread 0x000002aeda1cc7d0 DEOPT PACKING pc=0x000002aeb6f65c30 sp=0x000000f30b9fe6e0
Event: 2426.387 Thread 0x000002aeda1cc7d0 DEOPT UNPACKING pc=0x000002aeb5e369a3 sp=0x000000f30b9fe688 mode 2
Event: 2426.387 Thread 0x000002aeda1cc7d0 Uncommon trap: trap_request=0xffffff45 fr.pc=0x000002aeb69c9924 relative=0x0000000000000104
Event: 2426.387 Thread 0x000002aeda1cc7d0 Uncommon trap: reason=unstable_if action=reinterpret pc=0x000002aeb69c9924 method=com.android.tools.r8.graph.a1.a(C[BI)I @ 27 c2
Event: 2426.387 Thread 0x000002aeda1cc7d0 DEOPT PACKING pc=0x000002aeb69c9924 sp=0x000000f30b9fe660
Event: 2426.387 Thread 0x000002aeda1cc7d0 DEOPT UNPACKING pc=0x000002aeb5e369a3 sp=0x000000f30b9fe608 mode 2
Event: 2426.388 Thread 0x000002aed5346810 DEOPT PACKING pc=0x000002aeafb08aff sp=0x000000f30b6fe400
Event: 2426.388 Thread 0x000002aed5346810 DEOPT UNPACKING pc=0x000002aeb5e37143 sp=0x000000f30b6fd978 mode 0

Classes unloaded (5 events):
Event: 39.335 Thread 0x000002aeca425050 Unloading class 0x0000000800e89400 'java/lang/invoke/LambdaForm$DMH+0x0000000800e89400'
Event: 39.335 Thread 0x000002aeca425050 Unloading class 0x0000000800e89000 'java/lang/invoke/LambdaForm$DMH+0x0000000800e89000'
Event: 39.335 Thread 0x000002aeca425050 Unloading class 0x0000000800e88c00 'java/lang/invoke/LambdaForm$DMH+0x0000000800e88c00'
Event: 39.335 Thread 0x000002aeca425050 Unloading class 0x0000000800e88800 'java/lang/invoke/LambdaForm$DMH+0x0000000800e88800'
Event: 39.335 Thread 0x000002aeca425050 Unloading class 0x0000000800e88400 'java/lang/invoke/LambdaForm$DMH+0x0000000800e88400'

Classes redefined (0 events):
No events

Internal exceptions (20 events):
Event: 2426.037 Thread 0x000002aed451de80 Exception <a 'java/lang/IncompatibleClassChangeError'{0x000000072010fcf8}: Found class java.lang.Object, but interface was expected> (0x000000072010fcf8) 
thrown [s\src\hotspot\share\interpreter\linkResolver.cpp, line 838]
Event: 2426.037 Thread 0x000002aed5346810 Exception <a 'java/lang/IncompatibleClassChangeError'{0x000000072016de40}: Found class java.lang.Object, but interface was expected> (0x000000072016de40) 
thrown [s\src\hotspot\share\interpreter\linkResolver.cpp, line 838]
Event: 2426.037 Thread 0x000002aeda1cc7d0 Exception <a 'java/lang/IncompatibleClassChangeError'{0x00000007200cb9a8}: Found class java.lang.Object, but interface was expected> (0x00000007200cb9a8) 
thrown [s\src\hotspot\share\interpreter\linkResolver.cpp, line 838]
Event: 2426.037 Thread 0x000002aed13254a0 Exception <a 'java/lang/IncompatibleClassChangeError'{0x00000007200ed688}: Found class java.lang.Object, but interface was expected> (0x00000007200ed688) 
thrown [s\src\hotspot\share\interpreter\linkResolver.cpp, line 838]
Event: 2426.037 Thread 0x000002aed53453d0 Exception <a 'java/lang/IncompatibleClassChangeError'{0x00000007200a9a20}: Found class java.lang.Object, but interface was expected> (0x00000007200a9a20) 
thrown [s\src\hotspot\share\interpreter\linkResolver.cpp, line 838]
Event: 2426.046 Thread 0x000002aed53453d0 Exception <a 'java/lang/NoSuchMethodError'{0x00000007200c4bd8}: 'java.lang.Object java.lang.invoke.DirectMethodHandle$Holder.newInvokeSpecial(java.lang.Object, java.lang.Object, int, java.lang.Object, java.lang.Object)'> (0x00000007200c4bd8) 
thrown [s\src\hotspot\share\interpreter\linkResolver.cpp, line 771]
Event: 2426.046 Thread 0x000002aed451bb10 Exception <a 'java/lang/NoSuchMethodError'{0x000000071fe687f8}: 'java.lang.Object java.lang.invoke.DirectMethodHandle$Holder.newInvokeSpecial(java.lang.Object, java.lang.Object, int, java.lang.Object, java.lang.Object)'> (0x000000071fe687f8) 
thrown [s\src\hotspot\share\interpreter\linkResolver.cpp, line 771]
Event: 2426.046 Thread 0x000002aeda1cc7d0 Exception <a 'java/lang/NoSuchMethodError'{0x000000071fe0cd38}: 'java.lang.Object java.lang.invoke.DirectMethodHandle$Holder.newInvokeSpecial(java.lang.Object, java.lang.Object, int, java.lang.Object, java.lang.Object)'> (0x000000071fe0cd38) 
thrown [s\src\hotspot\share\interpreter\linkResolver.cpp, line 771]
Event: 2426.046 Thread 0x000002aed13254a0 Exception <a 'java/lang/NoSuchMethodError'{0x000000071fe546b8}: 'java.lang.Object java.lang.invoke.DirectMethodHandle$Holder.newInvokeSpecial(java.lang.Object, java.lang.Object, int, java.lang.Object, java.lang.Object)'> (0x000000071fe546b8) 
thrown [s\src\hotspot\share\interpreter\linkResolver.cpp, line 771]
Event: 2426.046 Thread 0x000002aed451de80 Exception <a 'java/lang/NoSuchMethodError'{0x0000000720128d48}: 'java.lang.Object java.lang.invoke.DirectMethodHandle$Holder.newInvokeSpecial(java.lang.Object, java.lang.Object, int, java.lang.Object, java.lang.Object)'> (0x0000000720128d48) 
thrown [s\src\hotspot\share\interpreter\linkResolver.cpp, line 771]
Event: 2426.068 Thread 0x000002aed451de80 Exception <a 'java/lang/NoSuchMethodError'{0x000000071ffbbc40}: 'long java.lang.invoke.DirectMethodHandle$Holder.invokeStatic(java.lang.Object, java.lang.Object)'> (0x000000071ffbbc40) 
thrown [s\src\hotspot\share\interpreter\linkResolver.cpp, line 771]
Event: 2426.068 Thread 0x000002aed451bb10 Exception <a 'java/lang/NoSuchMethodError'{0x000000071fcccec0}: 'long java.lang.invoke.DirectMethodHandle$Holder.invokeStatic(java.lang.Object, java.lang.Object)'> (0x000000071fcccec0) 
thrown [s\src\hotspot\share\interpreter\linkResolver.cpp, line 771]
Event: 2426.068 Thread 0x000002aed5346810 Exception <a 'java/lang/NoSuchMethodError'{0x000000071fc19a30}: 'long java.lang.invoke.DirectMethodHandle$Holder.invokeStatic(java.lang.Object, java.lang.Object)'> (0x000000071fc19a30) 
thrown [s\src\hotspot\share\interpreter\linkResolver.cpp, line 771]
Event: 2426.068 Thread 0x000002aeda1cc7d0 Exception <a 'java/lang/NoSuchMethodError'{0x000000071ff809f8}: 'long java.lang.invoke.DirectMethodHandle$Holder.invokeStatic(java.lang.Object, java.lang.Object)'> (0x000000071ff809f8) 
thrown [s\src\hotspot\share\interpreter\linkResolver.cpp, line 771]
Event: 2426.068 Thread 0x000002aed451bb10 Exception <a 'java/lang/NoSuchMethodError'{0x000000071fd54f38}: 'long java.lang.invoke.DirectMethodHandle$Holder.invokeStaticInit(java.lang.Object, java.lang.Object)'> (0x000000071fd54f38) 
thrown [s\src\hotspot\share\interpreter\linkResolver.cpp, line 771]
Event: 2426.068 Thread 0x000002aed451de80 Exception <a 'java/lang/NoSuchMethodError'{0x000000071ffbef98}: 'long java.lang.invoke.DirectMethodHandle$Holder.invokeStaticInit(java.lang.Object, java.lang.Object)'> (0x000000071ffbef98) 
thrown [s\src\hotspot\share\interpreter\linkResolver.cpp, line 771]
Event: 2426.068 Thread 0x000002aed5346810 Exception <a 'java/lang/NoSuchMethodError'{0x000000071fc1cd60}: 'long java.lang.invoke.DirectMethodHandle$Holder.invokeStaticInit(java.lang.Object, java.lang.Object)'> (0x000000071fc1cd60) 
thrown [s\src\hotspot\share\interpreter\linkResolver.cpp, line 771]
Event: 2426.068 Thread 0x000002aeda1cc7d0 Exception <a 'java/lang/NoSuchMethodError'{0x000000071ff83d28}: 'long java.lang.invoke.DirectMethodHandle$Holder.invokeStaticInit(java.lang.Object, java.lang.Object)'> (0x000000071ff83d28) 
thrown [s\src\hotspot\share\interpreter\linkResolver.cpp, line 771]
Event: 2426.068 Thread 0x000002aed13254a0 Exception <a 'java/lang/NoSuchMethodError'{0x000000071ffdc240}: 'long java.lang.invoke.DirectMethodHandle$Holder.invokeStatic(java.lang.Object, java.lang.Object)'> (0x000000071ffdc240) 
thrown [s\src\hotspot\share\interpreter\linkResolver.cpp, line 771]
Event: 2426.068 Thread 0x000002aed53453d0 Exception <a 'java/lang/NoSuchMethodError'{0x000000071fd34a38}: 'long java.lang.invoke.DirectMethodHandle$Holder.invokeStatic(java.lang.Object, java.lang.Object)'> (0x000000071fd34a38) 
thrown [s\src\hotspot\share\interpreter\linkResolver.cpp, line 771]

VM Operations (20 events):
Event: 2425.832 Executing VM operation: HandshakeAllThreads done
Event: 2425.832 Executing VM operation: HandshakeAllThreads
Event: 2425.832 Executing VM operation: HandshakeAllThreads done
Event: 2425.835 Executing VM operation: HandshakeAllThreads
Event: 2425.836 Executing VM operation: HandshakeAllThreads done
Event: 2425.866 Executing VM operation: G1PauseCleanup
Event: 2425.867 Executing VM operation: G1PauseCleanup done
Event: 2425.870 Executing VM operation: HandshakeAllThreads
Event: 2425.872 Executing VM operation: HandshakeAllThreads done
Event: 2425.906 Executing VM operation: HandshakeAllThreads
Event: 2425.906 Executing VM operation: HandshakeAllThreads done
Event: 2425.933 Executing VM operation: HandshakeAllThreads
Event: 2425.934 Executing VM operation: HandshakeAllThreads done
Event: 2425.997 Executing VM operation: HandshakeAllThreads
Event: 2425.997 Executing VM operation: HandshakeAllThreads done
Event: 2426.000 Executing VM operation: HandshakeAllThreads
Event: 2426.000 Executing VM operation: HandshakeAllThreads done
Event: 2426.349 Executing VM operation: G1CollectForAllocation
Event: 2426.376 Executing VM operation: G1CollectForAllocation done
Event: 2426.389 Executing VM operation: G1CollectForAllocation

Events (20 events):
Event: 2426.025 Thread 0x000002aed13254a0 Thread added: 0x000002aed13254a0
Event: 2426.026 Thread 0x000002aed451de80 Thread added: 0x000002aed451de80
Event: 2426.035 loading class java/lang/reflect/GenericSignatureFormatError
Event: 2426.035 loading class java/lang/reflect/GenericSignatureFormatError done
Event: 2426.153 loading class org/xml/sax/ext/DefaultHandler2
Event: 2426.153 loading class org/xml/sax/ext/LexicalHandler
Event: 2426.153 loading class org/xml/sax/ext/LexicalHandler done
Event: 2426.153 loading class org/xml/sax/ext/DeclHandler
Event: 2426.153 loading class org/xml/sax/ext/DeclHandler done
Event: 2426.153 loading class org/xml/sax/ext/DefaultHandler2 done
Event: 2426.161 loading class com/sun/org/apache/xerces/internal/dom/ParentNode$UserDataRecord
Event: 2426.161 loading class com/sun/org/apache/xerces/internal/dom/ParentNode$UserDataRecord done
Event: 2426.162 loading class com/sun/org/apache/xerces/internal/util/EntityResolver2Wrapper
Event: 2426.162 loading class com/sun/org/apache/xerces/internal/util/EntityResolver2Wrapper done
Event: 2426.162 loading class com/sun/org/apache/xerces/internal/dom/ElementNSImpl
Event: 2426.164 loading class com/sun/org/apache/xerces/internal/dom/ElementNSImpl done
Event: 2426.164 loading class com/sun/org/apache/xerces/internal/dom/AttrNSImpl
Event: 2426.164 loading class com/sun/org/apache/xerces/internal/dom/AttrNSImpl done
Event: 2426.166 loading class com/sun/org/apache/xerces/internal/dom/DeepNodeListImpl
Event: 2426.167 loading class com/sun/org/apache/xerces/internal/dom/DeepNodeListImpl done


Dynamic libraries:
0x00007ff66ca30000 - 0x00007ff66ca3a000 	C:\Program Files\Android\Android Studio\jbr\bin\java.exe
0x00007ffd91cd0000 - 0x00007ffd91ec8000 	C:\WINDOWS\SYSTEM32\ntdll.dll
0x00007ffd91200000 - 0x00007ffd912c1000 	C:\WINDOWS\System32\KERNEL32.DLL
0x00007ffd8fa00000 - 0x00007ffd8fcfd000 	C:\WINDOWS\System32\KERNELBASE.dll
0x00007ffd8f650000 - 0x00007ffd8f750000 	C:\WINDOWS\System32\ucrtbase.dll
0x00007ffd88d00000 - 0x00007ffd88d17000 	C:\Program Files\Android\Android Studio\jbr\bin\jli.dll
0x00007ffd6efe0000 - 0x00007ffd6effb000 	C:\Program Files\Android\Android Studio\jbr\bin\VCRUNTIME140.dll
0x00007ffd8fe20000 - 0x00007ffd8ffbd000 	C:\WINDOWS\System32\USER32.dll
0x00007ffd7aed0000 - 0x00007ffd7b16a000 	C:\WINDOWS\WinSxS\amd64_microsoft.windows.common-controls_6595b64144ccf1df_6.0.19041.4355_none_60b8b9eb71f62e16\COMCTL32.dll
0x00007ffd912d0000 - 0x00007ffd9136e000 	C:\WINDOWS\System32\msvcrt.dll
0x00007ffd90a70000 - 0x00007ffd90a9b000 	C:\WINDOWS\System32\GDI32.dll
0x00007ffd8f750000 - 0x00007ffd8f772000 	C:\WINDOWS\System32\win32u.dll
0x00007ffd8f7b0000 - 0x00007ffd8f8c7000 	C:\WINDOWS\System32\gdi32full.dll
0x00007ffd8f960000 - 0x00007ffd8f9fd000 	C:\WINDOWS\System32\msvcp_win.dll
0x00007ffd90070000 - 0x00007ffd9009f000 	C:\WINDOWS\System32\IMM32.DLL
0x00007ffd71af0000 - 0x00007ffd71afc000 	C:\Program Files\Android\Android Studio\jbr\bin\vcruntime140_1.dll
0x00007ffd15430000 - 0x00007ffd154bd000 	C:\Program Files\Android\Android Studio\jbr\bin\msvcp140.dll
0x00007ffd2eb70000 - 0x00007ffd2f7f3000 	C:\Program Files\Android\Android Studio\jbr\bin\server\jvm.dll
0x00007ffd90fb0000 - 0x00007ffd91060000 	C:\WINDOWS\System32\ADVAPI32.dll
0x00007ffd8fd60000 - 0x00007ffd8fe00000 	C:\WINDOWS\System32\sechost.dll
0x00007ffd91060000 - 0x00007ffd91183000 	C:\WINDOWS\System32\RPCRT4.dll
0x00007ffd8f780000 - 0x00007ffd8f7a7000 	C:\WINDOWS\System32\bcrypt.dll
0x00007ffd8ee00000 - 0x00007ffd8ee4b000 	C:\WINDOWS\SYSTEM32\POWRPROF.dll
0x00007ffd85fc0000 - 0x00007ffd85fe7000 	C:\WINDOWS\SYSTEM32\WINMM.dll
0x00007ffd38430000 - 0x00007ffd38439000 	C:\WINDOWS\SYSTEM32\WSOCK32.dll
0x00007ffd88f10000 - 0x00007ffd88f1a000 	C:\WINDOWS\SYSTEM32\VERSION.dll
0x00007ffd91190000 - 0x00007ffd911fb000 	C:\WINDOWS\System32\WS2_32.dll
0x00007ffd8ede0000 - 0x00007ffd8edf2000 	C:\WINDOWS\SYSTEM32\UMPDC.dll
0x00007ffd8d220000 - 0x00007ffd8d232000 	C:\WINDOWS\SYSTEM32\kernel.appcore.dll
0x00007ffd306e0000 - 0x00007ffd306ea000 	C:\Program Files\Android\Android Studio\jbr\bin\jimage.dll
0x00007ffd89290000 - 0x00007ffd89474000 	C:\WINDOWS\SYSTEM32\DBGHELP.DLL
0x00007ffd7f080000 - 0x00007ffd7f0b4000 	C:\WINDOWS\SYSTEM32\dbgcore.DLL
0x00007ffd8f8d0000 - 0x00007ffd8f952000 	C:\WINDOWS\System32\bcryptPrimitives.dll
0x00007ffd2f980000 - 0x00007ffd2f9a5000 	C:\Program Files\Android\Android Studio\jbr\bin\java.dll
0x00007ffd2eb50000 - 0x00007ffd2eb68000 	C:\Program Files\Android\Android Studio\jbr\bin\zip.dll
0x00007ffd91370000 - 0x00007ffd91adf000 	C:\WINDOWS\System32\SHELL32.dll
0x00007ffd8d420000 - 0x00007ffd8dbc3000 	C:\WINDOWS\SYSTEM32\windows.storage.dll
0x00007ffd900a0000 - 0x00007ffd903f3000 	C:\WINDOWS\System32\combase.dll
0x00007ffd8ed40000 - 0x00007ffd8ed6e000 	C:\WINDOWS\SYSTEM32\Wldp.dll
0x00007ffd90c70000 - 0x00007ffd90d3d000 	C:\WINDOWS\System32\OLEAUT32.dll
0x00007ffd8ffc0000 - 0x00007ffd9006d000 	C:\WINDOWS\System32\SHCORE.dll
0x00007ffd8fd00000 - 0x00007ffd8fd55000 	C:\WINDOWS\System32\shlwapi.dll
0x00007ffd8f2b0000 - 0x00007ffd8f2d4000 	C:\WINDOWS\SYSTEM32\profapi.dll
0x00007ffd2eb30000 - 0x00007ffd2eb49000 	C:\Program Files\Android\Android Studio\jbr\bin\net.dll
0x00007ffd89180000 - 0x00007ffd8928d000 	C:\WINDOWS\SYSTEM32\WINHTTP.dll
0x00007ffd8ea40000 - 0x00007ffd8eaaa000 	C:\WINDOWS\system32\mswsock.dll
0x00007ffd2eb10000 - 0x00007ffd2eb26000 	C:\Program Files\Android\Android Studio\jbr\bin\nio.dll
0x00007ffd8c9f0000 - 0x00007ffd8ca00000 	C:\Program Files\Android\Android Studio\jbr\bin\verify.dll
0x00007ffd4b550000 - 0x00007ffd4b577000 	C:\Users\DAVID\.gradle\native\c067742578af261105cb4f569cf0c3c89f3d7b1fecec35dd04571415982c5e48\windows-amd64\native-platform.dll
0x00007ffd152e0000 - 0x00007ffd15424000 	C:\Users\DAVID\.gradle\native\38dada09dfb8b06ba9b0570ebf7e218e3eb74d4ef43ca46872605cf95ebc2f47\windows-amd64\native-platform-file-events.dll
0x00007ffd8ca10000 - 0x00007ffd8ca19000 	C:\Program Files\Android\Android Studio\jbr\bin\management.dll
0x00007ffd8ca00000 - 0x00007ffd8ca0b000 	C:\Program Files\Android\Android Studio\jbr\bin\management_ext.dll
0x00007ffd8fe00000 - 0x00007ffd8fe08000 	C:\WINDOWS\System32\PSAPI.DLL
0x00007ffd8ec30000 - 0x00007ffd8ec48000 	C:\WINDOWS\SYSTEM32\CRYPTSP.dll
0x00007ffd8e360000 - 0x00007ffd8e394000 	C:\WINDOWS\system32\rsaenh.dll
0x00007ffd8f230000 - 0x00007ffd8f25e000 	C:\WINDOWS\SYSTEM32\USERENV.dll
0x00007ffd8ec50000 - 0x00007ffd8ec5c000 	C:\WINDOWS\SYSTEM32\CRYPTBASE.dll
0x00007ffd8e720000 - 0x00007ffd8e75b000 	C:\WINDOWS\SYSTEM32\IPHLPAPI.DLL
0x00007ffd90c00000 - 0x00007ffd90c08000 	C:\WINDOWS\System32\NSI.dll
0x00007ffd8a560000 - 0x00007ffd8a577000 	C:\WINDOWS\SYSTEM32\dhcpcsvc6.DLL
0x00007ffd8a450000 - 0x00007ffd8a46d000 	C:\WINDOWS\SYSTEM32\dhcpcsvc.DLL
0x00007ffd8e760000 - 0x00007ffd8e82a000 	C:\WINDOWS\SYSTEM32\DNSAPI.dll
0x00007ffd8ca20000 - 0x00007ffd8ca29000 	C:\Program Files\Android\Android Studio\jbr\bin\extnet.dll
0x00007ffd8ca30000 - 0x00007ffd8ca37000 	C:\WINDOWS\system32\wshunix.dll
0x00007ffd8e5b0000 - 0x00007ffd8e5e3000 	C:\WINDOWS\SYSTEM32\ntmarta.dll
0x00007ffd80b60000 - 0x00007ffd80b7e000 	C:\Users\DAVID\AppData\Local\Temp\native-platform6361322413610607318dir\native-platform.dll
0x00007ffd8a350000 - 0x00007ffd8a357000 	C:\Program Files\Android\Android Studio\jbr\bin\rmi.dll

dbghelp: loaded successfully - version: 4.0.5 - missing functions: none
symbol engine: initialized successfully - sym options: 0x614 - pdb path: .;C:\Program Files\Android\Android Studio\jbr\bin;C:\WINDOWS\SYSTEM32;C:\WINDOWS\WinSxS\amd64_microsoft.windows.common-controls_6595b64144ccf1df_6.0.19041.4355_none_60b8b9eb71f62e16;C:\Program Files\Android\Android Studio\jbr\bin\server;C:\Users\DAVID\.gradle\native\c067742578af261105cb4f569cf0c3c89f3d7b1fecec35dd04571415982c5e48\windows-amd64;C:\Users\DAVID\.gradle\native\38dada09dfb8b06ba9b0570ebf7e218e3eb74d4ef43ca46872605cf95ebc2f47\windows-amd64;C:\Users\DAVID\AppData\Local\Temp\native-platform6361322413610607318dir

VM Arguments:
jvm_args: -XX:MaxMetaspaceSize=2G -XX:+HeapDumpOnOutOfMemoryError --add-opens=java.base/java.util=ALL-UNNAMED --add-opens=java.base/java.lang=ALL-UNNAMED --add-opens=java.base/java.lang.invoke=ALL-UNNAMED --add-opens=java.prefs/java.util.prefs=ALL-UNNAMED --add-opens=java.base/java.nio.charset=ALL-UNNAMED --add-opens=java.base/java.net=ALL-UNNAMED --add-opens=java.base/java.util.concurrent.atomic=ALL-UNNAMED -Xmx4G -Dfile.encoding=windows-1252 -Duser.country=BR -Duser.language=pt -Duser.variant 
java_command: org.gradle.launcher.daemon.bootstrap.GradleDaemon 7.6.3
java_class_path (initial): C:\Users\DAVID\.gradle\wrapper\dists\gradle-7.6.3-all\aocdy2d2z8kodnny3rsumj8i8\gradle-7.6.3\lib\gradle-launcher-7.6.3.jar
Launcher Type: SUN_STANDARD

[Global flags]
     intx CICompilerCount                          = 4                                         {product} {ergonomic}
     uint ConcGCThreads                            = 3                                         {product} {ergonomic}
     uint G1ConcRefinementThreads                  = 10                                        {product} {ergonomic}
   size_t G1HeapRegionSize                         = 2097152                                   {product} {ergonomic}
    uintx GCDrainStackTargetSize                   = 64                                        {product} {ergonomic}
     bool HeapDumpOnOutOfMemoryError               = true                                   {manageable} {command line}
   size_t InitialHeapSize                          = 268435456                                 {product} {ergonomic}
   size_t MarkStackSize                            = 4194304                                   {product} {ergonomic}
   size_t MaxHeapSize                              = 4294967296                                {product} {command line}
   size_t MaxMetaspaceSize                         = 2147483648                                {product} {command line}
   size_t MaxNewSize                               = 2575302656                                {product} {ergonomic}
   size_t MinHeapDeltaBytes                        = 2097152                                   {product} {ergonomic}
   size_t MinHeapSize                              = 8388608                                   {product} {ergonomic}
    uintx NonNMethodCodeHeapSize                   = 5839372                                {pd product} {ergonomic}
    uintx NonProfiledCodeHeapSize                  = 122909434                              {pd product} {ergonomic}
    uintx ProfiledCodeHeapSize                     = 122909434                              {pd product} {ergonomic}
    uintx ReservedCodeCacheSize                    = 251658240                              {pd product} {ergonomic}
     bool SegmentedCodeCache                       = true                                      {product} {ergonomic}
   size_t SoftMaxHeapSize                          = 4294967296                             {manageable} {ergonomic}
     bool UseCompressedClassPointers               = true                           {product lp64_product} {ergonomic}
     bool UseCompressedOops                        = true                           {product lp64_product} {ergonomic}
     bool UseG1GC                                  = true                                      {product} {ergonomic}
     bool UseLargePagesIndividualAllocation        = false                                  {pd product} {ergonomic}

Logging:
Log output configuration:
 #0: stdout all=warning uptime,level,tags
 #1: stderr all=off uptime,level,tags

Environment Variables:
JAVA_HOME=C:\Program Files\Android\Android Studio\jbr
CLASSPATH=D:\DOCUMENTOS\PROJETO_FLUTTER\dmega\android\\gradle\wrapper\gradle-wrapper.jar
PATH=C:\Program Files\Android\Android Studio\jbr\bin;C:\WINDOWS\system32;C:\WINDOWS;C:\WINDOWS\System32\Wbem;C:\WINDOWS\System32\WindowsPowerShell\v1.0\;C:\WINDOWS\System32\OpenSSH\;C:\Program Files\Git\cmd;C:\Users\DAVID\AppData\Local\Microsoft\WindowsApps;C:\Users\DAVID\AppData\Local\Programs\Microsoft VS Code\bin;C:\src\flutter\bin;;C:\src\flutter\bin\mingit\cmd;C:\src\flutter\bin\mingit\cmd
USERNAME=DAVID
OS=Windows_NT
PROCESSOR_IDENTIFIER=AMD64 Family 23 Model 8 Stepping 2, AuthenticAMD
TMP=C:\Users\DAVID\AppData\Local\Temp
TEMP=C:\Users\DAVID\AppData\Local\Temp



Periodic native trim disabled

JNI global refs:
JNI global refs: 29, weak refs: 104

JNI global refs memory usage: 843, weak refs: 1473

Process memory usage:
Resident Set Size: 1008424K (6% of 16699980K total physical memory with 5707864K free physical memory)

OOME stack traces (most recent first):
Classloader memory used:
Loader org.gradle.internal.classloader.VisitableURLClassLoader                         : 5487K
Loader org.gradle.internal.classloader.VisitableURLClassLoader                         : 5148K
Loader bootstrap                                                                       : 3548K
Loader java.net.URLClassLoader                                                         : 2778K
Loader org.gradle.initialization.MixInLegacyTypesClassLoader                           : 1510K
Loader jdk.internal.reflect.DelegatingClassLoader                                      : 416K
Loader org.gradle.groovy.scripts.internal.DefaultScriptCompilationHandler$ScriptClassLoader: 85044B
Loader jdk.internal.loader.ClassLoaders$PlatformClassLoader                            : 78741B
Loader org.codehaus.groovy.runtime.callsite.CallSiteClassLoader                        : 33811B
Loader jdk.internal.loader.ClassLoaders$AppClassLoader                                 : 26016B
Loader com.intellij.util.lang.UrlClassLoader                                           : 25556B
Loader sun.reflect.misc.MethodUtil                                                     : 519B

Classes loaded by more than one classloader:
Class Program                                                                         : loaded 6 times (x 70B)
Class org.objectweb.asm.MethodVisitor                                                 : loaded 3 times (x 102B)
Class com.google.common.base.CharMatcher$JavaUpperCase                                : loaded 3 times (x 109B)
Class com.google.common.collect.RegularImmutableList                                  : loaded 3 times (x 172B)
Class com.google.common.collect.ImmutableRangeSet$Builder                             : loaded 3 times (x 75B)
Class com.google.common.base.CharMatcher$IsEither                                     : loaded 3 times (x 109B)
Class com.google.common.base.CharMatcher$AnyOf                                        : loaded 3 times (x 110B)
Class com.google.common.collect.UsingToStringOrdering                                 : loaded 3 times (x 112B)
Class com.google.common.collect.ImmutableAsList                                       : loaded 3 times (x 169B)
Class com.google.common.collect.Platform                                              : loaded 3 times (x 69B)
Class com.google.common.io.Closer$SuppressingSuppressor                               : loaded 3 times (x 72B)
Class org.objectweb.asm.MethodWriter                                                  : loaded 3 times (x 103B)
Class com.google.common.collect.Sets$4                                                : loaded 3 times (x 137B)
Class com.google.common.collect.Sets$3                                                : loaded 3 times (x 137B)
Class com.google.common.collect.Sets$2                                                : loaded 3 times (x 137B)
Class com.google.common.collect.Sets$1                                                : loaded 3 times (x 137B)
Class com.google.common.collect.MapDifference                                         : loaded 3 times (x 68B)
Class [Lcom.google.common.collect.AbstractMapEntry;                                   : loaded 3 times (x 67B)
Class com.google.common.base.CharMatcher$JavaLetter                                   : loaded 3 times (x 109B)
Class com.google.common.collect.ImmutableRangeSet$AsSet                               : loaded 3 times (x 233B)
Class com.google.common.collect.SingletonImmutableList                                : loaded 3 times (x 167B)
Class com.google.common.base.CharMatcher$FastMatcher                                  : loaded 3 times (x 109B)
Class com.google.common.base.CharMatcher$Invisible                                    : loaded 3 times (x 110B)
Class com.google.common.io.ByteStreams                                                : loaded 3 times (x 69B)
Class com.google.common.collect.ImmutableMapEntry                                     : loaded 3 times (x 83B)
Class com.google.common.collect.ImmutableRangeSet$1                                   : loaded 3 times (x 169B)
Class com.google.common.base.CharMatcher$NamedFastMatcher                             : loaded 3 times (x 110B)
Class org.jetbrains.kotlin.config.LanguageVersionSettings                             : loaded 3 times (x 68B)
Class com.google.common.base.AbstractIterator$State                                   : loaded 3 times (x 77B)
Class [Lorg.objectweb.asm.Type;                                                       : loaded 3 times (x 67B)
Class com.google.common.io.Closer$Suppressor                                          : loaded 3 times (x 68B)
Class com.google.common.collect.ImmutableSet                                          : loaded 3 times (x 145B)
Class com.google.common.collect.ImmutableBiMap                                        : loaded 3 times (x 142B)
Class com.google.common.collect.ImmutableEnumSet                                      : loaded 3 times (x 146B)
Class org.objectweb.asm.Attribute                                                     : loaded 3 times (x 75B)
Class com.google.common.base.CharMatcher$JavaDigit                                    : loaded 3 times (x 109B)
Class com.google.common.base.CharMatcher$Digit                                        : loaded 3 times (x 110B)
Class com.google.common.collect.SortedMapDifference                                   : loaded 3 times (x 68B)
Class com.google.common.collect.ImmutableMap$MapViewOfValuesAsSingletonSets           : loaded 3 times (x 123B)
Class com.google.common.base.CharMatcher$ForPredicate                                 : loaded 3 times (x 110B)
Class com.google.common.collect.ImmutableSet$Builder                                  : loaded 3 times (x 83B)
Class com.google.common.collect.Sets                                                  : loaded 3 times (x 69B)
Class com.google.common.base.CharMatcher$Negated                                      : loaded 3 times (x 111B)
Class com.google.common.collect.ImmutableList$Builder                                 : loaded 3 times (x 75B)
Class com.google.common.collect.AbstractMapEntry                                      : loaded 3 times (x 79B)
Class com.google.common.math.IntMath                                                  : loaded 3 times (x 69B)
Class com.google.common.base.CharMatcher$NegatedFastMatcher                           : loaded 3 times (x 111B)
Class com.google.common.io.ByteArrayDataOutput                                        : loaded 3 times (x 68B)
Class com.google.common.collect.ImmutableEntry                                        : loaded 3 times (x 80B)
Class com.google.common.collect.Lists$StringAsImmutableList                           : loaded 3 times (x 167B)
Class org.objectweb.asm.ClassVisitor                                                  : loaded 3 times (x 85B)
Class com.google.common.base.CommonPattern                                            : loaded 3 times (x 72B)
Class com.google.common.io.ByteArrayDataInput                                         : loaded 3 times (x 68B)
Class com.google.common.collect.ImmutableCollection$Builder                           : loaded 3 times (x 74B)
Class com.google.common.collect.Maps$EntryTransformer                                 : loaded 3 times (x 68B)
Class com.google.common.base.CharMatcher$JavaLowerCase                                : loaded 3 times (x 109B)
Class com.google.common.collect.Iterables                                             : loaded 3 times (x 69B)
Class com.google.common.base.CharMatcher$Or                                           : loaded 3 times (x 110B)
Class com.google.common.collect.ImmutableMap$1                                        : loaded 3 times (x 79B)
Class com.google.common.base.CharMatcher                                              : loaded 3 times (x 109B)
Class com.google.common.base.CharMatcher$JavaIsoControl                               : loaded 3 times (x 110B)
Class com.google.common.base.CharMatcher$IsNot                                        : loaded 3 times (x 109B)
Class com.google.common.collect.RegularImmutableSortedSet                             : loaded 3 times (x 233B)
Class com.google.common.collect.ImmutableSet$SetBuilderImpl                           : loaded 3 times (x 74B)
Class com.google.common.collect.Maps$BiMapConverter                                   : loaded 3 times (x 88B)
Class com.google.common.collect.ReverseOrdering                                       : loaded 3 times (x 113B)
Class com.google.common.base.Splitter$1                                               : loaded 3 times (x 75B)
Class com.google.common.collect.ImmutableList$SubList                                 : loaded 3 times (x 168B)
Class com.google.common.base.Splitter                                                 : loaded 3 times (x 70B)
Class com.google.common.base.CharMatcher$RangesMatcher                                : loaded 3 times (x 110B)
Class com.google.common.collect.SortedIterable                                        : loaded 3 times (x 68B)
Class com.google.common.collect.ImmutableMapEntry$NonTerminalImmutableMapEntry        : loaded 3 times (x 83B)
Class com.google.common.base.CharMatcher$Any                                          : loaded 3 times (x 110B)
Class com.google.common.collect.IndexedImmutableSet$1                                 : loaded 3 times (x 172B)
Class com.google.common.collect.IndexedImmutableSet                                   : loaded 3 times (x 148B)
Class com.google.common.base.CharMatcher$And                                          : loaded 3 times (x 110B)
Class com.google.common.base.CharMatcher$Ascii                                        : loaded 3 times (x 110B)
Class com.google.common.base.CharMatcher$1                                            : loaded 3 times (x 111B)
Class com.google.common.base.AbstractIterator$1                                       : loaded 3 times (x 69B)
Class com.google.common.collect.Range                                                 : loaded 3 times (x 85B)
Class org.objectweb.asm.Type                                                          : loaded 3 times (x 70B)
Class com.google.common.base.AbstractIterator                                         : loaded 3 times (x 78B)
Class com.google.common.base.CharMatcher$BitSetMatcher                                : loaded 3 times (x 110B)
Class com.google.common.collect.ImmutableMap$IteratorBasedImmutableMap                : loaded 3 times (x 123B)
Class com.google.common.collect.ImmutableMap$Builder                                  : loaded 3 times (x 78B)
Class [Lcom.google.common.base.AbstractIterator$State;                                : loaded 3 times (x 67B)
Class com.google.common.collect.SingletonImmutableSet                                 : loaded 3 times (x 146B)
Class com.google.common.primitives.Ints$IntConverter                                  : loaded 3 times (x 88B)
Class com.google.common.collect.ImmutableMap                                          : loaded 3 times (x 118B)
Class com.google.common.base.Charsets                                                 : loaded 3 times (x 69B)
Class com.google.common.collect.ImmutableBiMapFauxverideShim                          : loaded 3 times (x 118B)
Class com.google.common.collect.ImmutableMapEntrySet                                  : loaded 3 times (x 149B)
Class com.google.common.collect.RegularImmutableAsList                                : loaded 3 times (x 176B)
Class com.google.common.base.CharMatcher$Is                                           : loaded 3 times (x 109B)
Class com.google.common.base.Converter                                                : loaded 3 times (x 88B)
Class com.google.common.collect.NullsLastOrdering                                     : loaded 3 times (x 113B)
Class com.google.common.collect.ImmutableSortedSetFauxverideShim                      : loaded 3 times (x 145B)
Class com.google.common.base.Splitter$SplittingIterator                               : loaded 3 times (x 82B)
Class com.google.common.collect.CollectCollectors                                     : loaded 3 times (x 69B)
Class [Lcom.google.common.collect.ImmutableEntry;                                     : loaded 3 times (x 67B)
Class com.google.common.collect.ImmutableSet$RegularSetBuilderImpl                    : loaded 3 times (x 75B)
Class com.google.common.collect.ImmutableSet$JdkBackedSetBuilderImpl                  : loaded 3 times (x 74B)
Class com.google.common.base.Splitter$1$1                                             : loaded 3 times (x 84B)
Class com.google.common.collect.ImmutableSortedSet                                    : loaded 3 times (x 233B)
Class [Lcom.google.common.collect.ImmutableMapEntry;                                  : loaded 3 times (x 67B)
Class com.google.common.collect.ImmutableMapEntrySet$RegularEntrySet                  : loaded 3 times (x 149B)
Class com.google.common.primitives.Ints                                               : loaded 3 times (x 69B)
Class com.google.common.base.Splitter$Strategy                                        : loaded 3 times (x 68B)
Class com.google.common.collect.ImmutableList$1                                       : loaded 3 times (x 95B)
Class com.google.common.collect.UnmodifiableListIterator                              : loaded 3 times (x 93B)
Class com.google.common.base.CharMatcher$None                                         : loaded 3 times (x 110B)
Class com.google.common.collect.AbstractIndexedListIterator                           : loaded 3 times (x 94B)
Class com.google.common.collect.RegularImmutableMap                                   : loaded 3 times (x 119B)
Class com.google.common.collect.Maps                                                  : loaded 3 times (x 69B)
Class com.google.common.collect.RangeGwtSerializationDependencies                     : loaded 3 times (x 69B)
Class com.google.common.collect.LexicographicalOrdering                               : loaded 3 times (x 113B)
Class com.google.common.primitives.IntsMethodsForWeb                                  : loaded 3 times (x 69B)
Class com.google.common.collect.CollectPreconditions                                  : loaded 3 times (x 69B)
Class com.google.common.collect.RegularImmutableMap$KeySet                            : loaded 3 times (x 148B)
Class com.google.common.base.Predicate                                                : loaded 3 times (x 68B)
Class com.google.common.collect.ComparatorOrdering                                    : loaded 3 times (x 113B)
Class com.google.common.collect.AllEqualOrdering                                      : loaded 3 times (x 112B)
Class com.google.common.base.Function                                                 : loaded 3 times (x 68B)
Class com.google.common.base.Preconditions                                            : loaded 3 times (x 69B)
Class com.google.common.base.CharMatcher$Whitespace                                   : loaded 3 times (x 110B)
Class com.google.common.collect.RegularImmutableSet                                   : loaded 3 times (x 146B)
Class com.google.common.collect.RangeSet                                              : loaded 3 times (x 68B)
Class com.google.common.collect.ImmutableList                                         : loaded 3 times (x 166B)
Class com.google.common.collect.ObjectArrays                                          : loaded 3 times (x 69B)
Class com.google.common.collect.Ordering                                              : loaded 3 times (x 112B)
Class com.google.common.collect.ImmutableList$ReverseImmutableList                    : loaded 3 times (x 168B)
Class com.google.common.collect.AbstractRangeSet                                      : loaded 3 times (x 112B)
Class com.google.common.collect.ExplicitOrdering                                      : loaded 3 times (x 113B)
Class com.google.common.collect.ImmutableEnumMap                                      : loaded 3 times (x 123B)
Class com.google.common.collect.RegularImmutableMap$Values                            : loaded 3 times (x 167B)
Class com.google.common.collect.ImmutableRangeSet                                     : loaded 3 times (x 113B)
Class com.google.common.collect.Maps$8                                                : loaded 3 times (x 80B)
Class com.google.common.collect.ImmutableCollection                                   : loaded 3 times (x 123B)
Class com.google.common.collect.CompoundOrdering                                      : loaded 3 times (x 113B)
Class com.google.common.base.CharMatcher$JavaLetterOrDigit                            : loaded 3 times (x 109B)
Class com.google.common.collect.Multimap                                              : loaded 3 times (x 68B)
Class com.google.common.base.CharMatcher$InRange                                      : loaded 3 times (x 109B)
Class com.google.common.collect.ByFunctionOrdering                                    : loaded 3 times (x 113B)
Class com.google.common.base.JdkPattern                                               : loaded 3 times (x 73B)
Class com.google.common.collect.NaturalOrdering                                       : loaded 3 times (x 113B)
Class com.google.common.collect.ImmutableRangeSet$ComplementRanges                    : loaded 3 times (x 167B)
Class com.google.common.collect.Sets$SetView                                          : loaded 3 times (x 136B)
Class com.google.common.collect.BiMap                                                 : loaded 3 times (x 68B)
Class com.google.common.collect.Lists                                                 : loaded 3 times (x 69B)
Class com.google.common.collect.NullsFirstOrdering                                    : loaded 3 times (x 113B)
Class com.google.common.io.ByteStreams$LimitedInputStream                             : loaded 3 times (x 90B)
Class com.google.common.math.IntMath$1                                                : loaded 3 times (x 69B)
Class com.google.common.collect.Hashing                                               : loaded 3 times (x 69B)
Class org.objectweb.asm.Label                                                         : loaded 3 times (x 71B)
Class com.google.common.base.CharMatcher$SingleWidth                                  : loaded 3 times (x 110B)
Class com.google.common.collect.UnmodifiableIterator                                  : loaded 3 times (x 78B)
Class com.google.common.io.Closer                                                     : loaded 3 times (x 76B)
Class com.google.common.io.ByteStreams$1                                              : loaded 3 times (x 83B)
Class com.google.common.math.MathPreconditions                                        : loaded 3 times (x 69B)
Class com.google.common.collect.ImmutableMultimap                                     : loaded 2 times (x 145B)
Class [Lkotlin.reflect.KProperty;                                                     : loaded 2 times (x 67B)
Class kotlin.reflect.jvm.internal.KPropertyImpl$Companion                             : loaded 2 times (x 69B)
Class com.android.tools.lint.model.DefaultLintModelArtifact                           : loaded 2 times (x 78B)
Class kotlin.reflect.jvm.internal.KTypeParameterOwnerImpl                             : loaded 2 times (x 68B)
Class kotlin.reflect.jvm.internal.pcollections.IntTree                                : loaded 2 times (x 70B)
Class org.jetbrains.kotlin.cli.jvm.compiler.KotlinCoreEnvironment                     : loaded 2 times (x 70B)
Class com.android.tools.lint.model.DefaultLintModelDependency                         : loaded 2 times (x 84B)
Class org.jetbrains.kotlin.cli.common.CompilerSystemProperties                        : loaded 2 times (x 78B)
Class kotlin.text.StringsKt__RegexExtensionsKt                                        : loaded 2 times (x 69B)
Class kotlin.reflect.jvm.internal.KCallableImpl$_parameters$1                         : loaded 2 times (x 77B)
Class org.gradle.internal.service.DefaultServiceLocator                               : loaded 2 times (x 81B)
Class kotlin.text.StringsKt__StringBuilderJVMKt                                       : loaded 2 times (x 69B)
Class org.gradle.internal.service.UnknownServiceException                             : loaded 2 times (x 81B)
Class kotlin.collections.SetsKt___SetsKt                                              : loaded 2 times (x 69B)
Class com.android.tools.lint.model.LintModelExternalLibrary                           : loaded 2 times (x 68B)
Class com.android.prefs.QueryResult                                                   : loaded 2 times (x 79B)
Class com.google.common.util.concurrent.AbstractFuture$SynchronizedHelper             : loaded 2 times (x 74B)
Class com.google.common.collect.ArrayListMultimap                                     : loaded 2 times (x 170B)
Class com.google.common.collect.Collections2$FilteredCollection                       : loaded 2 times (x 117B)
Class kotlin.text.StringsKt__StringsJVMKt                                             : loaded 2 times (x 69B)
Class kotlin.sequences.DropTakeSequence                                               : loaded 2 times (x 68B)
Class com.google.common.base.Strings                                                  : loaded 2 times (x 69B)
Class build_f0srlsa5vznkog7j8blhsloz4$_run_closure1$_closure3                         : loaded 2 times (x 134B)
Class com.google.common.cache.CacheBuilder$NullListener                               : loaded 2 times (x 80B)
Class kotlin.collections.CollectionsKt___CollectionsKt$asSequence$$inlined$Sequence$1 : loaded 2 times (x 73B)
Class com.google.common.cache.CacheLoader$InvalidCacheLoadException                   : loaded 2 times (x 80B)
Class org.jetbrains.kotlin.storage.LockBasedStorageManager$1                          : loaded 2 times (x 106B)
Class org.gradle.internal.classloader.DefaultClassLoaderFactory                       : loaded 2 times (x 80B)
Class kotlin.jvm.internal.TypeIntrinsics                                              : loaded 2 times (x 69B)
Class kotlin.reflect.KClass                                                           : loaded 2 times (x 68B)
Class com.google.common.collect.Sets$2$1                                              : loaded 2 times (x 80B)
Class com.google.common.base.Stopwatch                                                : loaded 2 times (x 70B)
Class com.google.common.reflect.Types                                                 : loaded 2 times (x 69B)
Class com.google.common.base.Platform$JdkPatternCompiler                              : loaded 2 times (x 73B)
Class net.rubygrapefruit.platform.ProcessLauncher                                     : loaded 2 times (x 68B)
Class kotlin.collections.CollectionsKt__MutableCollectionsKt                          : loaded 2 times (x 69B)
Class com.google.common.cache.LocalCache$LoadingValueReference                        : loaded 2 times (x 94B)
Class kotlin.reflect.jvm.internal.KPropertyImpl$_descriptor$1                         : loaded 2 times (x 77B)
Class kotlin.ResultKt                                                                 : loaded 2 times (x 69B)
Class org.jetbrains.kotlin.storage.NullableLazyValue                                  : loaded 2 times (x 68B)
Class org.gradle.internal.classloader.ClassLoaderVisitor                              : loaded 2 times (x 74B)
Class org.objectweb.asm.AnnotationWriter                                              : loaded 2 times (x 76B)
Class kotlin.collections.IntIterator                                                  : loaded 2 times (x 80B)
Class com.google.common.collect.ImmutableMultimap$EntryCollection                     : loaded 2 times (x 125B)
Class org.objectweb.asm.Context                                                       : loaded 2 times (x 70B)
Class [Lcom.google.common.reflect.Types$ClassOwnership;                               : loaded 2 times (x 67B)
Class kotlin.collections.CollectionsKt__ReversedViewsKt                               : loaded 2 times (x 69B)
Class kotlin.Result$Companion                                                         : loaded 2 times (x 69B)
Class net.rubygrapefruit.platform.internal.DefaultProcessLauncher                     : loaded 2 times (x 73B)
Class com.android.prefs.VariableType                                                  : loaded 2 times (x 77B)
Class com.google.common.collect.Maps$KeySet                                           : loaded 2 times (x 135B)
Class kotlin.Result$Failure                                                           : loaded 2 times (x 70B)
Class [Lcom.google.common.cache.CacheBuilder$NullListener;                            : loaded 2 times (x 67B)
Class com.google.common.base.Optional                                                 : loaded 2 times (x 78B)
Class com.android.tools.lint.model.LintModelLintOptions                               : loaded 2 times (x 68B)
Class com.google.common.base.FunctionalEquivalence                                    : loaded 2 times (x 81B)
Class org.jetbrains.kotlin.config.AnalysisFlag                                        : loaded 2 times (x 70B)
Class org.objectweb.asm.AnnotationVisitor                                             : loaded 2 times (x 75B)
Class org.objectweb.asm.RecordComponentWriter                                         : loaded 2 times (x 76B)
Class kotlin.sequences.SequenceScope                                                  : loaded 2 times (x 71B)
Class com.google.common.cache.LocalCache$1                                            : loaded 2 times (x 87B)
Class kotlin.reflect.jvm.internal.pcollections.ConsPStack                             : loaded 2 times (x 77B)
Class com.google.common.cache.LocalCache$2                                            : loaded 2 times (x 140B)
Class com.google.common.collect.RegularImmutableBiMap                                 : loaded 2 times (x 147B)
Class kotlin.sequences.SequencesKt__SequenceBuilderKt                                 : loaded 2 times (x 69B)
Class com.android.io.CancellableFileIo                                                : loaded 2 times (x 69B)
Class kotlin.text.StringsKt__StringNumberConversionsKt                                : loaded 2 times (x 69B)
Class org.gradle.internal.classloader.VisitableURLClassLoader$Spec                    : loaded 2 times (x 72B)
Class org.gradle.api.GradleException                                                  : loaded 2 times (x 80B)
Class com.google.common.base.PatternCompiler                                          : loaded 2 times (x 68B)
Class kotlin.reflect.jvm.internal.KCallableImpl$_annotations$1                        : loaded 2 times (x 77B)
Class org.gradle.api.internal.classpath.ModuleRegistry                                : loaded 2 times (x 68B)
Class com.android.tools.lint.model.LintModelSerialization                             : loaded 2 times (x 73B)
Class kotlin.KotlinNothingValueException                                              : loaded 2 times (x 80B)
Class org.jetbrains.kotlin.cli.common.messages.MessageCollector                       : loaded 2 times (x 68B)
Class org.jetbrains.kotlin.storage.CacheWithNullableValues                            : loaded 2 times (x 68B)
Class org.jetbrains.kotlin.storage.MemoizedFunctionToNotNull                          : loaded 2 times (x 68B)
Class com.android.tools.lint.model.DefaultLintModelDependencies                       : loaded 2 times (x 76B)
Class com.google.common.reflect.TypeToken$1                                           : loaded 2 times (x 123B)
Class com.google.common.cache.CacheBuilder                                            : loaded 2 times (x 70B)
Class com.android.prefs.VariableValue                                                 : loaded 2 times (x 79B)
Class com.google.common.reflect.TypeToken$2                                           : loaded 2 times (x 123B)
Class org.objectweb.asm.ByteVector                                                    : loaded 2 times (x 76B)
Class com.google.common.collect.SortedSetMultimap                                     : loaded 2 times (x 68B)
Class kotlin.reflect.jvm.internal.KCallableImpl$_typeParameters$1                     : loaded 2 times (x 77B)
Class kotlin.jvm.internal.markers.KMappedMarker                                       : loaded 2 times (x 68B)
Class com.google.common.base.PairwiseEquivalence                                      : loaded 2 times (x 81B)
Class com.google.common.base.Ticker                                                   : loaded 2 times (x 70B)
Class org.jetbrains.kotlin.name.FqName                                                : loaded 2 times (x 70B)
Class org.gradle.api.internal.ClassPathProvider                                       : loaded 2 times (x 68B)
Class com.google.gson.JsonSyntaxException                                             : loaded 2 times (x 80B)
Class com.android.utils.ILogger                                                       : loaded 2 times (x 68B)
Class org.objectweb.asm.ModuleWriter                                                  : loaded 2 times (x 79B)
Class org.gradle.internal.classloader.ClasspathUtil$1                                 : loaded 2 times (x 74B)
Class com.android.ide.common.blame.SourcePosition                                     : loaded 2 times (x 69B)
Class com.google.common.io.ByteSource$AsCharSource                                    : loaded 2 times (x 84B)
Class kotlin.UninitializedPropertyAccessException                                     : loaded 2 times (x 80B)
Class kotlin.reflect.jvm.internal.KPackageImpl$data$1                                 : loaded 2 times (x 77B)
Class kotlin.sequences.TransformingSequence                                           : loaded 2 times (x 73B)
Class org.gradle.internal.classpath.DefaultClassPath$ImmutableUniqueList$Builder      : loaded 2 times (x 73B)
Class net.rubygrapefruit.platform.internal.Platform$Posix                             : loaded 2 times (x 79B)
Class [Lorg.jetbrains.kotlin.utils.DescriptionAware;                                  : loaded 2 times (x 67B)
Class kotlin.collections.CollectionsKt__MutableCollectionsJVMKt                       : loaded 2 times (x 69B)
Class [Lorg.jetbrains.kotlin.config.ExplicitApiMode;                                  : loaded 2 times (x 67B)
Class kotlin.collections.EmptyList                                                    : loaded 2 times (x 134B)
Class com.google.common.cache.AbstractCache$StatsCounter                              : loaded 2 times (x 68B)
Class com.google.common.collect.Maps$EntryFunction$1                                  : loaded 2 times (x 89B)
Class com.google.common.collect.Maps$EntryFunction$2                                  : loaded 2 times (x 89B)
Class org.objectweb.asm.FieldVisitor                                                  : loaded 2 times (x 74B)
Class com.android.tools.lint.model.DefaultLintModelDependencyGraph                    : loaded 2 times (x 76B)
Class org.objectweb.asm.Symbol                                                        : loaded 2 times (x 71B)
Class [Lcom.google.common.cache.LocalCache$Strength;                                  : loaded 2 times (x 67B)
Class com.google.common.reflect.TypeToken                                             : loaded 2 times (x 71B)
Class kotlin.reflect.jvm.internal.ReflectProperties$Val$1                             : loaded 2 times (x 69B)
Class com.google.common.cache.LocalCache$Strength$1                                   : loaded 2 times (x 79B)
Class com.google.common.collect.EmptyImmutableListMultimap                            : loaded 2 times (x 176B)
Class [Lcom.google.common.base.Predicate;                                             : loaded 2 times (x 67B)
Class com.google.common.cache.LocalCache$Strength$2                                   : loaded 2 times (x 79B)
Class com.google.common.cache.LocalCache$Strength$3                                   : loaded 2 times (x 79B)
Class org.gradle.internal.classloader.ClassLoaderFactory                              : loaded 2 times (x 68B)
Class kotlin.reflect.KCallable                                                        : loaded 2 times (x 68B)
Class kotlin.io.LinesSequence$iterator$1                                              : loaded 2 times (x 77B)
Class com.google.common.base.Absent                                                   : loaded 2 times (x 78B)
Class com.google.common.util.concurrent.AbstractFuture$Waiter                         : loaded 2 times (x 70B)
Class com.android.tools.lint.model.LintModelSerialization$LintModelSerializationAdapter: loaded 2 times (x 68B)
Class kotlin.jvm.internal.FunctionReference                                           : loaded 2 times (x 120B)
Class com.google.common.util.concurrent.Uninterruptibles                              : loaded 2 times (x 69B)
Class com.google.common.collect.Iterators$10                                          : loaded 2 times (x 79B)
Class kotlin.coroutines.EmptyCoroutineContext                                         : loaded 2 times (x 75B)
Class com.android.ide.common.repository.GradleVersion                                 : loaded 2 times (x 92B)
Class com.android.tools.lint.model.LintModelMavenName                                 : loaded 2 times (x 68B)
Class kotlin.jvm.internal.Lambda                                                      : loaded 2 times (x 73B)
Class com.google.common.collect.Iterators$EmptyModifiableIterator                     : loaded 2 times (x 84B)
Class org.gradle.api.internal.classpath.ManifestUtil                                  : loaded 2 times (x 69B)
Class org.gradle.api.specs.Spec                                                       : loaded 2 times (x 68B)
Class com.google.common.reflect.Invokable$MethodInvokable                             : loaded 2 times (x 120B)
Class kotlin.jvm.internal.Intrinsics                                                  : loaded 2 times (x 69B)
Class com.google.common.cache.CacheLoader$UnsupportedLoadingOperationException        : loaded 2 times (x 80B)
Class com.google.common.reflect.TypeResolver$TypeTable                                : loaded 2 times (x 71B)
Class kotlin.jvm.internal.ReflectionFactory                                           : loaded 2 times (x 86B)
Class com.google.common.util.concurrent.ListenableFuture                              : loaded 2 times (x 68B)
Class kotlin.jvm.internal.ArrayIterator                                               : loaded 2 times (x 77B)
Class kotlin.text.StringsKt___StringsJvmKt                                            : loaded 2 times (x 69B)
Class com.google.common.collect.Iterators$1                                           : loaded 2 times (x 79B)
Class com.google.common.collect.BaseImmutableMultimap                                 : loaded 2 times (x 121B)
Class com.google.common.collect.Iterators$4                                           : loaded 2 times (x 80B)
Class com.google.common.collect.Iterators$5                                           : loaded 2 times (x 80B)
Class com.google.common.collect.Iterators$6                                           : loaded 2 times (x 79B)
Class com.google.common.util.concurrent.AbstractFuture$UnsafeAtomicHelper             : loaded 2 times (x 74B)
Class com.google.common.collect.AbstractMapBasedMultimap$WrappedCollection            : loaded 2 times (x 122B)
Class com.google.common.base.Joiner                                                   : loaded 2 times (x 77B)
Class com.google.common.base.Equivalence$Equals                                       : loaded 2 times (x 80B)
Class org.gradle.internal.classloader.FilteringClassLoader                            : loaded 2 times (x 103B)
Class com.google.common.collect.Iterators$9                                           : loaded 2 times (x 79B)
Class [Lkotlin.reflect.KClassifier;                                                   : loaded 2 times (x 67B)
Class kotlin.coroutines.CoroutineContext                                              : loaded 2 times (x 68B)
Class com.android.support.AndroidxName                                                : loaded 2 times (x 78B)
Class [Lkotlin.reflect.KClass;                                                        : loaded 2 times (x 67B)
Class [Lnet.rubygrapefruit.platform.internal.FunctionResult$Failure;                  : loaded 2 times (x 67B)
Class kotlin.jvm.internal.Reflection                                                  : loaded 2 times (x 69B)
Class net.rubygrapefruit.platform.internal.Platform$Windows                           : loaded 2 times (x 77B)
Class org.gradle.internal.IoActions                                                   : loaded 2 times (x 69B)
Class com.google.common.cache.LocalCache$StrongValueReference                         : loaded 2 times (x 88B)
Class kotlin.text.StringsKt                                                           : loaded 2 times (x 69B)
Class com.android.tools.lint.model.PathVariables$Companion                            : loaded 2 times (x 69B)
Class kotlin.reflect.jvm.internal.KProperty1Impl$_getter$1                            : loaded 2 times (x 77B)
Class org.jetbrains.kotlin.config.LanguageFeature$State                               : loaded 2 times (x 80B)
Class com.android.sdklib.IAndroidTarget                                               : loaded 2 times (x 68B)
Class com.google.common.cache.ReferenceEntry                                          : loaded 2 times (x 68B)
Class kotlin.reflect.KDeclarationContainer                                            : loaded 2 times (x 68B)
Class com.google.common.cache.LocalCache$EntryFactory$8                               : loaded 2 times (x 81B)
Class kotlin.jvm.internal.PropertyReference1Impl                                      : loaded 2 times (x 125B)
Class com.google.common.cache.LocalCache$EntryFactory$7                               : loaded 2 times (x 81B)
Class com.google.common.reflect.TypeResolver$TypeVariableKey                          : loaded 2 times (x 70B)
Class kotlin.sequences.SequencesKt                                                    : loaded 2 times (x 69B)
Class [Lcom.google.common.base.Function;                                              : loaded 2 times (x 67B)
Class com.google.common.cache.LocalCache$EntryFactory$6                               : loaded 2 times (x 81B)
Class kotlin.io.TextStreamsKt                                                         : loaded 2 times (x 69B)
Class kotlin.collections.EmptyIterator                                                : loaded 2 times (x 87B)
Class com.google.common.cache.LocalCache$EntryFactory$5                               : loaded 2 times (x 81B)
Class com.google.common.cache.LocalCache$EntryFactory$4                               : loaded 2 times (x 81B)
Class [Lcom.google.common.collect.Maps$EntryFunction;                                 : loaded 2 times (x 67B)
Class kotlin.jvm.internal.FunctionReferenceImpl                                       : loaded 2 times (x 120B)
Class com.google.common.collect.ImmutableMultimap$Builder                             : loaded 2 times (x 81B)
Class com.android.support.AndroidxMigrationParserKt                                   : loaded 2 times (x 69B)
Class com.android.tools.lint.model.DefaultLintModelSourceProvider                     : loaded 2 times (x 80B)
Class com.google.common.cache.LocalCache$EntryFactory$3                               : loaded 2 times (x 81B)
Class net.rubygrapefruit.platform.internal.NativeLibraryLocator                       : loaded 2 times (x 71B)
Class com.android.prefs.AbstractAndroidLocations$Companion                            : loaded 2 times (x 69B)
Class [Lorg.objectweb.asm.Attribute;                                                  : loaded 2 times (x 67B)
Class kotlin.reflect.KType                                                            : loaded 2 times (x 68B)
Class org.gradle.api.internal.classpath.EffectiveClassPath                            : loaded 2 times (x 88B)
Class com.google.common.cache.LocalCache$EntryFactory$2                               : loaded 2 times (x 81B)
Class kotlin.jvm.internal.DefaultConstructorMarker                                    : loaded 2 times (x 69B)
Class com.google.common.io.Files                                                      : loaded 2 times (x 69B)
Class com.google.common.cache.CacheLoader$FunctionToCacheLoader                       : loaded 2 times (x 73B)
Class com.google.common.cache.CacheBuilder$1                                          : loaded 2 times (x 83B)
Class kotlin.collections.ArraysKt__ArraysKt                                           : loaded 2 times (x 69B)
Class com.google.common.cache.LocalCache$EntryFactory$1                               : loaded 2 times (x 81B)
Class com.google.common.cache.CacheBuilder$2                                          : loaded 2 times (x 77B)
Class com.google.common.cache.CacheBuilder$3                                          : loaded 2 times (x 70B)
Class com.google.common.base.Equivalence                                              : loaded 2 times (x 80B)
Class kotlin.reflect.jvm.internal.KClassImpl                                          : loaded 2 times (x 113B)
Class kotlin.coroutines.jvm.internal.RestrictedSuspendLambda                          : loaded 2 times (x 89B)
Class com.google.common.base.Predicates$CompositionPredicate                          : loaded 2 times (x 86B)
Class [Lcom.google.common.cache.RemovalListener;                                      : loaded 2 times (x 67B)
Class net.rubygrapefruit.platform.internal.Platform$Unsupported                       : loaded 2 times (x 77B)
Class [Lkotlin.reflect.KDeclarationContainer;                                         : loaded 2 times (x 67B)
Class kotlin.reflect.jvm.internal.KProperty1Impl                                      : loaded 2 times (x 126B)
Class org.jetbrains.kotlin.cli.common.messages.GradleStyleMessageRenderer             : loaded 2 times (x 76B)
Class kotlin.jvm.internal.ClassBasedDeclarationContainer                              : loaded 2 times (x 68B)
Class kotlin.sequences.SequencesKt___SequencesKt$filterNotNull$1                      : loaded 2 times (x 76B)
Class org.gradle.internal.installation.CurrentGradleInstallation                      : loaded 2 times (x 71B)
Class org.gradle.internal.installation.CurrentGradleInstallationLocator               : loaded 2 times (x 69B)
Class kotlin.collections.CollectionsKt__IteratorsJVMKt                                : loaded 2 times (x 69B)
Class [Lcom.google.common.cache.LocalCache$Segment;                                   : loaded 2 times (x 67B)
Class org.gradle.api.internal.classpath.Module                                        : loaded 2 times (x 68B)
Class build_cj9ho4ep13kbcm4wricz0fa0v$_run_closure1$_closure3                         : loaded 2 times (x 134B)
Class com.android.tools.lint.model.LintModelSerialization$LintModelSerializationFileAdapter: loaded 2 times (x 85B)
Class com.google.common.io.ByteSource$ByteArrayByteSource                             : loaded 2 times (x 83B)
Class com.google.common.collect.Multimaps$CustomSetMultimap                           : loaded 2 times (x 176B)
Class kotlin.io.FileSystemException                                                   : loaded 2 times (x 80B)
Class kotlin.reflect.KProperty                                                        : loaded 2 times (x 68B)
Class kotlin.sequences.FilteringSequence                                              : loaded 2 times (x 73B)
Class com.android.tools.lint.model.DefaultLintModelAndroidLibrary                     : loaded 2 times (x 98B)
Class com.android.tools.lint.model.DefaultLintModelJavaLibrary                        : loaded 2 times (x 90B)
Class [Lorg.jetbrains.kotlin.config.JvmDefaultMode;                                   : loaded 2 times (x 67B)
Class net.rubygrapefruit.platform.internal.NativeLibraryLoader                        : loaded 2 times (x 71B)
Class kotlin.jvm.internal.MutablePropertyReference0                                   : loaded 2 times (x 135B)
Class kotlin.sequences.SequencesKt__SequencesKt                                       : loaded 2 times (x 69B)
Class kotlin.jvm.internal.MutablePropertyReference1                                   : loaded 2 times (x 135B)
Class kotlin.LazyKt                                                                   : loaded 2 times (x 69B)
Class kotlin.sequences.SequencesKt__SequencesJVMKt                                    : loaded 2 times (x 69B)
Class kotlin.jvm.internal.MutablePropertyReference2                                   : loaded 2 times (x 135B)
Class kotlin.collections.CollectionsKt__CollectionsKt                                 : loaded 2 times (x 69B)
Class Dependency_version_checker_gradle                                               : loaded 2 times (x 128B)
Class com.google.common.reflect.Types$TypeVariableInvocationHandler                   : loaded 2 times (x 73B)
Class com.google.common.reflect.Types$ClassOwnership                                  : loaded 2 times (x 78B)
Class kotlin.io.FilesKt                                                               : loaded 2 times (x 69B)
Class [Lorg.jetbrains.kotlin.config.LanguageOrApiVersion;                             : loaded 2 times (x 67B)
Class build_4i8uzgpz8h55gyzt6rktcozhg                                                 : loaded 2 times (x 178B)
Class org.gradle.internal.service.CachingServiceLocator                               : loaded 2 times (x 80B)
Class kotlin.NoWhenBranchMatchedException                                             : loaded 2 times (x 80B)
Class build_e628fz8mk86gkrh4gl29yuvly                                                 : loaded 2 times (x 178B)
Class com.android.tools.lint.model.LintModelModuleLibrary                             : loaded 2 times (x 68B)
Class org.jetbrains.kotlin.config.JvmDefaultMode                                      : loaded 2 times (x 77B)
Class kotlin.text.StringsKt__StringBuilderKt                                          : loaded 2 times (x 69B)
Class net.rubygrapefruit.platform.internal.Platform$Linux64Bit                        : loaded 2 times (x 81B)
Class kotlin.sequences.FilteringSequence$iterator$1                                   : loaded 2 times (x 77B)
Class org.objectweb.asm.Handle                                                        : loaded 2 times (x 70B)
Class com.google.common.collect.Sets$ImprovedAbstractSet                              : loaded 2 times (x 133B)
Class com.android.SdkConstants                                                        : loaded 2 times (x 69B)
Class org.gradle.internal.classpath.DefaultClassPath                                  : loaded 2 times (x 88B)
Class com.google.common.collect.AbstractSetMultimap                                   : loaded 2 times (x 172B)
Class kotlin.sequences.FlatteningSequence                                             : loaded 2 times (x 73B)
Class org.gradle.api.Transformer                                                      : loaded 2 times (x 68B)
Class kotlin.reflect.jvm.internal.ReflectProperties$LazySoftVal                       : loaded 2 times (x 76B)
Class com.google.common.collect.AbstractMapBasedMultimap$2                            : loaded 2 times (x 83B)
Class kotlin.Result                                                                   : loaded 2 times (x 70B)
Class com.android.tools.lint.model.DefaultLintModelAndroidArtifact                    : loaded 2 times (x 83B)
Class com.google.common.util.concurrent.AbstractFuture$SetFuture                      : loaded 2 times (x 73B)
Class kotlin.collections.CollectionsKt__CollectionsJVMKt                              : loaded 2 times (x 69B)
Class kotlin.sequences.SequencesKt___SequencesKt                                      : loaded 2 times (x 69B)
Class [Lcom.android.tools.lint.model.LintModelModuleType;                             : loaded 2 times (x 67B)
Class com.android.tools.lint.model.LintModelVariant                                   : loaded 2 times (x 68B)
Class [Lcom.android.prefs.VariableValue;                                              : loaded 2 times (x 67B)
Class build_c8uv2zr4rumwgjqhqkejb7pm5$_run_closure1                                   : loaded 2 times (x 134B)
Class kotlin.jvm.internal.Ref$BooleanRef                                              : loaded 2 times (x 69B)
Class com.android.tools.lint.model.LintModelBuildFeatures                             : loaded 2 times (x 68B)
Class kotlin.sequences.FlatteningSequence$iterator$1                                  : loaded 2 times (x 77B)
Class kotlin.collections.SetsKt__SetsJVMKt                                            : loaded 2 times (x 69B)
Class build_bdsyv133i9322sofoljra228k$_run_closure1                                   : loaded 2 times (x 134B)
Class kotlin.reflect.jvm.internal.KPropertyImpl                                       : loaded 2 times (x 113B)
Class com.google.common.collect.TransformedIterator                                   : loaded 2 times (x 78B)
Class kotlin.Lazy                                                                     : loaded 2 times (x 68B)
Class com.android.sdklib.AndroidVersion                                               : loaded 2 times (x 73B)
Class com.google.common.collect.ImmutableMultisetGwtSerializationDependencies         : loaded 2 times (x 123B)
Class com.google.common.collect.AbstractMapBasedMultimap$Itr                          : loaded 2 times (x 81B)
Class com.google.common.reflect.TypeParameter                                         : loaded 2 times (x 70B)
Class com.google.common.collect.ImmutableListMultimap                                 : loaded 2 times (x 176B)
Class com.google.common.cache.LocalCache$LocalManualCache$1                           : loaded 2 times (x 73B)
Class kotlin.ranges.IntProgressionIterator                                            : loaded 2 times (x 80B)
Class com.android.tools.lint.model.LintModelArtifact                                  : loaded 2 times (x 68B)
Class kotlin.reflect.jvm.internal.KClassImpl$data$1                                   : loaded 2 times (x 77B)
Class org.jetbrains.kotlin.config.ExplicitApiMode                                     : loaded 2 times (x 77B)
Class com.google.common.reflect.Types$ClassOwnership$1LocalClass                      : loaded 2 times (x 69B)
Class [Lcom.android.prefs.VariableType;                                               : loaded 2 times (x 67B)
Class kotlin.jvm.functions.Function0                                                  : loaded 2 times (x 68B)
Class kotlin.jvm.functions.Function1                                                  : loaded 2 times (x 68B)
Class kotlin.jvm.functions.Function2                                                  : loaded 2 times (x 68B)
Class [Lcom.google.common.collect.AbstractIterator$State;                             : loaded 2 times (x 67B)
Class org.objectweb.asm.SymbolTable$Entry                                             : loaded 2 times (x 72B)
Class [Lcom.google.common.cache.LocalCache$EntryFactory;                              : loaded 2 times (x 67B)
Class kotlin.sequences.ConstrainedOnceSequence                                        : loaded 2 times (x 73B)
Class net.rubygrapefruit.platform.internal.jni.NativeLibraryFunctions                 : loaded 2 times (x 69B)
Class org.jetbrains.kotlin.config.LanguageFeature                                     : loaded 2 times (x 77B)
Class net.rubygrapefruit.platform.internal.WindowsProcessLauncher                     : loaded 2 times (x 74B)
Class com.google.common.collect.Maps$AbstractFilteredMap                              : loaded 2 times (x 125B)
Class com.google.common.base.Platform                                                 : loaded 2 times (x 69B)
Class com.google.common.base.Suppliers$NonSerializableMemoizingSupplier               : loaded 2 times (x 77B)
Class com.google.common.collect.PeekingIterator                                       : loaded 2 times (x 68B)
Class org.jetbrains.kotlin.storage.MemoizedFunctionToNullable                         : loaded 2 times (x 68B)
Class com.android.prefs.PathLocator$WhenMappings                                      : loaded 2 times (x 69B)
Class [Lcom.google.common.base.Supplier;                                              : loaded 2 times (x 67B)
Class [Lkotlin.sequences.Sequence;                                                    : loaded 2 times (x 67B)
Class com.google.common.collect.ImmutableSetMultimap                                  : loaded 2 times (x 180B)
Class kotlin._Assertions                                                              : loaded 2 times (x 69B)
Class [Lkotlin.coroutines.intrinsics.CoroutineSingletons;                             : loaded 2 times (x 67B)
Class kotlin.sequences.EmptySequence                                                  : loaded 2 times (x 76B)
Class kotlin.ranges.ClosedRange                                                       : loaded 2 times (x 68B)
Class com.android.tools.lint.model.LintModelLibrary                                   : loaded 2 times (x 68B)
Class build_cj9ho4ep13kbcm4wricz0fa0v                                                 : loaded 2 times (x 178B)
Class com.google.common.collect.AbstractMapBasedMultimap$WrappedSet                   : loaded 2 times (x 140B)
Class kotlin.KotlinNullPointerException                                               : loaded 2 times (x 81B)
Class kotlin.jvm.internal.CallableReference                                           : loaded 2 times (x 104B)
Class com.google.common.reflect.TypeResolver$TypeTable$1                              : loaded 2 times (x 71B)
Class kotlin.collections.CharIterator                                                 : loaded 2 times (x 80B)
Class build_c8uv2zr4rumwgjqhqkejb7pm5                                                 : loaded 2 times (x 178B)
Class com.google.common.cache.CacheLoader                                             : loaded 2 times (x 72B)
Class com.android.utils.EnvironmentProvider                                           : loaded 2 times (x 68B)
Class kotlin.reflect.KAnnotatedElement                                                : loaded 2 times (x 68B)
Class org.objectweb.asm.MethodTooLargeException                                       : loaded 2 times (x 81B)
Class kotlin.text.CharsKt                                                             : loaded 2 times (x 69B)
Class NativePluginLoader$getDependenciesMetadata$0                                    : loaded 2 times (x 150B)
Class com.android.tools.lint.model.LintModelSerialization$TargetFile                  : loaded 2 times (x 77B)
Class kotlin.collections.CollectionsKt___CollectionsKt                                : loaded 2 times (x 69B)
Class kotlin.sequences.SequencesKt__SequenceBuilderKt$sequence$$inlined$Sequence$1    : loaded 2 times (x 73B)
Class com.google.common.cache.Cache                                                   : loaded 2 times (x 68B)
Class com.google.common.collect.Maps$EntrySet                                         : loaded 2 times (x 134B)
Class org.jetbrains.kotlin.config.ApiVersion                                          : loaded 2 times (x 83B)
Class kotlin.UNINITIALIZED_VALUE                                                      : loaded 2 times (x 69B)
Class com.android.tools.lint.model.LintModelDependency                                : loaded 2 times (x 68B)
Class org.gradle.internal.classloader.SystemClassLoaderSpec                           : loaded 2 times (x 69B)
Class org.jetbrains.kotlin.storage.LockBasedStorageManager$MapBasedMemoizedFunction   : loaded 2 times (x 80B)
Class build_ahpfki6hvmx1p6v0f9w91gw5t$_run_closure1                                   : loaded 2 times (x 134B)
Class com.google.common.util.concurrent.internal.InternalFutureFailureAccess          : loaded 2 times (x 70B)
Class [Lkotlin.reflect.KCallable;                                                     : loaded 2 times (x 67B)
Class org.jetbrains.kotlin.cli.common.PropertiesKt                                    : loaded 2 times (x 69B)
Class [Lcom.android.tools.lint.model.LintModelNamespacingMode;                        : loaded 2 times (x 67B)
Class com.google.common.io.Files$FileByteSource                                       : loaded 2 times (x 83B)
Class build_f0srlsa5vznkog7j8blhsloz4                                                 : loaded 2 times (x 178B)
Class net.rubygrapefruit.platform.internal.Platform$FreeBSD64Bit                      : loaded 2 times (x 80B)
Class kotlin.sequences.SequencesKt__SequencesKt$flatten$3                             : loaded 2 times (x 76B)
Class org.jetbrains.kotlin.utils.DescriptionAware                                     : loaded 2 times (x 68B)
Class com.google.common.reflect.Reflection                                            : loaded 2 times (x 69B)
Class kotlin.ranges.IntProgression                                                    : loaded 2 times (x 79B)
Class com.google.common.reflect.Types$TypeVariableImpl                                : loaded 2 times (x 70B)
Class kotlin.sequences.SequencesKt__SequencesKt$flatten$1                             : loaded 2 times (x 76B)
Class org.jetbrains.kotlin.cli.common.messages.MessageRenderer                        : loaded 2 times (x 68B)
Class com.google.common.util.concurrent.AbstractFuture$Failure                        : loaded 2 times (x 70B)
Class net.rubygrapefruit.platform.internal.Platform$MacOs                             : loaded 2 times (x 80B)
Class org.jetbrains.kotlin.cli.common.CompilerSystemProperties$Companion              : loaded 2 times (x 69B)
Class org.objectweb.asm.ClassWriter                                                   : loaded 2 times (x 102B)
Class kotlin.text.Charsets                                                            : loaded 2 times (x 69B)
Class com.google.common.cache.LocalCache$AbstractReferenceEntry                       : loaded 2 times (x 105B)
Class org.gradle.internal.installation.GradleInstallation$1                           : loaded 2 times (x 73B)
Class org.jetbrains.kotlin.config.LanguageVersion                                     : loaded 2 times (x 87B)
Class kotlin.collections.SetsKt                                                       : loaded 2 times (x 69B)
Class kotlin.jvm.internal.FunctionBase                                                : loaded 2 times (x 68B)
Class org.jetbrains.kotlin.config.MavenComparableVersion$Item                         : loaded 2 times (x 68B)
Class kotlin.io.LinesSequence                                                         : loaded 2 times (x 73B)
Class kotlin.Function                                                                 : loaded 2 times (x 68B)
Class [Lcom.google.common.cache.CacheBuilder$OneWeigher;                              : loaded 2 times (x 67B)
Class net.rubygrapefruit.platform.NativeIntegrationLinkageException                   : loaded 2 times (x 80B)
Class com.google.common.collect.Iterators                                             : loaded 2 times (x 69B)
Class org.gradle.api.internal.DefaultClassPathProvider                                : loaded 2 times (x 74B)
Class com.google.common.cache.LocalCache$Segment                                      : loaded 2 times (x 152B)
Class com.android.tools.lint.model.DefaultLintModelLibraryResolver                    : loaded 2 times (x 74B)
Class org.gradle.api.UncheckedIOException                                             : loaded 2 times (x 80B)
Class com.google.common.collect.Iterators$ArrayItr                                    : loaded 2 times (x 95B)
Class kotlin.coroutines.jvm.internal.RestrictedContinuationImpl                       : loaded 2 times (x 85B)
Class kotlin.io.FilesKt__FileReadWriteKt                                              : loaded 2 times (x 69B)
Class com.google.common.io.Files$FileByteSink                                         : loaded 2 times (x 75B)
Class [Lcom.google.common.io.FileWriteMode;                                           : loaded 2 times (x 67B)
Class net.rubygrapefruit.platform.internal.WrapperProcessLauncher                     : loaded 2 times (x 74B)
Class native_plugin_loader_7dik9rqpj677pep4bin0xqtrk                                  : loaded 2 times (x 175B)
Class com.google.common.base.ExtraObjectsMethodsForWeb                                : loaded 2 times (x 69B)
Class org.jetbrains.kotlin.storage.LockBasedStorageManager$ExceptionHandlingStrategy  : loaded 2 times (x 68B)
Class com.android.prefs.AndroidPathLocator                                            : loaded 2 times (x 71B)
Class com.google.gson.JsonParseException                                              : loaded 2 times (x 80B)
Class [Lkotlin.LazyThreadSafetyMode;                                                  : loaded 2 times (x 67B)
Class com.google.common.collect.AbstractListMultimap                                  : loaded 2 times (x 170B)
Class org.jetbrains.kotlin.storage.EmptySimpleLock                                    : loaded 2 times (x 73B)
Class kotlin.reflect.jvm.internal.ReflectProperties$Val                               : loaded 2 times (x 72B)
Class com.android.prefs.PathLocator                                                   : loaded 2 times (x 71B)
Class com.google.common.cache.LocalCache$Strength                                     : loaded 2 times (x 79B)
Class com.google.common.collect.AbstractMapBasedMultimap$KeySet                       : loaded 2 times (x 135B)
Class kotlin.reflect.KProperty$Getter                                                 : loaded 2 times (x 68B)
Class build_cj9ho4ep13kbcm4wricz0fa0v$_run_closure1                                   : loaded 2 times (x 134B)
Class com.google.common.collect.ArrayListMultimapGwtSerializationDependencies         : loaded 2 times (x 170B)
Class kotlin.Unit                                                                     : loaded 2 times (x 69B)
Class [Lcom.google.common.cache.Weigher;                                              : loaded 2 times (x 67B)
Class com.google.common.collect.AbstractMapBasedMultimap$RandomAccessWrappedList      : loaded 2 times (x 165B)
Class org.objectweb.asm.Handler                                                       : loaded 2 times (x 70B)
Class kotlin.collections.CollectionsKt                                                : loaded 2 times (x 69B)
Class kotlin.collections.ArraysKt___ArraysJvmKt                                       : loaded 2 times (x 69B)
Class com.google.common.collect.SetMultimap                                           : loaded 2 times (x 68B)
Class net.rubygrapefruit.platform.internal.Platform$Linux32Bit                        : loaded 2 times (x 81B)
Class kotlin.collections.CollectionsKt___CollectionsJvmKt                             : loaded 2 times (x 69B)
Class net.rubygrapefruit.platform.internal.Platform$MacOs64Bit                        : loaded 2 times (x 80B)
Class com.google.common.cache.LocalCache$ValueReference                               : loaded 2 times (x 68B)
Class com.google.common.collect.CollectSpliterators                                   : loaded 2 times (x 69B)
Class org.objectweb.asm.ClassReader                                                   : loaded 2 times (x 90B)
Class com.android.tools.lint.model.DefaultLintModelLintOptions                        : loaded 2 times (x 101B)
Class org.gradle.internal.classloader.ClasspathUtil                                   : loaded 2 times (x 69B)
Class org.objectweb.asm.CurrentFrame                                                  : loaded 2 times (x 71B)
Class com.google.common.util.concurrent.AbstractFuture                                : loaded 2 times (x 93B)
Class com.google.common.reflect.TypeResolver                                          : loaded 2 times (x 70B)
Class com.android.support.AndroidxNameUtils                                           : loaded 2 times (x 69B)
Class kotlin.reflect.jvm.internal.pcollections.IntTreePMap                            : loaded 2 times (x 70B)
Class kotlin.collections.CollectionsKt__IteratorsKt                                   : loaded 2 times (x 69B)
Class com.android.prefs.AndroidLocationsException                                     : loaded 2 times (x 80B)
Class net.rubygrapefruit.platform.internal.FunctionResult                             : loaded 2 times (x 75B)
Class com.google.common.collect.Maps$IteratorBasedAbstractMap                         : loaded 2 times (x 123B)
Class kotlin.reflect.jvm.internal.KMutableProperty1Impl$_setter$1                     : loaded 2 times (x 77B)
Class com.google.common.base.Ticker$1                                                 : loaded 2 times (x 70B)
Class org.gradle.api.internal.DefaultClassPathRegistry                                : loaded 2 times (x 74B)
Class com.google.common.base.Splitter$5                                               : loaded 2 times (x 78B)
Class org.jetbrains.kotlin.config.LanguageOrApiVersion                                : loaded 2 times (x 68B)
Class com.android.tools.lint.model.LintModelModuleType                                : loaded 2 times (x 77B)
Class com.google.common.collect.AbstractIterator$State                                : loaded 2 times (x 77B)
Class com.google.common.util.concurrent.AbstractFuture$Cancellation                   : loaded 2 times (x 70B)
Class [Lorg.objectweb.asm.Symbol;                                                     : loaded 2 times (x 67B)
Class com.google.common.collect.Multimaps$Entries                                     : loaded 2 times (x 116B)
Class org.jetbrains.kotlin.config.MavenComparableVersion$IntegerItem                  : loaded 2 times (x 78B)
Class com.google.common.base.Predicates                                               : loaded 2 times (x 69B)
Class com.android.support.AndroidxNameUtils$1                                         : loaded 2 times (x 80B)
Class com.android.tools.lint.model.DefaultLintModelMavenName                          : loaded 2 times (x 82B)
Class kotlin.reflect.jvm.internal.KPackageImpl                                        : loaded 2 times (x 83B)
Class org.gradle.api.internal.classpath.DefaultModuleRegistry$DefaultModule           : loaded 2 times (x 84B)
Class net.rubygrapefruit.platform.internal.Platform                                   : loaded 2 times (x 77B)
Class kotlin.sequences.SequenceBuilderIterator                                        : loaded 2 times (x 83B)
Class settings_duotokjbmbnzbfkkjgkxshmti                                              : loaded 2 times (x 177B)
Class org.jetbrains.kotlin.config.ApiVersion$Companion                                : loaded 2 times (x 69B)
Class com.android.utils.XmlUtils$SubTagIterator                                       : loaded 2 times (x 89B)
Class org.jetbrains.kotlin.config.JvmDefaultMode$Companion                            : loaded 2 times (x 69B)
Class kotlin.jvm.internal.CallableReference$NoReceiver                                : loaded 2 times (x 69B)
Class kotlin.reflect.KMutableProperty                                                 : loaded 2 times (x 68B)
Class kotlin.reflect.KClassifier                                                      : loaded 2 times (x 68B)
Class kotlin.text.StringsKt__StringsKt                                                : loaded 2 times (x 69B)
Class com.google.common.base.Suppliers$SupplierOfInstance                             : loaded 2 times (x 77B)
Class org.objectweb.asm.RecordComponentVisitor                                        : loaded 2 times (x 75B)
Class kotlin.text.Regex$Companion                                                     : loaded 2 times (x 69B)
Class com.google.common.reflect.Types$ClassOwnership$1                                : loaded 2 times (x 78B)
Class com.google.common.reflect.Invokable                                             : loaded 2 times (x 116B)
Class com.google.common.reflect.Types$ClassOwnership$2                                : loaded 2 times (x 78B)
Class com.google.common.reflect.Types$ClassOwnership$3                                : loaded 2 times (x 69B)
Class com.android.tools.lint.model.LintModelDependencies                              : loaded 2 times (x 68B)
Class build_e628fz8mk86gkrh4gl29yuvly$_run_closure1                                   : loaded 2 times (x 134B)
Class [Lorg.jetbrains.kotlin.cli.common.CompilerSystemProperties;                     : loaded 2 times (x 67B)
Class kotlin.reflect.jvm.internal.KClassCacheKt                                       : loaded 2 times (x 69B)
Class com.android.tools.lint.model.DefaultLintModelModule                             : loaded 2 times (x 91B)
Class org.jetbrains.kotlin.cli.common.CompilerSystemProperties$value$1                : loaded 2 times (x 123B)
Class org.objectweb.asm.FieldWriter                                                   : loaded 2 times (x 75B)
Class org.jetbrains.kotlin.cli.common.CompilerSystemProperties$value$2                : loaded 2 times (x 123B)
Class org.objectweb.asm.ClassTooLargeException                                        : loaded 2 times (x 81B)
Class org.jetbrains.kotlin.config.LanguageVersion$Companion                           : loaded 2 times (x 69B)
Class com.android.prefs.AndroidLocationsProvider                                      : loaded 2 times (x 68B)
Class org.gradle.api.internal.classpath.UnknownModuleException                        : loaded 2 times (x 80B)
Class kotlin.coroutines.intrinsics.IntrinsicsKt__IntrinsicsJvmKt                      : loaded 2 times (x 69B)
Class kotlin.collections.MapsKt__MapsJVMKt                                            : loaded 2 times (x 69B)
Class com.google.common.collect.FluentIterable                                        : loaded 2 times (x 79B)
Class com.google.common.util.concurrent.AbstractFuture$Listener                       : loaded 2 times (x 70B)
Class kotlin.reflect.KProperty0                                                       : loaded 2 times (x 68B)
Class kotlin.reflect.KProperty1                                                       : loaded 2 times (x 68B)
Class kotlin.reflect.KProperty2                                                       : loaded 2 times (x 68B)
Class org.jetbrains.kotlin.storage.CacheWithNotNullValues                             : loaded 2 times (x 68B)
Class com.google.common.collect.Iterables$4                                           : loaded 2 times (x 79B)
Class com.google.common.collect.Iterables$5                                           : loaded 2 times (x 79B)
Class org.objectweb.asm.Edge                                                          : loaded 2 times (x 70B)
Class com.google.common.cache.LocalCache$StrongEntry                                  : loaded 2 times (x 106B)
Class kotlin.text.StringsKt__AppendableKt                                             : loaded 2 times (x 69B)
Class kotlin.jvm.internal.ArrayIteratorKt                                             : loaded 2 times (x 69B)
Class kotlin.collections.ArraysKt___ArraysKt                                          : loaded 2 times (x 69B)
Class [Lcom.android.prefs.LocationValue;                                              : loaded 2 times (x 67B)
Class kotlin.jvm.internal.PropertyReference2                                          : loaded 2 times (x 125B)
Class native_plugin_loader_7dik9rqpj677pep4bin0xqtrk$_run_closure1                    : loaded 2 times (x 134B)
Class kotlin.coroutines.Continuation                                                  : loaded 2 times (x 68B)
Class kotlin.text.StringsKt__StringNumberConversionsJVMKt                             : loaded 2 times (x 69B)
Class net.rubygrapefruit.platform.internal.Platform$Window64Bit                       : loaded 2 times (x 77B)
Class [Lorg.objectweb.asm.SymbolTable$Entry;                                          : loaded 2 times (x 67B)
Class kotlin.ranges.IntProgression$Companion                                          : loaded 2 times (x 69B)
Class com.google.common.reflect.Types$JavaVersion                                     : loaded 2 times (x 81B)
Class com.google.common.collect.SingletonImmutableBiMap                               : loaded 2 times (x 142B)
Class kotlin.text.CharsKt__CharJVMKt                                                  : loaded 2 times (x 69B)
Class kotlin.jvm.internal.PropertyReference1                                          : loaded 2 times (x 125B)
Class com.google.common.base.Suppliers$MemoizingSupplier                              : loaded 2 times (x 77B)
Class com.google.common.base.Suppliers                                                : loaded 2 times (x 69B)
Class kotlin.reflect.jvm.internal.KClassifierImpl                                     : loaded 2 times (x 68B)
Class net.rubygrapefruit.platform.internal.Platform$FreeBSD32Bit                      : loaded 2 times (x 80B)
Class kotlin.jvm.internal.MutablePropertyReference1Impl                               : loaded 2 times (x 135B)
Class [Lcom.google.common.collect.Iterators$EmptyModifiableIterator;                  : loaded 2 times (x 67B)
Class kotlin.jvm.internal.PropertyReference0                                          : loaded 2 times (x 125B)
Class kotlin.LazyKt__LazyJVMKt                                                        : loaded 2 times (x 69B)
Class kotlin.text.StringsKt__IndentKt                                                 : loaded 2 times (x 69B)
Class com.google.common.cache.LoadingCache                                            : loaded 2 times (x 68B)
Class org.gradle.internal.service.ServiceLookupException                              : loaded 2 times (x 80B)
Class kotlin.SafePublicationLazyImpl$Companion                                        : loaded 2 times (x 69B)
Class kotlin.collections.MapsKt__MapWithDefaultKt                                     : loaded 2 times (x 69B)
Class com.android.tools.lint.model.DefaultLintModelVariant                            : loaded 2 times (x 98B)
Class com.android.prefs.LocationValue                                                 : loaded 2 times (x 68B)
Class org.gradle.cache.GlobalCache                                                    : loaded 2 times (x 68B)
Class build_4i8uzgpz8h55gyzt6rktcozhg$_run_closure1                                   : loaded 2 times (x 134B)
Class com.google.common.base.Present                                                  : loaded 2 times (x 79B)
Class kotlin.reflect.jvm.internal.KMutableProperty1Impl                               : loaded 2 times (x 133B)
Class kotlin.collections.EmptySet                                                     : loaded 2 times (x 120B)
Class com.android.ProgressManagerAdapter                                              : loaded 2 times (x 71B)
Class kotlin.reflect.jvm.internal.EmptyContainerForLocal                              : loaded 2 times (x 82B)
Class NativePluginLoader                                                              : loaded 2 times (x 91B)
Class com.android.prefs.Global                                                        : loaded 2 times (x 78B)
Class [Lorg.gradle.api.internal.ClassPathProvider;                                    : loaded 2 times (x 67B)
Class com.google.common.util.concurrent.AbstractFuture$SafeAtomicHelper               : loaded 2 times (x 75B)
Class com.google.common.collect.ImmutableMultimap$Values                              : loaded 2 times (x 124B)
Class kotlin.collections.MapsKt                                                       : loaded 2 times (x 69B)
Class net.rubygrapefruit.platform.internal.Platform$FreeBSD                           : loaded 2 times (x 80B)
Class org.gradle.util.internal.GUtil                                                  : loaded 2 times (x 69B)
Class kotlin.jvm.internal.CollectionToArray                                           : loaded 2 times (x 69B)
Class net.rubygrapefruit.platform.internal.Platform$Unix                              : loaded 2 times (x 80B)
Class kotlin.reflect.jvm.internal.ReflectProperties                                   : loaded 2 times (x 69B)
Class com.android.tools.lint.model.LintModelLibraryResolver                           : loaded 2 times (x 68B)
Class [Lcom.google.common.reflect.Types$JavaVersion;                                  : loaded 2 times (x 67B)
Class com.android.tools.lint.model.LintModelDependencyGraph                           : loaded 2 times (x 68B)
Class net.rubygrapefruit.platform.Process                                             : loaded 2 times (x 68B)
Class com.google.common.collect.AbstractIterator                                      : loaded 2 times (x 80B)
Class org.gradle.internal.classloader.ClassLoaderSpec                                 : loaded 2 times (x 69B)
Class com.google.common.io.LineProcessor                                              : loaded 2 times (x 68B)
Class NativePluginLoader$_getPlugins_closure1                                         : loaded 2 times (x 134B)
Class com.google.common.io.CharSink                                                   : loaded 2 times (x 77B)
Class com.google.common.io.ByteSource$SlicedByteSource                                : loaded 2 times (x 83B)
Class org.objectweb.asm.Frame                                                         : loaded 2 times (x 71B)
Class com.google.common.cache.LocalCache$LocalManualCache                             : loaded 2 times (x 97B)
Class kotlin.coroutines.intrinsics.IntrinsicsKt__IntrinsicsKt                         : loaded 2 times (x 69B)
Class org.gradle.api.Action                                                           : loaded 2 times (x 68B)
Class [Lkotlin.reflect.KAnnotatedElement;                                             : loaded 2 times (x 67B)
Class com.android.tools.lint.model.LintModelSerialization$LintModelSerializationAdapter$DefaultImpls: loaded 2 times (x 69B)
Class net.rubygrapefruit.platform.NativeIntegrationUnavailableException               : loaded 2 times (x 80B)
Class com.google.common.cache.CacheLoader$1                                           : loaded 2 times (x 73B)
Class net.rubygrapefruit.platform.NativeIntegration                                   : loaded 2 times (x 68B)
Class com.google.common.util.concurrent.AbstractFuture$TrustedFuture                  : loaded 2 times (x 95B)
Class com.android.tools.lint.model.DefaultLintModelLibrary                            : loaded 2 times (x 83B)
Class kotlin.SafePublicationLazyImpl                                                  : loaded 2 times (x 74B)
Class kotlin.reflect.KProperty$Accessor                                               : loaded 2 times (x 68B)
Class org.jetbrains.kotlin.storage.LockBasedStorageManager$ExceptionHandlingStrategy$1: loaded 2 times (x 72B)
Class build_f0srlsa5vznkog7j8blhsloz4$_run_closure1                                   : loaded 2 times (x 134B)
Class com.google.common.collect.Maps$ViewCachingAbstractMap                           : loaded 2 times (x 123B)
Class com.google.common.cache.CacheBuilder$OneWeigher                                 : loaded 2 times (x 80B)
Class org.jetbrains.kotlin.config.ExplicitApiMode$Companion                           : loaded 2 times (x 69B)
Class kotlin.text.Regex                                                               : loaded 2 times (x 70B)
Class com.android.tools.lint.model.LintModelModuleLoader                              : loaded 2 times (x 68B)
Class kotlin.io.FilesKt__UtilsKt                                                      : loaded 2 times (x 69B)
Class com.google.common.io.ByteSource$ConcatenatedByteSource                          : loaded 2 times (x 83B)
Class org.jetbrains.kotlin.util.capitalizeDecapitalize.CapitalizeDecapitalizeKt       : loaded 2 times (x 69B)
Class com.google.common.collect.Sets$FilteredSet                                      : loaded 2 times (x 135B)
Class kotlin.text.StringsKt__RegexExtensionsJVMKt                                     : loaded 2 times (x 69B)
Class kotlin.io.FilesKt__FilePathComponentsKt                                         : loaded 2 times (x 69B)
Class org.jetbrains.kotlin.storage.LockBasedStorageManager                            : loaded 2 times (x 106B)
Class net.rubygrapefruit.platform.internal.Platform$MacOs32Bit                        : loaded 2 times (x 80B)
Class kotlin.reflect.jvm.internal.KCallableImpl                                       : loaded 2 times (x 103B)
Class com.google.common.collect.AbstractMultimap                                      : loaded 2 times (x 121B)
Class com.google.common.base.MoreObjects                                              : loaded 2 times (x 69B)
Class kotlin.collections.ArraysUtilJVM                                                : loaded 2 times (x 69B)
Class com.android.ide.common.repository.GradleVersion$VersionSegment                  : loaded 2 times (x 73B)
Class org.objectweb.asm.SymbolTable                                                   : loaded 2 times (x 70B)
Class kotlin.reflect.KMutableProperty0                                                : loaded 2 times (x 68B)
Class com.android.tools.lint.model.PathVariables$Companion$PATH_COMPARATOR$1          : loaded 2 times (x 87B)
Class kotlin.reflect.KMutableProperty1                                                : loaded 2 times (x 68B)
Class kotlin.reflect.KMutableProperty2                                                : loaded 2 times (x 68B)
Class com.google.common.cache.CacheStats                                              : loaded 2 times (x 69B)
Class com.google.common.collect.ListMultimap                                          : loaded 2 times (x 68B)
Class kotlin.coroutines.jvm.internal.BaseContinuationImpl                             : loaded 2 times (x 85B)
Class org.gradle.internal.classloader.VisitableURLClassLoader                         : loaded 2 times (x 115B)
Class com.google.common.cache.LocalCache$LocalLoadingCache                            : loaded 2 times (x 132B)
Class com.google.common.base.Supplier                                                 : loaded 2 times (x 68B)
Class kotlin.reflect.jvm.internal.KCallableImpl$_returnType$1                         : loaded 2 times (x 77B)
Class org.jetbrains.kotlin.storage.StorageManager                                     : loaded 2 times (x 68B)
Class kotlin.reflect.jvm.internal.KPropertyImpl$_javaField$1                          : loaded 2 times (x 77B)
Class kotlin.io.FilesKt__FileTreeWalkKt                                               : loaded 2 times (x 69B)
Class build_ahpfki6hvmx1p6v0f9w91gw5t                                                 : loaded 2 times (x 178B)
Class com.android.utils.EnvironmentProvider$DirectEnvironmentProvider                 : loaded 2 times (x 78B)
Class com.google.common.collect.ImmutableMultimap$Keys                                : loaded 2 times (x 164B)
Class com.google.common.base.Objects                                                  : loaded 2 times (x 69B)
Class com.google.common.util.concurrent.AbstractFuture$AtomicHelper                   : loaded 2 times (x 74B)
Class kotlin.reflect.jvm.internal.ReflectProperties$LazyVal                           : loaded 2 times (x 73B)
Class org.gradle.internal.Cast                                                        : loaded 2 times (x 69B)
Class kotlin.reflect.KMutableProperty$Setter                                          : loaded 2 times (x 68B)
Class com.google.common.hash.PrimitiveSink                                            : loaded 2 times (x 68B)
Class Build_gradle                                                                    : loaded 2 times (x 128B)
Class kotlin.reflect.jvm.internal.ReflectionFactoryImpl                               : loaded 2 times (x 86B)
Class com.android.support.InvalidDataException                                        : loaded 2 times (x 80B)
Class org.gradle.api.internal.ClassPathRegistry                                       : loaded 2 times (x 68B)
Class com.google.common.cache.LocalCache$EntryFactory                                 : loaded 2 times (x 81B)
Class kotlin.reflect.jvm.internal.pcollections.HashPMap                               : loaded 2 times (x 70B)
Class com.google.common.util.concurrent.UncheckedExecutionException                   : loaded 2 times (x 80B)
Class kotlin.coroutines.jvm.internal.DebugProbesKt                                    : loaded 2 times (x 69B)
Class com.android.tools.lint.model.PathVariables                                      : loaded 2 times (x 70B)
Class org.gradle.internal.classloader.ClassLoaderHierarchy                            : loaded 2 times (x 68B)
Class com.android.tools.lint.model.LintModelSerialization$LintModelSerializationFileAdapter$WhenMappings: loaded 2 times (x 69B)
Class kotlin.sequences.SequencesKt___SequencesJvmKt                                   : loaded 2 times (x 69B)
Class com.android.tools.lint.model.LintModelNamespacingMode                           : loaded 2 times (x 77B)
Class kotlin.collections.MapsKt__MapsKt                                               : loaded 2 times (x 69B)
Class kotlin.jvm.internal.MutablePropertyReference                                    : loaded 2 times (x 117B)
Class kotlin.collections.ArraysKt                                                     : loaded 2 times (x 69B)
Class kotlin.text.CharsKt__CharKt                                                     : loaded 2 times (x 69B)
Class NativePluginLoader$getPlugins                                                   : loaded 2 times (x 150B)
Class org.jetbrains.kotlin.cli.jvm.compiler.KotlinCoreEnvironment$Companion           : loaded 2 times (x 69B)
Class [Lcom.android.tools.lint.model.LintModelSerialization$TargetFile;               : loaded 2 times (x 67B)
Class com.google.common.collect.FluentIterable$3                                      : loaded 2 times (x 79B)
Class kotlin.collections.MapsKt___MapsKt                                              : loaded 2 times (x 69B)
Class com.google.common.collect.FluentIterable$2                                      : loaded 2 times (x 79B)
Class net.rubygrapefruit.platform.internal.LibraryDef                                 : loaded 2 times (x 70B)
Class com.google.common.collect.AbstractMapBasedMultimap$WrappedList                  : loaded 2 times (x 165B)
Class [Lcom.android.prefs.Global;                                                     : loaded 2 times (x 67B)
Class kotlin.sequences.TransformingSequence$iterator$1                                : loaded 2 times (x 77B)
Class com.google.common.collect.FluentIterable$1                                      : loaded 2 times (x 79B)
Class com.android.tools.lint.model.LintModelSourceProvider                            : loaded 2 times (x 68B)
Class org.gradle.api.internal.classpath.DefaultModuleRegistry                         : loaded 2 times (x 84B)
Class com.google.common.cache.Weigher                                                 : loaded 2 times (x 68B)
Class com.google.common.cache.RemovalListener                                         : loaded 2 times (x 68B)
Class kotlin.sequences.Sequence                                                       : loaded 2 times (x 68B)
Class org.gradle.internal.service.ServiceLocator                                      : loaded 2 times (x 68B)
Class net.rubygrapefruit.platform.internal.Platform$Linux                             : loaded 2 times (x 81B)
Class org.jetbrains.kotlin.config.MavenComparableVersion                              : loaded 2 times (x 76B)
Class com.google.common.io.FileWriteMode                                              : loaded 2 times (x 77B)
Class com.google.common.util.concurrent.SettableFuture                                : loaded 2 times (x 95B)
Class net.rubygrapefruit.platform.NativeException                                     : loaded 2 times (x 80B)
Class net.rubygrapefruit.platform.Native                                              : loaded 2 times (x 69B)
Class com.google.common.io.Files$2                                                    : loaded 2 times (x 74B)
Class kotlin.reflect.jvm.internal.pcollections.MapEntry                               : loaded 2 times (x 70B)
Class org.gradle.internal.classpath.ClassPath                                         : loaded 2 times (x 68B)
Class org.jetbrains.kotlin.storage.SimpleLock                                         : loaded 2 times (x 68B)
Class kotlin.sequences.SequencesKt___SequencesKt$flatMap$2                            : loaded 2 times (x 123B)
Class com.google.common.collect.Maps$EntryFunction                                    : loaded 2 times (x 89B)
Class com.google.common.reflect.Types$ParameterizedTypeImpl                           : loaded 2 times (x 79B)
Class net.rubygrapefruit.platform.internal.Platform$Window32Bit                       : loaded 2 times (x 77B)
Class com.google.common.cache.CacheLoader$SupplierToCacheLoader                       : loaded 2 times (x 73B)
Class kotlin.coroutines.jvm.internal.CoroutineStackFrame                              : loaded 2 times (x 68B)
Class org.jetbrains.kotlin.storage.NotNullLazyValue                                   : loaded 2 times (x 68B)
Class com.android.tools.lint.model.LintModelAndroidLibrary                            : loaded 2 times (x 68B)
Class kotlin.internal.ProgressionUtilKt                                               : loaded 2 times (x 69B)
Class org.jetbrains.kotlin.name.Name                                                  : loaded 2 times (x 73B)
Class kotlin.coroutines.jvm.internal.SuspendFunction                                  : loaded 2 times (x 68B)
Class kotlin.reflect.KFunction                                                        : loaded 2 times (x 68B)
Class com.google.common.base.Joiner$1                                                 : loaded 2 times (x 78B)
Class kotlin.LazyKt__LazyKt                                                           : loaded 2 times (x 69B)
Class kotlin.jvm.KotlinReflectionNotSupportedError                                    : loaded 2 times (x 80B)
Class com.google.common.base.Joiner$2                                                 : loaded 2 times (x 77B)
Class kotlin.io.TerminateException                                                    : loaded 2 times (x 80B)
Class kotlin.reflect.jvm.internal.KDeclarationContainerImpl                           : loaded 2 times (x 82B)
Class com.android.support.MigrationParserVisitor                                      : loaded 2 times (x 68B)
Class com.android.tools.lint.model.LintModelAndroidArtifact                           : loaded 2 times (x 68B)
Class build_bdsyv133i9322sofoljra228k                                                 : loaded 2 times (x 178B)
Class com.google.common.collect.ImmutableMultiset                                     : loaded 2 times (x 161B)
Class com.google.common.reflect.Types$JavaVersion$1                                   : loaded 2 times (x 81B)
Class com.google.common.reflect.Types$JavaVersion$2                                   : loaded 2 times (x 81B)
Class [Lorg.jetbrains.kotlin.config.LanguageVersion;                                  : loaded 2 times (x 67B)
Class [Lorg.objectweb.asm.Label;                                                      : loaded 2 times (x 67B)
Class com.google.common.reflect.Types$JavaVersion$3                                   : loaded 2 times (x 81B)
Class org.gradle.internal.classpath.DefaultClassPath$ImmutableUniqueList              : loaded 2 times (x 159B)
Class com.google.common.reflect.Types$JavaVersion$4                                   : loaded 2 times (x 81B)
Class com.google.common.reflect.Types$JavaVersion$5                                   : loaded 2 times (x 69B)
Class com.android.prefs.PathLocator$singlePathOf$values$2                             : loaded 2 times (x 76B)
Class com.google.common.collect.ImmutableMultimap$1                                   : loaded 2 times (x 80B)
Class com.google.common.collect.ImmutableMultimap$2                                   : loaded 2 times (x 79B)
Class com.android.tools.lint.model.DefaultLintModelBuildFeatures                      : loaded 2 times (x 75B)
Class com.android.prefs.PathLocator$singlePathOf$values$1                             : loaded 2 times (x 77B)
Class com.google.common.io.ByteSource$EmptyByteSource                                 : loaded 2 times (x 83B)
Class com.google.common.reflect.TypeToken$SimpleTypeToken                             : loaded 2 times (x 71B)
Class kotlin.collections.CollectionsKt__IterablesKt                                   : loaded 2 times (x 69B)
Class com.google.common.io.ByteSource                                                 : loaded 2 times (x 82B)
Class com.google.common.util.concurrent.AbstractFuture$Trusted                        : loaded 2 times (x 68B)
Class com.google.common.collect.Maps$IteratorBasedAbstractMap$1                       : loaded 2 times (x 136B)
Class kotlin.LazyThreadSafetyMode                                                     : loaded 2 times (x 77B)
Class org.objectweb.asm.ModuleVisitor                                                 : loaded 2 times (x 78B)
Class com.google.common.graph.SuccessorsFunction                                      : loaded 2 times (x 68B)
Class com.android.tools.lint.model.LintModelModule                                    : loaded 2 times (x 68B)
Class kotlin.text.StringsKt___StringsKt                                               : loaded 2 times (x 69B)
Class com.google.common.reflect.Types$NativeTypeVariableEquals                        : loaded 2 times (x 69B)
Class kotlin.collections.ArraysKt___ArraysKt$asSequence$$inlined$Sequence$1           : loaded 2 times (x 73B)
Class kotlin.coroutines.intrinsics.CoroutineSingletons                                : loaded 2 times (x 77B)
Class kotlin.Pair                                                                     : loaded 2 times (x 70B)
Class com.google.common.io.ByteSink                                                   : loaded 2 times (x 74B)
Class com.google.common.collect.AbstractMapBasedMultimap$WrappedCollection$WrappedIterator: loaded 2 times (x 82B)
Class net.rubygrapefruit.platform.internal.FunctionResult$Failure                     : loaded 2 times (x 77B)
Class kotlin.coroutines.intrinsics.IntrinsicsKt                                       : loaded 2 times (x 69B)
Class com.google.common.collect.Multimaps                                             : loaded 2 times (x 69B)
Class kotlin.collections.ArraysKt__ArraysJVMKt                                        : loaded 2 times (x 69B)
Class com.google.common.collect.Iterators$MergingIterator                             : loaded 2 times (x 79B)
Class com.android.builder.model.MavenCoordinates                                      : loaded 2 times (x 68B)
Class kotlin.SynchronizedLazyImpl                                                     : loaded 2 times (x 74B)
Class com.google.common.util.concurrent.ExecutionError                                : loaded 2 times (x 80B)
Class com.google.common.io.ByteSink$AsCharSink                                        : loaded 2 times (x 78B)
Class com.google.common.base.Equivalence$Identity                                     : loaded 2 times (x 80B)
Class kotlin.ranges.IntRange                                                          : loaded 2 times (x 85B)
Class com.android.tools.lint.model.LintModelJavaLibrary                               : loaded 2 times (x 68B)
Class com.android.utils.XmlUtils                                                      : loaded 2 times (x 69B)
Class kotlin.collections.SetsKt__SetsKt                                               : loaded 2 times (x 69B)
Class com.google.common.collect.AbstractIterator$1                                    : loaded 2 times (x 69B)
Class com.google.common.io.CharSource                                                 : loaded 2 times (x 83B)
Class com.google.common.cache.LocalCache                                              : loaded 2 times (x 185B)
Class com.android.sdklib.AndroidVersion$AndroidVersionException                       : loaded 2 times (x 80B)
Class kotlin.jvm.internal.PropertyReference                                           : loaded 2 times (x 113B)
Class kotlin.ranges.IntRange$Companion                                                : loaded 2 times (x 69B)
Class kotlin.sequences.SequencesKt___SequencesJvmKt$filterIsInstance$1                : loaded 2 times (x 77B)
Class org.gradle.internal.installation.GradleInstallation                             : loaded 2 times (x 73B)
Class com.google.common.util.concurrent.AbstractFuture$UnsafeAtomicHelper$1           : loaded 2 times (x 74B)
Class org.jetbrains.kotlin.config.MavenComparableVersion$ListItem                     : loaded 2 times (x 178B)
Class com.google.common.collect.Multiset                                              : loaded 2 times (x 68B)
Class net.rubygrapefruit.platform.internal.jni.WindowsHandleFunctions                 : loaded 2 times (x 69B)
Class com.google.common.collect.AbstractMultimap$Entries                              : loaded 2 times (x 118B)
Class kotlin.reflect.jvm.internal.KDeclarationContainerImpl$Companion                 : loaded 2 times (x 69B)
Class kotlin.collections.EmptyMap                                                     : loaded 2 times (x 107B)
Class com.google.common.reflect.Invokable$ConstructorInvokable                        : loaded 2 times (x 120B)
Class com.google.common.reflect.TypeCapture                                           : loaded 2 times (x 69B)
Class kotlin.reflect.KTypeParameter                                                   : loaded 2 times (x 68B)
Class com.google.common.collect.AbstractMapBasedMultimap$KeySet$1                     : loaded 2 times (x 80B)
Class kotlin.io.CloseableKt                                                           : loaded 2 times (x 69B)
Class com.android.prefs.AbstractAndroidLocations                                      : loaded 2 times (x 80B)
Class com.google.common.collect.AbstractMapBasedMultimap                              : loaded 2 times (x 137B)


---------------  S Y S T E M  ---------------

OS:
 Windows 10 , 64 bit Build 19041 (10.0.19041.4842)
OS uptime: 0 days 0:46 hours

CPU: total 12 (initial active 12) (12 cores per cpu, 2 threads per core) family 23 model 8 stepping 2 microcode 0x0, cx8, cmov, fxsr, ht, mmx, 3dnowpref, sse, sse2, sse3, ssse3, sse4a, sse4.1, sse4.2, popcnt, lzcnt, tsc, tscinvbit, avx, avx2, aes, clmul, bmi1, bmi2, adx, sha, fma, vzeroupper, clflush, clflushopt
Processor Information for all 12 processors :
  Max Mhz: 3200, Current Mhz: 3200, Mhz Limit: 3200

Memory: 4k page, system-wide physical 16308M (5573M free)
TotalPageFile size 18356M (AvailPageFile size 10M)
current process WorkingSet (physical memory assigned to process): 984M, peak: 987M
current process commit charge ("private bytes"): 2165M, peak: 2183M

vm_info: OpenJDK 64-Bit Server VM (17.0.11+0--11852314) for windows-amd64 JRE (17.0.11+0--11852314), built on May 16 2024 21:29:20 by "androidbuild" with MS VC++ 16.10 / 16.11 (VS2019)

END.
